prompt PL/SQL Developer import file
prompt Created on 2013年7月8日星期一 by Administrator
set feedback off
set define off
prompt Disabling triggers for CRM_ITF_LOG...
alter table CRM_ITF_LOG disable all triggers;
prompt Disabling triggers for EB_ADVERTISEMENT...
alter table EB_ADVERTISEMENT disable all triggers;
prompt Disabling triggers for EB_AD_LOCATION...
alter table EB_AD_LOCATION disable all triggers;
prompt Disabling triggers for EB_AD_LOCATION_LINK...
alter table EB_AD_LOCATION_LINK disable all triggers;
prompt Disabling triggers for EB_ATT_CONFIG...
alter table EB_ATT_CONFIG disable all triggers;
prompt Disabling triggers for EB_BACKLANDLOG...
alter table EB_BACKLANDLOG disable all triggers;
prompt Disabling triggers for EB_BRAND...
alter table EB_BRAND disable all triggers;
prompt Disabling triggers for EB_BUSINESS_SCOPE...
alter table EB_BUSINESS_SCOPE disable all triggers;
prompt Disabling triggers for EB_CART_SKU...
alter table EB_CART_SKU disable all triggers;
prompt Disabling triggers for EB_CAT...
alter table EB_CAT disable all triggers;
prompt Disabling triggers for EB_CATBRAND...
alter table EB_CATBRAND disable all triggers;
prompt Disabling triggers for EB_CITY_AREA...
alter table EB_CITY_AREA disable all triggers;
prompt Disabling triggers for EB_CITY_GROUPON...
alter table EB_CITY_GROUPON disable all triggers;
prompt Disabling triggers for EB_CONFIG_FTP...
alter table EB_CONFIG_FTP disable all triggers;
prompt Disabling triggers for EB_CONSOLE_LOG...
alter table EB_CONSOLE_LOG disable all triggers;
prompt Disabling triggers for EB_CONSTR...
alter table EB_CONSTR disable all triggers;
prompt Disabling triggers for EB_CUSTOMER_SERVICES...
alter table EB_CUSTOMER_SERVICES disable all triggers;
prompt Disabling triggers for EB_DISTRI...
alter table EB_DISTRI disable all triggers;
prompt Disabling triggers for EB_FEATURE...
alter table EB_FEATURE disable all triggers;
prompt Disabling triggers for EB_GROUPON_SKU...
alter table EB_GROUPON_SKU disable all triggers;
prompt Disabling triggers for EB_ITEM...
alter table EB_ITEM disable all triggers;
prompt Disabling triggers for EB_ITEM_BUSINESS_SCOPE...
alter table EB_ITEM_BUSINESS_SCOPE disable all triggers;
prompt Disabling triggers for EB_ITEM_TAG_IMG...
alter table EB_ITEM_TAG_IMG disable all triggers;
prompt Disabling triggers for EB_JBPM_LOG...
alter table EB_JBPM_LOG disable all triggers;
prompt Disabling triggers for EB_KEYWORD...
alter table EB_KEYWORD disable all triggers;
prompt Disabling triggers for EB_MAIL...
alter table EB_MAIL disable all triggers;
prompt Disabling triggers for EB_MEMBER_CONFIG...
alter table EB_MEMBER_CONFIG disable all triggers;
prompt Disabling triggers for EB_MERCHANT_CAT...
alter table EB_MERCHANT_CAT disable all triggers;
prompt Disabling triggers for EB_MYFAV_SKU...
alter table EB_MYFAV_SKU disable all triggers;
prompt Disabling triggers for EB_OFFER...
alter table EB_OFFER disable all triggers;
prompt Disabling triggers for EB_OFFER_GROUP...
alter table EB_OFFER_GROUP disable all triggers;
prompt Disabling triggers for EB_OFFER_GROUP_AREA...
alter table EB_OFFER_GROUP_AREA disable all triggers;
prompt Disabling triggers for EB_OFFER_PRODUCT...
alter table EB_OFFER_PRODUCT disable all triggers;
prompt Disabling triggers for EB_ORDER...
alter table EB_ORDER disable all triggers;
prompt Disabling triggers for EB_ORDER_DETAIL...
alter table EB_ORDER_DETAIL disable all triggers;
prompt Disabling triggers for EB_ORDER_EXECUTION...
alter table EB_ORDER_EXECUTION disable all triggers;
prompt Disabling triggers for EB_ORDER_LOG...
alter table EB_ORDER_LOG disable all triggers;
prompt Disabling triggers for EB_ORDER_REMIND_LOG...
alter table EB_ORDER_REMIND_LOG disable all triggers;
prompt Disabling triggers for EB_ORDER_REMIND_PHONE...
alter table EB_ORDER_REMIND_PHONE disable all triggers;
prompt Disabling triggers for EB_PARA_VALUE...
alter table EB_PARA_VALUE disable all triggers;
prompt Disabling triggers for EB_PAYMENT_ORG...
alter table EB_PAYMENT_ORG disable all triggers;
prompt Disabling triggers for EB_PAYMENT_WAY...
alter table EB_PAYMENT_WAY disable all triggers;
prompt Disabling triggers for EB_PAY_CHECK...
alter table EB_PAY_CHECK disable all triggers;
prompt Disabling triggers for EB_PAY_CHECK_DIFF...
alter table EB_PAY_CHECK_DIFF disable all triggers;
prompt Disabling triggers for EB_PAY_OLBANK...
alter table EB_PAY_OLBANK disable all triggers;
prompt Disabling triggers for EB_PAY_RECORD...
alter table EB_PAY_RECORD disable all triggers;
prompt Disabling triggers for EB_PAY_TOTAL...
alter table EB_PAY_TOTAL disable all triggers;
prompt Disabling triggers for EB_PERMISSION...
alter table EB_PERMISSION disable all triggers;
prompt Disabling triggers for EB_PUBLISH_STATE...
alter table EB_PUBLISH_STATE disable all triggers;
prompt Disabling triggers for EB_RECOMM_ITEM...
alter table EB_RECOMM_ITEM disable all triggers;
prompt Disabling triggers for EB_REGION...
alter table EB_REGION disable all triggers;
prompt Disabling triggers for EB_RET_EXC...
alter table EB_RET_EXC disable all triggers;
prompt Disabling triggers for EB_ROLEPERM...
alter table EB_ROLEPERM disable all triggers;
prompt Disabling triggers for EB_ROLE_AREA...
alter table EB_ROLE_AREA disable all triggers;
prompt Disabling triggers for EB_ROLE_BUSINESS_SCOPE...
alter table EB_ROLE_BUSINESS_SCOPE disable all triggers;
prompt Disabling triggers for EB_ROLE_ORDER_TYPE...
alter table EB_ROLE_ORDER_TYPE disable all triggers;
prompt Disabling triggers for EB_SAFETY_CONFIG...
alter table EB_SAFETY_CONFIG disable all triggers;
prompt Disabling triggers for EB_SECKILL...
alter table EB_SECKILL disable all triggers;
prompt Disabling triggers for EB_SECKILL_QUA...
alter table EB_SECKILL_QUA disable all triggers;
prompt Disabling triggers for EB_SECKILL_SKU...
alter table EB_SECKILL_SKU disable all triggers;
prompt Disabling triggers for EB_SENSITIVE_WORD...
alter table EB_SENSITIVE_WORD disable all triggers;
prompt Disabling triggers for EB_SHIP_ADDR...
alter table EB_SHIP_ADDR disable all triggers;
prompt Disabling triggers for EB_SIMCARD...
alter table EB_SIMCARD disable all triggers;
prompt Disabling triggers for EB_SIMCARD_LABEL...
alter table EB_SIMCARD_LABEL disable all triggers;
prompt Disabling triggers for EB_SIMCARD_LABEL_REL...
alter table EB_SIMCARD_LABEL_REL disable all triggers;
prompt Disabling triggers for EB_SIMCARD_PROCESS_LOG...
alter table EB_SIMCARD_PROCESS_LOG disable all triggers;
prompt Disabling triggers for EB_SIMCARD_SUIT...
alter table EB_SIMCARD_SUIT disable all triggers;
prompt Disabling triggers for EB_SIM_IDCARD...
alter table EB_SIM_IDCARD disable all triggers;
prompt Disabling triggers for EB_SITE_CONFIG...
alter table EB_SITE_CONFIG disable all triggers;
prompt Disabling triggers for EB_SKU...
alter table EB_SKU disable all triggers;
prompt Disabling triggers for EB_SKU_OFFER...
alter table EB_SKU_OFFER disable all triggers;
prompt Disabling triggers for EB_SLOT...
alter table EB_SLOT disable all triggers;
prompt Disabling triggers for EB_SLOT_SKU...
alter table EB_SLOT_SKU disable all triggers;
prompt Disabling triggers for EB_SMS_GROUP...
alter table EB_SMS_GROUP disable all triggers;
prompt Disabling triggers for EB_SPEC_VALUE...
alter table EB_SPEC_VALUE disable all triggers;
prompt Disabling triggers for EB_SUIT_ITEM...
alter table EB_SUIT_ITEM disable all triggers;
prompt Disabling triggers for EB_SUIT_ITEM_REL...
alter table EB_SUIT_ITEM_REL disable all triggers;
prompt Disabling triggers for EB_SUIT_VAS...
alter table EB_SUIT_VAS disable all triggers;
prompt Disabling triggers for EB_SUIT_VAS_REL...
alter table EB_SUIT_VAS_REL disable all triggers;
prompt Disabling triggers for EB_SUPPLIER...
alter table EB_SUPPLIER disable all triggers;
prompt Disabling triggers for EB_TAG...
alter table EB_TAG disable all triggers;
prompt Disabling triggers for EB_TPLCAT...
alter table EB_TPLCAT disable all triggers;
prompt Disabling triggers for EB_TPLOFFERGROUP...
alter table EB_TPLOFFERGROUP disable all triggers;
prompt Disabling triggers for EB_TPLSLOT...
alter table EB_TPLSLOT disable all triggers;
prompt Disabling triggers for EB_TPL_ADLOCATION...
alter table EB_TPL_ADLOCATION disable all triggers;
prompt Disabling triggers for EB_VIEW_LIST...
alter table EB_VIEW_LIST disable all triggers;
prompt Disabling triggers for EB_VIEW_SKUVIEW...
alter table EB_VIEW_SKUVIEW disable all triggers;
prompt Disabling triggers for PMS_ADVERTISEMENT...
alter table PMS_ADVERTISEMENT disable all triggers;
prompt Disabling triggers for PMS_AD_LOCATION...
alter table PMS_AD_LOCATION disable all triggers;
prompt Disabling triggers for PMS_AD_LOCATION_LINK...
alter table PMS_AD_LOCATION_LINK disable all triggers;
prompt Disabling triggers for PMS_ATTACHMENT_CONFIG...
alter table PMS_ATTACHMENT_CONFIG disable all triggers;
prompt Disabling triggers for PMS_BACKLANDLOG...
alter table PMS_BACKLANDLOG disable all triggers;
prompt Disabling triggers for PMS_BACKLOG...
alter table PMS_BACKLOG disable all triggers;
prompt Disabling triggers for PMS_CONTENT_SHARE...
alter table PMS_CONTENT_SHARE disable all triggers;
prompt Disabling triggers for PMS_CONTENT_TAG...
alter table PMS_CONTENT_TAG disable all triggers;
prompt Disabling triggers for PMS_CONTENT_TYPE...
alter table PMS_CONTENT_TYPE disable all triggers;
prompt Disabling triggers for PMS_HELPTIP...
alter table PMS_HELPTIP disable all triggers;
prompt Disabling triggers for PMS_KEYWORD...
alter table PMS_KEYWORD disable all triggers;
prompt Disabling triggers for PMS_MAIL...
alter table PMS_MAIL disable all triggers;
prompt Disabling triggers for PMS_MEMBER...
alter table PMS_MEMBER disable all triggers;
prompt Disabling triggers for PMS_MEMBER_CONFIG...
alter table PMS_MEMBER_CONFIG disable all triggers;
prompt Disabling triggers for PMS_MEMBER_GROUP...
alter table PMS_MEMBER_GROUP disable all triggers;
prompt Disabling triggers for PMS_MESSAGE...
alter table PMS_MESSAGE disable all triggers;
prompt Disabling triggers for PMS_MESSAGE_TYPE...
alter table PMS_MESSAGE_TYPE disable all triggers;
prompt Disabling triggers for PMS_MODEL...
alter table PMS_MODEL disable all triggers;
prompt Disabling triggers for PMS_MODELITEM...
alter table PMS_MODELITEM disable all triggers;
prompt Disabling triggers for PMS_PERMISSION...
alter table PMS_PERMISSION disable all triggers;
prompt Disabling triggers for PMS_PREDEPLOY...
alter table PMS_PREDEPLOY disable all triggers;
prompt Disabling triggers for PMS_RESOURCE...
alter table PMS_RESOURCE disable all triggers;
prompt Disabling triggers for PMS_ROLEPERM...
alter table PMS_ROLEPERM disable all triggers;
prompt Disabling triggers for PMS_SAFETY_CONFIG...
alter table PMS_SAFETY_CONFIG disable all triggers;
prompt Disabling triggers for PMS_SENSITIVE_WORD...
alter table PMS_SENSITIVE_WORD disable all triggers;
prompt Disabling triggers for PMS_SITE_CONFIG...
alter table PMS_SITE_CONFIG disable all triggers;
prompt Disabling triggers for PMS_STATIC...
alter table PMS_STATIC disable all triggers;
prompt Disabling triggers for PMS_SUIT...
alter table PMS_SUIT disable all triggers;
prompt Disabling triggers for PMS_TAG...
alter table PMS_TAG disable all triggers;
prompt Disabling triggers for PMS_TEMPLATE...
alter table PMS_TEMPLATE disable all triggers;
prompt Disabling triggers for PMS_TOPIC_CONTENT...
alter table PMS_TOPIC_CONTENT disable all triggers;
prompt Disabling triggers for PMS_TOPIC_TAG...
alter table PMS_TOPIC_TAG disable all triggers;
prompt Disabling triggers for PMS_TPLCHL...
alter table PMS_TPLCHL disable all triggers;
prompt Disabling triggers for PMS_TPLTOPIC...
alter table PMS_TPLTOPIC disable all triggers;
prompt Disabling triggers for PMS_TPL_DEPLOY...
alter table PMS_TPL_DEPLOY disable all triggers;
prompt Disabling triggers for TEMP_RES_CODE_DEF...
alter table TEMP_RES_CODE_DEF disable all triggers;
prompt Disabling triggers for TS_DISTRICT...
alter table TS_DISTRICT disable all triggers;
prompt Disabling triggers for TS_PTL_USER...
alter table TS_PTL_USER disable all triggers;
prompt Disabling triggers for TS_ROLE...
alter table TS_ROLE disable all triggers;
prompt Disabling triggers for TS_USER...
alter table TS_USER disable all triggers;
prompt Disabling triggers for TS_USERROLE...
alter table TS_USERROLE disable all triggers;
prompt Deleting TS_USERROLE...
delete from TS_USERROLE;
commit;
prompt Deleting TS_USER...
delete from TS_USER;
commit;
prompt Deleting TS_ROLE...
delete from TS_ROLE;
commit;
prompt Deleting TS_PTL_USER...
delete from TS_PTL_USER;
commit;
prompt Deleting TS_DISTRICT...
delete from TS_DISTRICT;
commit;
prompt Deleting TEMP_RES_CODE_DEF...
delete from TEMP_RES_CODE_DEF;
commit;
prompt Deleting PMS_TPL_DEPLOY...
delete from PMS_TPL_DEPLOY;
commit;
prompt Deleting PMS_TPLTOPIC...
delete from PMS_TPLTOPIC;
commit;
prompt Deleting PMS_TPLCHL...
delete from PMS_TPLCHL;
commit;
prompt Deleting PMS_TOPIC_TAG...
delete from PMS_TOPIC_TAG;
commit;
prompt Deleting PMS_TOPIC_CONTENT...
delete from PMS_TOPIC_CONTENT;
commit;
prompt Deleting PMS_TEMPLATE...
delete from PMS_TEMPLATE;
commit;
prompt Deleting PMS_TAG...
delete from PMS_TAG;
commit;
prompt Deleting PMS_SUIT...
delete from PMS_SUIT;
commit;
prompt Deleting PMS_STATIC...
delete from PMS_STATIC;
commit;
prompt Deleting PMS_SITE_CONFIG...
delete from PMS_SITE_CONFIG;
commit;
prompt Deleting PMS_SENSITIVE_WORD...
delete from PMS_SENSITIVE_WORD;
commit;
prompt Deleting PMS_SAFETY_CONFIG...
delete from PMS_SAFETY_CONFIG;
commit;
prompt Deleting PMS_ROLEPERM...
delete from PMS_ROLEPERM;
commit;
prompt Deleting PMS_RESOURCE...
delete from PMS_RESOURCE;
commit;
prompt Deleting PMS_PREDEPLOY...
delete from PMS_PREDEPLOY;
commit;
prompt Deleting PMS_PERMISSION...
delete from PMS_PERMISSION;
commit;
prompt Deleting PMS_MODELITEM...
delete from PMS_MODELITEM;
commit;
prompt Deleting PMS_MODEL...
delete from PMS_MODEL;
commit;
prompt Deleting PMS_MESSAGE_TYPE...
delete from PMS_MESSAGE_TYPE;
commit;
prompt Deleting PMS_MESSAGE...
delete from PMS_MESSAGE;
commit;
prompt Deleting PMS_MEMBER_GROUP...
delete from PMS_MEMBER_GROUP;
commit;
prompt Deleting PMS_MEMBER_CONFIG...
delete from PMS_MEMBER_CONFIG;
commit;
prompt Deleting PMS_MEMBER...
delete from PMS_MEMBER;
commit;
prompt Deleting PMS_MAIL...
delete from PMS_MAIL;
commit;
prompt Deleting PMS_KEYWORD...
delete from PMS_KEYWORD;
commit;
prompt Deleting PMS_HELPTIP...
delete from PMS_HELPTIP;
commit;
prompt Deleting PMS_CONTENT_TYPE...
delete from PMS_CONTENT_TYPE;
commit;
prompt Deleting PMS_CONTENT_TAG...
delete from PMS_CONTENT_TAG;
commit;
prompt Deleting PMS_CONTENT_SHARE...
delete from PMS_CONTENT_SHARE;
commit;
prompt Deleting PMS_BACKLOG...
delete from PMS_BACKLOG;
commit;
prompt Deleting PMS_BACKLANDLOG...
delete from PMS_BACKLANDLOG;
commit;
prompt Deleting PMS_ATTACHMENT_CONFIG...
delete from PMS_ATTACHMENT_CONFIG;
commit;
prompt Deleting PMS_AD_LOCATION_LINK...
delete from PMS_AD_LOCATION_LINK;
commit;
prompt Deleting PMS_AD_LOCATION...
delete from PMS_AD_LOCATION;
commit;
prompt Deleting PMS_ADVERTISEMENT...
delete from PMS_ADVERTISEMENT;
commit;
prompt Deleting EB_VIEW_SKUVIEW...
delete from EB_VIEW_SKUVIEW;
commit;
prompt Deleting EB_VIEW_LIST...
delete from EB_VIEW_LIST;
commit;
prompt Deleting EB_TPL_ADLOCATION...
delete from EB_TPL_ADLOCATION;
commit;
prompt Deleting EB_TPLSLOT...
delete from EB_TPLSLOT;
commit;
prompt Deleting EB_TPLOFFERGROUP...
delete from EB_TPLOFFERGROUP;
commit;
prompt Deleting EB_TPLCAT...
delete from EB_TPLCAT;
commit;
prompt Deleting EB_TAG...
delete from EB_TAG;
commit;
prompt Deleting EB_SUPPLIER...
delete from EB_SUPPLIER;
commit;
prompt Deleting EB_SUIT_VAS_REL...
delete from EB_SUIT_VAS_REL;
commit;
prompt Deleting EB_SUIT_VAS...
delete from EB_SUIT_VAS;
commit;
prompt Deleting EB_SUIT_ITEM_REL...
delete from EB_SUIT_ITEM_REL;
commit;
prompt Deleting EB_SUIT_ITEM...
delete from EB_SUIT_ITEM;
commit;
prompt Deleting EB_SPEC_VALUE...
delete from EB_SPEC_VALUE;
commit;
prompt Deleting EB_SMS_GROUP...
delete from EB_SMS_GROUP;
commit;
prompt Deleting EB_SLOT_SKU...
delete from EB_SLOT_SKU;
commit;
prompt Deleting EB_SLOT...
delete from EB_SLOT;
commit;
prompt Deleting EB_SKU_OFFER...
delete from EB_SKU_OFFER;
commit;
prompt Deleting EB_SKU...
delete from EB_SKU;
commit;
prompt Deleting EB_SITE_CONFIG...
delete from EB_SITE_CONFIG;
commit;
prompt Deleting EB_SIM_IDCARD...
delete from EB_SIM_IDCARD;
commit;
prompt Deleting EB_SIMCARD_SUIT...
delete from EB_SIMCARD_SUIT;
commit;
prompt Deleting EB_SIMCARD_PROCESS_LOG...
delete from EB_SIMCARD_PROCESS_LOG;
commit;
prompt Deleting EB_SIMCARD_LABEL_REL...
delete from EB_SIMCARD_LABEL_REL;
commit;
prompt Deleting EB_SIMCARD_LABEL...
delete from EB_SIMCARD_LABEL;
commit;
prompt Deleting EB_SIMCARD...
delete from EB_SIMCARD;
commit;
prompt Deleting EB_SHIP_ADDR...
delete from EB_SHIP_ADDR;
commit;
prompt Deleting EB_SENSITIVE_WORD...
delete from EB_SENSITIVE_WORD;
commit;
prompt Deleting EB_SECKILL_SKU...
delete from EB_SECKILL_SKU;
commit;
prompt Deleting EB_SECKILL_QUA...
delete from EB_SECKILL_QUA;
commit;
prompt Deleting EB_SECKILL...
delete from EB_SECKILL;
commit;
prompt Deleting EB_SAFETY_CONFIG...
delete from EB_SAFETY_CONFIG;
commit;
prompt Deleting EB_ROLE_ORDER_TYPE...
delete from EB_ROLE_ORDER_TYPE;
commit;
prompt Deleting EB_ROLE_BUSINESS_SCOPE...
delete from EB_ROLE_BUSINESS_SCOPE;
commit;
prompt Deleting EB_ROLE_AREA...
delete from EB_ROLE_AREA;
commit;
prompt Deleting EB_ROLEPERM...
delete from EB_ROLEPERM;
commit;
prompt Deleting EB_RET_EXC...
delete from EB_RET_EXC;
commit;
prompt Deleting EB_REGION...
delete from EB_REGION;
commit;
prompt Deleting EB_RECOMM_ITEM...
delete from EB_RECOMM_ITEM;
commit;
prompt Deleting EB_PUBLISH_STATE...
delete from EB_PUBLISH_STATE;
commit;
prompt Deleting EB_PERMISSION...
delete from EB_PERMISSION;
commit;
prompt Deleting EB_PAY_TOTAL...
delete from EB_PAY_TOTAL;
commit;
prompt Deleting EB_PAY_RECORD...
delete from EB_PAY_RECORD;
commit;
prompt Deleting EB_PAY_OLBANK...
delete from EB_PAY_OLBANK;
commit;
prompt Deleting EB_PAY_CHECK_DIFF...
delete from EB_PAY_CHECK_DIFF;
commit;
prompt Deleting EB_PAY_CHECK...
delete from EB_PAY_CHECK;
commit;
prompt Deleting EB_PAYMENT_WAY...
delete from EB_PAYMENT_WAY;
commit;
prompt Deleting EB_PAYMENT_ORG...
delete from EB_PAYMENT_ORG;
commit;
prompt Deleting EB_PARA_VALUE...
delete from EB_PARA_VALUE;
commit;
prompt Deleting EB_ORDER_REMIND_PHONE...
delete from EB_ORDER_REMIND_PHONE;
commit;
prompt Deleting EB_ORDER_REMIND_LOG...
delete from EB_ORDER_REMIND_LOG;
commit;
prompt Deleting EB_ORDER_LOG...
delete from EB_ORDER_LOG;
commit;
prompt Deleting EB_ORDER_EXECUTION...
delete from EB_ORDER_EXECUTION;
commit;
prompt Deleting EB_ORDER_DETAIL...
delete from EB_ORDER_DETAIL;
commit;
prompt Deleting EB_ORDER...
delete from EB_ORDER;
commit;
prompt Deleting EB_OFFER_PRODUCT...
delete from EB_OFFER_PRODUCT;
commit;
prompt Deleting EB_OFFER_GROUP_AREA...
delete from EB_OFFER_GROUP_AREA;
commit;
prompt Deleting EB_OFFER_GROUP...
delete from EB_OFFER_GROUP;
commit;
prompt Deleting EB_OFFER...
delete from EB_OFFER;
commit;
prompt Deleting EB_MYFAV_SKU...
delete from EB_MYFAV_SKU;
commit;
prompt Deleting EB_MERCHANT_CAT...
delete from EB_MERCHANT_CAT;
commit;
prompt Deleting EB_MEMBER_CONFIG...
delete from EB_MEMBER_CONFIG;
commit;
prompt Deleting EB_MAIL...
delete from EB_MAIL;
commit;
prompt Deleting EB_KEYWORD...
delete from EB_KEYWORD;
commit;
prompt Deleting EB_JBPM_LOG...
delete from EB_JBPM_LOG;
commit;
prompt Deleting EB_ITEM_TAG_IMG...
delete from EB_ITEM_TAG_IMG;
commit;
prompt Deleting EB_ITEM_BUSINESS_SCOPE...
delete from EB_ITEM_BUSINESS_SCOPE;
commit;
prompt Deleting EB_ITEM...
delete from EB_ITEM;
commit;
prompt Deleting EB_GROUPON_SKU...
delete from EB_GROUPON_SKU;
commit;
prompt Deleting EB_FEATURE...
delete from EB_FEATURE;
commit;
prompt Deleting EB_DISTRI...
delete from EB_DISTRI;
commit;
prompt Deleting EB_CUSTOMER_SERVICES...
delete from EB_CUSTOMER_SERVICES;
commit;
prompt Deleting EB_CONSTR...
delete from EB_CONSTR;
commit;
prompt Deleting EB_CONSOLE_LOG...
delete from EB_CONSOLE_LOG;
commit;
prompt Deleting EB_CONFIG_FTP...
delete from EB_CONFIG_FTP;
commit;
prompt Deleting EB_CITY_GROUPON...
delete from EB_CITY_GROUPON;
commit;
prompt Deleting EB_CITY_AREA...
delete from EB_CITY_AREA;
commit;
prompt Deleting EB_CATBRAND...
delete from EB_CATBRAND;
commit;
prompt Deleting EB_CAT...
delete from EB_CAT;
commit;
prompt Deleting EB_CART_SKU...
delete from EB_CART_SKU;
commit;
prompt Deleting EB_BUSINESS_SCOPE...
delete from EB_BUSINESS_SCOPE;
commit;
prompt Deleting EB_BRAND...
delete from EB_BRAND;
commit;
prompt Deleting EB_BACKLANDLOG...
delete from EB_BACKLANDLOG;
commit;
prompt Deleting EB_ATT_CONFIG...
delete from EB_ATT_CONFIG;
commit;
prompt Deleting EB_AD_LOCATION_LINK...
delete from EB_AD_LOCATION_LINK;
commit;
prompt Deleting EB_AD_LOCATION...
delete from EB_AD_LOCATION;
commit;
prompt Deleting EB_ADVERTISEMENT...
delete from EB_ADVERTISEMENT;
commit;
prompt Deleting CRM_ITF_LOG...
delete from CRM_ITF_LOG;
commit;
prompt Loading CRM_ITF_LOG...
prompt Table is empty
prompt Loading EB_ADVERTISEMENT...
insert into EB_ADVERTISEMENT (AD_ID, AD_NAME, AD_DESCRIPTION, AD_TYPE, AD_WORDS, AD_IMG, AD_PICTURES, AD_FLASH, AD_CAROUSELTIME, AD_STATUS, AD_LINK, CREATOR, CREATE_TIME, UPDATE_TIME)
values (2, 'aaaa', null, 1, null, '/upload/ecps/resource/1369642212251136140600.jpg', null, null, 1, 1, 'http://www.baidu.com', null, to_timestamp('27-05-2013 16:05:40.721000', 'dd-mm-yyyy hh24:mi:ss.ff'), null);
insert into EB_ADVERTISEMENT (AD_ID, AD_NAME, AD_DESCRIPTION, AD_TYPE, AD_WORDS, AD_IMG, AD_PICTURES, AD_FLASH, AD_CAROUSELTIME, AD_STATUS, AD_LINK, CREATOR, CREATE_TIME, UPDATE_TIME)
values (4, 'dsasd', null, 1, null, '/upload/ecps/resource/1369989925114147179111.jpg', null, null, 1, 1, 'http://', null, to_timestamp('31-05-2013 16:45:32.920000', 'dd-mm-yyyy hh24:mi:ss.ff'), null);
insert into EB_ADVERTISEMENT (AD_ID, AD_NAME, AD_DESCRIPTION, AD_TYPE, AD_WORDS, AD_IMG, AD_PICTURES, AD_FLASH, AD_CAROUSELTIME, AD_STATUS, AD_LINK, CREATOR, CREATE_TIME, UPDATE_TIME)
values (3, 'aaaaaa', null, 1, null, '/upload/ecps/resource/1369988813306114284504.jpg', null, null, 1, 1, 'http://sdf', null, to_timestamp('31-05-2013 16:27:10.660000', 'dd-mm-yyyy hh24:mi:ss.ff'), null);
insert into EB_ADVERTISEMENT (AD_ID, AD_NAME, AD_DESCRIPTION, AD_TYPE, AD_WORDS, AD_IMG, AD_PICTURES, AD_FLASH, AD_CAROUSELTIME, AD_STATUS, AD_LINK, CREATOR, CREATE_TIME, UPDATE_TIME)
values (1001, '首页轮播广告', null, 3, null, '/advertisement/55/1334107972912796653.jpg', '[{"filePath":"http://10.1.248.131:10044/rsmanager/upload/ecps/resource/1369637916733172963591.jpg","fileRelativePath":"/upload/ecps/resource/1369637916733172963591.jpg","fileDesc":"http://www.baidu.com","fileIndex":"0"},{"filePath":"http://10.1.248.131:10044/rsmanager/upload/ecps/resource/1369637922606140519644.jpg","fileRelativePath":"/upload/ecps/resource/1369637922606140519644.jpg","fileDesc":"http://www.baidu.com","fileIndex":"1"},{"filePath":"http://10.1.248.132:10001/rsmanager/upload/ecps/resource/1348287064650136270037.jpg","fileRelativePath":"/upload/ecps/resource/1348287064650136270037.jpg","fileDesc":"http://www.baidu.com","fileIndex":"2"}]', null, 2, 1, 'http://www.wow.com', null, to_timestamp('11-04-2012 09:33:10.887000', 'dd-mm-yyyy hh24:mi:ss.ff'), null);
insert into EB_ADVERTISEMENT (AD_ID, AD_NAME, AD_DESCRIPTION, AD_TYPE, AD_WORDS, AD_IMG, AD_PICTURES, AD_FLASH, AD_CAROUSELTIME, AD_STATUS, AD_LINK, CREATOR, CREATE_TIME, UPDATE_TIME)
values (1002, '首页左侧广告1', 'shemale', 1, null, '/upload/ecps/resource/1348287208539131894998.jpg', null, null, 1, 1, 'http://www.iteye.com', null, to_timestamp('03-07-2012 20:15:17.040000', 'dd-mm-yyyy hh24:mi:ss.ff'), null);
insert into EB_ADVERTISEMENT (AD_ID, AD_NAME, AD_DESCRIPTION, AD_TYPE, AD_WORDS, AD_IMG, AD_PICTURES, AD_FLASH, AD_CAROUSELTIME, AD_STATUS, AD_LINK, CREATOR, CREATE_TIME, UPDATE_TIME)
values (1003, '首页左侧广告2', '都是浮云', 1, null, '/upload/ecps/resource/1369638279097129120910.jpg', null, null, 1, 1, 'http://www.iteye.com', null, to_timestamp('03-07-2012 20:15:17.040000', 'dd-mm-yyyy hh24:mi:ss.ff'), null);
insert into EB_ADVERTISEMENT (AD_ID, AD_NAME, AD_DESCRIPTION, AD_TYPE, AD_WORDS, AD_IMG, AD_PICTURES, AD_FLASH, AD_CAROUSELTIME, AD_STATUS, AD_LINK, CREATOR, CREATE_TIME, UPDATE_TIME)
values (1004, '首页左侧广告3', '哦哦', 1, null, '/upload/ecps/resource/1369638292540123823677.jpg', null, null, 1, 1, 'http://www.iteye.com', null, to_timestamp('03-07-2012 20:15:17.040000', 'dd-mm-yyyy hh24:mi:ss.ff'), null);
insert into EB_ADVERTISEMENT (AD_ID, AD_NAME, AD_DESCRIPTION, AD_TYPE, AD_WORDS, AD_IMG, AD_PICTURES, AD_FLASH, AD_CAROUSELTIME, AD_STATUS, AD_LINK, CREATOR, CREATE_TIME, UPDATE_TIME)
values (1005, '首页新品上架广告', null, 1, null, '/upload/ecps/resource/1348287238004191765995.jpg', null, null, 1, 1, 'http://www.iteye.com', null, to_timestamp('03-07-2012 20:15:17.040000', 'dd-mm-yyyy hh24:mi:ss.ff'), null);
insert into EB_ADVERTISEMENT (AD_ID, AD_NAME, AD_DESCRIPTION, AD_TYPE, AD_WORDS, AD_IMG, AD_PICTURES, AD_FLASH, AD_CAROUSELTIME, AD_STATUS, AD_LINK, CREATOR, CREATE_TIME, UPDATE_TIME)
values (1011, '动态筛选页轮播广告', null, 3, null, '/advertisement/55/1334107972912796653.jpg', '[{"filePath":"http://10.1.248.132:10001/rsmanager/upload/ecps/resource/1348287169832170154191.jpg","fileRelativePath":"/upload/ecps/resource/1348287169832170154191.jpg","fileDesc":"http://www.baidu.com","fileIndex":"0"},{"filePath":"http://10.1.248.132:10001/rsmanager/upload/ecps/resource/1348287175074185929208.jpg","fileRelativePath":"/upload/ecps/resource/1348287175074185929208.jpg","fileDesc":"http://www.baidu.com","fileIndex":"1"},{"filePath":"http://10.1.248.132:10001/rsmanager/upload/ecps/resource/1348287178898192577552.jpg","fileRelativePath":"/upload/ecps/resource/1348287178898192577552.jpg","fileDesc":"http://www.baidu.com","fileIndex":"2"}]', null, 1, 1, 'http://www.wow.com', null, to_timestamp('11-04-2012 09:33:10.887000', 'dd-mm-yyyy hh24:mi:ss.ff'), null);
insert into EB_ADVERTISEMENT (AD_ID, AD_NAME, AD_DESCRIPTION, AD_TYPE, AD_WORDS, AD_IMG, AD_PICTURES, AD_FLASH, AD_CAROUSELTIME, AD_STATUS, AD_LINK, CREATOR, CREATE_TIME, UPDATE_TIME)
values (1012, '动态筛选页右侧广告1', null, 1, null, '/upload/ecps/resource/1372320558701141653408.jpg', null, null, 1, 1, 'http://www.iteye.com', null, to_timestamp('03-07-2012 20:15:17.040000', 'dd-mm-yyyy hh24:mi:ss.ff'), null);
insert into EB_ADVERTISEMENT (AD_ID, AD_NAME, AD_DESCRIPTION, AD_TYPE, AD_WORDS, AD_IMG, AD_PICTURES, AD_FLASH, AD_CAROUSELTIME, AD_STATUS, AD_LINK, CREATOR, CREATE_TIME, UPDATE_TIME)
values (1013, '动态筛选页右侧广告2', null, 1, null, '/upload/ecps/resource/1372321479888140043531.jpg', null, null, 1, 1, 'http://www.iteye.com', null, to_timestamp('03-07-2012 20:15:17.040000', 'dd-mm-yyyy hh24:mi:ss.ff'), null);
insert into EB_ADVERTISEMENT (AD_ID, AD_NAME, AD_DESCRIPTION, AD_TYPE, AD_WORDS, AD_IMG, AD_PICTURES, AD_FLASH, AD_CAROUSELTIME, AD_STATUS, AD_LINK, CREATOR, CREATE_TIME, UPDATE_TIME)
values (1022, '号卡列表页轮播广告位', null, 3, null, '/advertisement/55/1334107972912796653.jpg', '[{"filePath":"http://10.1.248.132:10001/rsmanager/upload/ecps/resource/1348287047400186179305.jpg","fileRelativePath":"/upload/ecps/resource/1348287047400186179305.jpg","fileDesc":"http://www.baidu.com","fileIndex":"0"},{"filePath":"http://10.1.248.132:10001/rsmanager/upload/ecps/resource/1348287059020109126438.jpg","fileRelativePath":"/upload/ecps/resource/1348287059020109126438.jpg","fileDesc":"http://www.baidu.com","fileIndex":"1"},{"filePath":"http://10.1.248.132:10001/rsmanager/upload/ecps/resource/1348287064650136270037.jpg","fileRelativePath":"/upload/ecps/resource/1348287064650136270037.jpg","fileDesc":"http://www.baidu.com","fileIndex":"2"}]', null, 2, 1, 'http://www.wow.com', null, to_timestamp('11-04-2012 09:33:10.887000', 'dd-mm-yyyy hh24:mi:ss.ff'), null);
insert into EB_ADVERTISEMENT (AD_ID, AD_NAME, AD_DESCRIPTION, AD_TYPE, AD_WORDS, AD_IMG, AD_PICTURES, AD_FLASH, AD_CAROUSELTIME, AD_STATUS, AD_LINK, CREATOR, CREATE_TIME, UPDATE_TIME)
values (1023, '号卡列表页右侧广告位1', null, 1, null, '/upload/ecps/resource/1348287303362133063703.jpg', null, null, 1, 1, 'http://www.iteye.com', null, to_timestamp('03-07-2012 20:15:17.040000', 'dd-mm-yyyy hh24:mi:ss.ff'), null);
insert into EB_ADVERTISEMENT (AD_ID, AD_NAME, AD_DESCRIPTION, AD_TYPE, AD_WORDS, AD_IMG, AD_PICTURES, AD_FLASH, AD_CAROUSELTIME, AD_STATUS, AD_LINK, CREATOR, CREATE_TIME, UPDATE_TIME)
values (1024, '号卡列表页右侧广告位2', null, 1, null, '/upload/ecps/resource/1348287303362133063703.jpg', null, null, 1, 1, 'http://www.iteye.com', null, to_timestamp('03-07-2012 20:15:17.040000', 'dd-mm-yyyy hh24:mi:ss.ff'), null);
commit;
prompt 14 records loaded
prompt Loading EB_AD_LOCATION...
insert into EB_AD_LOCATION (LOCATION_ID, LOCATION_NAME, LOCATION_DESCRIPTIONS, LOCATION_WIDTH, LOCATION_HIGH, LOCATION_CODE, CREATOR, CREATE_TIME, UPDATE_TIME)
values (1001, '首页轮播广告位', '首页轮播广告位，内容为轮播图片', 738, 230, '<div id=ad1001><@p.adverShow locationId=1001></@p.adverShow></div>', null, to_timestamp('10-04-2012 11:02:28.223000', 'dd-mm-yyyy hh24:mi:ss.ff'), null);
insert into EB_AD_LOCATION (LOCATION_ID, LOCATION_NAME, LOCATION_DESCRIPTIONS, LOCATION_WIDTH, LOCATION_HIGH, LOCATION_CODE, CREATOR, CREATE_TIME, UPDATE_TIME)
values (1002, '首页左侧广告位1', '首页左侧广告位1，内容为图片', 200, 75, '<div id=ad1002><@p.adverShow locationId=1002></@p.adverShow></div>', null, to_timestamp('11-04-2012 09:40:43.066000', 'dd-mm-yyyy hh24:mi:ss.ff'), null);
insert into EB_AD_LOCATION (LOCATION_ID, LOCATION_NAME, LOCATION_DESCRIPTIONS, LOCATION_WIDTH, LOCATION_HIGH, LOCATION_CODE, CREATOR, CREATE_TIME, UPDATE_TIME)
values (1003, '首页左侧广告位2', '首页左侧广告位2，内容为图片', 200, 169, '<div id=ad1003><@p.adverShow locationId=1003></@p.adverShow></div>', null, to_timestamp('11-04-2012 09:40:12.779000', 'dd-mm-yyyy hh24:mi:ss.ff'), null);
insert into EB_AD_LOCATION (LOCATION_ID, LOCATION_NAME, LOCATION_DESCRIPTIONS, LOCATION_WIDTH, LOCATION_HIGH, LOCATION_CODE, CREATOR, CREATE_TIME, UPDATE_TIME)
values (1004, '首页左侧广告位3', '首页左侧广告位3，内容为图片', 200, 244, '<div id=ad1004><@p.adverShow locationId=1004></@p.adverShow></div>', null, to_timestamp('11-04-2012 09:40:58.143000', 'dd-mm-yyyy hh24:mi:ss.ff'), null);
insert into EB_AD_LOCATION (LOCATION_ID, LOCATION_NAME, LOCATION_DESCRIPTIONS, LOCATION_WIDTH, LOCATION_HIGH, LOCATION_CODE, CREATOR, CREATE_TIME, UPDATE_TIME)
values (1005, '首页新品上架广告位', '首页新品上架广告位，内容为图片', 218, 364, '<div id=ad1011><@p.adverShow locationId=1005></@p.adverShow></div>', null, to_timestamp('11-04-2012 09:40:43.066000', 'dd-mm-yyyy hh24:mi:ss.ff'), null);
insert into EB_AD_LOCATION (LOCATION_ID, LOCATION_NAME, LOCATION_DESCRIPTIONS, LOCATION_WIDTH, LOCATION_HIGH, LOCATION_CODE, CREATOR, CREATE_TIME, UPDATE_TIME)
values (1011, '动态筛选页轮播广告位', '动态筛选页轮播广告位，内容为轮播图片', 700, 239, '<div id=ad1011><@p.adverShow locationId=1011></@p.adverShow></div>', null, to_timestamp('11-04-2012 09:40:43.066000', 'dd-mm-yyyy hh24:mi:ss.ff'), null);
insert into EB_AD_LOCATION (LOCATION_ID, LOCATION_NAME, LOCATION_DESCRIPTIONS, LOCATION_WIDTH, LOCATION_HIGH, LOCATION_CODE, CREATOR, CREATE_TIME, UPDATE_TIME)
values (1012, '动态筛选页右侧广告位1', '动态筛选页右侧广告位1，内容为图片', 238, 118, '<div id=ad1012><@p.adverShow locationId=1012></@p.adverShow></div>', null, to_timestamp('11-04-2012 09:40:12.779000', 'dd-mm-yyyy hh24:mi:ss.ff'), null);
insert into EB_AD_LOCATION (LOCATION_ID, LOCATION_NAME, LOCATION_DESCRIPTIONS, LOCATION_WIDTH, LOCATION_HIGH, LOCATION_CODE, CREATOR, CREATE_TIME, UPDATE_TIME)
values (1013, '动态筛选页右侧广告位2', '动态筛选页右侧广告位2，内容为图片', 238, 118, '<div id=ad1013><@p.adverShow locationId=1013></@p.adverShow></div>', null, to_timestamp('11-04-2012 09:40:58.143000', 'dd-mm-yyyy hh24:mi:ss.ff'), null);
insert into EB_AD_LOCATION (LOCATION_ID, LOCATION_NAME, LOCATION_DESCRIPTIONS, LOCATION_WIDTH, LOCATION_HIGH, LOCATION_CODE, CREATOR, CREATE_TIME, UPDATE_TIME)
values (1022, '号卡列表页轮播广告位', '号卡列表页轮播广告位，内容为轮播图片', 700, 239, '<div id=ad1022><@p.adverShow locationId=1022></@p.adverShow></div>', null, to_timestamp('11-04-2012 09:40:58.143000', 'dd-mm-yyyy hh24:mi:ss.ff'), null);
insert into EB_AD_LOCATION (LOCATION_ID, LOCATION_NAME, LOCATION_DESCRIPTIONS, LOCATION_WIDTH, LOCATION_HIGH, LOCATION_CODE, CREATOR, CREATE_TIME, UPDATE_TIME)
values (1023, '号卡列表页右侧广告位1', '号卡列表页右侧广告位1，内容为图片', 238, 118, '<div id=ad1023><@p.adverShow locationId=1023></@p.adverShow></div>', null, to_timestamp('11-04-2012 09:40:58.143000', 'dd-mm-yyyy hh24:mi:ss.ff'), null);
insert into EB_AD_LOCATION (LOCATION_ID, LOCATION_NAME, LOCATION_DESCRIPTIONS, LOCATION_WIDTH, LOCATION_HIGH, LOCATION_CODE, CREATOR, CREATE_TIME, UPDATE_TIME)
values (1024, '号卡列表页右侧广告位2', '号卡列表页右侧广告位2，内容为图片', 238, 118, '<div id=ad1024><@p.adverShow locationId=1024></@p.adverShow></div>', null, to_timestamp('11-04-2012 09:40:58.143000', 'dd-mm-yyyy hh24:mi:ss.ff'), null);
commit;
prompt 11 records loaded
prompt Loading EB_AD_LOCATION_LINK...
insert into EB_AD_LOCATION_LINK (AD_ID, LOCATION_ID, STATUS)
values (2, 1002, 1);
insert into EB_AD_LOCATION_LINK (AD_ID, LOCATION_ID, STATUS)
values (4, 1001, 0);
insert into EB_AD_LOCATION_LINK (AD_ID, LOCATION_ID, STATUS)
values (4, 1002, 0);
insert into EB_AD_LOCATION_LINK (AD_ID, LOCATION_ID, STATUS)
values (4, 1003, 0);
insert into EB_AD_LOCATION_LINK (AD_ID, LOCATION_ID, STATUS)
values (4, 1004, 0);
insert into EB_AD_LOCATION_LINK (AD_ID, LOCATION_ID, STATUS)
values (4, 1005, 0);
insert into EB_AD_LOCATION_LINK (AD_ID, LOCATION_ID, STATUS)
values (4, 1011, 0);
insert into EB_AD_LOCATION_LINK (AD_ID, LOCATION_ID, STATUS)
values (3, 1001, 0);
insert into EB_AD_LOCATION_LINK (AD_ID, LOCATION_ID, STATUS)
values (3, 1002, 0);
insert into EB_AD_LOCATION_LINK (AD_ID, LOCATION_ID, STATUS)
values (3, 1003, 0);
insert into EB_AD_LOCATION_LINK (AD_ID, LOCATION_ID, STATUS)
values (1001, 1001, 1);
insert into EB_AD_LOCATION_LINK (AD_ID, LOCATION_ID, STATUS)
values (1002, 1002, 0);
insert into EB_AD_LOCATION_LINK (AD_ID, LOCATION_ID, STATUS)
values (1003, 1003, 1);
insert into EB_AD_LOCATION_LINK (AD_ID, LOCATION_ID, STATUS)
values (1004, 1004, 1);
insert into EB_AD_LOCATION_LINK (AD_ID, LOCATION_ID, STATUS)
values (1005, 1005, 1);
insert into EB_AD_LOCATION_LINK (AD_ID, LOCATION_ID, STATUS)
values (1011, 1011, 1);
insert into EB_AD_LOCATION_LINK (AD_ID, LOCATION_ID, STATUS)
values (1012, 1012, 1);
insert into EB_AD_LOCATION_LINK (AD_ID, LOCATION_ID, STATUS)
values (1013, 1013, 1);
insert into EB_AD_LOCATION_LINK (AD_ID, LOCATION_ID, STATUS)
values (1022, 1022, 1);
insert into EB_AD_LOCATION_LINK (AD_ID, LOCATION_ID, STATUS)
values (1023, 1023, 1);
insert into EB_AD_LOCATION_LINK (AD_ID, LOCATION_ID, STATUS)
values (1024, 1024, 1);
commit;
prompt 21 records loaded
prompt Loading EB_ATT_CONFIG...
prompt Table is empty
prompt Loading EB_BACKLANDLOG...
insert into EB_BACKLANDLOG (LANDLOG_ID, LANDLOG_USER_NAME, LANDLOG_TIME, LANDLOG_IP_ADDRESS)
values (3000, 'admin', to_timestamp('24-05-2013 17:23:50.390000', 'dd-mm-yyyy hh24:mi:ss.ff'), '127.0.0.1');
insert into EB_BACKLANDLOG (LANDLOG_ID, LANDLOG_USER_NAME, LANDLOG_TIME, LANDLOG_IP_ADDRESS)
values (3001, 'admin', to_timestamp('24-05-2013 17:30:01.031000', 'dd-mm-yyyy hh24:mi:ss.ff'), '127.0.0.1');
insert into EB_BACKLANDLOG (LANDLOG_ID, LANDLOG_USER_NAME, LANDLOG_TIME, LANDLOG_IP_ADDRESS)
values (3010, 'admin', to_timestamp('27-05-2013 11:54:17.671000', 'dd-mm-yyyy hh24:mi:ss.ff'), '127.0.0.1');
insert into EB_BACKLANDLOG (LANDLOG_ID, LANDLOG_USER_NAME, LANDLOG_TIME, LANDLOG_IP_ADDRESS)
values (3011, 'admin', to_timestamp('27-05-2013 12:14:32.250000', 'dd-mm-yyyy hh24:mi:ss.ff'), '127.0.0.1');
insert into EB_BACKLANDLOG (LANDLOG_ID, LANDLOG_USER_NAME, LANDLOG_TIME, LANDLOG_IP_ADDRESS)
values (3013, 'admin', to_timestamp('27-05-2013 14:13:04.031000', 'dd-mm-yyyy hh24:mi:ss.ff'), '127.0.0.1');
insert into EB_BACKLANDLOG (LANDLOG_ID, LANDLOG_USER_NAME, LANDLOG_TIME, LANDLOG_IP_ADDRESS)
values (3014, 'admin', to_timestamp('27-05-2013 14:40:19.921000', 'dd-mm-yyyy hh24:mi:ss.ff'), '127.0.0.1');
insert into EB_BACKLANDLOG (LANDLOG_ID, LANDLOG_USER_NAME, LANDLOG_TIME, LANDLOG_IP_ADDRESS)
values (3015, 'admin', to_timestamp('27-05-2013 14:58:03.781000', 'dd-mm-yyyy hh24:mi:ss.ff'), '127.0.0.1');
insert into EB_BACKLANDLOG (LANDLOG_ID, LANDLOG_USER_NAME, LANDLOG_TIME, LANDLOG_IP_ADDRESS)
values (3021, 'admin', to_timestamp('27-05-2013 16:01:42.295000', 'dd-mm-yyyy hh24:mi:ss.ff'), '10.1.32.27');
insert into EB_BACKLANDLOG (LANDLOG_ID, LANDLOG_USER_NAME, LANDLOG_TIME, LANDLOG_IP_ADDRESS)
values (3023, 'admin', to_timestamp('27-05-2013 17:51:55.468000', 'dd-mm-yyyy hh24:mi:ss.ff'), '127.0.0.1');
insert into EB_BACKLANDLOG (LANDLOG_ID, LANDLOG_USER_NAME, LANDLOG_TIME, LANDLOG_IP_ADDRESS)
values (3024, 'admin', to_timestamp('28-05-2013 13:37:39.701000', 'dd-mm-yyyy hh24:mi:ss.ff'), '10.1.32.27');
insert into EB_BACKLANDLOG (LANDLOG_ID, LANDLOG_USER_NAME, LANDLOG_TIME, LANDLOG_IP_ADDRESS)
values (3026, 'admin', to_timestamp('29-05-2013 13:52:33.090000', 'dd-mm-yyyy hh24:mi:ss.ff'), '10.1.32.27');
insert into EB_BACKLANDLOG (LANDLOG_ID, LANDLOG_USER_NAME, LANDLOG_TIME, LANDLOG_IP_ADDRESS)
values (3029, 'admin', to_timestamp('29-05-2013 15:00:37.140000', 'dd-mm-yyyy hh24:mi:ss.ff'), '10.1.32.27');
insert into EB_BACKLANDLOG (LANDLOG_ID, LANDLOG_USER_NAME, LANDLOG_TIME, LANDLOG_IP_ADDRESS)
values (3030, 'admin', to_timestamp('29-05-2013 17:05:52.156000', 'dd-mm-yyyy hh24:mi:ss.ff'), '127.0.0.1');
insert into EB_BACKLANDLOG (LANDLOG_ID, LANDLOG_USER_NAME, LANDLOG_TIME, LANDLOG_IP_ADDRESS)
values (3031, 'admin', to_timestamp('29-05-2013 16:46:02.933000', 'dd-mm-yyyy hh24:mi:ss.ff'), '10.1.32.27');
insert into EB_BACKLANDLOG (LANDLOG_ID, LANDLOG_USER_NAME, LANDLOG_TIME, LANDLOG_IP_ADDRESS)
values (3032, 'admin', to_timestamp('30-05-2013 10:18:15.375000', 'dd-mm-yyyy hh24:mi:ss.ff'), '127.0.0.1');
insert into EB_BACKLANDLOG (LANDLOG_ID, LANDLOG_USER_NAME, LANDLOG_TIME, LANDLOG_IP_ADDRESS)
values (3033, 'admin', to_timestamp('30-05-2013 10:24:59.604000', 'dd-mm-yyyy hh24:mi:ss.ff'), '10.1.32.153');
insert into EB_BACKLANDLOG (LANDLOG_ID, LANDLOG_USER_NAME, LANDLOG_TIME, LANDLOG_IP_ADDRESS)
values (3034, 'admin', to_timestamp('30-05-2013 11:14:27.265000', 'dd-mm-yyyy hh24:mi:ss.ff'), '127.0.0.1');
insert into EB_BACKLANDLOG (LANDLOG_ID, LANDLOG_USER_NAME, LANDLOG_TIME, LANDLOG_IP_ADDRESS)
values (3036, 'admin', to_timestamp('30-05-2013 12:30:28.945000', 'dd-mm-yyyy hh24:mi:ss.ff'), '10.1.32.27');
insert into EB_BACKLANDLOG (LANDLOG_ID, LANDLOG_USER_NAME, LANDLOG_TIME, LANDLOG_IP_ADDRESS)
values (3037, 'admin', to_timestamp('30-05-2013 14:27:45.921000', 'dd-mm-yyyy hh24:mi:ss.ff'), '127.0.0.1');
insert into EB_BACKLANDLOG (LANDLOG_ID, LANDLOG_USER_NAME, LANDLOG_TIME, LANDLOG_IP_ADDRESS)
values (3092, 'admin', to_timestamp('13-06-2013 15:58:28.734000', 'dd-mm-yyyy hh24:mi:ss.ff'), '127.0.0.1');
insert into EB_BACKLANDLOG (LANDLOG_ID, LANDLOG_USER_NAME, LANDLOG_TIME, LANDLOG_IP_ADDRESS)
values (3093, 'admin', to_timestamp('13-06-2013 16:07:45.625000', 'dd-mm-yyyy hh24:mi:ss.ff'), '127.0.0.1');
insert into EB_BACKLANDLOG (LANDLOG_ID, LANDLOG_USER_NAME, LANDLOG_TIME, LANDLOG_IP_ADDRESS)
values (3094, 'admin', to_timestamp('13-06-2013 16:14:03.718000', 'dd-mm-yyyy hh24:mi:ss.ff'), '127.0.0.1');
insert into EB_BACKLANDLOG (LANDLOG_ID, LANDLOG_USER_NAME, LANDLOG_TIME, LANDLOG_IP_ADDRESS)
values (3097, 'admin', to_timestamp('13-06-2013 16:59:11.781000', 'dd-mm-yyyy hh24:mi:ss.ff'), '127.0.0.1');
insert into EB_BACKLANDLOG (LANDLOG_ID, LANDLOG_USER_NAME, LANDLOG_TIME, LANDLOG_IP_ADDRESS)
values (3106, 'admin', to_timestamp('14-06-2013 11:16:20.703000', 'dd-mm-yyyy hh24:mi:ss.ff'), '127.0.0.1');
insert into EB_BACKLANDLOG (LANDLOG_ID, LANDLOG_USER_NAME, LANDLOG_TIME, LANDLOG_IP_ADDRESS)
values (3147, 'admin', to_timestamp('18-06-2013 14:07:02.156000', 'dd-mm-yyyy hh24:mi:ss.ff'), '127.0.0.1');
insert into EB_BACKLANDLOG (LANDLOG_ID, LANDLOG_USER_NAME, LANDLOG_TIME, LANDLOG_IP_ADDRESS)
values (3155, 'admin', to_timestamp('20-06-2013 18:10:25.671000', 'dd-mm-yyyy hh24:mi:ss.ff'), '127.0.0.1');
insert into EB_BACKLANDLOG (LANDLOG_ID, LANDLOG_USER_NAME, LANDLOG_TIME, LANDLOG_IP_ADDRESS)
values (3204, 'admin', to_timestamp('02-07-2013 16:08:39.656000', 'dd-mm-yyyy hh24:mi:ss.ff'), '127.0.0.1');
insert into EB_BACKLANDLOG (LANDLOG_ID, LANDLOG_USER_NAME, LANDLOG_TIME, LANDLOG_IP_ADDRESS)
values (3216, 'admin', to_timestamp('08-07-2013 14:26:24.732000', 'dd-mm-yyyy hh24:mi:ss.ff'), '10.1.32.220');
insert into EB_BACKLANDLOG (LANDLOG_ID, LANDLOG_USER_NAME, LANDLOG_TIME, LANDLOG_IP_ADDRESS)
values (3002, 'admin', to_timestamp('24-05-2013 17:01:50.813000', 'dd-mm-yyyy hh24:mi:ss.ff'), '10.1.32.175');
insert into EB_BACKLANDLOG (LANDLOG_ID, LANDLOG_USER_NAME, LANDLOG_TIME, LANDLOG_IP_ADDRESS)
values (3003, 'admin', to_timestamp('24-05-2013 17:14:29.361000', 'dd-mm-yyyy hh24:mi:ss.ff'), '10.1.32.57');
insert into EB_BACKLANDLOG (LANDLOG_ID, LANDLOG_USER_NAME, LANDLOG_TIME, LANDLOG_IP_ADDRESS)
values (3004, 'admin', to_timestamp('24-05-2013 17:38:07.319000', 'dd-mm-yyyy hh24:mi:ss.ff'), '10.1.32.175');
insert into EB_BACKLANDLOG (LANDLOG_ID, LANDLOG_USER_NAME, LANDLOG_TIME, LANDLOG_IP_ADDRESS)
values (3017, 'admin', to_timestamp('27-05-2013 15:33:40.140000', 'dd-mm-yyyy hh24:mi:ss.ff'), '127.0.0.1');
insert into EB_BACKLANDLOG (LANDLOG_ID, LANDLOG_USER_NAME, LANDLOG_TIME, LANDLOG_IP_ADDRESS)
values (3039, 'admin', to_timestamp('30-05-2013 14:57:23.570000', 'dd-mm-yyyy hh24:mi:ss.ff'), '10.1.32.27');
insert into EB_BACKLANDLOG (LANDLOG_ID, LANDLOG_USER_NAME, LANDLOG_TIME, LANDLOG_IP_ADDRESS)
values (3040, 'admin', to_timestamp('30-05-2013 17:25:41.332000', 'dd-mm-yyyy hh24:mi:ss.ff'), '10.1.32.27');
insert into EB_BACKLANDLOG (LANDLOG_ID, LANDLOG_USER_NAME, LANDLOG_TIME, LANDLOG_IP_ADDRESS)
values (3050, 'admin', to_timestamp('03-06-2013 09:49:26.181000', 'dd-mm-yyyy hh24:mi:ss.ff'), '10.1.32.29');
insert into EB_BACKLANDLOG (LANDLOG_ID, LANDLOG_USER_NAME, LANDLOG_TIME, LANDLOG_IP_ADDRESS)
values (3051, 'admin', to_timestamp('03-06-2013 14:56:40.820000', 'dd-mm-yyyy hh24:mi:ss.ff'), '10.1.32.158');
insert into EB_BACKLANDLOG (LANDLOG_ID, LANDLOG_USER_NAME, LANDLOG_TIME, LANDLOG_IP_ADDRESS)
values (3052, 'admin', to_timestamp('06-06-2013 00:54:08.567000', 'dd-mm-yyyy hh24:mi:ss.ff'), '10.1.40.59');
insert into EB_BACKLANDLOG (LANDLOG_ID, LANDLOG_USER_NAME, LANDLOG_TIME, LANDLOG_IP_ADDRESS)
values (3053, 'admin', to_timestamp('06-06-2013 10:58:41.905000', 'dd-mm-yyyy hh24:mi:ss.ff'), '10.3.40.85');
insert into EB_BACKLANDLOG (LANDLOG_ID, LANDLOG_USER_NAME, LANDLOG_TIME, LANDLOG_IP_ADDRESS)
values (3060, 'admin', to_timestamp('07-06-2013 18:41:58.149000', 'dd-mm-yyyy hh24:mi:ss.ff'), '10.1.32.29');
insert into EB_BACKLANDLOG (LANDLOG_ID, LANDLOG_USER_NAME, LANDLOG_TIME, LANDLOG_IP_ADDRESS)
values (3080, 'admin', to_timestamp('08-06-2013 15:04:57.434000', 'dd-mm-yyyy hh24:mi:ss.ff'), '10.1.53.47');
insert into EB_BACKLANDLOG (LANDLOG_ID, LANDLOG_USER_NAME, LANDLOG_TIME, LANDLOG_IP_ADDRESS)
values (3081, 'admin', to_timestamp('09-06-2013 13:52:27.539000', 'dd-mm-yyyy hh24:mi:ss.ff'), '10.1.32.146');
insert into EB_BACKLANDLOG (LANDLOG_ID, LANDLOG_USER_NAME, LANDLOG_TIME, LANDLOG_IP_ADDRESS)
values (3082, 'admin', to_timestamp('13-06-2013 10:14:59.079000', 'dd-mm-yyyy hh24:mi:ss.ff'), '10.1.40.58');
insert into EB_BACKLANDLOG (LANDLOG_ID, LANDLOG_USER_NAME, LANDLOG_TIME, LANDLOG_IP_ADDRESS)
values (3083, 'admin', to_timestamp('13-06-2013 10:23:52.145000', 'dd-mm-yyyy hh24:mi:ss.ff'), '10.1.1.211');
insert into EB_BACKLANDLOG (LANDLOG_ID, LANDLOG_USER_NAME, LANDLOG_TIME, LANDLOG_IP_ADDRESS)
values (3084, 'admin', to_timestamp('13-06-2013 10:24:47.529000', 'dd-mm-yyyy hh24:mi:ss.ff'), '10.1.1.211');
insert into EB_BACKLANDLOG (LANDLOG_ID, LANDLOG_USER_NAME, LANDLOG_TIME, LANDLOG_IP_ADDRESS)
values (3085, 'admin', to_timestamp('13-06-2013 13:53:20.928000', 'dd-mm-yyyy hh24:mi:ss.ff'), '10.1.1.211');
insert into EB_BACKLANDLOG (LANDLOG_ID, LANDLOG_USER_NAME, LANDLOG_TIME, LANDLOG_IP_ADDRESS)
values (3096, 'admin', to_timestamp('13-06-2013 16:51:57.312000', 'dd-mm-yyyy hh24:mi:ss.ff'), '127.0.0.1');
insert into EB_BACKLANDLOG (LANDLOG_ID, LANDLOG_USER_NAME, LANDLOG_TIME, LANDLOG_IP_ADDRESS)
values (3102, 'admin', to_timestamp('14-06-2013 09:46:14.699000', 'dd-mm-yyyy hh24:mi:ss.ff'), '10.1.32.75');
insert into EB_BACKLANDLOG (LANDLOG_ID, LANDLOG_USER_NAME, LANDLOG_TIME, LANDLOG_IP_ADDRESS)
values (3103, 'admin', to_timestamp('14-06-2013 10:14:51.412000', 'dd-mm-yyyy hh24:mi:ss.ff'), '10.1.1.211');
insert into EB_BACKLANDLOG (LANDLOG_ID, LANDLOG_USER_NAME, LANDLOG_TIME, LANDLOG_IP_ADDRESS)
values (3104, 'admin', to_timestamp('14-06-2013 10:25:55.252000', 'dd-mm-yyyy hh24:mi:ss.ff'), '10.1.32.75');
insert into EB_BACKLANDLOG (LANDLOG_ID, LANDLOG_USER_NAME, LANDLOG_TIME, LANDLOG_IP_ADDRESS)
values (3111, 'admin', to_timestamp('14-06-2013 13:35:18.015000', 'dd-mm-yyyy hh24:mi:ss.ff'), '127.0.0.1');
insert into EB_BACKLANDLOG (LANDLOG_ID, LANDLOG_USER_NAME, LANDLOG_TIME, LANDLOG_IP_ADDRESS)
values (3112, 'admin', to_timestamp('14-06-2013 13:42:07.062000', 'dd-mm-yyyy hh24:mi:ss.ff'), '127.0.0.1');
insert into EB_BACKLANDLOG (LANDLOG_ID, LANDLOG_USER_NAME, LANDLOG_TIME, LANDLOG_IP_ADDRESS)
values (3113, 'admin', to_timestamp('14-06-2013 13:46:27.812000', 'dd-mm-yyyy hh24:mi:ss.ff'), '127.0.0.1');
insert into EB_BACKLANDLOG (LANDLOG_ID, LANDLOG_USER_NAME, LANDLOG_TIME, LANDLOG_IP_ADDRESS)
values (3114, 'admin', to_timestamp('14-06-2013 13:48:25.468000', 'dd-mm-yyyy hh24:mi:ss.ff'), '127.0.0.1');
insert into EB_BACKLANDLOG (LANDLOG_ID, LANDLOG_USER_NAME, LANDLOG_TIME, LANDLOG_IP_ADDRESS)
values (3115, 'admin', to_timestamp('14-06-2013 14:01:58.156000', 'dd-mm-yyyy hh24:mi:ss.ff'), '127.0.0.1');
insert into EB_BACKLANDLOG (LANDLOG_ID, LANDLOG_USER_NAME, LANDLOG_TIME, LANDLOG_IP_ADDRESS)
values (3116, 'admin', to_timestamp('14-06-2013 14:03:11.421000', 'dd-mm-yyyy hh24:mi:ss.ff'), '127.0.0.1');
insert into EB_BACKLANDLOG (LANDLOG_ID, LANDLOG_USER_NAME, LANDLOG_TIME, LANDLOG_IP_ADDRESS)
values (3117, 'admin', to_timestamp('14-06-2013 14:11:21.578000', 'dd-mm-yyyy hh24:mi:ss.ff'), '127.0.0.1');
insert into EB_BACKLANDLOG (LANDLOG_ID, LANDLOG_USER_NAME, LANDLOG_TIME, LANDLOG_IP_ADDRESS)
values (3118, 'admin', to_timestamp('14-06-2013 14:12:03.156000', 'dd-mm-yyyy hh24:mi:ss.ff'), '127.0.0.1');
insert into EB_BACKLANDLOG (LANDLOG_ID, LANDLOG_USER_NAME, LANDLOG_TIME, LANDLOG_IP_ADDRESS)
values (3119, 'admin', to_timestamp('14-06-2013 14:13:46.359000', 'dd-mm-yyyy hh24:mi:ss.ff'), '127.0.0.1');
insert into EB_BACKLANDLOG (LANDLOG_ID, LANDLOG_USER_NAME, LANDLOG_TIME, LANDLOG_IP_ADDRESS)
values (3123, 'admin', to_timestamp('14-06-2013 16:37:24.749000', 'dd-mm-yyyy hh24:mi:ss.ff'), '10.1.32.148');
insert into EB_BACKLANDLOG (LANDLOG_ID, LANDLOG_USER_NAME, LANDLOG_TIME, LANDLOG_IP_ADDRESS)
values (3142, 'admin', to_timestamp('17-06-2013 14:47:55.098000', 'dd-mm-yyyy hh24:mi:ss.ff'), '10.1.32.34');
insert into EB_BACKLANDLOG (LANDLOG_ID, LANDLOG_USER_NAME, LANDLOG_TIME, LANDLOG_IP_ADDRESS)
values (3144, 'admin', to_timestamp('18-06-2013 09:15:26.958000', 'dd-mm-yyyy hh24:mi:ss.ff'), '10.1.32.34');
insert into EB_BACKLANDLOG (LANDLOG_ID, LANDLOG_USER_NAME, LANDLOG_TIME, LANDLOG_IP_ADDRESS)
values (3145, 'admin', to_timestamp('18-06-2013 09:46:39.302000', 'dd-mm-yyyy hh24:mi:ss.ff'), '10.1.32.34');
insert into EB_BACKLANDLOG (LANDLOG_ID, LANDLOG_USER_NAME, LANDLOG_TIME, LANDLOG_IP_ADDRESS)
values (3146, 'admin', to_timestamp('18-06-2013 13:56:55.703000', 'dd-mm-yyyy hh24:mi:ss.ff'), '127.0.0.1');
insert into EB_BACKLANDLOG (LANDLOG_ID, LANDLOG_USER_NAME, LANDLOG_TIME, LANDLOG_IP_ADDRESS)
values (3156, 'admin', to_timestamp('21-06-2013 09:51:15.796000', 'dd-mm-yyyy hh24:mi:ss.ff'), '127.0.0.1');
insert into EB_BACKLANDLOG (LANDLOG_ID, LANDLOG_USER_NAME, LANDLOG_TIME, LANDLOG_IP_ADDRESS)
values (3157, 'admin', to_timestamp('21-06-2013 11:44:43.609000', 'dd-mm-yyyy hh24:mi:ss.ff'), '127.0.0.1');
insert into EB_BACKLANDLOG (LANDLOG_ID, LANDLOG_USER_NAME, LANDLOG_TIME, LANDLOG_IP_ADDRESS)
values (3158, 'admin', to_timestamp('21-06-2013 14:27:30.046000', 'dd-mm-yyyy hh24:mi:ss.ff'), '127.0.0.1');
insert into EB_BACKLANDLOG (LANDLOG_ID, LANDLOG_USER_NAME, LANDLOG_TIME, LANDLOG_IP_ADDRESS)
values (3019, 'admin', to_timestamp('27-05-2013 16:08:16.890000', 'dd-mm-yyyy hh24:mi:ss.ff'), '127.0.0.1');
insert into EB_BACKLANDLOG (LANDLOG_ID, LANDLOG_USER_NAME, LANDLOG_TIME, LANDLOG_IP_ADDRESS)
values (3038, 'admin', to_timestamp('30-05-2013 13:55:48.155000', 'dd-mm-yyyy hh24:mi:ss.ff'), '10.1.32.112');
insert into EB_BACKLANDLOG (LANDLOG_ID, LANDLOG_USER_NAME, LANDLOG_TIME, LANDLOG_IP_ADDRESS)
values (3041, 'admin', to_timestamp('31-05-2013 08:54:17.146000', 'dd-mm-yyyy hh24:mi:ss.ff'), '10.1.32.27');
insert into EB_BACKLANDLOG (LANDLOG_ID, LANDLOG_USER_NAME, LANDLOG_TIME, LANDLOG_IP_ADDRESS)
values (3042, 'admin', to_timestamp('31-05-2013 09:44:23.155000', 'dd-mm-yyyy hh24:mi:ss.ff'), '10.1.32.27');
insert into EB_BACKLANDLOG (LANDLOG_ID, LANDLOG_USER_NAME, LANDLOG_TIME, LANDLOG_IP_ADDRESS)
values (3108, 'admin', to_timestamp('14-06-2013 11:35:20.703000', 'dd-mm-yyyy hh24:mi:ss.ff'), '127.0.0.1');
insert into EB_BACKLANDLOG (LANDLOG_ID, LANDLOG_USER_NAME, LANDLOG_TIME, LANDLOG_IP_ADDRESS)
values (3109, 'admin', to_timestamp('14-06-2013 12:04:40.140000', 'dd-mm-yyyy hh24:mi:ss.ff'), '127.0.0.1');
insert into EB_BACKLANDLOG (LANDLOG_ID, LANDLOG_USER_NAME, LANDLOG_TIME, LANDLOG_IP_ADDRESS)
values (3110, 'admin', to_timestamp('14-06-2013 12:09:28.937000', 'dd-mm-yyyy hh24:mi:ss.ff'), '127.0.0.1');
insert into EB_BACKLANDLOG (LANDLOG_ID, LANDLOG_USER_NAME, LANDLOG_TIME, LANDLOG_IP_ADDRESS)
values (3120, 'admin', to_timestamp('14-06-2013 14:39:32.031000', 'dd-mm-yyyy hh24:mi:ss.ff'), '127.0.0.1');
insert into EB_BACKLANDLOG (LANDLOG_ID, LANDLOG_USER_NAME, LANDLOG_TIME, LANDLOG_IP_ADDRESS)
values (3121, 'admin', to_timestamp('14-06-2013 15:03:51.203000', 'dd-mm-yyyy hh24:mi:ss.ff'), '127.0.0.1');
insert into EB_BACKLANDLOG (LANDLOG_ID, LANDLOG_USER_NAME, LANDLOG_TIME, LANDLOG_IP_ADDRESS)
values (3140, 'admin', to_timestamp('17-06-2013 10:39:25.548000', 'dd-mm-yyyy hh24:mi:ss.ff'), '10.1.32.34');
insert into EB_BACKLANDLOG (LANDLOG_ID, LANDLOG_USER_NAME, LANDLOG_TIME, LANDLOG_IP_ADDRESS)
values (3141, 'admin', to_timestamp('17-06-2013 14:06:46.218000', 'dd-mm-yyyy hh24:mi:ss.ff'), '10.1.32.34');
insert into EB_BACKLANDLOG (LANDLOG_ID, LANDLOG_USER_NAME, LANDLOG_TIME, LANDLOG_IP_ADDRESS)
values (3148, 'admin', to_timestamp('18-06-2013 14:25:33.345000', 'dd-mm-yyyy hh24:mi:ss.ff'), '10.1.32.34');
insert into EB_BACKLANDLOG (LANDLOG_ID, LANDLOG_USER_NAME, LANDLOG_TIME, LANDLOG_IP_ADDRESS)
values (3149, 'admin', to_timestamp('18-06-2013 15:13:22.435000', 'dd-mm-yyyy hh24:mi:ss.ff'), '10.1.32.34');
insert into EB_BACKLANDLOG (LANDLOG_ID, LANDLOG_USER_NAME, LANDLOG_TIME, LANDLOG_IP_ADDRESS)
values (3151, 'admin', to_timestamp('19-06-2013 15:11:03.230000', 'dd-mm-yyyy hh24:mi:ss.ff'), '10.1.32.65');
insert into EB_BACKLANDLOG (LANDLOG_ID, LANDLOG_USER_NAME, LANDLOG_TIME, LANDLOG_IP_ADDRESS)
values (3152, 'admin', to_timestamp('19-06-2013 16:53:21.626000', 'dd-mm-yyyy hh24:mi:ss.ff'), '10.1.32.16');
insert into EB_BACKLANDLOG (LANDLOG_ID, LANDLOG_USER_NAME, LANDLOG_TIME, LANDLOG_IP_ADDRESS)
values (3153, 'admin', to_timestamp('20-06-2013 13:33:37.542000', 'dd-mm-yyyy hh24:mi:ss.ff'), '10.1.32.16');
insert into EB_BACKLANDLOG (LANDLOG_ID, LANDLOG_USER_NAME, LANDLOG_TIME, LANDLOG_IP_ADDRESS)
values (3154, 'admin', to_timestamp('20-06-2013 15:54:07.961000', 'dd-mm-yyyy hh24:mi:ss.ff'), '10.1.32.16');
insert into EB_BACKLANDLOG (LANDLOG_ID, LANDLOG_USER_NAME, LANDLOG_TIME, LANDLOG_IP_ADDRESS)
values (3160, 'admin', to_timestamp('24-06-2013 10:27:32.763000', 'dd-mm-yyyy hh24:mi:ss.ff'), '10.1.1.211');
insert into EB_BACKLANDLOG (LANDLOG_ID, LANDLOG_USER_NAME, LANDLOG_TIME, LANDLOG_IP_ADDRESS)
values (3161, 'admin', to_timestamp('24-06-2013 15:13:23.734000', 'dd-mm-yyyy hh24:mi:ss.ff'), '127.0.0.1');
insert into EB_BACKLANDLOG (LANDLOG_ID, LANDLOG_USER_NAME, LANDLOG_TIME, LANDLOG_IP_ADDRESS)
values (3162, 'admin', to_timestamp('24-06-2013 16:41:45.578000', 'dd-mm-yyyy hh24:mi:ss.ff'), '127.0.0.1');
insert into EB_BACKLANDLOG (LANDLOG_ID, LANDLOG_USER_NAME, LANDLOG_TIME, LANDLOG_IP_ADDRESS)
values (3163, 'admin', to_timestamp('25-06-2013 10:12:14.147000', 'dd-mm-yyyy hh24:mi:ss.ff'), '10.1.32.60');
insert into EB_BACKLANDLOG (LANDLOG_ID, LANDLOG_USER_NAME, LANDLOG_TIME, LANDLOG_IP_ADDRESS)
values (3164, 'admin', to_timestamp('26-06-2013 10:11:17.429000', 'dd-mm-yyyy hh24:mi:ss.ff'), '10.1.32.60');
insert into EB_BACKLANDLOG (LANDLOG_ID, LANDLOG_USER_NAME, LANDLOG_TIME, LANDLOG_IP_ADDRESS)
values (3182, 'admin', to_timestamp('28-06-2013 16:58:27.160000', 'dd-mm-yyyy hh24:mi:ss.ff'), '10.1.32.191');
insert into EB_BACKLANDLOG (LANDLOG_ID, LANDLOG_USER_NAME, LANDLOG_TIME, LANDLOG_IP_ADDRESS)
values (3200, 'admin', to_timestamp('02-07-2013 10:35:52.113000', 'dd-mm-yyyy hh24:mi:ss.ff'), '10.1.32.96');
insert into EB_BACKLANDLOG (LANDLOG_ID, LANDLOG_USER_NAME, LANDLOG_TIME, LANDLOG_IP_ADDRESS)
values (3203, 'admin', to_timestamp('02-07-2013 13:46:54.202000', 'dd-mm-yyyy hh24:mi:ss.ff'), '10.1.32.84');
insert into EB_BACKLANDLOG (LANDLOG_ID, LANDLOG_USER_NAME, LANDLOG_TIME, LANDLOG_IP_ADDRESS)
values (3205, 'admin', to_timestamp('03-07-2013 09:22:18.017000', 'dd-mm-yyyy hh24:mi:ss.ff'), '10.1.32.199');
insert into EB_BACKLANDLOG (LANDLOG_ID, LANDLOG_USER_NAME, LANDLOG_TIME, LANDLOG_IP_ADDRESS)
values (3206, 'admin', to_timestamp('03-07-2013 10:48:39.425000', 'dd-mm-yyyy hh24:mi:ss.ff'), '10.1.32.84');
insert into EB_BACKLANDLOG (LANDLOG_ID, LANDLOG_USER_NAME, LANDLOG_TIME, LANDLOG_IP_ADDRESS)
values (3207, 'admin', to_timestamp('03-07-2013 15:22:31.629000', 'dd-mm-yyyy hh24:mi:ss.ff'), '10.1.32.96');
insert into EB_BACKLANDLOG (LANDLOG_ID, LANDLOG_USER_NAME, LANDLOG_TIME, LANDLOG_IP_ADDRESS)
values (3208, 'admin', to_timestamp('03-07-2013 15:48:12.974000', 'dd-mm-yyyy hh24:mi:ss.ff'), '10.1.32.203');
insert into EB_BACKLANDLOG (LANDLOG_ID, LANDLOG_USER_NAME, LANDLOG_TIME, LANDLOG_IP_ADDRESS)
values (3209, 'admin', to_timestamp('04-07-2013 14:45:37.594000', 'dd-mm-yyyy hh24:mi:ss.ff'), '10.1.1.211');
insert into EB_BACKLANDLOG (LANDLOG_ID, LANDLOG_USER_NAME, LANDLOG_TIME, LANDLOG_IP_ADDRESS)
values (3210, 'admin', to_timestamp('04-07-2013 18:08:40.109000', 'dd-mm-yyyy hh24:mi:ss.ff'), '127.0.0.1');
insert into EB_BACKLANDLOG (LANDLOG_ID, LANDLOG_USER_NAME, LANDLOG_TIME, LANDLOG_IP_ADDRESS)
values (3211, 'admin', to_timestamp('05-07-2013 10:27:21.808000', 'dd-mm-yyyy hh24:mi:ss.ff'), '10.1.32.206');
insert into EB_BACKLANDLOG (LANDLOG_ID, LANDLOG_USER_NAME, LANDLOG_TIME, LANDLOG_IP_ADDRESS)
values (3213, 'admin', to_timestamp('08-07-2013 10:11:35.223000', 'dd-mm-yyyy hh24:mi:ss.ff'), '10.1.32.136');
insert into EB_BACKLANDLOG (LANDLOG_ID, LANDLOG_USER_NAME, LANDLOG_TIME, LANDLOG_IP_ADDRESS)
values (3214, 'admin', to_timestamp('08-07-2013 13:27:37.335000', 'dd-mm-yyyy hh24:mi:ss.ff'), '10.1.32.220');
commit;
prompt 100 records committed...
insert into EB_BACKLANDLOG (LANDLOG_ID, LANDLOG_USER_NAME, LANDLOG_TIME, LANDLOG_IP_ADDRESS)
values (3215, 'admin', to_timestamp('08-07-2013 13:32:21.463000', 'dd-mm-yyyy hh24:mi:ss.ff'), '10.1.32.220');
insert into EB_BACKLANDLOG (LANDLOG_ID, LANDLOG_USER_NAME, LANDLOG_TIME, LANDLOG_IP_ADDRESS)
values (3217, 'admin', to_timestamp('08-07-2013 14:43:08.175000', 'dd-mm-yyyy hh24:mi:ss.ff'), '10.1.32.96');
insert into EB_BACKLANDLOG (LANDLOG_ID, LANDLOG_USER_NAME, LANDLOG_TIME, LANDLOG_IP_ADDRESS)
values (3218, 'admin', to_timestamp('08-07-2013 16:03:00.380000', 'dd-mm-yyyy hh24:mi:ss.ff'), '10.1.32.96');
insert into EB_BACKLANDLOG (LANDLOG_ID, LANDLOG_USER_NAME, LANDLOG_TIME, LANDLOG_IP_ADDRESS)
values (3008, 'admin', to_timestamp('27-05-2013 11:20:42.640000', 'dd-mm-yyyy hh24:mi:ss.ff'), '127.0.0.1');
insert into EB_BACKLANDLOG (LANDLOG_ID, LANDLOG_USER_NAME, LANDLOG_TIME, LANDLOG_IP_ADDRESS)
values (3009, 'admin', to_timestamp('27-05-2013 11:11:34.584000', 'dd-mm-yyyy hh24:mi:ss.ff'), '10.1.32.153');
insert into EB_BACKLANDLOG (LANDLOG_ID, LANDLOG_USER_NAME, LANDLOG_TIME, LANDLOG_IP_ADDRESS)
values (3012, 'admin', to_timestamp('27-05-2013 12:21:20.373000', 'dd-mm-yyyy hh24:mi:ss.ff'), '10.1.32.153');
insert into EB_BACKLANDLOG (LANDLOG_ID, LANDLOG_USER_NAME, LANDLOG_TIME, LANDLOG_IP_ADDRESS)
values (3016, 'admin', to_timestamp('27-05-2013 14:45:53.029000', 'dd-mm-yyyy hh24:mi:ss.ff'), '10.1.32.27');
insert into EB_BACKLANDLOG (LANDLOG_ID, LANDLOG_USER_NAME, LANDLOG_TIME, LANDLOG_IP_ADDRESS)
values (3018, 'admin', to_timestamp('27-05-2013 15:50:09.296000', 'dd-mm-yyyy hh24:mi:ss.ff'), '127.0.0.1');
insert into EB_BACKLANDLOG (LANDLOG_ID, LANDLOG_USER_NAME, LANDLOG_TIME, LANDLOG_IP_ADDRESS)
values (3020, 'admin', to_timestamp('27-05-2013 15:50:52.464000', 'dd-mm-yyyy hh24:mi:ss.ff'), '10.1.32.112');
insert into EB_BACKLANDLOG (LANDLOG_ID, LANDLOG_USER_NAME, LANDLOG_TIME, LANDLOG_IP_ADDRESS)
values (3022, 'admin', to_timestamp('27-05-2013 16:09:43.894000', 'dd-mm-yyyy hh24:mi:ss.ff'), '10.1.32.112');
insert into EB_BACKLANDLOG (LANDLOG_ID, LANDLOG_USER_NAME, LANDLOG_TIME, LANDLOG_IP_ADDRESS)
values (3035, 'admin', to_timestamp('30-05-2013 11:12:22.622000', 'dd-mm-yyyy hh24:mi:ss.ff'), '10.1.32.27');
insert into EB_BACKLANDLOG (LANDLOG_ID, LANDLOG_USER_NAME, LANDLOG_TIME, LANDLOG_IP_ADDRESS)
values (3045, 'admin', to_timestamp('31-05-2013 15:39:49.859000', 'dd-mm-yyyy hh24:mi:ss.ff'), '127.0.0.1');
insert into EB_BACKLANDLOG (LANDLOG_ID, LANDLOG_USER_NAME, LANDLOG_TIME, LANDLOG_IP_ADDRESS)
values (3046, 'admin', to_timestamp('31-05-2013 16:09:26.625000', 'dd-mm-yyyy hh24:mi:ss.ff'), '127.0.0.1');
insert into EB_BACKLANDLOG (LANDLOG_ID, LANDLOG_USER_NAME, LANDLOG_TIME, LANDLOG_IP_ADDRESS)
values (3047, 'admin', to_timestamp('31-05-2013 15:46:38.539000', 'dd-mm-yyyy hh24:mi:ss.ff'), '10.1.32.27');
insert into EB_BACKLANDLOG (LANDLOG_ID, LANDLOG_USER_NAME, LANDLOG_TIME, LANDLOG_IP_ADDRESS)
values (3048, 'admin', to_timestamp('31-05-2013 16:23:30.943000', 'dd-mm-yyyy hh24:mi:ss.ff'), '10.1.32.27');
insert into EB_BACKLANDLOG (LANDLOG_ID, LANDLOG_USER_NAME, LANDLOG_TIME, LANDLOG_IP_ADDRESS)
values (3049, 'admin', to_timestamp('31-05-2013 17:32:49.991000', 'dd-mm-yyyy hh24:mi:ss.ff'), '10.1.32.27');
insert into EB_BACKLANDLOG (LANDLOG_ID, LANDLOG_USER_NAME, LANDLOG_TIME, LANDLOG_IP_ADDRESS)
values (3054, 'admin', to_timestamp('06-06-2013 13:49:48.630000', 'dd-mm-yyyy hh24:mi:ss.ff'), '10.1.32.146');
insert into EB_BACKLANDLOG (LANDLOG_ID, LANDLOG_USER_NAME, LANDLOG_TIME, LANDLOG_IP_ADDRESS)
values (3095, 'admin', to_timestamp('13-06-2013 16:28:29.390000', 'dd-mm-yyyy hh24:mi:ss.ff'), '127.0.0.1');
insert into EB_BACKLANDLOG (LANDLOG_ID, LANDLOG_USER_NAME, LANDLOG_TIME, LANDLOG_IP_ADDRESS)
values (3098, 'admin', to_timestamp('13-06-2013 17:15:02.093000', 'dd-mm-yyyy hh24:mi:ss.ff'), '127.0.0.1');
insert into EB_BACKLANDLOG (LANDLOG_ID, LANDLOG_USER_NAME, LANDLOG_TIME, LANDLOG_IP_ADDRESS)
values (3099, 'admin', to_timestamp('13-06-2013 17:29:54.187000', 'dd-mm-yyyy hh24:mi:ss.ff'), '127.0.0.1');
insert into EB_BACKLANDLOG (LANDLOG_ID, LANDLOG_USER_NAME, LANDLOG_TIME, LANDLOG_IP_ADDRESS)
values (3159, 'admin', to_timestamp('24-06-2013 09:39:45.900000', 'dd-mm-yyyy hh24:mi:ss.ff'), '10.1.32.84');
insert into EB_BACKLANDLOG (LANDLOG_ID, LANDLOG_USER_NAME, LANDLOG_TIME, LANDLOG_IP_ADDRESS)
values (3165, 'admin', to_timestamp('26-06-2013 14:39:01.472000', 'dd-mm-yyyy hh24:mi:ss.ff'), '10.1.32.191');
insert into EB_BACKLANDLOG (LANDLOG_ID, LANDLOG_USER_NAME, LANDLOG_TIME, LANDLOG_IP_ADDRESS)
values (3166, 'admin', to_timestamp('26-06-2013 15:18:43.211000', 'dd-mm-yyyy hh24:mi:ss.ff'), '10.1.32.191');
insert into EB_BACKLANDLOG (LANDLOG_ID, LANDLOG_USER_NAME, LANDLOG_TIME, LANDLOG_IP_ADDRESS)
values (3180, 'admin', to_timestamp('28-06-2013 15:11:16.544000', 'dd-mm-yyyy hh24:mi:ss.ff'), '10.1.32.74');
insert into EB_BACKLANDLOG (LANDLOG_ID, LANDLOG_USER_NAME, LANDLOG_TIME, LANDLOG_IP_ADDRESS)
values (3181, 'admin', to_timestamp('28-06-2013 16:56:57.996000', 'dd-mm-yyyy hh24:mi:ss.ff'), '10.1.32.74');
insert into EB_BACKLANDLOG (LANDLOG_ID, LANDLOG_USER_NAME, LANDLOG_TIME, LANDLOG_IP_ADDRESS)
values (3202, 'admin', to_timestamp('02-07-2013 10:41:14.653000', 'dd-mm-yyyy hh24:mi:ss.ff'), '10.1.32.84');
insert into EB_BACKLANDLOG (LANDLOG_ID, LANDLOG_USER_NAME, LANDLOG_TIME, LANDLOG_IP_ADDRESS)
values (3212, 'admin', to_timestamp('05-07-2013 16:56:36.859000', 'dd-mm-yyyy hh24:mi:ss.ff'), '127.0.0.1');
insert into EB_BACKLANDLOG (LANDLOG_ID, LANDLOG_USER_NAME, LANDLOG_TIME, LANDLOG_IP_ADDRESS)
values (3005, 'admin', to_timestamp('27-05-2013 10:26:35.843000', 'dd-mm-yyyy hh24:mi:ss.ff'), '127.0.0.1');
insert into EB_BACKLANDLOG (LANDLOG_ID, LANDLOG_USER_NAME, LANDLOG_TIME, LANDLOG_IP_ADDRESS)
values (3006, 'admin', to_timestamp('27-05-2013 09:53:48.193000', 'dd-mm-yyyy hh24:mi:ss.ff'), '10.1.32.27');
insert into EB_BACKLANDLOG (LANDLOG_ID, LANDLOG_USER_NAME, LANDLOG_TIME, LANDLOG_IP_ADDRESS)
values (3007, 'admin', to_timestamp('27-05-2013 09:55:44.086000', 'dd-mm-yyyy hh24:mi:ss.ff'), '10.1.32.153');
insert into EB_BACKLANDLOG (LANDLOG_ID, LANDLOG_USER_NAME, LANDLOG_TIME, LANDLOG_IP_ADDRESS)
values (3025, 'admin', to_timestamp('29-05-2013 12:41:33.312000', 'dd-mm-yyyy hh24:mi:ss.ff'), '127.0.0.1');
insert into EB_BACKLANDLOG (LANDLOG_ID, LANDLOG_USER_NAME, LANDLOG_TIME, LANDLOG_IP_ADDRESS)
values (3027, 'admin', to_timestamp('29-05-2013 14:46:14.656000', 'dd-mm-yyyy hh24:mi:ss.ff'), '127.0.0.1');
insert into EB_BACKLANDLOG (LANDLOG_ID, LANDLOG_USER_NAME, LANDLOG_TIME, LANDLOG_IP_ADDRESS)
values (3028, 'admin', to_timestamp('29-05-2013 15:33:13.015000', 'dd-mm-yyyy hh24:mi:ss.ff'), '127.0.0.1');
insert into EB_BACKLANDLOG (LANDLOG_ID, LANDLOG_USER_NAME, LANDLOG_TIME, LANDLOG_IP_ADDRESS)
values (3043, 'admin', to_timestamp('31-05-2013 11:01:40.095000', 'dd-mm-yyyy hh24:mi:ss.ff'), '10.1.32.27');
insert into EB_BACKLANDLOG (LANDLOG_ID, LANDLOG_USER_NAME, LANDLOG_TIME, LANDLOG_IP_ADDRESS)
values (3044, 'admin', to_timestamp('31-05-2013 11:05:01.719000', 'dd-mm-yyyy hh24:mi:ss.ff'), '10.1.32.27');
insert into EB_BACKLANDLOG (LANDLOG_ID, LANDLOG_USER_NAME, LANDLOG_TIME, LANDLOG_IP_ADDRESS)
values (3086, 'admin', to_timestamp('13-06-2013 14:44:39.625000', 'dd-mm-yyyy hh24:mi:ss.ff'), '127.0.0.1');
insert into EB_BACKLANDLOG (LANDLOG_ID, LANDLOG_USER_NAME, LANDLOG_TIME, LANDLOG_IP_ADDRESS)
values (3087, 'admin', to_timestamp('13-06-2013 15:00:17.078000', 'dd-mm-yyyy hh24:mi:ss.ff'), '127.0.0.1');
insert into EB_BACKLANDLOG (LANDLOG_ID, LANDLOG_USER_NAME, LANDLOG_TIME, LANDLOG_IP_ADDRESS)
values (3088, 'admin', to_timestamp('13-06-2013 15:00:55.796000', 'dd-mm-yyyy hh24:mi:ss.ff'), '127.0.0.1');
insert into EB_BACKLANDLOG (LANDLOG_ID, LANDLOG_USER_NAME, LANDLOG_TIME, LANDLOG_IP_ADDRESS)
values (3089, 'admin', to_timestamp('13-06-2013 15:01:58.312000', 'dd-mm-yyyy hh24:mi:ss.ff'), '127.0.0.1');
insert into EB_BACKLANDLOG (LANDLOG_ID, LANDLOG_USER_NAME, LANDLOG_TIME, LANDLOG_IP_ADDRESS)
values (3090, 'admin', to_timestamp('13-06-2013 15:05:52.265000', 'dd-mm-yyyy hh24:mi:ss.ff'), '127.0.0.1');
insert into EB_BACKLANDLOG (LANDLOG_ID, LANDLOG_USER_NAME, LANDLOG_TIME, LANDLOG_IP_ADDRESS)
values (3091, 'admin', to_timestamp('13-06-2013 15:15:19.843000', 'dd-mm-yyyy hh24:mi:ss.ff'), '127.0.0.1');
insert into EB_BACKLANDLOG (LANDLOG_ID, LANDLOG_USER_NAME, LANDLOG_TIME, LANDLOG_IP_ADDRESS)
values (3100, 'admin', to_timestamp('14-06-2013 10:05:48.031000', 'dd-mm-yyyy hh24:mi:ss.ff'), '127.0.0.1');
insert into EB_BACKLANDLOG (LANDLOG_ID, LANDLOG_USER_NAME, LANDLOG_TIME, LANDLOG_IP_ADDRESS)
values (3101, 'admin', to_timestamp('14-06-2013 10:14:07.156000', 'dd-mm-yyyy hh24:mi:ss.ff'), '127.0.0.1');
insert into EB_BACKLANDLOG (LANDLOG_ID, LANDLOG_USER_NAME, LANDLOG_TIME, LANDLOG_IP_ADDRESS)
values (3105, 'admin', to_timestamp('14-06-2013 11:06:35.125000', 'dd-mm-yyyy hh24:mi:ss.ff'), '127.0.0.1');
insert into EB_BACKLANDLOG (LANDLOG_ID, LANDLOG_USER_NAME, LANDLOG_TIME, LANDLOG_IP_ADDRESS)
values (3107, 'admin', to_timestamp('14-06-2013 11:34:35.109000', 'dd-mm-yyyy hh24:mi:ss.ff'), '127.0.0.1');
insert into EB_BACKLANDLOG (LANDLOG_ID, LANDLOG_USER_NAME, LANDLOG_TIME, LANDLOG_IP_ADDRESS)
values (3122, 'admin', to_timestamp('14-06-2013 16:17:14.250000', 'dd-mm-yyyy hh24:mi:ss.ff'), '127.0.0.1');
insert into EB_BACKLANDLOG (LANDLOG_ID, LANDLOG_USER_NAME, LANDLOG_TIME, LANDLOG_IP_ADDRESS)
values (3143, 'admin', to_timestamp('17-06-2013 18:46:41.812000', 'dd-mm-yyyy hh24:mi:ss.ff'), '127.0.0.1');
insert into EB_BACKLANDLOG (LANDLOG_ID, LANDLOG_USER_NAME, LANDLOG_TIME, LANDLOG_IP_ADDRESS)
values (3150, 'admin', to_timestamp('18-06-2013 17:16:16.484000', 'dd-mm-yyyy hh24:mi:ss.ff'), '127.0.0.1');
insert into EB_BACKLANDLOG (LANDLOG_ID, LANDLOG_USER_NAME, LANDLOG_TIME, LANDLOG_IP_ADDRESS)
values (3167, 'admin', to_timestamp('26-06-2013 16:15:49.336000', 'dd-mm-yyyy hh24:mi:ss.ff'), '10.1.32.191');
insert into EB_BACKLANDLOG (LANDLOG_ID, LANDLOG_USER_NAME, LANDLOG_TIME, LANDLOG_IP_ADDRESS)
values (3168, 'admin', to_timestamp('26-06-2013 17:52:36.464000', 'dd-mm-yyyy hh24:mi:ss.ff'), '10.1.32.74');
insert into EB_BACKLANDLOG (LANDLOG_ID, LANDLOG_USER_NAME, LANDLOG_TIME, LANDLOG_IP_ADDRESS)
values (3169, 'admin', to_timestamp('26-06-2013 17:58:12.680000', 'dd-mm-yyyy hh24:mi:ss.ff'), '10.1.32.191');
insert into EB_BACKLANDLOG (LANDLOG_ID, LANDLOG_USER_NAME, LANDLOG_TIME, LANDLOG_IP_ADDRESS)
values (3170, 'admin', to_timestamp('26-06-2013 19:04:23.539000', 'dd-mm-yyyy hh24:mi:ss.ff'), '10.1.1.211');
insert into EB_BACKLANDLOG (LANDLOG_ID, LANDLOG_USER_NAME, LANDLOG_TIME, LANDLOG_IP_ADDRESS)
values (3171, 'admin', to_timestamp('26-06-2013 20:37:47.400000', 'dd-mm-yyyy hh24:mi:ss.ff'), '10.1.32.74');
insert into EB_BACKLANDLOG (LANDLOG_ID, LANDLOG_USER_NAME, LANDLOG_TIME, LANDLOG_IP_ADDRESS)
values (3172, 'admin', to_timestamp('27-06-2013 10:03:19.618000', 'dd-mm-yyyy hh24:mi:ss.ff'), '10.1.32.74');
insert into EB_BACKLANDLOG (LANDLOG_ID, LANDLOG_USER_NAME, LANDLOG_TIME, LANDLOG_IP_ADDRESS)
values (3173, 'admin', to_timestamp('27-06-2013 14:23:02.352000', 'dd-mm-yyyy hh24:mi:ss.ff'), '10.1.32.191');
insert into EB_BACKLANDLOG (LANDLOG_ID, LANDLOG_USER_NAME, LANDLOG_TIME, LANDLOG_IP_ADDRESS)
values (3174, 'admin', to_timestamp('27-06-2013 15:54:28.515000', 'dd-mm-yyyy hh24:mi:ss.ff'), '10.1.1.211');
insert into EB_BACKLANDLOG (LANDLOG_ID, LANDLOG_USER_NAME, LANDLOG_TIME, LANDLOG_IP_ADDRESS)
values (3175, 'admin', to_timestamp('27-06-2013 16:06:20.519000', 'dd-mm-yyyy hh24:mi:ss.ff'), '10.1.1.211');
insert into EB_BACKLANDLOG (LANDLOG_ID, LANDLOG_USER_NAME, LANDLOG_TIME, LANDLOG_IP_ADDRESS)
values (3176, 'admin', to_timestamp('27-06-2013 16:08:37.423000', 'dd-mm-yyyy hh24:mi:ss.ff'), '10.1.1.211');
insert into EB_BACKLANDLOG (LANDLOG_ID, LANDLOG_USER_NAME, LANDLOG_TIME, LANDLOG_IP_ADDRESS)
values (3177, 'admin', to_timestamp('27-06-2013 16:20:50.138000', 'dd-mm-yyyy hh24:mi:ss.ff'), '10.1.32.74');
insert into EB_BACKLANDLOG (LANDLOG_ID, LANDLOG_USER_NAME, LANDLOG_TIME, LANDLOG_IP_ADDRESS)
values (3178, 'admin', to_timestamp('27-06-2013 17:03:22.738000', 'dd-mm-yyyy hh24:mi:ss.ff'), '10.1.1.211');
insert into EB_BACKLANDLOG (LANDLOG_ID, LANDLOG_USER_NAME, LANDLOG_TIME, LANDLOG_IP_ADDRESS)
values (3201, 'admin', to_timestamp('02-07-2013 11:13:02.718000', 'dd-mm-yyyy hh24:mi:ss.ff'), '127.0.0.1');
commit;
prompt 161 records loaded
prompt Loading EB_BRAND...
insert into EB_BRAND (BRAND_ID, BRAND_NAME, BRAND_DESC, IMGS, WEBSITE, BRAND_SORT)
values (3004, '1', null, '/upload/ecps/resource/1369725378114129798088.jpg', null, 1);
insert into EB_BRAND (BRAND_ID, BRAND_NAME, BRAND_DESC, IMGS, WEBSITE, BRAND_SORT)
values (1000, '波导', null, '/upload/ecps/resource/1351478761609141540735.jpg', null, null);
insert into EB_BRAND (BRAND_ID, BRAND_NAME, BRAND_DESC, IMGS, WEBSITE, BRAND_SORT)
values (1001, '华为', null, '/upload/ecps/resource/1351478918676104978608.jpg', null, null);
insert into EB_BRAND (BRAND_ID, BRAND_NAME, BRAND_DESC, IMGS, WEBSITE, BRAND_SORT)
values (1002, '联想', null, '/upload/ecps/resource/1351479001579109452339.jpg', null, null);
insert into EB_BRAND (BRAND_ID, BRAND_NAME, BRAND_DESC, IMGS, WEBSITE, BRAND_SORT)
values (1003, '三星', null, '/upload/ecps/resource/1351479108778166100728.jpg', null, null);
insert into EB_BRAND (BRAND_ID, BRAND_NAME, BRAND_DESC, IMGS, WEBSITE, BRAND_SORT)
values (1004, '中兴', null, '/upload/ecps/resource/1351479208124190223249.jpg', null, null);
insert into EB_BRAND (BRAND_ID, BRAND_NAME, BRAND_DESC, IMGS, WEBSITE, BRAND_SORT)
values (1005, '天语', null, '/upload/ecps/resource/1351479330326136850862.jpg', null, null);
insert into EB_BRAND (BRAND_ID, BRAND_NAME, BRAND_DESC, IMGS, WEBSITE, BRAND_SORT)
values (1006, '天迈', null, '/upload/ecps/resource/1351479515808106398938.JPG', null, null);
insert into EB_BRAND (BRAND_ID, BRAND_NAME, BRAND_DESC, IMGS, WEBSITE, BRAND_SORT)
values (1007, '酷派', null, '/upload/ecps/resource/1351479601015179106601.jpg', null, null);
insert into EB_BRAND (BRAND_ID, BRAND_NAME, BRAND_DESC, IMGS, WEBSITE, BRAND_SORT)
values (1008, '海信', null, '/upload/ecps/resource/1351479849306158394130.JPG', null, null);
insert into EB_BRAND (BRAND_ID, BRAND_NAME, BRAND_DESC, IMGS, WEBSITE, BRAND_SORT)
values (1009, '金立', null, '/upload/ecps/resource/1351479925467102309116.jpg', null, null);
insert into EB_BRAND (BRAND_ID, BRAND_NAME, BRAND_DESC, IMGS, WEBSITE, BRAND_SORT)
values (1010, '摩托罗拉', null, '/upload/ecps/resource/1351480012446191380436.jpg', null, null);
insert into EB_BRAND (BRAND_ID, BRAND_NAME, BRAND_DESC, IMGS, WEBSITE, BRAND_SORT)
values (1041, '步步高', null, '/upload/ecps/resource/1365321997034103071485.jpg', null, 1);
insert into EB_BRAND (BRAND_ID, BRAND_NAME, BRAND_DESC, IMGS, WEBSITE, BRAND_SORT)
values (1042, '诺基亚', null, '/upload/ecps/resource/1365322032346400053300226.jpg', null, 1);
insert into EB_BRAND (BRAND_ID, BRAND_NAME, BRAND_DESC, IMGS, WEBSITE, BRAND_SORT)
values (1043, 'HTC', null, '/upload/ecps/resource/1369885015046118179024.jpg', null, null);
commit;
prompt 15 records loaded
prompt Loading EB_BUSINESS_SCOPE...
insert into EB_BUSINESS_SCOPE (BUSINESS_SCOPE_ID, BUSINESS_SCOPE_NAME, IS_ENABLED)
values (1, '裸机', 1);
insert into EB_BUSINESS_SCOPE (BUSINESS_SCOPE_ID, BUSINESS_SCOPE_NAME, IS_ENABLED)
values (2, '营销案', 1);
commit;
prompt 2 records loaded
prompt Loading EB_CART_SKU...
insert into EB_CART_SKU (CART_SKU_ID, PTL_USER_ID, ITEM_ID, ITEM_NAME, SKU_ID, SKU, SKU_NAME, SKU_SPEC, MARKET_PRICE, OFFER_GROUP_ID, OFFER_GROUP_NAME, OFFER_TYPE, SHORT_NAME, OFFER_NAME, SHORT_NAME2, PRICE, QUANTITY, ITEM_NO)
values (3020, 3042, 3006, '诺基亚 Lumia 950', 3006, null, 'sku值将来统一修改', '{"外观颜色":"现有库存颜色请咨询在线客服"}', 0, null, null, null, null, null, null, 159900, 1, '10003006');
insert into EB_CART_SKU (CART_SKU_ID, PTL_USER_ID, ITEM_ID, ITEM_NAME, SKU_ID, SKU, SKU_NAME, SKU_SPEC, MARKET_PRICE, OFFER_GROUP_ID, OFFER_GROUP_NAME, OFFER_TYPE, SHORT_NAME, OFFER_NAME, SHORT_NAME2, PRICE, QUANTITY, ITEM_NO)
values (3000, 3004, 3001, '测试裸机', 3001, null, 'sku值将来统一修改', '{"外观颜色":"现有库存颜色请咨询在线客服"}', 0, null, null, null, null, null, null, 100, 2, '10003001');
insert into EB_CART_SKU (CART_SKU_ID, PTL_USER_ID, ITEM_ID, ITEM_NAME, SKU_ID, SKU, SKU_NAME, SKU_SPEC, MARKET_PRICE, OFFER_GROUP_ID, OFFER_GROUP_NAME, OFFER_TYPE, SHORT_NAME, OFFER_NAME, SHORT_NAME2, PRICE, QUANTITY, ITEM_NO)
values (3061, 3080, 3001, null, 3001, null, 'sku值将来统一修改', null, 0, null, null, null, null, null, null, 100, 2, '10003001');
insert into EB_CART_SKU (CART_SKU_ID, PTL_USER_ID, ITEM_ID, ITEM_NAME, SKU_ID, SKU, SKU_NAME, SKU_SPEC, MARKET_PRICE, OFFER_GROUP_ID, OFFER_GROUP_NAME, OFFER_TYPE, SHORT_NAME, OFFER_NAME, SHORT_NAME2, PRICE, QUANTITY, ITEM_NO)
values (3062, 3080, 3004, null, 3004, null, 'sku值将来统一修改', null, 399900, null, null, null, null, null, null, 100, 1, '10003003');
insert into EB_CART_SKU (CART_SKU_ID, PTL_USER_ID, ITEM_ID, ITEM_NAME, SKU_ID, SKU, SKU_NAME, SKU_SPEC, MARKET_PRICE, OFFER_GROUP_ID, OFFER_GROUP_NAME, OFFER_TYPE, SHORT_NAME, OFFER_NAME, SHORT_NAME2, PRICE, QUANTITY, ITEM_NO)
values (3063, 3080, 3007, null, 3007, null, 'sku值将来统一修改', null, 59900, null, null, null, null, null, null, 49900, 1, '10003007');
commit;
prompt 5 records loaded
prompt Loading EB_CAT...
insert into EB_CAT (CAT_ID, CAT_NAME, CAT_DESC, PARENT_ID, CAT_SORT, KEYWORDS, PATH, MARK, ISDISPLAY, FULL_PATH, CAT_TYPE)
values (3000, '手机通讯子类', '手机通讯描述', 1, 3, '手机通讯关键词', '3', '3', 1, '/1/3000/', 1);
insert into EB_CAT (CAT_ID, CAT_NAME, CAT_DESC, PARENT_ID, CAT_SORT, KEYWORDS, PATH, MARK, ISDISPLAY, FULL_PATH, CAT_TYPE)
values (1, '手机通讯', '是', 0, 2, '啊', 'SJTX', 'SJTX', 1, '/1/', 1);
commit;
prompt 2 records loaded
prompt Loading EB_CATBRAND...
insert into EB_CATBRAND (CAT_ID, BRAND_ID)
values (1, 1000);
insert into EB_CATBRAND (CAT_ID, BRAND_ID)
values (1, 1001);
insert into EB_CATBRAND (CAT_ID, BRAND_ID)
values (1, 1002);
insert into EB_CATBRAND (CAT_ID, BRAND_ID)
values (1, 1003);
insert into EB_CATBRAND (CAT_ID, BRAND_ID)
values (1, 1004);
insert into EB_CATBRAND (CAT_ID, BRAND_ID)
values (1, 1005);
insert into EB_CATBRAND (CAT_ID, BRAND_ID)
values (1, 1006);
insert into EB_CATBRAND (CAT_ID, BRAND_ID)
values (1, 1007);
insert into EB_CATBRAND (CAT_ID, BRAND_ID)
values (1, 1008);
insert into EB_CATBRAND (CAT_ID, BRAND_ID)
values (1, 1009);
insert into EB_CATBRAND (CAT_ID, BRAND_ID)
values (1, 1010);
insert into EB_CATBRAND (CAT_ID, BRAND_ID)
values (1, 1041);
insert into EB_CATBRAND (CAT_ID, BRAND_ID)
values (1, 1042);
insert into EB_CATBRAND (CAT_ID, BRAND_ID)
values (1, 1043);
insert into EB_CATBRAND (CAT_ID, BRAND_ID)
values (3000, 1043);
commit;
prompt 15 records loaded
prompt Loading EB_CITY_AREA...
insert into EB_CITY_AREA (AREA_ID, AREA_NAME, AREA_CODE)
values (10001, '沈阳', '240');
insert into EB_CITY_AREA (AREA_ID, AREA_NAME, AREA_CODE)
values (10002, '铁岭', '410');
insert into EB_CITY_AREA (AREA_ID, AREA_NAME, AREA_CODE)
values (10003, '大连', '411');
insert into EB_CITY_AREA (AREA_ID, AREA_NAME, AREA_CODE)
values (10004, '鞍山', '412');
insert into EB_CITY_AREA (AREA_ID, AREA_NAME, AREA_CODE)
values (10005, '抚顺', '413');
insert into EB_CITY_AREA (AREA_ID, AREA_NAME, AREA_CODE)
values (10006, '本溪', '414');
insert into EB_CITY_AREA (AREA_ID, AREA_NAME, AREA_CODE)
values (10007, '丹东', '415');
insert into EB_CITY_AREA (AREA_ID, AREA_NAME, AREA_CODE)
values (10008, '锦州', '416');
insert into EB_CITY_AREA (AREA_ID, AREA_NAME, AREA_CODE)
values (10009, '营口', '417');
insert into EB_CITY_AREA (AREA_ID, AREA_NAME, AREA_CODE)
values (10010, '阜新', '418');
insert into EB_CITY_AREA (AREA_ID, AREA_NAME, AREA_CODE)
values (10011, '辽阳', '419');
insert into EB_CITY_AREA (AREA_ID, AREA_NAME, AREA_CODE)
values (10012, '朝阳', '421');
insert into EB_CITY_AREA (AREA_ID, AREA_NAME, AREA_CODE)
values (10013, '盘锦', '427');
insert into EB_CITY_AREA (AREA_ID, AREA_NAME, AREA_CODE)
values (10014, '葫芦岛', '429');
commit;
prompt 14 records loaded
prompt Loading EB_CITY_GROUPON...
prompt Table is empty
prompt Loading EB_CONFIG_FTP...
insert into EB_CONFIG_FTP (SERIAL_NO, PURPOSE, FTP_HOST, FTP_PORT, FTP_USERNAME, FTP_PASSWORD, BASE_DIR, AUTO_START)
values (1, 1, '10.1.248.132', 21, 'admin', 'admin', '/home/admin/publish-sync/', 1);
insert into EB_CONFIG_FTP (SERIAL_NO, PURPOSE, FTP_HOST, FTP_PORT, FTP_USERNAME, FTP_PASSWORD, BASE_DIR, AUTO_START)
values (2, 2, '10.1.248.132', 21, 'admin', 'admin', null, 1);
commit;
prompt 2 records loaded
prompt Loading EB_CONSOLE_LOG...
insert into EB_CONSOLE_LOG (CONSOLE_LOG_ID, ENTITY_NAME, ENTITY_ID, USER_ID, OP_TYPE, OP_TIME, NOTES, TABLE_NAME)
values (3009, '商品表', 3003, 1, '添加商品', to_timestamp('27-05-2013 11:56:24.906000', 'dd-mm-yyyy hh24:mi:ss.ff'), null, 'EB_ITEM');
insert into EB_CONSOLE_LOG (CONSOLE_LOG_ID, ENTITY_NAME, ENTITY_ID, USER_ID, OP_TYPE, OP_TIME, NOTES, TABLE_NAME)
values (3010, '商品表', 3003, 1, '审核商品审核通过', to_timestamp('27-05-2013 11:56:32.750000', 'dd-mm-yyyy hh24:mi:ss.ff'), null, 'EB_ITEM');
insert into EB_CONSOLE_LOG (CONSOLE_LOG_ID, ENTITY_NAME, ENTITY_ID, USER_ID, OP_TYPE, OP_TIME, NOTES, TABLE_NAME)
values (3011, '商品表', 3003, 1, '上下架操作', to_timestamp('27-05-2013 11:56:43.890000', 'dd-mm-yyyy hh24:mi:ss.ff'), null, 'EB_ITEM');
insert into EB_CONSOLE_LOG (CONSOLE_LOG_ID, ENTITY_NAME, ENTITY_ID, USER_ID, OP_TYPE, OP_TIME, NOTES, TABLE_NAME)
values (3012, '活动档次表', 2620, 1, '编辑活动档次', to_timestamp('27-05-2013 12:16:12.234000', 'dd-mm-yyyy hh24:mi:ss.ff'), null, 'EB_OFFER');
insert into EB_CONSOLE_LOG (CONSOLE_LOG_ID, ENTITY_NAME, ENTITY_ID, USER_ID, OP_TYPE, OP_TIME, NOTES, TABLE_NAME)
values (3013, '商品表', 3004, 1, '添加商品', to_timestamp('27-05-2013 14:14:55.843000', 'dd-mm-yyyy hh24:mi:ss.ff'), null, 'EB_ITEM');
insert into EB_CONSOLE_LOG (CONSOLE_LOG_ID, ENTITY_NAME, ENTITY_ID, USER_ID, OP_TYPE, OP_TIME, NOTES, TABLE_NAME)
values (3014, '商品表', 3004, 1, '审核商品审核通过', to_timestamp('27-05-2013 14:15:59.953000', 'dd-mm-yyyy hh24:mi:ss.ff'), null, 'EB_ITEM');
insert into EB_CONSOLE_LOG (CONSOLE_LOG_ID, ENTITY_NAME, ENTITY_ID, USER_ID, OP_TYPE, OP_TIME, NOTES, TABLE_NAME)
values (3015, '商品表', 3004, 1, '上下架操作', to_timestamp('27-05-2013 14:16:20.546000', 'dd-mm-yyyy hh24:mi:ss.ff'), null, 'EB_ITEM');
insert into EB_CONSOLE_LOG (CONSOLE_LOG_ID, ENTITY_NAME, ENTITY_ID, USER_ID, OP_TYPE, OP_TIME, NOTES, TABLE_NAME)
values (3016, '商品表', 3005, 1, '添加商品', to_timestamp('27-05-2013 14:59:19.140000', 'dd-mm-yyyy hh24:mi:ss.ff'), null, 'EB_ITEM');
insert into EB_CONSOLE_LOG (CONSOLE_LOG_ID, ENTITY_NAME, ENTITY_ID, USER_ID, OP_TYPE, OP_TIME, NOTES, TABLE_NAME)
values (3017, '商品表', 3005, 1, '审核商品审核通过', to_timestamp('27-05-2013 14:59:27.796000', 'dd-mm-yyyy hh24:mi:ss.ff'), null, 'EB_ITEM');
insert into EB_CONSOLE_LOG (CONSOLE_LOG_ID, ENTITY_NAME, ENTITY_ID, USER_ID, OP_TYPE, OP_TIME, NOTES, TABLE_NAME)
values (3018, '商品表', 3005, 1, '上下架操作', to_timestamp('27-05-2013 14:59:36.687000', 'dd-mm-yyyy hh24:mi:ss.ff'), null, 'EB_ITEM');
insert into EB_CONSOLE_LOG (CONSOLE_LOG_ID, ENTITY_NAME, ENTITY_ID, USER_ID, OP_TYPE, OP_TIME, NOTES, TABLE_NAME)
values (3025, '商品表', 2442, 1, '上下架操作', to_timestamp('27-05-2013 16:11:16.975000', 'dd-mm-yyyy hh24:mi:ss.ff'), null, 'EB_ITEM');
insert into EB_CONSOLE_LOG (CONSOLE_LOG_ID, ENTITY_NAME, ENTITY_ID, USER_ID, OP_TYPE, OP_TIME, NOTES, TABLE_NAME)
values (3026, '商品表', 3008, 1, '添加商品', to_timestamp('27-05-2013 16:57:18.286000', 'dd-mm-yyyy hh24:mi:ss.ff'), null, 'EB_ITEM');
insert into EB_CONSOLE_LOG (CONSOLE_LOG_ID, ENTITY_NAME, ENTITY_ID, USER_ID, OP_TYPE, OP_TIME, NOTES, TABLE_NAME)
values (3027, '商品表', 2340, 1, '删除商品', to_timestamp('28-05-2013 15:51:24.383000', 'dd-mm-yyyy hh24:mi:ss.ff'), null, 'EB_ITEM');
insert into EB_CONSOLE_LOG (CONSOLE_LOG_ID, ENTITY_NAME, ENTITY_ID, USER_ID, OP_TYPE, OP_TIME, NOTES, TABLE_NAME)
values (3029, '商品表', 2300, 1, '审核商品审核通过', to_timestamp('28-05-2013 16:47:09.289000', 'dd-mm-yyyy hh24:mi:ss.ff'), null, 'EB_ITEM');
insert into EB_CONSOLE_LOG (CONSOLE_LOG_ID, ENTITY_NAME, ENTITY_ID, USER_ID, OP_TYPE, OP_TIME, NOTES, TABLE_NAME)
values (3030, '商品表', 2281, 1, '审核商品审核不通过', to_timestamp('28-05-2013 16:47:19.934000', 'dd-mm-yyyy hh24:mi:ss.ff'), null, 'EB_ITEM');
insert into EB_CONSOLE_LOG (CONSOLE_LOG_ID, ENTITY_NAME, ENTITY_ID, USER_ID, OP_TYPE, OP_TIME, NOTES, TABLE_NAME)
values (3031, '商品表', 3008, 1, '审核商品审核通过', to_timestamp('28-05-2013 16:47:42.114000', 'dd-mm-yyyy hh24:mi:ss.ff'), null, 'EB_ITEM');
insert into EB_CONSOLE_LOG (CONSOLE_LOG_ID, ENTITY_NAME, ENTITY_ID, USER_ID, OP_TYPE, OP_TIME, NOTES, TABLE_NAME)
values (3032, '商品表', 3008, 1, '审核商品审核不通过', to_timestamp('28-05-2013 16:48:03.795000', 'dd-mm-yyyy hh24:mi:ss.ff'), null, 'EB_ITEM');
insert into EB_CONSOLE_LOG (CONSOLE_LOG_ID, ENTITY_NAME, ENTITY_ID, USER_ID, OP_TYPE, OP_TIME, NOTES, TABLE_NAME)
values (3033, '商品表', 3008, 1, '编辑规格', to_timestamp('28-05-2013 17:00:37.280000', 'dd-mm-yyyy hh24:mi:ss.ff'), null, 'EB_ITEM');
insert into EB_CONSOLE_LOG (CONSOLE_LOG_ID, ENTITY_NAME, ENTITY_ID, USER_ID, OP_TYPE, OP_TIME, NOTES, TABLE_NAME)
values (3034, '商品表', 3008, 1, '审核商品审核通过', to_timestamp('28-05-2013 17:07:56.342000', 'dd-mm-yyyy hh24:mi:ss.ff'), null, 'EB_ITEM');
insert into EB_CONSOLE_LOG (CONSOLE_LOG_ID, ENTITY_NAME, ENTITY_ID, USER_ID, OP_TYPE, OP_TIME, NOTES, TABLE_NAME)
values (3035, '商品表', 3008, 1, '上下架操作', to_timestamp('28-05-2013 17:08:18.215000', 'dd-mm-yyyy hh24:mi:ss.ff'), null, 'EB_ITEM');
insert into EB_CONSOLE_LOG (CONSOLE_LOG_ID, ENTITY_NAME, ENTITY_ID, USER_ID, OP_TYPE, OP_TIME, NOTES, TABLE_NAME)
values (3036, '商品表', 3008, 1, '上下架操作', to_timestamp('28-05-2013 17:15:51.708000', 'dd-mm-yyyy hh24:mi:ss.ff'), null, 'EB_ITEM');
insert into EB_CONSOLE_LOG (CONSOLE_LOG_ID, ENTITY_NAME, ENTITY_ID, USER_ID, OP_TYPE, OP_TIME, NOTES, TABLE_NAME)
values (3037, '商品表', 3008, 1, '编辑规格', to_timestamp('28-05-2013 17:16:05.722000', 'dd-mm-yyyy hh24:mi:ss.ff'), null, 'EB_ITEM');
insert into EB_CONSOLE_LOG (CONSOLE_LOG_ID, ENTITY_NAME, ENTITY_ID, USER_ID, OP_TYPE, OP_TIME, NOTES, TABLE_NAME)
values (3038, '商品表', 3008, 1, '审核商品审核通过', to_timestamp('28-05-2013 17:16:12.656000', 'dd-mm-yyyy hh24:mi:ss.ff'), null, 'EB_ITEM');
insert into EB_CONSOLE_LOG (CONSOLE_LOG_ID, ENTITY_NAME, ENTITY_ID, USER_ID, OP_TYPE, OP_TIME, NOTES, TABLE_NAME)
values (3039, '商品表', 3008, 1, '上下架操作', to_timestamp('28-05-2013 17:16:18.767000', 'dd-mm-yyyy hh24:mi:ss.ff'), null, 'EB_ITEM');
insert into EB_CONSOLE_LOG (CONSOLE_LOG_ID, ENTITY_NAME, ENTITY_ID, USER_ID, OP_TYPE, OP_TIME, NOTES, TABLE_NAME)
values (3040, '商品表', 3008, 1, '上下架操作', to_timestamp('28-05-2013 17:27:07.602000', 'dd-mm-yyyy hh24:mi:ss.ff'), null, 'EB_ITEM');
insert into EB_CONSOLE_LOG (CONSOLE_LOG_ID, ENTITY_NAME, ENTITY_ID, USER_ID, OP_TYPE, OP_TIME, NOTES, TABLE_NAME)
values (3046, '商品表', 3008, 1, '编辑规格', to_timestamp('28-05-2013 17:30:48.679000', 'dd-mm-yyyy hh24:mi:ss.ff'), null, 'EB_ITEM');
insert into EB_CONSOLE_LOG (CONSOLE_LOG_ID, ENTITY_NAME, ENTITY_ID, USER_ID, OP_TYPE, OP_TIME, NOTES, TABLE_NAME)
values (3047, '商品表', 3008, 1, '编辑规格', to_timestamp('29-05-2013 15:04:06.373000', 'dd-mm-yyyy hh24:mi:ss.ff'), '@@@@@@@@', 'EB_ITEM');
insert into EB_CONSOLE_LOG (CONSOLE_LOG_ID, ENTITY_NAME, ENTITY_ID, USER_ID, OP_TYPE, OP_TIME, NOTES, TABLE_NAME)
values (3048, '商品表', 3008, 1, '编辑规格', to_timestamp('29-05-2013 15:05:43.907000', 'dd-mm-yyyy hh24:mi:ss.ff'), null, 'EB_ITEM');
insert into EB_CONSOLE_LOG (CONSOLE_LOG_ID, ENTITY_NAME, ENTITY_ID, USER_ID, OP_TYPE, OP_TIME, NOTES, TABLE_NAME)
values (3049, '商品表', 3008, 1, '编辑规格', to_timestamp('29-05-2013 15:06:11.561000', 'dd-mm-yyyy hh24:mi:ss.ff'), null, 'EB_ITEM');
insert into EB_CONSOLE_LOG (CONSOLE_LOG_ID, ENTITY_NAME, ENTITY_ID, USER_ID, OP_TYPE, OP_TIME, NOTES, TABLE_NAME)
values (3050, '商品表', 3008, 1, '审核商品审核通过', to_timestamp('29-05-2013 15:06:17.123000', 'dd-mm-yyyy hh24:mi:ss.ff'), null, 'EB_ITEM');
insert into EB_CONSOLE_LOG (CONSOLE_LOG_ID, ENTITY_NAME, ENTITY_ID, USER_ID, OP_TYPE, OP_TIME, NOTES, TABLE_NAME)
values (3061, '商品表', 3008, 1, '编辑商品', to_timestamp('29-05-2013 15:22:54.387000', 'dd-mm-yyyy hh24:mi:ss.ff'), null, 'EB_ITEM');
insert into EB_CONSOLE_LOG (CONSOLE_LOG_ID, ENTITY_NAME, ENTITY_ID, USER_ID, OP_TYPE, OP_TIME, NOTES, TABLE_NAME)
values (3062, '商品表', 3008, 1, '编辑商品', to_timestamp('29-05-2013 15:24:29.799000', 'dd-mm-yyyy hh24:mi:ss.ff'), null, 'EB_ITEM');
insert into EB_CONSOLE_LOG (CONSOLE_LOG_ID, ENTITY_NAME, ENTITY_ID, USER_ID, OP_TYPE, OP_TIME, NOTES, TABLE_NAME)
values (3063, '商品表', 3008, 1, '编辑商品', to_timestamp('29-05-2013 15:47:03.733000', 'dd-mm-yyyy hh24:mi:ss.ff'), null, 'EB_ITEM');
insert into EB_CONSOLE_LOG (CONSOLE_LOG_ID, ENTITY_NAME, ENTITY_ID, USER_ID, OP_TYPE, OP_TIME, NOTES, TABLE_NAME)
values (3064, '商品表', 3008, 1, '审核商品审核通过', to_timestamp('29-05-2013 15:47:21.091000', 'dd-mm-yyyy hh24:mi:ss.ff'), null, 'EB_ITEM');
insert into EB_CONSOLE_LOG (CONSOLE_LOG_ID, ENTITY_NAME, ENTITY_ID, USER_ID, OP_TYPE, OP_TIME, NOTES, TABLE_NAME)
values (3065, '商品表', 3008, 1, '上下架操作', to_timestamp('29-05-2013 15:47:26.337000', 'dd-mm-yyyy hh24:mi:ss.ff'), null, 'EB_ITEM');
insert into EB_CONSOLE_LOG (CONSOLE_LOG_ID, ENTITY_NAME, ENTITY_ID, USER_ID, OP_TYPE, OP_TIME, NOTES, TABLE_NAME)
values (3066, '商品表', 3008, 1, '上下架操作', to_timestamp('29-05-2013 15:48:16.814000', 'dd-mm-yyyy hh24:mi:ss.ff'), null, 'EB_ITEM');
insert into EB_CONSOLE_LOG (CONSOLE_LOG_ID, ENTITY_NAME, ENTITY_ID, USER_ID, OP_TYPE, OP_TIME, NOTES, TABLE_NAME)
values (3067, '商品表', 3008, 1, '编辑商品', to_timestamp('29-05-2013 15:57:04.448000', 'dd-mm-yyyy hh24:mi:ss.ff'), null, 'EB_ITEM');
insert into EB_CONSOLE_LOG (CONSOLE_LOG_ID, ENTITY_NAME, ENTITY_ID, USER_ID, OP_TYPE, OP_TIME, NOTES, TABLE_NAME)
values (3072, '商品表', 3008, 1, '编辑商品', to_timestamp('29-05-2013 16:00:15.273000', 'dd-mm-yyyy hh24:mi:ss.ff'), null, 'EB_ITEM');
insert into EB_CONSOLE_LOG (CONSOLE_LOG_ID, ENTITY_NAME, ENTITY_ID, USER_ID, OP_TYPE, OP_TIME, NOTES, TABLE_NAME)
values (3073, '商品表', 3008, 1, '审核商品审核通过', to_timestamp('29-05-2013 16:00:24.779000', 'dd-mm-yyyy hh24:mi:ss.ff'), null, 'EB_ITEM');
insert into EB_CONSOLE_LOG (CONSOLE_LOG_ID, ENTITY_NAME, ENTITY_ID, USER_ID, OP_TYPE, OP_TIME, NOTES, TABLE_NAME)
values (3074, '商品表', 3008, 1, '上下架操作', to_timestamp('29-05-2013 16:00:32.354000', 'dd-mm-yyyy hh24:mi:ss.ff'), null, 'EB_ITEM');
insert into EB_CONSOLE_LOG (CONSOLE_LOG_ID, ENTITY_NAME, ENTITY_ID, USER_ID, OP_TYPE, OP_TIME, NOTES, TABLE_NAME)
values (3075, '商品表', 3008, 1, '上下架操作', to_timestamp('29-05-2013 16:02:57.893000', 'dd-mm-yyyy hh24:mi:ss.ff'), null, 'EB_ITEM');
insert into EB_CONSOLE_LOG (CONSOLE_LOG_ID, ENTITY_NAME, ENTITY_ID, USER_ID, OP_TYPE, OP_TIME, NOTES, TABLE_NAME)
values (3079, '商品表', 3008, 1, '编辑商品', to_timestamp('30-05-2013 11:16:48.881000', 'dd-mm-yyyy hh24:mi:ss.ff'), null, 'EB_ITEM');
insert into EB_CONSOLE_LOG (CONSOLE_LOG_ID, ENTITY_NAME, ENTITY_ID, USER_ID, OP_TYPE, OP_TIME, NOTES, TABLE_NAME)
values (3088, '商品表', 3008, 1, '上下架操作', to_timestamp('30-05-2013 11:44:17.883000', 'dd-mm-yyyy hh24:mi:ss.ff'), null, 'EB_ITEM');
insert into EB_CONSOLE_LOG (CONSOLE_LOG_ID, ENTITY_NAME, ENTITY_ID, USER_ID, OP_TYPE, OP_TIME, NOTES, TABLE_NAME)
values (3090, '活动档次表', 2640, 1, '编辑活动档次', to_timestamp('30-05-2013 13:02:10.763000', 'dd-mm-yyyy hh24:mi:ss.ff'), null, 'EB_OFFER');
insert into EB_CONSOLE_LOG (CONSOLE_LOG_ID, ENTITY_NAME, ENTITY_ID, USER_ID, OP_TYPE, OP_TIME, NOTES, TABLE_NAME)
values (3091, '活动表', 2280, 1, '编辑营销案，待审核', to_timestamp('30-05-2013 13:15:58.366000', 'dd-mm-yyyy hh24:mi:ss.ff'), null, 'EB_OFFER_GROUP');
insert into EB_CONSOLE_LOG (CONSOLE_LOG_ID, ENTITY_NAME, ENTITY_ID, USER_ID, OP_TYPE, OP_TIME, NOTES, TABLE_NAME)
values (3092, '活动表', 2280, 1, '编辑营销案', to_timestamp('30-05-2013 13:20:42.674000', 'dd-mm-yyyy hh24:mi:ss.ff'), null, 'EB_OFFER_GROUP');
insert into EB_CONSOLE_LOG (CONSOLE_LOG_ID, ENTITY_NAME, ENTITY_ID, USER_ID, OP_TYPE, OP_TIME, NOTES, TABLE_NAME)
values (3093, '活动表', 2280, 1, '编辑营销案', to_timestamp('30-05-2013 13:20:50.583000', 'dd-mm-yyyy hh24:mi:ss.ff'), null, 'EB_OFFER_GROUP');
insert into EB_CONSOLE_LOG (CONSOLE_LOG_ID, ENTITY_NAME, ENTITY_ID, USER_ID, OP_TYPE, OP_TIME, NOTES, TABLE_NAME)
values (3094, '活动档次表', 2640, 1, '编辑活动档次', to_timestamp('30-05-2013 13:34:59.101000', 'dd-mm-yyyy hh24:mi:ss.ff'), null, 'EB_OFFER');
insert into EB_CONSOLE_LOG (CONSOLE_LOG_ID, ENTITY_NAME, ENTITY_ID, USER_ID, OP_TYPE, OP_TIME, NOTES, TABLE_NAME)
values (3019, '商品表', 3006, 1, '添加商品', to_timestamp('27-05-2013 15:34:42.515000', 'dd-mm-yyyy hh24:mi:ss.ff'), null, 'EB_ITEM');
insert into EB_CONSOLE_LOG (CONSOLE_LOG_ID, ENTITY_NAME, ENTITY_ID, USER_ID, OP_TYPE, OP_TIME, NOTES, TABLE_NAME)
values (3020, '商品表', 3006, 1, '审核商品审核通过', to_timestamp('27-05-2013 15:34:52.031000', 'dd-mm-yyyy hh24:mi:ss.ff'), null, 'EB_ITEM');
insert into EB_CONSOLE_LOG (CONSOLE_LOG_ID, ENTITY_NAME, ENTITY_ID, USER_ID, OP_TYPE, OP_TIME, NOTES, TABLE_NAME)
values (3021, '商品表', 3006, 1, '上下架操作', to_timestamp('27-05-2013 15:34:57.968000', 'dd-mm-yyyy hh24:mi:ss.ff'), null, 'EB_ITEM');
insert into EB_CONSOLE_LOG (CONSOLE_LOG_ID, ENTITY_NAME, ENTITY_ID, USER_ID, OP_TYPE, OP_TIME, NOTES, TABLE_NAME)
values (3102, '商品表', 3008, 1, '上下架操作', to_timestamp('30-05-2013 14:15:34.009000', 'dd-mm-yyyy hh24:mi:ss.ff'), null, 'EB_ITEM');
insert into EB_CONSOLE_LOG (CONSOLE_LOG_ID, ENTITY_NAME, ENTITY_ID, USER_ID, OP_TYPE, OP_TIME, NOTES, TABLE_NAME)
values (3103, '活动表', 2240, 1, '上下架操作', to_timestamp('30-05-2013 15:06:15.610000', 'dd-mm-yyyy hh24:mi:ss.ff'), null, 'EB_OFFER_GROUP');
insert into EB_CONSOLE_LOG (CONSOLE_LOG_ID, ENTITY_NAME, ENTITY_ID, USER_ID, OP_TYPE, OP_TIME, NOTES, TABLE_NAME)
values (3104, '活动表', 2240, 1, '上下架操作', to_timestamp('30-05-2013 15:06:32.342000', 'dd-mm-yyyy hh24:mi:ss.ff'), null, 'EB_OFFER_GROUP');
insert into EB_CONSOLE_LOG (CONSOLE_LOG_ID, ENTITY_NAME, ENTITY_ID, USER_ID, OP_TYPE, OP_TIME, NOTES, TABLE_NAME)
values (3105, '活动表', 3001, 1, '审核营销案', to_timestamp('30-05-2013 15:09:49.260000', 'dd-mm-yyyy hh24:mi:ss.ff'), null, 'EB_OFFER_GROUP');
insert into EB_CONSOLE_LOG (CONSOLE_LOG_ID, ENTITY_NAME, ENTITY_ID, USER_ID, OP_TYPE, OP_TIME, NOTES, TABLE_NAME)
values (3106, '活动表', 2280, 1, '审核营销案', to_timestamp('30-05-2013 15:13:32.337000', 'dd-mm-yyyy hh24:mi:ss.ff'), 'shaochshenhetongg ', 'EB_OFFER_GROUP');
insert into EB_CONSOLE_LOG (CONSOLE_LOG_ID, ENTITY_NAME, ENTITY_ID, USER_ID, OP_TYPE, OP_TIME, NOTES, TABLE_NAME)
values (3107, '营销案表', 3002, 1, '添加营销案', to_timestamp('30-05-2013 17:27:26.516000', 'dd-mm-yyyy hh24:mi:ss.ff'), null, 'EB_OFFER_GROUP');
insert into EB_CONSOLE_LOG (CONSOLE_LOG_ID, ENTITY_NAME, ENTITY_ID, USER_ID, OP_TYPE, OP_TIME, NOTES, TABLE_NAME)
values (3108, '营销案表', 3003, 1, '添加营销案', to_timestamp('30-05-2013 17:27:50.122000', 'dd-mm-yyyy hh24:mi:ss.ff'), null, 'EB_OFFER_GROUP');
insert into EB_CONSOLE_LOG (CONSOLE_LOG_ID, ENTITY_NAME, ENTITY_ID, USER_ID, OP_TYPE, OP_TIME, NOTES, TABLE_NAME)
values (3109, '营销案表', 3004, 1, '添加营销案', to_timestamp('30-05-2013 17:30:39.537000', 'dd-mm-yyyy hh24:mi:ss.ff'), null, 'EB_OFFER_GROUP');
insert into EB_CONSOLE_LOG (CONSOLE_LOG_ID, ENTITY_NAME, ENTITY_ID, USER_ID, OP_TYPE, OP_TIME, NOTES, TABLE_NAME)
values (3114, '活动档次表', 3010, 1, '添加活动档次', to_timestamp('31-05-2013 17:34:49.794000', 'dd-mm-yyyy hh24:mi:ss.ff'), null, 'EB_OFFER');
insert into EB_CONSOLE_LOG (CONSOLE_LOG_ID, ENTITY_NAME, ENTITY_ID, USER_ID, OP_TYPE, OP_TIME, NOTES, TABLE_NAME)
values (3115, '活动档次表', 3011, 1, '添加活动档次', to_timestamp('31-05-2013 17:35:16.272000', 'dd-mm-yyyy hh24:mi:ss.ff'), null, 'EB_OFFER');
insert into EB_CONSOLE_LOG (CONSOLE_LOG_ID, ENTITY_NAME, ENTITY_ID, USER_ID, OP_TYPE, OP_TIME, NOTES, TABLE_NAME)
values (3120, '商品表', 2443, 1, '编辑商品', to_timestamp('13-06-2013 13:54:38.473000', 'dd-mm-yyyy hh24:mi:ss.ff'), null, 'EB_ITEM');
insert into EB_CONSOLE_LOG (CONSOLE_LOG_ID, ENTITY_NAME, ENTITY_ID, USER_ID, OP_TYPE, OP_TIME, NOTES, TABLE_NAME)
values (3121, '商品表', 2443, 1, '审核商品审核通过', to_timestamp('13-06-2013 13:54:53.676000', 'dd-mm-yyyy hh24:mi:ss.ff'), null, 'EB_ITEM');
insert into EB_CONSOLE_LOG (CONSOLE_LOG_ID, ENTITY_NAME, ENTITY_ID, USER_ID, OP_TYPE, OP_TIME, NOTES, TABLE_NAME)
values (3122, '商品表', 2443, 1, '上下架操作', to_timestamp('13-06-2013 13:55:21.524000', 'dd-mm-yyyy hh24:mi:ss.ff'), null, 'EB_ITEM');
insert into EB_CONSOLE_LOG (CONSOLE_LOG_ID, ENTITY_NAME, ENTITY_ID, USER_ID, OP_TYPE, OP_TIME, NOTES, TABLE_NAME)
values (3140, '营销案表', 3020, 1, '添加营销案', to_timestamp('14-06-2013 16:43:04.856000', 'dd-mm-yyyy hh24:mi:ss.ff'), null, 'EB_OFFER_GROUP');
insert into EB_CONSOLE_LOG (CONSOLE_LOG_ID, ENTITY_NAME, ENTITY_ID, USER_ID, OP_TYPE, OP_TIME, NOTES, TABLE_NAME)
values (3141, '商品表', 3009, 1, '上下架操作', to_timestamp('17-06-2013 14:16:04.737000', 'dd-mm-yyyy hh24:mi:ss.ff'), null, 'EB_ITEM');
insert into EB_CONSOLE_LOG (CONSOLE_LOG_ID, ENTITY_NAME, ENTITY_ID, USER_ID, OP_TYPE, OP_TIME, NOTES, TABLE_NAME)
values (3142, '商品表', 3008, 1, '上下架操作', to_timestamp('17-06-2013 14:16:09.750000', 'dd-mm-yyyy hh24:mi:ss.ff'), null, 'EB_ITEM');
insert into EB_CONSOLE_LOG (CONSOLE_LOG_ID, ENTITY_NAME, ENTITY_ID, USER_ID, OP_TYPE, OP_TIME, NOTES, TABLE_NAME)
values (3143, '商品表', 3007, 1, '上下架操作', to_timestamp('17-06-2013 14:16:13.952000', 'dd-mm-yyyy hh24:mi:ss.ff'), null, 'EB_ITEM');
insert into EB_CONSOLE_LOG (CONSOLE_LOG_ID, ENTITY_NAME, ENTITY_ID, USER_ID, OP_TYPE, OP_TIME, NOTES, TABLE_NAME)
values (3144, '商品表', 3006, 1, '上下架操作', to_timestamp('17-06-2013 14:16:17.604000', 'dd-mm-yyyy hh24:mi:ss.ff'), null, 'EB_ITEM');
insert into EB_CONSOLE_LOG (CONSOLE_LOG_ID, ENTITY_NAME, ENTITY_ID, USER_ID, OP_TYPE, OP_TIME, NOTES, TABLE_NAME)
values (3145, '商品表', 3005, 1, '上下架操作', to_timestamp('17-06-2013 14:16:21.860000', 'dd-mm-yyyy hh24:mi:ss.ff'), null, 'EB_ITEM');
insert into EB_CONSOLE_LOG (CONSOLE_LOG_ID, ENTITY_NAME, ENTITY_ID, USER_ID, OP_TYPE, OP_TIME, NOTES, TABLE_NAME)
values (3146, '商品表', 3004, 1, '上下架操作', to_timestamp('17-06-2013 14:16:25.552000', 'dd-mm-yyyy hh24:mi:ss.ff'), null, 'EB_ITEM');
insert into EB_CONSOLE_LOG (CONSOLE_LOG_ID, ENTITY_NAME, ENTITY_ID, USER_ID, OP_TYPE, OP_TIME, NOTES, TABLE_NAME)
values (3147, '商品表', 3003, 1, '上下架操作', to_timestamp('17-06-2013 14:16:29.213000', 'dd-mm-yyyy hh24:mi:ss.ff'), null, 'EB_ITEM');
insert into EB_CONSOLE_LOG (CONSOLE_LOG_ID, ENTITY_NAME, ENTITY_ID, USER_ID, OP_TYPE, OP_TIME, NOTES, TABLE_NAME)
values (3148, '商品表', 3001, 1, '上下架操作', to_timestamp('17-06-2013 14:16:33.708000', 'dd-mm-yyyy hh24:mi:ss.ff'), null, 'EB_ITEM');
insert into EB_CONSOLE_LOG (CONSOLE_LOG_ID, ENTITY_NAME, ENTITY_ID, USER_ID, OP_TYPE, OP_TIME, NOTES, TABLE_NAME)
values (3149, '商品表', 3000, 1, '上下架操作', to_timestamp('17-06-2013 14:16:37.964000', 'dd-mm-yyyy hh24:mi:ss.ff'), null, 'EB_ITEM');
insert into EB_CONSOLE_LOG (CONSOLE_LOG_ID, ENTITY_NAME, ENTITY_ID, USER_ID, OP_TYPE, OP_TIME, NOTES, TABLE_NAME)
values (3150, '商品表', 2443, 1, '上下架操作', to_timestamp('17-06-2013 14:16:42.353000', 'dd-mm-yyyy hh24:mi:ss.ff'), null, 'EB_ITEM');
insert into EB_CONSOLE_LOG (CONSOLE_LOG_ID, ENTITY_NAME, ENTITY_ID, USER_ID, OP_TYPE, OP_TIME, NOTES, TABLE_NAME)
values (3151, '商品表', 2424, 1, '上下架操作', to_timestamp('17-06-2013 14:16:46.758000', 'dd-mm-yyyy hh24:mi:ss.ff'), null, 'EB_ITEM');
insert into EB_CONSOLE_LOG (CONSOLE_LOG_ID, ENTITY_NAME, ENTITY_ID, USER_ID, OP_TYPE, OP_TIME, NOTES, TABLE_NAME)
values (3152, '商品表', 2422, 1, '上下架操作', to_timestamp('17-06-2013 14:16:50.713000', 'dd-mm-yyyy hh24:mi:ss.ff'), null, 'EB_ITEM');
insert into EB_CONSOLE_LOG (CONSOLE_LOG_ID, ENTITY_NAME, ENTITY_ID, USER_ID, OP_TYPE, OP_TIME, NOTES, TABLE_NAME)
values (3153, '商品表', 2420, 1, '上下架操作', to_timestamp('17-06-2013 14:16:54.817000', 'dd-mm-yyyy hh24:mi:ss.ff'), null, 'EB_ITEM');
insert into EB_CONSOLE_LOG (CONSOLE_LOG_ID, ENTITY_NAME, ENTITY_ID, USER_ID, OP_TYPE, OP_TIME, NOTES, TABLE_NAME)
values (3154, '商品表', 2400, 1, '上下架操作', to_timestamp('17-06-2013 14:16:59.277000', 'dd-mm-yyyy hh24:mi:ss.ff'), null, 'EB_ITEM');
insert into EB_CONSOLE_LOG (CONSOLE_LOG_ID, ENTITY_NAME, ENTITY_ID, USER_ID, OP_TYPE, OP_TIME, NOTES, TABLE_NAME)
values (3155, '商品表', 2384, 1, '上下架操作', to_timestamp('17-06-2013 14:17:03.076000', 'dd-mm-yyyy hh24:mi:ss.ff'), null, 'EB_ITEM');
insert into EB_CONSOLE_LOG (CONSOLE_LOG_ID, ENTITY_NAME, ENTITY_ID, USER_ID, OP_TYPE, OP_TIME, NOTES, TABLE_NAME)
values (3156, '商品表', 2382, 1, '上下架操作', to_timestamp('17-06-2013 14:17:07.179000', 'dd-mm-yyyy hh24:mi:ss.ff'), null, 'EB_ITEM');
insert into EB_CONSOLE_LOG (CONSOLE_LOG_ID, ENTITY_NAME, ENTITY_ID, USER_ID, OP_TYPE, OP_TIME, NOTES, TABLE_NAME)
values (3157, '商品表', 2380, 1, '上下架操作', to_timestamp('17-06-2013 14:17:10.965000', 'dd-mm-yyyy hh24:mi:ss.ff'), null, 'EB_ITEM');
insert into EB_CONSOLE_LOG (CONSOLE_LOG_ID, ENTITY_NAME, ENTITY_ID, USER_ID, OP_TYPE, OP_TIME, NOTES, TABLE_NAME)
values (3158, '商品表', 3010, 1, '编辑商品', to_timestamp('17-06-2013 14:17:48.239000', 'dd-mm-yyyy hh24:mi:ss.ff'), null, 'EB_ITEM');
insert into EB_CONSOLE_LOG (CONSOLE_LOG_ID, ENTITY_NAME, ENTITY_ID, USER_ID, OP_TYPE, OP_TIME, NOTES, TABLE_NAME)
values (3159, '商品表', 3009, 1, '编辑商品', to_timestamp('17-06-2013 14:17:58.928000', 'dd-mm-yyyy hh24:mi:ss.ff'), null, 'EB_ITEM');
insert into EB_CONSOLE_LOG (CONSOLE_LOG_ID, ENTITY_NAME, ENTITY_ID, USER_ID, OP_TYPE, OP_TIME, NOTES, TABLE_NAME)
values (3160, '商品表', 3008, 1, '编辑商品', to_timestamp('17-06-2013 14:18:13.050000', 'dd-mm-yyyy hh24:mi:ss.ff'), null, 'EB_ITEM');
insert into EB_CONSOLE_LOG (CONSOLE_LOG_ID, ENTITY_NAME, ENTITY_ID, USER_ID, OP_TYPE, OP_TIME, NOTES, TABLE_NAME)
values (3161, '商品表', 3007, 1, '编辑商品', to_timestamp('17-06-2013 14:18:23.411000', 'dd-mm-yyyy hh24:mi:ss.ff'), null, 'EB_ITEM');
insert into EB_CONSOLE_LOG (CONSOLE_LOG_ID, ENTITY_NAME, ENTITY_ID, USER_ID, OP_TYPE, OP_TIME, NOTES, TABLE_NAME)
values (3162, '商品表', 3006, 1, '编辑商品', to_timestamp('17-06-2013 14:18:33.511000', 'dd-mm-yyyy hh24:mi:ss.ff'), null, 'EB_ITEM');
insert into EB_CONSOLE_LOG (CONSOLE_LOG_ID, ENTITY_NAME, ENTITY_ID, USER_ID, OP_TYPE, OP_TIME, NOTES, TABLE_NAME)
values (3163, '商品表', 3005, 1, '编辑商品', to_timestamp('17-06-2013 14:18:45.346000', 'dd-mm-yyyy hh24:mi:ss.ff'), null, 'EB_ITEM');
insert into EB_CONSOLE_LOG (CONSOLE_LOG_ID, ENTITY_NAME, ENTITY_ID, USER_ID, OP_TYPE, OP_TIME, NOTES, TABLE_NAME)
values (3164, '商品表', 3010, 1, '审核商品审核通过', to_timestamp('17-06-2013 14:18:52.850000', 'dd-mm-yyyy hh24:mi:ss.ff'), null, 'EB_ITEM');
insert into EB_CONSOLE_LOG (CONSOLE_LOG_ID, ENTITY_NAME, ENTITY_ID, USER_ID, OP_TYPE, OP_TIME, NOTES, TABLE_NAME)
values (3165, '商品表', 3009, 1, '审核商品审核通过', to_timestamp('17-06-2013 14:18:57.185000', 'dd-mm-yyyy hh24:mi:ss.ff'), null, 'EB_ITEM');
insert into EB_CONSOLE_LOG (CONSOLE_LOG_ID, ENTITY_NAME, ENTITY_ID, USER_ID, OP_TYPE, OP_TIME, NOTES, TABLE_NAME)
values (3166, '商品表', 3008, 1, '审核商品审核通过', to_timestamp('17-06-2013 14:19:00.533000', 'dd-mm-yyyy hh24:mi:ss.ff'), null, 'EB_ITEM');
insert into EB_CONSOLE_LOG (CONSOLE_LOG_ID, ENTITY_NAME, ENTITY_ID, USER_ID, OP_TYPE, OP_TIME, NOTES, TABLE_NAME)
values (3167, '商品表', 3007, 1, '审核商品审核通过', to_timestamp('17-06-2013 14:19:03.999000', 'dd-mm-yyyy hh24:mi:ss.ff'), null, 'EB_ITEM');
insert into EB_CONSOLE_LOG (CONSOLE_LOG_ID, ENTITY_NAME, ENTITY_ID, USER_ID, OP_TYPE, OP_TIME, NOTES, TABLE_NAME)
values (3168, '商品表', 3006, 1, '审核商品审核通过', to_timestamp('17-06-2013 14:19:09.304000', 'dd-mm-yyyy hh24:mi:ss.ff'), null, 'EB_ITEM');
insert into EB_CONSOLE_LOG (CONSOLE_LOG_ID, ENTITY_NAME, ENTITY_ID, USER_ID, OP_TYPE, OP_TIME, NOTES, TABLE_NAME)
values (3169, '商品表', 3005, 1, '审核商品审核通过', to_timestamp('17-06-2013 14:19:13.420000', 'dd-mm-yyyy hh24:mi:ss.ff'), null, 'EB_ITEM');
insert into EB_CONSOLE_LOG (CONSOLE_LOG_ID, ENTITY_NAME, ENTITY_ID, USER_ID, OP_TYPE, OP_TIME, NOTES, TABLE_NAME)
values (3170, '商品表', 3010, 1, '上下架操作', to_timestamp('17-06-2013 14:19:31.614000', 'dd-mm-yyyy hh24:mi:ss.ff'), null, 'EB_ITEM');
insert into EB_CONSOLE_LOG (CONSOLE_LOG_ID, ENTITY_NAME, ENTITY_ID, USER_ID, OP_TYPE, OP_TIME, NOTES, TABLE_NAME)
values (3171, '商品表', 3009, 1, '上下架操作', to_timestamp('17-06-2013 14:19:36.560000', 'dd-mm-yyyy hh24:mi:ss.ff'), null, 'EB_ITEM');
insert into EB_CONSOLE_LOG (CONSOLE_LOG_ID, ENTITY_NAME, ENTITY_ID, USER_ID, OP_TYPE, OP_TIME, NOTES, TABLE_NAME)
values (3172, '商品表', 3008, 1, '上下架操作', to_timestamp('17-06-2013 14:19:41.089000', 'dd-mm-yyyy hh24:mi:ss.ff'), null, 'EB_ITEM');
insert into EB_CONSOLE_LOG (CONSOLE_LOG_ID, ENTITY_NAME, ENTITY_ID, USER_ID, OP_TYPE, OP_TIME, NOTES, TABLE_NAME)
values (3173, '商品表', 3007, 1, '上下架操作', to_timestamp('17-06-2013 14:19:45.814000', 'dd-mm-yyyy hh24:mi:ss.ff'), null, 'EB_ITEM');
insert into EB_CONSOLE_LOG (CONSOLE_LOG_ID, ENTITY_NAME, ENTITY_ID, USER_ID, OP_TYPE, OP_TIME, NOTES, TABLE_NAME)
values (3174, '商品表', 3006, 1, '上下架操作', to_timestamp('17-06-2013 14:19:50.097000', 'dd-mm-yyyy hh24:mi:ss.ff'), null, 'EB_ITEM');
insert into EB_CONSOLE_LOG (CONSOLE_LOG_ID, ENTITY_NAME, ENTITY_ID, USER_ID, OP_TYPE, OP_TIME, NOTES, TABLE_NAME)
values (3175, '商品表', 3004, 1, '上下架操作', to_timestamp('17-06-2013 14:19:54.132000', 'dd-mm-yyyy hh24:mi:ss.ff'), null, 'EB_ITEM');
commit;
prompt 100 records committed...
insert into EB_CONSOLE_LOG (CONSOLE_LOG_ID, ENTITY_NAME, ENTITY_ID, USER_ID, OP_TYPE, OP_TIME, NOTES, TABLE_NAME)
values (3176, '商品表', 3005, 1, '上下架操作', to_timestamp('17-06-2013 14:19:58.361000', 'dd-mm-yyyy hh24:mi:ss.ff'), null, 'EB_ITEM');
insert into EB_CONSOLE_LOG (CONSOLE_LOG_ID, ENTITY_NAME, ENTITY_ID, USER_ID, OP_TYPE, OP_TIME, NOTES, TABLE_NAME)
values (3177, '商品表', 3003, 1, '上下架操作', to_timestamp('17-06-2013 14:20:02.748000', 'dd-mm-yyyy hh24:mi:ss.ff'), null, 'EB_ITEM');
insert into EB_CONSOLE_LOG (CONSOLE_LOG_ID, ENTITY_NAME, ENTITY_ID, USER_ID, OP_TYPE, OP_TIME, NOTES, TABLE_NAME)
values (3022, '商品表', 3007, 1, '添加商品', to_timestamp('27-05-2013 16:18:22.796000', 'dd-mm-yyyy hh24:mi:ss.ff'), null, 'EB_ITEM');
insert into EB_CONSOLE_LOG (CONSOLE_LOG_ID, ENTITY_NAME, ENTITY_ID, USER_ID, OP_TYPE, OP_TIME, NOTES, TABLE_NAME)
values (3023, '商品表', 3007, 1, '审核商品审核通过', to_timestamp('27-05-2013 16:18:58.000000', 'dd-mm-yyyy hh24:mi:ss.ff'), null, 'EB_ITEM');
insert into EB_CONSOLE_LOG (CONSOLE_LOG_ID, ENTITY_NAME, ENTITY_ID, USER_ID, OP_TYPE, OP_TIME, NOTES, TABLE_NAME)
values (3024, '商品表', 3007, 1, '上下架操作', to_timestamp('27-05-2013 16:19:04.015000', 'dd-mm-yyyy hh24:mi:ss.ff'), null, 'EB_ITEM');
insert into EB_CONSOLE_LOG (CONSOLE_LOG_ID, ENTITY_NAME, ENTITY_ID, USER_ID, OP_TYPE, OP_TIME, NOTES, TABLE_NAME)
values (3095, '活动表', 2280, 1, '审核营销案', to_timestamp('30-05-2013 13:58:03.367000', 'dd-mm-yyyy hh24:mi:ss.ff'), null, 'EB_OFFER_GROUP');
insert into EB_CONSOLE_LOG (CONSOLE_LOG_ID, ENTITY_NAME, ENTITY_ID, USER_ID, OP_TYPE, OP_TIME, NOTES, TABLE_NAME)
values (3096, '活动表', 2280, 1, '审核营销案', to_timestamp('30-05-2013 13:58:25.136000', 'dd-mm-yyyy hh24:mi:ss.ff'), null, 'EB_OFFER_GROUP');
insert into EB_CONSOLE_LOG (CONSOLE_LOG_ID, ENTITY_NAME, ENTITY_ID, USER_ID, OP_TYPE, OP_TIME, NOTES, TABLE_NAME)
values (3097, '活动表', 2280, 1, '审核营销案', to_timestamp('30-05-2013 13:58:37.484000', 'dd-mm-yyyy hh24:mi:ss.ff'), null, 'EB_OFFER_GROUP');
insert into EB_CONSOLE_LOG (CONSOLE_LOG_ID, ENTITY_NAME, ENTITY_ID, USER_ID, OP_TYPE, OP_TIME, NOTES, TABLE_NAME)
values (3098, '活动档次表', 2640, 1, '编辑活动档次', to_timestamp('30-05-2013 13:59:27.769000', 'dd-mm-yyyy hh24:mi:ss.ff'), null, 'EB_OFFER');
insert into EB_CONSOLE_LOG (CONSOLE_LOG_ID, ENTITY_NAME, ENTITY_ID, USER_ID, OP_TYPE, OP_TIME, NOTES, TABLE_NAME)
values (3099, '活动表', 2280, 1, '编辑营销案，待审核', to_timestamp('30-05-2013 14:00:01.984000', 'dd-mm-yyyy hh24:mi:ss.ff'), null, 'EB_OFFER_GROUP');
insert into EB_CONSOLE_LOG (CONSOLE_LOG_ID, ENTITY_NAME, ENTITY_ID, USER_ID, OP_TYPE, OP_TIME, NOTES, TABLE_NAME)
values (3100, '营销案表', 3000, 1, '添加营销案', to_timestamp('30-05-2013 14:08:57.634000', 'dd-mm-yyyy hh24:mi:ss.ff'), null, 'EB_OFFER_GROUP');
insert into EB_CONSOLE_LOG (CONSOLE_LOG_ID, ENTITY_NAME, ENTITY_ID, USER_ID, OP_TYPE, OP_TIME, NOTES, TABLE_NAME)
values (3101, '营销案表', 3001, 1, '添加营销案', to_timestamp('30-05-2013 14:10:30.801000', 'dd-mm-yyyy hh24:mi:ss.ff'), null, 'EB_OFFER_GROUP');
insert into EB_CONSOLE_LOG (CONSOLE_LOG_ID, ENTITY_NAME, ENTITY_ID, USER_ID, OP_TYPE, OP_TIME, NOTES, TABLE_NAME)
values (3180, '商品表', 3020, 1, '添加商品', to_timestamp('24-06-2013 09:40:59.881000', 'dd-mm-yyyy hh24:mi:ss.ff'), null, 'EB_ITEM');
insert into EB_CONSOLE_LOG (CONSOLE_LOG_ID, ENTITY_NAME, ENTITY_ID, USER_ID, OP_TYPE, OP_TIME, NOTES, TABLE_NAME)
values (3181, '商品表', 3020, 1, '审核商品审核通过', to_timestamp('24-06-2013 10:01:34.444000', 'dd-mm-yyyy hh24:mi:ss.ff'), null, 'EB_ITEM');
insert into EB_CONSOLE_LOG (CONSOLE_LOG_ID, ENTITY_NAME, ENTITY_ID, USER_ID, OP_TYPE, OP_TIME, NOTES, TABLE_NAME)
values (3182, '商品表', 3020, 1, '上下架操作', to_timestamp('24-06-2013 10:01:41.374000', 'dd-mm-yyyy hh24:mi:ss.ff'), null, 'EB_ITEM');
insert into EB_CONSOLE_LOG (CONSOLE_LOG_ID, ENTITY_NAME, ENTITY_ID, USER_ID, OP_TYPE, OP_TIME, NOTES, TABLE_NAME)
values (3183, '商品表', 3001, 1, '编辑商品', to_timestamp('24-06-2013 10:33:38.839000', 'dd-mm-yyyy hh24:mi:ss.ff'), null, 'EB_ITEM');
insert into EB_CONSOLE_LOG (CONSOLE_LOG_ID, ENTITY_NAME, ENTITY_ID, USER_ID, OP_TYPE, OP_TIME, NOTES, TABLE_NAME)
values (3184, '商品表', 3001, 1, '审核商品审核通过', to_timestamp('24-06-2013 10:33:54.778000', 'dd-mm-yyyy hh24:mi:ss.ff'), null, 'EB_ITEM');
insert into EB_CONSOLE_LOG (CONSOLE_LOG_ID, ENTITY_NAME, ENTITY_ID, USER_ID, OP_TYPE, OP_TIME, NOTES, TABLE_NAME)
values (3185, '商品表', 3001, 1, '上下架操作', to_timestamp('24-06-2013 10:34:02.052000', 'dd-mm-yyyy hh24:mi:ss.ff'), null, 'EB_ITEM');
insert into EB_CONSOLE_LOG (CONSOLE_LOG_ID, ENTITY_NAME, ENTITY_ID, USER_ID, OP_TYPE, OP_TIME, NOTES, TABLE_NAME)
values (3186, '商品表', 3000, 1, '编辑商品', to_timestamp('24-06-2013 17:30:44.921000', 'dd-mm-yyyy hh24:mi:ss.ff'), null, 'EB_ITEM');
insert into EB_CONSOLE_LOG (CONSOLE_LOG_ID, ENTITY_NAME, ENTITY_ID, USER_ID, OP_TYPE, OP_TIME, NOTES, TABLE_NAME)
values (3200, '商品表', 2424, 1, '上下架操作', to_timestamp('28-06-2013 16:58:18.620000', 'dd-mm-yyyy hh24:mi:ss.ff'), null, 'EB_ITEM');
insert into EB_CONSOLE_LOG (CONSOLE_LOG_ID, ENTITY_NAME, ENTITY_ID, USER_ID, OP_TYPE, OP_TIME, NOTES, TABLE_NAME)
values (3201, '商品表', 3040, 1, '添加商品', to_timestamp('28-06-2013 17:00:20.805000', 'dd-mm-yyyy hh24:mi:ss.ff'), null, 'EB_ITEM');
insert into EB_CONSOLE_LOG (CONSOLE_LOG_ID, ENTITY_NAME, ENTITY_ID, USER_ID, OP_TYPE, OP_TIME, NOTES, TABLE_NAME)
values (3202, '商品表', 3040, 1, '审核商品审核通过', to_timestamp('28-06-2013 17:00:33.687000', 'dd-mm-yyyy hh24:mi:ss.ff'), null, 'EB_ITEM');
insert into EB_CONSOLE_LOG (CONSOLE_LOG_ID, ENTITY_NAME, ENTITY_ID, USER_ID, OP_TYPE, OP_TIME, NOTES, TABLE_NAME)
values (3203, '商品表', 3040, 1, '上下架操作', to_timestamp('28-06-2013 17:00:40.108000', 'dd-mm-yyyy hh24:mi:ss.ff'), null, 'EB_ITEM');
insert into EB_CONSOLE_LOG (CONSOLE_LOG_ID, ENTITY_NAME, ENTITY_ID, USER_ID, OP_TYPE, OP_TIME, NOTES, TABLE_NAME)
values (3220, '活动档次表', 2620, 1, '编辑活动档次', to_timestamp('03-07-2013 15:24:28.403000', 'dd-mm-yyyy hh24:mi:ss.ff'), null, 'EB_OFFER');
insert into EB_CONSOLE_LOG (CONSOLE_LOG_ID, ENTITY_NAME, ENTITY_ID, USER_ID, OP_TYPE, OP_TIME, NOTES, TABLE_NAME)
values (3000, '商品表', 3000, 1, '添加商品', to_timestamp('27-05-2013 10:20:32.312000', 'dd-mm-yyyy hh24:mi:ss.ff'), null, 'EB_ITEM');
insert into EB_CONSOLE_LOG (CONSOLE_LOG_ID, ENTITY_NAME, ENTITY_ID, USER_ID, OP_TYPE, OP_TIME, NOTES, TABLE_NAME)
values (3001, '商品表', 3000, 1, '审核商品审核通过', to_timestamp('27-05-2013 10:20:45.014000', 'dd-mm-yyyy hh24:mi:ss.ff'), null, 'EB_ITEM');
insert into EB_CONSOLE_LOG (CONSOLE_LOG_ID, ENTITY_NAME, ENTITY_ID, USER_ID, OP_TYPE, OP_TIME, NOTES, TABLE_NAME)
values (3002, '商品表', 3000, 1, '上下架操作', to_timestamp('27-05-2013 10:20:51.545000', 'dd-mm-yyyy hh24:mi:ss.ff'), null, 'EB_ITEM');
insert into EB_CONSOLE_LOG (CONSOLE_LOG_ID, ENTITY_NAME, ENTITY_ID, USER_ID, OP_TYPE, OP_TIME, NOTES, TABLE_NAME)
values (3003, '商品表', 3001, 1, '添加商品', to_timestamp('27-05-2013 10:23:35.401000', 'dd-mm-yyyy hh24:mi:ss.ff'), null, 'EB_ITEM');
insert into EB_CONSOLE_LOG (CONSOLE_LOG_ID, ENTITY_NAME, ENTITY_ID, USER_ID, OP_TYPE, OP_TIME, NOTES, TABLE_NAME)
values (3004, '商品表', 3001, 1, '审核商品审核通过', to_timestamp('27-05-2013 10:23:48.826000', 'dd-mm-yyyy hh24:mi:ss.ff'), null, 'EB_ITEM');
insert into EB_CONSOLE_LOG (CONSOLE_LOG_ID, ENTITY_NAME, ENTITY_ID, USER_ID, OP_TYPE, OP_TIME, NOTES, TABLE_NAME)
values (3005, '商品表', 3001, 1, '上下架操作', to_timestamp('27-05-2013 10:24:03.595000', 'dd-mm-yyyy hh24:mi:ss.ff'), null, 'EB_ITEM');
insert into EB_CONSOLE_LOG (CONSOLE_LOG_ID, ENTITY_NAME, ENTITY_ID, USER_ID, OP_TYPE, OP_TIME, NOTES, TABLE_NAME)
values (3006, '商品表', 3002, 1, '添加商品', to_timestamp('27-05-2013 10:29:08.575000', 'dd-mm-yyyy hh24:mi:ss.ff'), null, 'EB_ITEM');
insert into EB_CONSOLE_LOG (CONSOLE_LOG_ID, ENTITY_NAME, ENTITY_ID, USER_ID, OP_TYPE, OP_TIME, NOTES, TABLE_NAME)
values (3007, '商品表', 3002, 1, '审核商品审核通过', to_timestamp('27-05-2013 10:29:15.840000', 'dd-mm-yyyy hh24:mi:ss.ff'), null, 'EB_ITEM');
insert into EB_CONSOLE_LOG (CONSOLE_LOG_ID, ENTITY_NAME, ENTITY_ID, USER_ID, OP_TYPE, OP_TIME, NOTES, TABLE_NAME)
values (3008, '商品表', 3002, 1, '上下架操作', to_timestamp('27-05-2013 10:29:25.174000', 'dd-mm-yyyy hh24:mi:ss.ff'), null, 'EB_ITEM');
insert into EB_CONSOLE_LOG (CONSOLE_LOG_ID, ENTITY_NAME, ENTITY_ID, USER_ID, OP_TYPE, OP_TIME, NOTES, TABLE_NAME)
values (3028, '商品表', 3008, 1, '审核商品审核不通过', to_timestamp('28-05-2013 16:07:55.640000', 'dd-mm-yyyy hh24:mi:ss.ff'), null, 'EB_ITEM');
insert into EB_CONSOLE_LOG (CONSOLE_LOG_ID, ENTITY_NAME, ENTITY_ID, USER_ID, OP_TYPE, OP_TIME, NOTES, TABLE_NAME)
values (3041, '商品表', 3008, 1, '编辑规格', to_timestamp('28-05-2013 17:27:41.394000', 'dd-mm-yyyy hh24:mi:ss.ff'), null, 'EB_ITEM');
insert into EB_CONSOLE_LOG (CONSOLE_LOG_ID, ENTITY_NAME, ENTITY_ID, USER_ID, OP_TYPE, OP_TIME, NOTES, TABLE_NAME)
values (3042, '商品表', 3008, 1, '编辑规格', to_timestamp('28-05-2013 17:27:58.405000', 'dd-mm-yyyy hh24:mi:ss.ff'), null, 'EB_ITEM');
insert into EB_CONSOLE_LOG (CONSOLE_LOG_ID, ENTITY_NAME, ENTITY_ID, USER_ID, OP_TYPE, OP_TIME, NOTES, TABLE_NAME)
values (3043, '商品表', 3008, 1, '审核商品审核通过', to_timestamp('28-05-2013 17:28:11.138000', 'dd-mm-yyyy hh24:mi:ss.ff'), null, 'EB_ITEM');
insert into EB_CONSOLE_LOG (CONSOLE_LOG_ID, ENTITY_NAME, ENTITY_ID, USER_ID, OP_TYPE, OP_TIME, NOTES, TABLE_NAME)
values (3044, '商品表', 3008, 1, '上下架操作', to_timestamp('28-05-2013 17:28:18.067000', 'dd-mm-yyyy hh24:mi:ss.ff'), null, 'EB_ITEM');
insert into EB_CONSOLE_LOG (CONSOLE_LOG_ID, ENTITY_NAME, ENTITY_ID, USER_ID, OP_TYPE, OP_TIME, NOTES, TABLE_NAME)
values (3045, '商品表', 3008, 1, '上下架操作', to_timestamp('28-05-2013 17:30:10.037000', 'dd-mm-yyyy hh24:mi:ss.ff'), null, 'EB_ITEM');
insert into EB_CONSOLE_LOG (CONSOLE_LOG_ID, ENTITY_NAME, ENTITY_ID, USER_ID, OP_TYPE, OP_TIME, NOTES, TABLE_NAME)
values (3051, '商品表', 3008, 1, '上下架操作', to_timestamp('29-05-2013 15:06:25.767000', 'dd-mm-yyyy hh24:mi:ss.ff'), null, 'EB_ITEM');
insert into EB_CONSOLE_LOG (CONSOLE_LOG_ID, ENTITY_NAME, ENTITY_ID, USER_ID, OP_TYPE, OP_TIME, NOTES, TABLE_NAME)
values (3052, '商品表', 3008, 1, '上下架操作', to_timestamp('29-05-2013 15:07:04.337000', 'dd-mm-yyyy hh24:mi:ss.ff'), null, 'EB_ITEM');
insert into EB_CONSOLE_LOG (CONSOLE_LOG_ID, ENTITY_NAME, ENTITY_ID, USER_ID, OP_TYPE, OP_TIME, NOTES, TABLE_NAME)
values (3053, '商品表', 3008, 1, '编辑规格', to_timestamp('29-05-2013 15:08:19.853000', 'dd-mm-yyyy hh24:mi:ss.ff'), null, 'EB_ITEM');
insert into EB_CONSOLE_LOG (CONSOLE_LOG_ID, ENTITY_NAME, ENTITY_ID, USER_ID, OP_TYPE, OP_TIME, NOTES, TABLE_NAME)
values (3054, '商品表', 3008, 1, '审核商品审核通过', to_timestamp('29-05-2013 15:08:25.847000', 'dd-mm-yyyy hh24:mi:ss.ff'), null, 'EB_ITEM');
insert into EB_CONSOLE_LOG (CONSOLE_LOG_ID, ENTITY_NAME, ENTITY_ID, USER_ID, OP_TYPE, OP_TIME, NOTES, TABLE_NAME)
values (3055, '商品表', 3008, 1, '上下架操作', to_timestamp('29-05-2013 15:08:34.271000', 'dd-mm-yyyy hh24:mi:ss.ff'), null, 'EB_ITEM');
insert into EB_CONSOLE_LOG (CONSOLE_LOG_ID, ENTITY_NAME, ENTITY_ID, USER_ID, OP_TYPE, OP_TIME, NOTES, TABLE_NAME)
values (3056, '商品表', 3008, 1, '上下架操作', to_timestamp('29-05-2013 15:09:31.236000', 'dd-mm-yyyy hh24:mi:ss.ff'), null, 'EB_ITEM');
insert into EB_CONSOLE_LOG (CONSOLE_LOG_ID, ENTITY_NAME, ENTITY_ID, USER_ID, OP_TYPE, OP_TIME, NOTES, TABLE_NAME)
values (3057, '商品表', 3008, 1, '编辑商品', to_timestamp('29-05-2013 15:10:34.903000', 'dd-mm-yyyy hh24:mi:ss.ff'), null, 'EB_ITEM');
insert into EB_CONSOLE_LOG (CONSOLE_LOG_ID, ENTITY_NAME, ENTITY_ID, USER_ID, OP_TYPE, OP_TIME, NOTES, TABLE_NAME)
values (3058, '商品表', 3008, 1, '编辑商品', to_timestamp('29-05-2013 15:12:14.361000', 'dd-mm-yyyy hh24:mi:ss.ff'), null, 'EB_ITEM');
insert into EB_CONSOLE_LOG (CONSOLE_LOG_ID, ENTITY_NAME, ENTITY_ID, USER_ID, OP_TYPE, OP_TIME, NOTES, TABLE_NAME)
values (3059, '商品表', 3008, 1, '编辑商品', to_timestamp('29-05-2013 15:21:46.891000', 'dd-mm-yyyy hh24:mi:ss.ff'), null, 'EB_ITEM');
insert into EB_CONSOLE_LOG (CONSOLE_LOG_ID, ENTITY_NAME, ENTITY_ID, USER_ID, OP_TYPE, OP_TIME, NOTES, TABLE_NAME)
values (3060, '商品表', 3008, 1, '编辑商品', to_timestamp('29-05-2013 15:22:29.220000', 'dd-mm-yyyy hh24:mi:ss.ff'), null, 'EB_ITEM');
insert into EB_CONSOLE_LOG (CONSOLE_LOG_ID, ENTITY_NAME, ENTITY_ID, USER_ID, OP_TYPE, OP_TIME, NOTES, TABLE_NAME)
values (3068, '商品表', 3008, 1, '编辑商品', to_timestamp('29-05-2013 15:57:05.302000', 'dd-mm-yyyy hh24:mi:ss.ff'), null, 'EB_ITEM');
insert into EB_CONSOLE_LOG (CONSOLE_LOG_ID, ENTITY_NAME, ENTITY_ID, USER_ID, OP_TYPE, OP_TIME, NOTES, TABLE_NAME)
values (3069, '商品表', 3008, 1, '审核商品审核通过', to_timestamp('29-05-2013 15:57:11.597000', 'dd-mm-yyyy hh24:mi:ss.ff'), null, 'EB_ITEM');
insert into EB_CONSOLE_LOG (CONSOLE_LOG_ID, ENTITY_NAME, ENTITY_ID, USER_ID, OP_TYPE, OP_TIME, NOTES, TABLE_NAME)
values (3070, '商品表', 3008, 1, '上下架操作', to_timestamp('29-05-2013 15:57:17.577000', 'dd-mm-yyyy hh24:mi:ss.ff'), null, 'EB_ITEM');
insert into EB_CONSOLE_LOG (CONSOLE_LOG_ID, ENTITY_NAME, ENTITY_ID, USER_ID, OP_TYPE, OP_TIME, NOTES, TABLE_NAME)
values (3071, '商品表', 3008, 1, '上下架操作', to_timestamp('29-05-2013 15:58:23.503000', 'dd-mm-yyyy hh24:mi:ss.ff'), null, 'EB_ITEM');
insert into EB_CONSOLE_LOG (CONSOLE_LOG_ID, ENTITY_NAME, ENTITY_ID, USER_ID, OP_TYPE, OP_TIME, NOTES, TABLE_NAME)
values (3080, '商品表', 3008, 1, '审核商品审核通过', to_timestamp('30-05-2013 11:30:55.767000', 'dd-mm-yyyy hh24:mi:ss.ff'), null, 'EB_ITEM');
insert into EB_CONSOLE_LOG (CONSOLE_LOG_ID, ENTITY_NAME, ENTITY_ID, USER_ID, OP_TYPE, OP_TIME, NOTES, TABLE_NAME)
values (3081, '商品表', 3008, 1, '编辑规格', to_timestamp('30-05-2013 11:32:10.891000', 'dd-mm-yyyy hh24:mi:ss.ff'), null, 'EB_ITEM');
insert into EB_CONSOLE_LOG (CONSOLE_LOG_ID, ENTITY_NAME, ENTITY_ID, USER_ID, OP_TYPE, OP_TIME, NOTES, TABLE_NAME)
values (3082, '商品表', 3008, 1, '审核商品审核通过', to_timestamp('30-05-2013 11:32:15.981000', 'dd-mm-yyyy hh24:mi:ss.ff'), null, 'EB_ITEM');
insert into EB_CONSOLE_LOG (CONSOLE_LOG_ID, ENTITY_NAME, ENTITY_ID, USER_ID, OP_TYPE, OP_TIME, NOTES, TABLE_NAME)
values (3083, '商品表', 3008, 1, '上下架操作', to_timestamp('30-05-2013 11:32:23.730000', 'dd-mm-yyyy hh24:mi:ss.ff'), null, 'EB_ITEM');
insert into EB_CONSOLE_LOG (CONSOLE_LOG_ID, ENTITY_NAME, ENTITY_ID, USER_ID, OP_TYPE, OP_TIME, NOTES, TABLE_NAME)
values (3084, '商品表', 3008, 1, '上下架操作', to_timestamp('30-05-2013 11:35:30.981000', 'dd-mm-yyyy hh24:mi:ss.ff'), null, 'EB_ITEM');
insert into EB_CONSOLE_LOG (CONSOLE_LOG_ID, ENTITY_NAME, ENTITY_ID, USER_ID, OP_TYPE, OP_TIME, NOTES, TABLE_NAME)
values (3085, '商品表', 3008, 1, '编辑规格', to_timestamp('30-05-2013 11:35:44.810000', 'dd-mm-yyyy hh24:mi:ss.ff'), null, 'EB_ITEM');
insert into EB_CONSOLE_LOG (CONSOLE_LOG_ID, ENTITY_NAME, ENTITY_ID, USER_ID, OP_TYPE, OP_TIME, NOTES, TABLE_NAME)
values (3086, '商品表', 3008, 1, '审核商品审核通过', to_timestamp('30-05-2013 11:35:49.889000', 'dd-mm-yyyy hh24:mi:ss.ff'), null, 'EB_ITEM');
insert into EB_CONSOLE_LOG (CONSOLE_LOG_ID, ENTITY_NAME, ENTITY_ID, USER_ID, OP_TYPE, OP_TIME, NOTES, TABLE_NAME)
values (3087, '商品表', 3008, 1, '上下架操作', to_timestamp('30-05-2013 11:36:02.936000', 'dd-mm-yyyy hh24:mi:ss.ff'), null, 'EB_ITEM');
insert into EB_CONSOLE_LOG (CONSOLE_LOG_ID, ENTITY_NAME, ENTITY_ID, USER_ID, OP_TYPE, OP_TIME, NOTES, TABLE_NAME)
values (3089, '商品表', 3010, 1, '添加商品', to_timestamp('30-05-2013 12:32:07.924000', 'dd-mm-yyyy hh24:mi:ss.ff'), null, 'EB_ITEM');
insert into EB_CONSOLE_LOG (CONSOLE_LOG_ID, ENTITY_NAME, ENTITY_ID, USER_ID, OP_TYPE, OP_TIME, NOTES, TABLE_NAME)
values (3110, '活动档次表', 2640, 1, '编辑活动档次', to_timestamp('31-05-2013 16:21:56.296000', 'dd-mm-yyyy hh24:mi:ss.ff'), null, 'EB_OFFER');
insert into EB_CONSOLE_LOG (CONSOLE_LOG_ID, ENTITY_NAME, ENTITY_ID, USER_ID, OP_TYPE, OP_TIME, NOTES, TABLE_NAME)
values (3111, '活动档次表', 3007, 1, '添加活动档次', to_timestamp('31-05-2013 16:51:54.109000', 'dd-mm-yyyy hh24:mi:ss.ff'), null, 'EB_OFFER');
insert into EB_CONSOLE_LOG (CONSOLE_LOG_ID, ENTITY_NAME, ENTITY_ID, USER_ID, OP_TYPE, OP_TIME, NOTES, TABLE_NAME)
values (3112, '活动档次表', 3007, 1, '编辑活动档次', to_timestamp('31-05-2013 17:01:09.390000', 'dd-mm-yyyy hh24:mi:ss.ff'), null, 'EB_OFFER');
insert into EB_CONSOLE_LOG (CONSOLE_LOG_ID, ENTITY_NAME, ENTITY_ID, USER_ID, OP_TYPE, OP_TIME, NOTES, TABLE_NAME)
values (3113, '活动档次表', 3007, 1, '编辑活动档次', to_timestamp('31-05-2013 17:02:47.656000', 'dd-mm-yyyy hh24:mi:ss.ff'), null, 'EB_OFFER');
insert into EB_CONSOLE_LOG (CONSOLE_LOG_ID, ENTITY_NAME, ENTITY_ID, USER_ID, OP_TYPE, OP_TIME, NOTES, TABLE_NAME)
values (3076, '商品表', 3009, 1, '添加商品', to_timestamp('29-05-2013 17:35:20.250000', 'dd-mm-yyyy hh24:mi:ss.ff'), null, 'EB_ITEM');
insert into EB_CONSOLE_LOG (CONSOLE_LOG_ID, ENTITY_NAME, ENTITY_ID, USER_ID, OP_TYPE, OP_TIME, NOTES, TABLE_NAME)
values (3077, '商品表', 3009, 1, '审核商品审核通过', to_timestamp('29-05-2013 17:35:29.000000', 'dd-mm-yyyy hh24:mi:ss.ff'), null, 'EB_ITEM');
insert into EB_CONSOLE_LOG (CONSOLE_LOG_ID, ENTITY_NAME, ENTITY_ID, USER_ID, OP_TYPE, OP_TIME, NOTES, TABLE_NAME)
values (3078, '商品表', 3009, 1, '上下架操作', to_timestamp('29-05-2013 17:35:37.656000', 'dd-mm-yyyy hh24:mi:ss.ff'), null, 'EB_ITEM');
insert into EB_CONSOLE_LOG (CONSOLE_LOG_ID, ENTITY_NAME, ENTITY_ID, USER_ID, OP_TYPE, OP_TIME, NOTES, TABLE_NAME)
values (3123, '活动档次表', 3007, 1, '编辑活动档次', to_timestamp('13-06-2013 17:00:53.156000', 'dd-mm-yyyy hh24:mi:ss.ff'), null, 'EB_OFFER');
insert into EB_CONSOLE_LOG (CONSOLE_LOG_ID, ENTITY_NAME, ENTITY_ID, USER_ID, OP_TYPE, OP_TIME, NOTES, TABLE_NAME)
values (3124, '活动档次表', 3010, 1, '编辑活动档次', to_timestamp('13-06-2013 17:01:32.125000', 'dd-mm-yyyy hh24:mi:ss.ff'), null, 'EB_OFFER');
insert into EB_CONSOLE_LOG (CONSOLE_LOG_ID, ENTITY_NAME, ENTITY_ID, USER_ID, OP_TYPE, OP_TIME, NOTES, TABLE_NAME)
values (3187, '商品表', 2443, 1, '上下架操作', to_timestamp('26-06-2013 17:58:23.696000', 'dd-mm-yyyy hh24:mi:ss.ff'), null, 'EB_ITEM');
insert into EB_CONSOLE_LOG (CONSOLE_LOG_ID, ENTITY_NAME, ENTITY_ID, USER_ID, OP_TYPE, OP_TIME, NOTES, TABLE_NAME)
values (3188, '商品表', 2443, 1, '上下架操作', to_timestamp('26-06-2013 17:58:30.278000', 'dd-mm-yyyy hh24:mi:ss.ff'), null, 'EB_ITEM');
insert into EB_CONSOLE_LOG (CONSOLE_LOG_ID, ENTITY_NAME, ENTITY_ID, USER_ID, OP_TYPE, OP_TIME, NOTES, TABLE_NAME)
values (3189, '商品表', 2442, 1, '上下架操作', to_timestamp('26-06-2013 17:58:33.232000', 'dd-mm-yyyy hh24:mi:ss.ff'), null, 'EB_ITEM');
insert into EB_CONSOLE_LOG (CONSOLE_LOG_ID, ENTITY_NAME, ENTITY_ID, USER_ID, OP_TYPE, OP_TIME, NOTES, TABLE_NAME)
values (3190, '商品表', 2441, 1, '上下架操作', to_timestamp('26-06-2013 17:58:52.022000', 'dd-mm-yyyy hh24:mi:ss.ff'), null, 'EB_ITEM');
commit;
prompt 175 records loaded
prompt Loading EB_CONSTR...
insert into EB_CONSTR (CONSTR_ID, OFFER_GROUP_ID, CONSTR_NAME)
values (3018, 3002, '神州行');
insert into EB_CONSTR (CONSTR_ID, OFFER_GROUP_ID, CONSTR_NAME)
values (3019, 3002, '全球通');
insert into EB_CONSTR (CONSTR_ID, OFFER_GROUP_ID, CONSTR_NAME)
values (3020, 3002, '动感地带');
insert into EB_CONSTR (CONSTR_ID, OFFER_GROUP_ID, CONSTR_NAME)
values (3021, 3004, '全球通');
insert into EB_CONSTR (CONSTR_ID, OFFER_GROUP_ID, CONSTR_NAME)
values (3022, 3004, '动感地带');
insert into EB_CONSTR (CONSTR_ID, OFFER_GROUP_ID, CONSTR_NAME)
values (3009, 2280, '神州行');
insert into EB_CONSTR (CONSTR_ID, OFFER_GROUP_ID, CONSTR_NAME)
values (3010, 2280, '全球通');
insert into EB_CONSTR (CONSTR_ID, OFFER_GROUP_ID, CONSTR_NAME)
values (3011, 2280, '动感地带');
insert into EB_CONSTR (CONSTR_ID, OFFER_GROUP_ID, CONSTR_NAME)
values (3015, 3001, '神州行');
insert into EB_CONSTR (CONSTR_ID, OFFER_GROUP_ID, CONSTR_NAME)
values (3016, 3001, '全球通');
insert into EB_CONSTR (CONSTR_ID, OFFER_GROUP_ID, CONSTR_NAME)
values (3017, 3001, '动感地带');
insert into EB_CONSTR (CONSTR_ID, OFFER_GROUP_ID, CONSTR_NAME)
values (2460, 2100, '神州行');
insert into EB_CONSTR (CONSTR_ID, OFFER_GROUP_ID, CONSTR_NAME)
values (2461, 2100, '全球通');
insert into EB_CONSTR (CONSTR_ID, OFFER_GROUP_ID, CONSTR_NAME)
values (2462, 2100, '动感地带');
insert into EB_CONSTR (CONSTR_ID, OFFER_GROUP_ID, CONSTR_NAME)
values (2523, 2260, '神州行');
insert into EB_CONSTR (CONSTR_ID, OFFER_GROUP_ID, CONSTR_NAME)
values (2524, 2260, '全球通');
insert into EB_CONSTR (CONSTR_ID, OFFER_GROUP_ID, CONSTR_NAME)
values (2525, 2260, '动感地带');
insert into EB_CONSTR (CONSTR_ID, OFFER_GROUP_ID, CONSTR_NAME)
values (2440, 2140, '神州行');
insert into EB_CONSTR (CONSTR_ID, OFFER_GROUP_ID, CONSTR_NAME)
values (2441, 2140, '全球通');
insert into EB_CONSTR (CONSTR_ID, OFFER_GROUP_ID, CONSTR_NAME)
values (2442, 2140, '动感地带');
insert into EB_CONSTR (CONSTR_ID, OFFER_GROUP_ID, CONSTR_NAME)
values (2418, 2180, '神州行');
insert into EB_CONSTR (CONSTR_ID, OFFER_GROUP_ID, CONSTR_NAME)
values (2419, 2180, '全球通');
insert into EB_CONSTR (CONSTR_ID, OFFER_GROUP_ID, CONSTR_NAME)
values (2420, 2180, '动感地带');
insert into EB_CONSTR (CONSTR_ID, OFFER_GROUP_ID, CONSTR_NAME)
values (2421, 2160, '神州行');
insert into EB_CONSTR (CONSTR_ID, OFFER_GROUP_ID, CONSTR_NAME)
values (2422, 2160, '全球通');
insert into EB_CONSTR (CONSTR_ID, OFFER_GROUP_ID, CONSTR_NAME)
values (2423, 2160, '动感地带');
insert into EB_CONSTR (CONSTR_ID, OFFER_GROUP_ID, CONSTR_NAME)
values (2600, 2120, '神州行');
insert into EB_CONSTR (CONSTR_ID, OFFER_GROUP_ID, CONSTR_NAME)
values (2601, 2120, '全球通');
insert into EB_CONSTR (CONSTR_ID, OFFER_GROUP_ID, CONSTR_NAME)
values (2602, 2120, '动感地带');
insert into EB_CONSTR (CONSTR_ID, OFFER_GROUP_ID, CONSTR_NAME)
values (2603, 2200, '神州行');
insert into EB_CONSTR (CONSTR_ID, OFFER_GROUP_ID, CONSTR_NAME)
values (2604, 2200, '全球通');
insert into EB_CONSTR (CONSTR_ID, OFFER_GROUP_ID, CONSTR_NAME)
values (2605, 2200, '动感地带');
insert into EB_CONSTR (CONSTR_ID, OFFER_GROUP_ID, CONSTR_NAME)
values (2606, 2201, '神州行');
insert into EB_CONSTR (CONSTR_ID, OFFER_GROUP_ID, CONSTR_NAME)
values (2607, 2201, '全球通');
insert into EB_CONSTR (CONSTR_ID, OFFER_GROUP_ID, CONSTR_NAME)
values (2608, 2201, '动感地带');
insert into EB_CONSTR (CONSTR_ID, OFFER_GROUP_ID, CONSTR_NAME)
values (2609, 2240, '神州行');
insert into EB_CONSTR (CONSTR_ID, OFFER_GROUP_ID, CONSTR_NAME)
values (2610, 2240, '全球通');
insert into EB_CONSTR (CONSTR_ID, OFFER_GROUP_ID, CONSTR_NAME)
values (2611, 2240, '动感地带');
insert into EB_CONSTR (CONSTR_ID, OFFER_GROUP_ID, CONSTR_NAME)
values (2612, 2220, '神州行');
insert into EB_CONSTR (CONSTR_ID, OFFER_GROUP_ID, CONSTR_NAME)
values (2613, 2220, '全球通');
insert into EB_CONSTR (CONSTR_ID, OFFER_GROUP_ID, CONSTR_NAME)
values (2614, 2220, '动感地带');
insert into EB_CONSTR (CONSTR_ID, OFFER_GROUP_ID, CONSTR_NAME)
values (2615, 2221, '神州行');
insert into EB_CONSTR (CONSTR_ID, OFFER_GROUP_ID, CONSTR_NAME)
values (2616, 2221, '全球通');
insert into EB_CONSTR (CONSTR_ID, OFFER_GROUP_ID, CONSTR_NAME)
values (2617, 2221, '动感地带');
commit;
prompt 44 records loaded
prompt Loading EB_CUSTOMER_SERVICES...
insert into EB_CUSTOMER_SERVICES (CS_ID, AREA_ID, REGION_ID, CS_CODE, CS_NAME, CS_ADDRESS)
values (1001, 10001, 1, '51017327', '中华中路', '贵阳市云岩区中华中路自办营业厅');
insert into EB_CUSTOMER_SERVICES (CS_ID, AREA_ID, REGION_ID, CS_CODE, CS_NAME, CS_ADDRESS)
values (1002, 10001, 1, '51000091', '枣山路', '贵阳市云岩区枣山路自办营业厅');
insert into EB_CUSTOMER_SERVICES (CS_ID, AREA_ID, REGION_ID, CS_CODE, CS_NAME, CS_ADDRESS)
values (1003, 10007, 1, '59000138', '瑞金路', '兴义市营销中心直管片区瑞金路自办厅');
commit;
prompt 3 records loaded
prompt Loading EB_DISTRI...
insert into EB_DISTRI (DISTRI_ID, USER_ID, DISTRI_NAME, FKA, LEGAL_REP, REG_CAP, CORP_TYPE, BIZ_SCOPE, LICENSE_NO, ESTABLISH_DATE, CONTACT, MOBILE, FIXED_PHONE, FAX, EMAIL, WEBSITE, ADDRESS, ZIP, BANK_NAME, BANK_NO, BANK_ACCOUNT, TAX_NO, DISTRI_AREA, NOT_DELIVERY, BRANCH_NUM, EMPLOYEE_NUM, CHARGE_STD, ATTACHMENT, IS_RECYCLED, IS_ACTIVE, FEATURED_SVR, CREATED_TIME)
values (2001, 4021, '中国邮政', null, null, null, 1, '中国邮政', null, null, '中国邮政', null, '024-12345678', null, null, null, '中国邮政', null, '中国邮政', '123456789012', '1234567890', null, '中国邮政', '中国邮政', 100, 100, '中国邮政', null, 0, 1, null, to_timestamp('26-11-2012 16:16:13.000000', 'dd-mm-yyyy hh24:mi:ss.ff'));
insert into EB_DISTRI (DISTRI_ID, USER_ID, DISTRI_NAME, FKA, LEGAL_REP, REG_CAP, CORP_TYPE, BIZ_SCOPE, LICENSE_NO, ESTABLISH_DATE, CONTACT, MOBILE, FIXED_PHONE, FAX, EMAIL, WEBSITE, ADDRESS, ZIP, BANK_NAME, BANK_NO, BANK_ACCOUNT, TAX_NO, DISTRI_AREA, NOT_DELIVERY, BRANCH_NUM, EMPLOYEE_NUM, CHARGE_STD, ATTACHMENT, IS_RECYCLED, IS_ACTIVE, FEATURED_SVR, CREATED_TIME)
values (2002, 4022, '宅急送', null, null, null, 1, '宅急送', null, null, '宅急送', null, '024111111111', null, null, null, '宅急送', null, '宅急送', '123456789123', '123456789', null, '宅急送', '宅急送', 11111, 11111, '宅急送', null, 0, 1, null, to_timestamp('26-11-2012 16:16:33.000000', 'dd-mm-yyyy hh24:mi:ss.ff'));
insert into EB_DISTRI (DISTRI_ID, USER_ID, DISTRI_NAME, FKA, LEGAL_REP, REG_CAP, CORP_TYPE, BIZ_SCOPE, LICENSE_NO, ESTABLISH_DATE, CONTACT, MOBILE, FIXED_PHONE, FAX, EMAIL, WEBSITE, ADDRESS, ZIP, BANK_NAME, BANK_NO, BANK_ACCOUNT, TAX_NO, DISTRI_AREA, NOT_DELIVERY, BRANCH_NUM, EMPLOYEE_NUM, CHARGE_STD, ATTACHMENT, IS_RECYCLED, IS_ACTIVE, FEATURED_SVR, CREATED_TIME)
values (2000, 4020, '顺丰速递', null, null, null, 1, '顺风速递', null, null, '顺风速递', null, '024-12345678', null, null, null, '顺风速递', null, '顺风速递', '123456789012', '1234567890', null, '顺风速递', '顺风速递', 100, 100, '顺风速递', null, 0, 1, null, to_timestamp('26-11-2012 16:06:09.000000', 'dd-mm-yyyy hh24:mi:ss.ff'));
commit;
prompt 3 records loaded
prompt Loading EB_FEATURE...
insert into EB_FEATURE (FEATURE_ID, CAT_ID, FEATURE_NAME, IS_SPEC, IS_SELECT, IS_SHOW, SELECT_VALUES, INPUT_TYPE, FEATURE_SORT)
values (3001, 3000, 'bbbb', 0, 0, 1, '1000,2000', 2, 1);
insert into EB_FEATURE (FEATURE_ID, CAT_ID, FEATURE_NAME, IS_SPEC, IS_SELECT, IS_SHOW, SELECT_VALUES, INPUT_TYPE, FEATURE_SORT)
values (3002, 3000, '11', 0, 0, 1, 'a,b,c,d', 3, 1);
insert into EB_FEATURE (FEATURE_ID, CAT_ID, FEATURE_NAME, IS_SPEC, IS_SELECT, IS_SHOW, SELECT_VALUES, INPUT_TYPE, FEATURE_SORT)
values (3003, 3000, '33', 0, 0, 1, null, 4, 1);
insert into EB_FEATURE (FEATURE_ID, CAT_ID, FEATURE_NAME, IS_SPEC, IS_SELECT, IS_SHOW, SELECT_VALUES, INPUT_TYPE, FEATURE_SORT)
values (3004, 3000, '22', 0, 1, 1, 'adsf,dgf', 1, 1);
insert into EB_FEATURE (FEATURE_ID, CAT_ID, FEATURE_NAME, IS_SPEC, IS_SELECT, IS_SHOW, SELECT_VALUES, INPUT_TYPE, FEATURE_SORT)
values (3020, 1, 'test123', 0, 1, 1, '11,22,33', 1, 1);
insert into EB_FEATURE (FEATURE_ID, CAT_ID, FEATURE_NAME, IS_SPEC, IS_SELECT, IS_SHOW, SELECT_VALUES, INPUT_TYPE, FEATURE_SORT)
values (3000, 3000, 'aaa', 1, 0, 1, '1,2,3,4', 2, 1);
insert into EB_FEATURE (FEATURE_ID, CAT_ID, FEATURE_NAME, IS_SPEC, IS_SELECT, IS_SHOW, SELECT_VALUES, INPUT_TYPE, FEATURE_SORT)
values (3007, 3000, 'asdfsadf', 1, 0, 1, '@!!@', 2, 1);
insert into EB_FEATURE (FEATURE_ID, CAT_ID, FEATURE_NAME, IS_SPEC, IS_SELECT, IS_SHOW, SELECT_VALUES, INPUT_TYPE, FEATURE_SORT)
values (3008, 3000, 'asdfasdfasdfasdf', 0, 0, 1, '!@!@!@', 3, 1);
insert into EB_FEATURE (FEATURE_ID, CAT_ID, FEATURE_NAME, IS_SPEC, IS_SELECT, IS_SHOW, SELECT_VALUES, INPUT_TYPE, FEATURE_SORT)
values (3009, 3000, 'faffas', 1, 0, 1, 'fasdfa@!#!', 2, 1);
insert into EB_FEATURE (FEATURE_ID, CAT_ID, FEATURE_NAME, IS_SPEC, IS_SELECT, IS_SHOW, SELECT_VALUES, INPUT_TYPE, FEATURE_SORT)
values (3010, 3000, 'asdffff', 0, 1, 1, '@!', 1, 1);
insert into EB_FEATURE (FEATURE_ID, CAT_ID, FEATURE_NAME, IS_SPEC, IS_SELECT, IS_SHOW, SELECT_VALUES, INPUT_TYPE, FEATURE_SORT)
values (2145, 1, '手机尺寸', 0, 1, 1, '151.1x80.5x9.4mm', 1, 1);
insert into EB_FEATURE (FEATURE_ID, CAT_ID, FEATURE_NAME, IS_SPEC, IS_SELECT, IS_SHOW, SELECT_VALUES, INPUT_TYPE, FEATURE_SORT)
values (2146, 1, '手机重量', 0, 1, 1, '180g ', 1, 1);
insert into EB_FEATURE (FEATURE_ID, CAT_ID, FEATURE_NAME, IS_SPEC, IS_SELECT, IS_SHOW, SELECT_VALUES, INPUT_TYPE, FEATURE_SORT)
values (2147, 1, '其他特性', 0, 0, 1, '大容量电池,NFC功能', 3, 1);
insert into EB_FEATURE (FEATURE_ID, CAT_ID, FEATURE_NAME, IS_SPEC, IS_SELECT, IS_SHOW, SELECT_VALUES, INPUT_TYPE, FEATURE_SORT)
values (2148, 1, '用户界面', 0, 1, 1, 'Touch Wiz 5.0', 1, 1);
insert into EB_FEATURE (FEATURE_ID, CAT_ID, FEATURE_NAME, IS_SPEC, IS_SELECT, IS_SHOW, SELECT_VALUES, INPUT_TYPE, FEATURE_SORT)
values (2149, 1, 'CPU频率', 0, 1, 1, '1638MHz ', 1, 1);
insert into EB_FEATURE (FEATURE_ID, CAT_ID, FEATURE_NAME, IS_SPEC, IS_SELECT, IS_SHOW, SELECT_VALUES, INPUT_TYPE, FEATURE_SORT)
values (2150, 1, 'SIM卡类型', 0, 1, 1, 'Micro SIM卡', 1, 1);
insert into EB_FEATURE (FEATURE_ID, CAT_ID, FEATURE_NAME, IS_SPEC, IS_SELECT, IS_SHOW, SELECT_VALUES, INPUT_TYPE, FEATURE_SORT)
values (2151, 1, '电池类型', 0, 1, 1, '可拆卸式电池', 1, 1);
insert into EB_FEATURE (FEATURE_ID, CAT_ID, FEATURE_NAME, IS_SPEC, IS_SELECT, IS_SHOW, SELECT_VALUES, INPUT_TYPE, FEATURE_SORT)
values (2152, 1, '输入法', 0, 0, 1, '中文输入法,英文输入法,第三方输入法', 3, 1);
insert into EB_FEATURE (FEATURE_ID, CAT_ID, FEATURE_NAME, IS_SPEC, IS_SELECT, IS_SHOW, SELECT_VALUES, INPUT_TYPE, FEATURE_SORT)
values (2153, 1, '输入方式', 0, 1, 1, '手写', 1, 1);
insert into EB_FEATURE (FEATURE_ID, CAT_ID, FEATURE_NAME, IS_SPEC, IS_SELECT, IS_SHOW, SELECT_VALUES, INPUT_TYPE, FEATURE_SORT)
values (2154, 1, '通话记录', 0, 1, 1, '已接+已拨+未接电话', 1, 1);
insert into EB_FEATURE (FEATURE_ID, CAT_ID, FEATURE_NAME, IS_SPEC, IS_SELECT, IS_SHOW, SELECT_VALUES, INPUT_TYPE, FEATURE_SORT)
values (2020, 1, '操作系统', 0, 1, 1, 'Windows8,Android2.3,Android4.0,Android4.1,Android2.3.5,Android,IOS,Windows Mobile,Symbian,其他', 1, 1);
insert into EB_FEATURE (FEATURE_ID, CAT_ID, FEATURE_NAME, IS_SPEC, IS_SELECT, IS_SHOW, SELECT_VALUES, INPUT_TYPE, FEATURE_SORT)
values (2160, 1, 'GPS导航', 0, 0, 1, '内置GPS,支持A-GPS', 3, 1);
insert into EB_FEATURE (FEATURE_ID, CAT_ID, FEATURE_NAME, IS_SPEC, IS_SELECT, IS_SHOW, SELECT_VALUES, INPUT_TYPE, FEATURE_SORT)
values (2161, 1, '感应器类型', 0, 0, 1, '重力感应器,加速传感器,光线传感器,距离传感器', 3, 1);
insert into EB_FEATURE (FEATURE_ID, CAT_ID, FEATURE_NAME, IS_SPEC, IS_SELECT, IS_SHOW, SELECT_VALUES, INPUT_TYPE, FEATURE_SORT)
values (2162, 1, '摄像头类型', 0, 1, 1, '双摄像头(前后)', 1, 1);
insert into EB_FEATURE (FEATURE_ID, CAT_ID, FEATURE_NAME, IS_SPEC, IS_SELECT, IS_SHOW, SELECT_VALUES, INPUT_TYPE, FEATURE_SORT)
values (2163, 1, '前置摄像头像素', 0, 1, 1, '190万像素', 1, 1);
insert into EB_FEATURE (FEATURE_ID, CAT_ID, FEATURE_NAME, IS_SPEC, IS_SELECT, IS_SHOW, SELECT_VALUES, INPUT_TYPE, FEATURE_SORT)
values (2164, 1, '后置摄像头像素', 0, 1, 1, '800万像素', 1, 1);
insert into EB_FEATURE (FEATURE_ID, CAT_ID, FEATURE_NAME, IS_SPEC, IS_SELECT, IS_SHOW, SELECT_VALUES, INPUT_TYPE, FEATURE_SORT)
values (2165, 1, '闪光灯', 0, 1, 1, 'LED补光灯', 1, 1);
insert into EB_FEATURE (FEATURE_ID, CAT_ID, FEATURE_NAME, IS_SPEC, IS_SELECT, IS_SHOW, SELECT_VALUES, INPUT_TYPE, FEATURE_SORT)
values (2166, 1, '自动对焦', 0, 1, 1, '支持', 1, 1);
insert into EB_FEATURE (FEATURE_ID, CAT_ID, FEATURE_NAME, IS_SPEC, IS_SELECT, IS_SHOW, SELECT_VALUES, INPUT_TYPE, FEATURE_SORT)
values (2167, 1, '通讯录', 0, 1, 1, '名片式存储', 1, 1);
insert into EB_FEATURE (FEATURE_ID, CAT_ID, FEATURE_NAME, IS_SPEC, IS_SELECT, IS_SHOW, SELECT_VALUES, INPUT_TYPE, FEATURE_SORT)
values (2168, 1, '地图软件', 0, 1, 1, '支持3D地图', 1, 1);
insert into EB_FEATURE (FEATURE_ID, CAT_ID, FEATURE_NAME, IS_SPEC, IS_SELECT, IS_SHOW, SELECT_VALUES, INPUT_TYPE, FEATURE_SORT)
values (2169, 1, '电子罗盘', 0, 1, 1, '支持数字罗盘', 1, 1);
insert into EB_FEATURE (FEATURE_ID, CAT_ID, FEATURE_NAME, IS_SPEC, IS_SELECT, IS_SHOW, SELECT_VALUES, INPUT_TYPE, FEATURE_SORT)
values (2170, 1, '摄像头', 0, 1, 1, '内置', 1, 1);
insert into EB_FEATURE (FEATURE_ID, CAT_ID, FEATURE_NAME, IS_SPEC, IS_SELECT, IS_SHOW, SELECT_VALUES, INPUT_TYPE, FEATURE_SORT)
values (2171, 1, '传感器类型', 0, 1, 1, 'CMOS', 1, 1);
insert into EB_FEATURE (FEATURE_ID, CAT_ID, FEATURE_NAME, IS_SPEC, IS_SELECT, IS_SHOW, SELECT_VALUES, INPUT_TYPE, FEATURE_SORT)
values (2172, 1, '图像尺寸', 0, 1, 1, '最大支持3264×2448像素照片拍摄', 1, 1);
insert into EB_FEATURE (FEATURE_ID, CAT_ID, FEATURE_NAME, IS_SPEC, IS_SELECT, IS_SHOW, SELECT_VALUES, INPUT_TYPE, FEATURE_SORT)
values (2173, 1, '视频拍摄', 0, 1, 1, '1080p视频录制(1920×1080,30帧/秒)', 1, 1);
insert into EB_FEATURE (FEATURE_ID, CAT_ID, FEATURE_NAME, IS_SPEC, IS_SELECT, IS_SHOW, SELECT_VALUES, INPUT_TYPE, FEATURE_SORT)
values (2174, 1, '视频播放', 0, 0, 1, '3GP,MP4,WMV,ASF,AVI,FLV,MKV,WebM', 3, 1);
insert into EB_FEATURE (FEATURE_ID, CAT_ID, FEATURE_NAME, IS_SPEC, IS_SELECT, IS_SHOW, SELECT_VALUES, INPUT_TYPE, FEATURE_SORT)
values (2175, 1, '音频播放', 0, 0, 1, 'MP3,OGG,WMA,AAC,ACC+,eAAC+,AMR(NB,WB),MIDI,WAV,AC-3,Flac', 3, 1);
insert into EB_FEATURE (FEATURE_ID, CAT_ID, FEATURE_NAME, IS_SPEC, IS_SELECT, IS_SHOW, SELECT_VALUES, INPUT_TYPE, FEATURE_SORT)
values (2176, 1, '图形格式', 0, 1, 1, '支持JPEG等格式', 1, 1);
insert into EB_FEATURE (FEATURE_ID, CAT_ID, FEATURE_NAME, IS_SPEC, IS_SELECT, IS_SHOW, SELECT_VALUES, INPUT_TYPE, FEATURE_SORT)
values (2177, 1, '收音机', 0, 1, 1, '支持RDS功能的FM收音机', 1, 1);
insert into EB_FEATURE (FEATURE_ID, CAT_ID, FEATURE_NAME, IS_SPEC, IS_SELECT, IS_SHOW, SELECT_VALUES, INPUT_TYPE, FEATURE_SORT)
values (2178, 1, '游戏', 0, 0, 1, '内置游戏,支持下载', 3, 1);
insert into EB_FEATURE (FEATURE_ID, CAT_ID, FEATURE_NAME, IS_SPEC, IS_SELECT, IS_SHOW, SELECT_VALUES, INPUT_TYPE, FEATURE_SORT)
values (2179, 1, '社交应用', 0, 0, 1, '内置QQ,MSN,人人网,开心网,新浪微博,QQ空间', 3, 1);
insert into EB_FEATURE (FEATURE_ID, CAT_ID, FEATURE_NAME, IS_SPEC, IS_SELECT, IS_SHOW, SELECT_VALUES, INPUT_TYPE, FEATURE_SORT)
values (2180, 1, '应用特点', 0, 0, 1, 'WikiAR,淘宝,腾讯新闻', 3, 1);
insert into EB_FEATURE (FEATURE_ID, CAT_ID, FEATURE_NAME, IS_SPEC, IS_SELECT, IS_SHOW, SELECT_VALUES, INPUT_TYPE, FEATURE_SORT)
values (2181, 1, '服务特色', 0, 0, 1, '社交圈,影视圈,悦读圈,音乐圈,S Pen程序,S Planner,S Memo ', 3, 1);
insert into EB_FEATURE (FEATURE_ID, CAT_ID, FEATURE_NAME, IS_SPEC, IS_SELECT, IS_SHOW, SELECT_VALUES, INPUT_TYPE, FEATURE_SORT)
values (2182, 1, '蓝牙传输', 0, 1, 1, '支持蓝牙4.0+EDR+A2DP ', 1, 1);
insert into EB_FEATURE (FEATURE_ID, CAT_ID, FEATURE_NAME, IS_SPEC, IS_SELECT, IS_SHOW, SELECT_VALUES, INPUT_TYPE, FEATURE_SORT)
values (2183, 1, 'WLAN功能', 0, 0, 1, 'WIFI,IEEE 802.11 a/n/b/g', 3, 1);
insert into EB_FEATURE (FEATURE_ID, CAT_ID, FEATURE_NAME, IS_SPEC, IS_SELECT, IS_SHOW, SELECT_VALUES, INPUT_TYPE, FEATURE_SORT)
values (2184, 1, '数据接口', 0, 0, 1, 'USB v2.0,支持USB OTG功能,TV-OUT ', 3, 1);
insert into EB_FEATURE (FEATURE_ID, CAT_ID, FEATURE_NAME, IS_SPEC, IS_SELECT, IS_SHOW, SELECT_VALUES, INPUT_TYPE, FEATURE_SORT)
values (2185, 1, '耳机插孔', 0, 1, 1, '3.5mm', 1, 1);
insert into EB_FEATURE (FEATURE_ID, CAT_ID, FEATURE_NAME, IS_SPEC, IS_SELECT, IS_SHOW, SELECT_VALUES, INPUT_TYPE, FEATURE_SORT)
values (2042, 1, 'CPU核心数', 0, 1, 1, '单核,双核,四核', 1, 1);
insert into EB_FEATURE (FEATURE_ID, CAT_ID, FEATURE_NAME, IS_SPEC, IS_SELECT, IS_SHOW, SELECT_VALUES, INPUT_TYPE, FEATURE_SORT)
values (2043, 1, '网络支持', 0, 0, 1, 'WCDMA,TD-HSDPA,GSM,TD-SCDMA,GPRS,EDGE', 3, 1);
insert into EB_FEATURE (FEATURE_ID, CAT_ID, FEATURE_NAME, IS_SPEC, IS_SELECT, IS_SHOW, SELECT_VALUES, INPUT_TYPE, FEATURE_SORT)
values (2044, 1, '机身内存ROM', 0, 1, 1, '32GB,8GB,53.9MB,512MB,1GB,1.5GB,2GB,2.5GB,3GB,4GB,16G', 1, 1);
insert into EB_FEATURE (FEATURE_ID, CAT_ID, FEATURE_NAME, IS_SPEC, IS_SELECT, IS_SHOW, SELECT_VALUES, INPUT_TYPE, FEATURE_SORT)
values (2045, 1, '运行内存RAM', 0, 1, 1, '768MB,2471KB,256MB,512MB,1GB,1.5GB,2GB,2.5GB,3GB,4GB', 1, 1);
insert into EB_FEATURE (FEATURE_ID, CAT_ID, FEATURE_NAME, IS_SPEC, IS_SELECT, IS_SHOW, SELECT_VALUES, INPUT_TYPE, FEATURE_SORT)
values (2060, 1, '存储扩展', 0, 1, 1, '可支持32GB以上,无,最高可支持64GB mircoSD,最大支持32GB MicroSD扩展卡,支持,最大支持16GB MicroSD扩展卡', 1, 1);
insert into EB_FEATURE (FEATURE_ID, CAT_ID, FEATURE_NAME, IS_SPEC, IS_SELECT, IS_SHOW, SELECT_VALUES, INPUT_TYPE, FEATURE_SORT)
values (2061, 1, '屏幕尺寸', 0, 1, 1, '4.65英寸,5英寸,5.5英寸,4.8英寸,4.5英寸,4.3英寸,4.0英寸,3.7英寸,3.75英寸,3.5英寸,3.14英寸,2.8英寸,2.4英寸,2.2英寸,1.8英寸', 1, 3);
insert into EB_FEATURE (FEATURE_ID, CAT_ID, FEATURE_NAME, IS_SPEC, IS_SELECT, IS_SHOW, SELECT_VALUES, INPUT_TYPE, FEATURE_SORT)
values (2062, 1, '网络频率', 0, 0, 1, 'TD-HSPA 1880-1920,TD-HSPA 2010-2025,WCDMA,GPRS 900/1800/1900,TD-HSDPA 1880/2010,EDGE 850/900/1900,GSM 850/900/1900,TD-SCDMA1900/2100,TDSCDMA 1900/2000MHz,HSDPA 1900/2000MHz,HSUPA 1900/2000MHz,2G 900/1800/1900MHz,WCDMA (900/2100MHz) ,EDGE900/1800/1900MHz,TD 1880/2010,2100MHz,GSM 900/1800/1900,TD-SCDMA 2010-2025,GSM 900/1800,GSM900/1800MHZ,TD-SCDMA 1880-1920', 3, 1);
insert into EB_FEATURE (FEATURE_ID, CAT_ID, FEATURE_NAME, IS_SPEC, IS_SELECT, IS_SHOW, SELECT_VALUES, INPUT_TYPE, FEATURE_SORT)
values (2080, 1, '主屏分辨率', 0, 1, 1, '720×1200,940x540像素,480×854像素,1280×720像素,960×540像素,480×800像素,176×220像素,128×160像素,240×320像素,320×480像素', 1, 2);
insert into EB_FEATURE (FEATURE_ID, CAT_ID, FEATURE_NAME, IS_SPEC, IS_SELECT, IS_SHOW, SELECT_VALUES, INPUT_TYPE, FEATURE_SORT)
values (2120, 1, '外观颜色', 1, 0, 1, '现有库存颜色请咨询在线客服', 2, 1);
insert into EB_FEATURE (FEATURE_ID, CAT_ID, FEATURE_NAME, IS_SPEC, IS_SELECT, IS_SHOW, SELECT_VALUES, INPUT_TYPE, FEATURE_SORT)
values (2142, 1, '主屏材质', 0, 1, 1, 'HD Super AMOLED ', 1, 1);
insert into EB_FEATURE (FEATURE_ID, CAT_ID, FEATURE_NAME, IS_SPEC, IS_SELECT, IS_SHOW, SELECT_VALUES, INPUT_TYPE, FEATURE_SORT)
values (2143, 1, '网络类型', 0, 1, 1, '单卡双模', 1, 1);
insert into EB_FEATURE (FEATURE_ID, CAT_ID, FEATURE_NAME, IS_SPEC, IS_SELECT, IS_SHOW, SELECT_VALUES, INPUT_TYPE, FEATURE_SORT)
values (2144, 1, '理论速率', 0, 0, 1, 'HSDPA：21Mbps,HSUPA：5.76Mbps ', 3, 1);
insert into EB_FEATURE (FEATURE_ID, CAT_ID, FEATURE_NAME, IS_SPEC, IS_SELECT, IS_SHOW, SELECT_VALUES, INPUT_TYPE, FEATURE_SORT)
values (2040, 1, '外观设计', 0, 1, 1, '直板,翻盖,滑盖,侧滑盖', 1, 1);
insert into EB_FEATURE (FEATURE_ID, CAT_ID, FEATURE_NAME, IS_SPEC, IS_SELECT, IS_SHOW, SELECT_VALUES, INPUT_TYPE, FEATURE_SORT)
values (2041, 1, '操作方式', 0, 1, 1, '标准键盘,触摸屏,全键盘', 1, 1);
insert into EB_FEATURE (FEATURE_ID, CAT_ID, FEATURE_NAME, IS_SPEC, IS_SELECT, IS_SHOW, SELECT_VALUES, INPUT_TYPE, FEATURE_SORT)
values (2063, 1, '屏幕色彩', 0, 1, 1, '1600万色,26万色,65536色', 1, 1);
insert into EB_FEATURE (FEATURE_ID, CAT_ID, FEATURE_NAME, IS_SPEC, IS_SELECT, IS_SHOW, SELECT_VALUES, INPUT_TYPE, FEATURE_SORT)
values (2081, 1, 'CPU型号', 0, 1, 1, '高通骁龙S4,双核Tiger ,MTK MT6517A,联发科 MT6589,联发科 MT6517,展讯SC8810T 1GHz,Exynos 4412,高通MSM7627T,88PM8607,MARVELL 920H,88CP920,Marvell920,PXA920,ST-Ericsson 9500,MSM 7627T', 1, 1);
insert into EB_FEATURE (FEATURE_ID, CAT_ID, FEATURE_NAME, IS_SPEC, IS_SELECT, IS_SHOW, SELECT_VALUES, INPUT_TYPE, FEATURE_SORT)
values (2100, 1, '电池容量', 0, 1, 1, '锂电池（1300mAh）,锂电池（1730mAh）,锂电池（1650mAh）,锂电池（1600mAh）,锂电池（1800mAh）,锂电池（2000mAh）,锂电池（1700mAh）,锂电池（1500mAh）,锂电池（2100mAh）,锂电池（3100mAh）,锂离子电池,锂电池（800mAh）,锂电池', 1, 1);
insert into EB_FEATURE (FEATURE_ID, CAT_ID, FEATURE_NAME, IS_SPEC, IS_SELECT, IS_SHOW, SELECT_VALUES, INPUT_TYPE, FEATURE_SORT)
values (2101, 1, '上市时间', 0, 1, 1, '2010年,2011年01月,2011年12月,2011年,2012年,2013年', 1, 1);
insert into EB_FEATURE (FEATURE_ID, CAT_ID, FEATURE_NAME, IS_SPEC, IS_SELECT, IS_SHOW, SELECT_VALUES, INPUT_TYPE, FEATURE_SORT)
values (2140, 1, '手机类型', 0, 0, 1, '无,3G手机,智能手机,商务手机,拍照手机,平板手机', 3, 1);
insert into EB_FEATURE (FEATURE_ID, CAT_ID, FEATURE_NAME, IS_SPEC, IS_SELECT, IS_SHOW, SELECT_VALUES, INPUT_TYPE, FEATURE_SORT)
values (2141, 1, '触摸屏', 0, 0, 1, '电容屏,多点触控 ', 3, 1);
commit;
prompt 67 records loaded
prompt Loading EB_GROUPON_SKU...
prompt Table is empty
prompt Loading EB_ITEM...
insert into EB_ITEM (ITEM_ID, ITEM_NAME, ITEM_NO, BRAND_ID, CAT_ID, TAG_IMG_ID, TAG_IMG, IS_NEW, IS_GOOD, IS_HOT, PROMOTION, AUDIT_STATUS, SHOW_STATUS, IMGS, KEYWORDS, PAGE_DESC, ITEM_RECYCLE, ON_SALE_TIME, CHECK_TIME, UPDATE_TIME, UPDATE_USER_ID, CREATE_TIME, CHECKER_USER_ID, FULL_PATH_DEPLOY, FULL_PATH_DEPLOY_OFFER, ORIGINAL_ITEM_ID, LAST_STATUS, MERCHANT_ID, ITEM_SORT, SALES, CREATE_USER_ID, SIM_LEVEL, GIFT_DESC, GIFT_IMG, GIFT_SHOW_TYPE, IMG_SIZE1)
values (2281, '联想 S899T', '10002222', -1, 1, null, 1, 1, 0, 0, '预存话费赠手机', 2, 2, '[{"filePath":"http://www.ln.10086.cn/service/phone/rsmanager/upload/ecps/resource/1351745717286121175773.jpg","fileRelativePath":"/upload/ecps/resource/1351745717286121175773.jpg","fileDesc":"","fileIndex":"0"},{"filePath":"http://www.ln.10086.cn/service/phone/rsmanager/upload/ecps/resource/1351745738882117259787.jpg","fileRelativePath":"/upload/ecps/resource/1351745738882117259787.jpg","fileDesc":"","fileIndex":"1"},{"filePath":"http://www.ln.10086.cn/service/phone/rsmanager/upload/ecps/resource/1351745748707103112910.jpg","fileRelativePath":"/upload/ecps/resource/1351745748707103112910.jpg","fileDesc":"","fileIndex":"2"}]', '联想S899T', null, 0, null, null, to_timestamp('18-03-2013 08:53:37.722000', 'dd-mm-yyyy hh24:mi:ss.ff'), 4000, to_timestamp('01-11-2012 12:57:42.655000', 'dd-mm-yyyy hh24:mi:ss.ff'), null, null, 'channel/SJTX/2281_ext6.html', null, 1, null, null, 27, 1, null, null, null, null, null);
insert into EB_ITEM (ITEM_ID, ITEM_NAME, ITEM_NO, BRAND_ID, CAT_ID, TAG_IMG_ID, TAG_IMG, IS_NEW, IS_GOOD, IS_HOT, PROMOTION, AUDIT_STATUS, SHOW_STATUS, IMGS, KEYWORDS, PAGE_DESC, ITEM_RECYCLE, ON_SALE_TIME, CHECK_TIME, UPDATE_TIME, UPDATE_USER_ID, CREATE_TIME, CHECKER_USER_ID, FULL_PATH_DEPLOY, FULL_PATH_DEPLOY_OFFER, ORIGINAL_ITEM_ID, LAST_STATUS, MERCHANT_ID, ITEM_SORT, SALES, CREATE_USER_ID, SIM_LEVEL, GIFT_DESC, GIFT_IMG, GIFT_SHOW_TYPE, IMG_SIZE1)
values (2300, '三星 S6358', '10002240', 1003, 1, null, 1, 1, 0, 0, '预存话费赠手机', 1, 2, '[{"filePath":"http://www.ln.10086.cn/service/phone/rsmanager/upload/ecps/resource/1351746523338127395894.jpg","fileRelativePath":"/upload/ecps/resource/1351746523338127395894.jpg","fileDesc":"","fileIndex":"0"},{"filePath":"http://www.ln.10086.cn/service/phone/rsmanager/upload/ecps/resource/1351746533412161315969.JPG","fileRelativePath":"/upload/ecps/resource/1351746533412161315969.JPG","fileDesc":"","fileIndex":"1"},{"filePath":"http://www.ln.10086.cn/service/phone/rsmanager/upload/ecps/resource/1351746542415150003037.jpg","fileRelativePath":"/upload/ecps/resource/1351746542415150003037.jpg","fileDesc":"","fileIndex":"2"},{"filePath":"http://www.ln.10086.cn/service/phone/rsmanager/upload/ecps/resource/1351746555759159325423.jpg","fileRelativePath":"/upload/ecps/resource/1351746555759159325423.jpg","fileDesc":"","fileIndex":"3"}]', '三星S6358', null, 0, null, null, to_timestamp('22-04-2013 16:04:47.646000', 'dd-mm-yyyy hh24:mi:ss.ff'), 1, to_timestamp('01-11-2012 13:14:32.908000', 'dd-mm-yyyy hh24:mi:ss.ff'), null, null, 'channel/SJTX/2300_ext6.html', null, 1, null, null, 24, 1, null, null, null, null, null);
insert into EB_ITEM (ITEM_ID, ITEM_NAME, ITEM_NO, BRAND_ID, CAT_ID, TAG_IMG_ID, TAG_IMG, IS_NEW, IS_GOOD, IS_HOT, PROMOTION, AUDIT_STATUS, SHOW_STATUS, IMGS, KEYWORDS, PAGE_DESC, ITEM_RECYCLE, ON_SALE_TIME, CHECK_TIME, UPDATE_TIME, UPDATE_USER_ID, CREATE_TIME, CHECKER_USER_ID, FULL_PATH_DEPLOY, FULL_PATH_DEPLOY_OFFER, ORIGINAL_ITEM_ID, LAST_STATUS, MERCHANT_ID, ITEM_SORT, SALES, CREATE_USER_ID, SIM_LEVEL, GIFT_DESC, GIFT_IMG, GIFT_SHOW_TYPE, IMG_SIZE1)
values (2385, '联想Lenovo A798T', '10002324', 1002, 1, null, 1, 1, 0, 0, '预存话费赠手机', 1, 1, '[{"filePath":"http://www.ln.10086.cn/service/phone/rsmanager/upload/ecps/resource/1365394191497109384708.jpg","fileRelativePath":"/upload/ecps/resource/1365394191497109384708.jpg","fileDesc":"","fileIndex":"0"},{"filePath":"http://www.ln.10086.cn/service/phone/rsmanager/upload/ecps/resource/1365394191676165274241.jpg","fileRelativePath":"/upload/ecps/resource/1365394191676165274241.jpg","fileDesc":"","fileIndex":"1"},{"filePath":"http://www.ln.10086.cn/service/phone/rsmanager/upload/ecps/resource/1365394195374140173490.jpg","fileRelativePath":"/upload/ecps/resource/1365394195374140173490.jpg","fileDesc":"","fileIndex":"2"}]', '联想 Lenovo A798T', null, 0, to_timestamp('08-04-2013 12:11:24.923000', 'dd-mm-yyyy hh24:mi:ss.ff'), null, to_timestamp('08-04-2013 12:11:03.887000', 'dd-mm-yyyy hh24:mi:ss.ff'), 1, to_timestamp('07-04-2013 15:45:48.654000', 'dd-mm-yyyy hh24:mi:ss.ff'), null, null, 'channel/SJTX/2385_ext6.html', null, 1, null, null, 0, 1, null, null, null, null, null);
insert into EB_ITEM (ITEM_ID, ITEM_NAME, ITEM_NO, BRAND_ID, CAT_ID, TAG_IMG_ID, TAG_IMG, IS_NEW, IS_GOOD, IS_HOT, PROMOTION, AUDIT_STATUS, SHOW_STATUS, IMGS, KEYWORDS, PAGE_DESC, ITEM_RECYCLE, ON_SALE_TIME, CHECK_TIME, UPDATE_TIME, UPDATE_USER_ID, CREATE_TIME, CHECKER_USER_ID, FULL_PATH_DEPLOY, FULL_PATH_DEPLOY_OFFER, ORIGINAL_ITEM_ID, LAST_STATUS, MERCHANT_ID, ITEM_SORT, SALES, CREATE_USER_ID, SIM_LEVEL, GIFT_DESC, GIFT_IMG, GIFT_SHOW_TYPE, IMG_SIZE1)
values (2421, 'Nokia 920T', '10002362', 1042, 1, null, 1, 0, 0, 0, '预存话费赠送手机', 1, 1, '[{"filePath":"http://www.ln.10086.cn/service/phone/rsmanager/upload/ecps/resource/1365327515892400077509081.jpg","fileRelativePath":"/upload/ecps/resource/1365327515892400077509081.jpg","fileDesc":"","fileIndex":"0"}]', '诺基亚Nokia920T', null, 0, to_timestamp('09-04-2013 13:06:56.990000', 'dd-mm-yyyy hh24:mi:ss.ff'), null, to_timestamp('09-04-2013 13:06:18.905000', 'dd-mm-yyyy hh24:mi:ss.ff'), 1, to_timestamp('07-04-2013 17:39:39.733000', 'dd-mm-yyyy hh24:mi:ss.ff'), null, null, 'channel/SJTX/2421_ext6.html', null, 1, null, null, 0, 4000, null, null, null, null, null);
insert into EB_ITEM (ITEM_ID, ITEM_NAME, ITEM_NO, BRAND_ID, CAT_ID, TAG_IMG_ID, TAG_IMG, IS_NEW, IS_GOOD, IS_HOT, PROMOTION, AUDIT_STATUS, SHOW_STATUS, IMGS, KEYWORDS, PAGE_DESC, ITEM_RECYCLE, ON_SALE_TIME, CHECK_TIME, UPDATE_TIME, UPDATE_USER_ID, CREATE_TIME, CHECKER_USER_ID, FULL_PATH_DEPLOY, FULL_PATH_DEPLOY_OFFER, ORIGINAL_ITEM_ID, LAST_STATUS, MERCHANT_ID, ITEM_SORT, SALES, CREATE_USER_ID, SIM_LEVEL, GIFT_DESC, GIFT_IMG, GIFT_SHOW_TYPE, IMG_SIZE1)
values (2440, '联想 A820T', '10002383', 1002, 1, null, 1, 1, 0, 0, '预存话费赠送手机', 1, 1, '[{"filePath":"http://www.ln.10086.cn/service/phone/rsmanager/upload/ecps/resource/1365390389049107411506.jpg","fileRelativePath":"/upload/ecps/resource/1365390389049107411506.jpg","fileDesc":"","fileIndex":"0"},{"filePath":"http://www.ln.10086.cn/service/phone/rsmanager/upload/ecps/resource/1365390396153160456084.jpg","fileRelativePath":"/upload/ecps/resource/1365390396153160456084.jpg","fileDesc":"","fileIndex":"1"},{"filePath":"http://www.ln.10086.cn/service/phone/rsmanager/upload/ecps/resource/1365390399858106379199.jpg","fileRelativePath":"/upload/ecps/resource/1365390399858106379199.jpg","fileDesc":"","fileIndex":"2"}]', '联想lenovo A820T', null, 0, to_timestamp('09-04-2013 10:46:17.767000', 'dd-mm-yyyy hh24:mi:ss.ff'), null, to_timestamp('08-04-2013 11:12:13.647000', 'dd-mm-yyyy hh24:mi:ss.ff'), 1, to_timestamp('07-04-2013 19:23:26.361000', 'dd-mm-yyyy hh24:mi:ss.ff'), null, null, 'channel/SJTX/2440_ext6.html', null, 1, null, null, 0, 1, null, null, null, null, null);
insert into EB_ITEM (ITEM_ID, ITEM_NAME, ITEM_NO, BRAND_ID, CAT_ID, TAG_IMG_ID, TAG_IMG, IS_NEW, IS_GOOD, IS_HOT, PROMOTION, AUDIT_STATUS, SHOW_STATUS, IMGS, KEYWORDS, PAGE_DESC, ITEM_RECYCLE, ON_SALE_TIME, CHECK_TIME, UPDATE_TIME, UPDATE_USER_ID, CREATE_TIME, CHECKER_USER_ID, FULL_PATH_DEPLOY, FULL_PATH_DEPLOY_OFFER, ORIGINAL_ITEM_ID, LAST_STATUS, MERCHANT_ID, ITEM_SORT, SALES, CREATE_USER_ID, SIM_LEVEL, GIFT_DESC, GIFT_IMG, GIFT_SHOW_TYPE, IMG_SIZE1)
values (2441, '中兴ZTE 930HD', '10002384', 1004, 1, null, 1, 1, 0, 0, null, 1, 0, '[{"filePath":"http://www.ln.10086.cn/service/phone/rsmanager/upload/ecps/resource/1365335315300161768581.jpg","fileRelativePath":"/upload/ecps/resource/1365335315300161768581.jpg","fileDesc":"","fileIndex":"0"}]', '中兴ZHONGXING 930HD', null, 0, to_timestamp('26-06-2013 17:58:51.992000', 'dd-mm-yyyy hh24:mi:ss.ff'), null, to_timestamp('07-04-2013 19:54:32.414000', 'dd-mm-yyyy hh24:mi:ss.ff'), 1, to_timestamp('07-04-2013 19:49:47.083000', 'dd-mm-yyyy hh24:mi:ss.ff'), null, null, 'channel/SJTX/2441_ext6.html', null, 1, null, null, 0, 1, null, null, null, null, null);
insert into EB_ITEM (ITEM_ID, ITEM_NAME, ITEM_NO, BRAND_ID, CAT_ID, TAG_IMG_ID, TAG_IMG, IS_NEW, IS_GOOD, IS_HOT, PROMOTION, AUDIT_STATUS, SHOW_STATUS, IMGS, KEYWORDS, PAGE_DESC, ITEM_RECYCLE, ON_SALE_TIME, CHECK_TIME, UPDATE_TIME, UPDATE_USER_ID, CREATE_TIME, CHECKER_USER_ID, FULL_PATH_DEPLOY, FULL_PATH_DEPLOY_OFFER, ORIGINAL_ITEM_ID, LAST_STATUS, MERCHANT_ID, ITEM_SORT, SALES, CREATE_USER_ID, SIM_LEVEL, GIFT_DESC, GIFT_IMG, GIFT_SHOW_TYPE, IMG_SIZE1)
values (2280, '金立 TD500', '10002221', 1009, 1, null, 1, 0, 0, 0, '预存话费赠手机', 1, 1, '[{"filePath":"http://www.ln.10086.cn/service/phone/rsmanager/upload/ecps/resource/1351744925613159185512.JPG","fileRelativePath":"/upload/ecps/resource/1351744925613159185512.JPG","fileDesc":"","fileIndex":"0"},{"filePath":"http://www.ln.10086.cn/service/phone/rsmanager/upload/ecps/resource/1351744932705196144399.JPG","fileRelativePath":"/upload/ecps/resource/1351744932705196144399.JPG","fileDesc":"","fileIndex":"1"},{"filePath":"http://www.ln.10086.cn/service/phone/rsmanager/upload/ecps/resource/1351744935589128467442.JPG","fileRelativePath":"/upload/ecps/resource/1351744935589128467442.JPG","fileDesc":"","fileIndex":"2"},{"filePath":"http://www.ln.10086.cn/service/phone/rsmanager/upload/ecps/resource/1351744942493166103378.JPG","fileRelativePath":"/upload/ecps/resource/1351744942493166103378.JPG","fileDesc":"","fileIndex":"3"},{"filePath":"http://www.ln.10086.cn/service/phone/rsmanager/upload/ecps/resource/1351744947848139269696.JPG","fileRelativePath":"/upload/ecps/resource/1351744947848139269696.JPG","fileDesc":"","fileIndex":"4"}]', '金立TD500', null, 0, to_timestamp('18-03-2013 18:25:23.168000', 'dd-mm-yyyy hh24:mi:ss.ff'), null, to_timestamp('18-03-2013 08:53:47.632000', 'dd-mm-yyyy hh24:mi:ss.ff'), 4000, to_timestamp('01-11-2012 12:47:54.287000', 'dd-mm-yyyy hh24:mi:ss.ff'), null, null, 'channel/SJTX/2280_ext6.html', null, 1, null, null, 1, 1, null, null, null, null, null);
insert into EB_ITEM (ITEM_ID, ITEM_NAME, ITEM_NO, BRAND_ID, CAT_ID, TAG_IMG_ID, TAG_IMG, IS_NEW, IS_GOOD, IS_HOT, PROMOTION, AUDIT_STATUS, SHOW_STATUS, IMGS, KEYWORDS, PAGE_DESC, ITEM_RECYCLE, ON_SALE_TIME, CHECK_TIME, UPDATE_TIME, UPDATE_USER_ID, CREATE_TIME, CHECKER_USER_ID, FULL_PATH_DEPLOY, FULL_PATH_DEPLOY_OFFER, ORIGINAL_ITEM_ID, LAST_STATUS, MERCHANT_ID, ITEM_SORT, SALES, CREATE_USER_ID, SIM_LEVEL, GIFT_DESC, GIFT_IMG, GIFT_SHOW_TYPE, IMG_SIZE1)
values (2443, '步步高vivo S7t', '10002401', 1041, 1, null, 1, 1, 0, 0, '预存话费赠送手机', 1, 0, '[{"filePath":"http://10.1.248.131:10044/rsmanager/upload/ecps/resource/1371102845431190145993.jpg","fileRelativePath":"/upload/ecps/resource/1371102845431190145993.jpg","fileDesc":"","fileIndex":"0"},{"filePath":"http://www.ln.10086.cn/service/phone/rsmanager/upload/ecps/resource/1365388816698129499729.JPG","fileRelativePath":"/upload/ecps/resource/1365388816698129499729.JPG","fileDesc":"","fileIndex":"1"},{"filePath":"http://www.ln.10086.cn/service/phone/rsmanager/upload/ecps/resource/1365388823893156760509.jpg","fileRelativePath":"/upload/ecps/resource/1365388823893156760509.jpg","fileDesc":"","fileIndex":"2"},{"filePath":"http://www.ln.10086.cn/service/phone/rsmanager/upload/ecps/resource/1365388825983154007688.jpg","fileRelativePath":"/upload/ecps/resource/1365388825983154007688.jpg","fileDesc":"","fileIndex":"3"}]', '步步高BUBUGAO S7t', null, 0, to_timestamp('26-06-2013 17:58:30.247000', 'dd-mm-yyyy hh24:mi:ss.ff'), null, to_timestamp('13-06-2013 13:54:38.365000', 'dd-mm-yyyy hh24:mi:ss.ff'), 1, to_timestamp('07-04-2013 20:47:21.949000', 'dd-mm-yyyy hh24:mi:ss.ff'), null, null, 'channel/SJTX/2443_ext6.html', null, 1, null, null, 0, 1, null, null, null, '{"phone":"0","offer":"0","groupon":"0"}', '/upload/ecps/resource/1371102874815103962362.jpg');
insert into EB_ITEM (ITEM_ID, ITEM_NAME, ITEM_NO, BRAND_ID, CAT_ID, TAG_IMG_ID, TAG_IMG, IS_NEW, IS_GOOD, IS_HOT, PROMOTION, AUDIT_STATUS, SHOW_STATUS, IMGS, KEYWORDS, PAGE_DESC, ITEM_RECYCLE, ON_SALE_TIME, CHECK_TIME, UPDATE_TIME, UPDATE_USER_ID, CREATE_TIME, CHECKER_USER_ID, FULL_PATH_DEPLOY, FULL_PATH_DEPLOY_OFFER, ORIGINAL_ITEM_ID, LAST_STATUS, MERCHANT_ID, ITEM_SORT, SALES, CREATE_USER_ID, SIM_LEVEL, GIFT_DESC, GIFT_IMG, GIFT_SHOW_TYPE, IMG_SIZE1)
values (2020, '三星 S5368', '10002020', 1003, 1, null, 1, 0, 0, 0, '预存话费赠手机', 0, 2, '[{"filePath":"http://www.ln.10086.cn/service/phone/rsmanager/upload/ecps/resource/1351742331775145428620.JPG","fileRelativePath":"/upload/ecps/resource/1351742331775145428620.JPG","fileDesc":"","fileIndex":"0"},{"filePath":"http://www.ln.10086.cn/service/phone/rsmanager/upload/ecps/resource/1351742345314193583539.JPG","fileRelativePath":"/upload/ecps/resource/1351742345314193583539.JPG","fileDesc":"","fileIndex":"1"},{"filePath":"http://www.ln.10086.cn/service/phone/rsmanager/upload/ecps/resource/1351742348397164178510.JPG","fileRelativePath":"/upload/ecps/resource/1351742348397164178510.JPG","fileDesc":"","fileIndex":"2"},{"filePath":"http://www.ln.10086.cn/service/phone/rsmanager/upload/ecps/resource/1351742352842186747770.JPG","fileRelativePath":"/upload/ecps/resource/1351742352842186747770.JPG","fileDesc":"","fileIndex":"3"}]', '三星S5368', null, 0, null, null, to_timestamp('18-03-2013 08:57:35.301000', 'dd-mm-yyyy hh24:mi:ss.ff'), 4000, to_timestamp('29-10-2012 11:18:47.309000', 'dd-mm-yyyy hh24:mi:ss.ff'), null, null, 'channel/SJTX/2020_ext6.html', null, 1, null, null, 37, 1, null, null, null, null, null);
insert into EB_ITEM (ITEM_ID, ITEM_NAME, ITEM_NO, BRAND_ID, CAT_ID, TAG_IMG_ID, TAG_IMG, IS_NEW, IS_GOOD, IS_HOT, PROMOTION, AUDIT_STATUS, SHOW_STATUS, IMGS, KEYWORDS, PAGE_DESC, ITEM_RECYCLE, ON_SALE_TIME, CHECK_TIME, UPDATE_TIME, UPDATE_USER_ID, CREATE_TIME, CHECKER_USER_ID, FULL_PATH_DEPLOY, FULL_PATH_DEPLOY_OFFER, ORIGINAL_ITEM_ID, LAST_STATUS, MERCHANT_ID, ITEM_SORT, SALES, CREATE_USER_ID, SIM_LEVEL, GIFT_DESC, GIFT_IMG, GIFT_SHOW_TYPE, IMG_SIZE1)
values (2040, '华为 T8830', '10002021', 1001, 1, null, 1, 0, 0, 0, '华为T8830存话费赠手机', 1, 2, '[{"filePath":"http://www.ln.10086.cn/service/phone/rsmanager/upload/ecps/resource/1351748284644159592531.jpg","fileRelativePath":"/upload/ecps/resource/1351748284644159592531.jpg","fileDesc":"","fileIndex":"0"},{"filePath":"http://www.ln.10086.cn/service/phone/rsmanager/upload/ecps/resource/1351748825281143880019.JPG","fileRelativePath":"/upload/ecps/resource/1351748825281143880019.JPG","fileDesc":"","fileIndex":"1"},{"filePath":"http://www.ln.10086.cn/service/phone/rsmanager/upload/ecps/resource/1351748827442117377404.JPG","fileRelativePath":"/upload/ecps/resource/1351748827442117377404.JPG","fileDesc":"","fileIndex":"2"},{"filePath":"http://www.ln.10086.cn/service/phone/rsmanager/upload/ecps/resource/1351748832017116632055.JPG","fileRelativePath":"/upload/ecps/resource/1351748832017116632055.JPG","fileDesc":"","fileIndex":"3"}]', '华为T8830', null, 0, to_timestamp('08-11-2012 10:23:55.222000', 'dd-mm-yyyy hh24:mi:ss.ff'), null, to_timestamp('01-11-2012 13:49:20.371000', 'dd-mm-yyyy hh24:mi:ss.ff'), 1, to_timestamp('29-10-2012 11:37:41.533000', 'dd-mm-yyyy hh24:mi:ss.ff'), null, null, 'channel/SJTX/2040_ext6.html', null, 1, null, null, 0, 1, null, null, null, null, null);
insert into EB_ITEM (ITEM_ID, ITEM_NAME, ITEM_NO, BRAND_ID, CAT_ID, TAG_IMG_ID, TAG_IMG, IS_NEW, IS_GOOD, IS_HOT, PROMOTION, AUDIT_STATUS, SHOW_STATUS, IMGS, KEYWORDS, PAGE_DESC, ITEM_RECYCLE, ON_SALE_TIME, CHECK_TIME, UPDATE_TIME, UPDATE_USER_ID, CREATE_TIME, CHECKER_USER_ID, FULL_PATH_DEPLOY, FULL_PATH_DEPLOY_OFFER, ORIGINAL_ITEM_ID, LAST_STATUS, MERCHANT_ID, ITEM_SORT, SALES, CREATE_USER_ID, SIM_LEVEL, GIFT_DESC, GIFT_IMG, GIFT_SHOW_TYPE, IMG_SIZE1)
values (2100, '三星 E1228', '10002080', 1003, 1, null, 1, 0, 0, 0, '三星E1228存话费赠手机', 1, 2, '[{"filePath":"http://www.ln.10086.cn/service/phone/rsmanager/upload/ecps/resource/1351654166915146532038.jpg","fileRelativePath":"/upload/ecps/resource/1351654166915146532038.jpg","fileDesc":"","fileIndex":"0"},{"filePath":"http://www.ln.10086.cn/service/phone/rsmanager/upload/ecps/resource/1351654171395191829139.JPG","fileRelativePath":"/upload/ecps/resource/1351654171395191829139.JPG","fileDesc":"","fileIndex":"1"},{"filePath":"http://www.ln.10086.cn/service/phone/rsmanager/upload/ecps/resource/1351654178040188689063.JPG","fileRelativePath":"/upload/ecps/resource/1351654178040188689063.JPG","fileDesc":"","fileIndex":"2"},{"filePath":"http://www.ln.10086.cn/service/phone/rsmanager/upload/ecps/resource/1351654184561192023293.JPG","fileRelativePath":"/upload/ecps/resource/1351654184561192023293.JPG","fileDesc":"","fileIndex":"3"},{"filePath":"http://www.ln.10086.cn/service/phone/rsmanager/upload/ecps/resource/1351654192156162547057.JPG","fileRelativePath":"/upload/ecps/resource/1351654192156162547057.JPG","fileDesc":"","fileIndex":"4"}]', '三星E1228存话费赠手机', null, 0, to_timestamp('21-11-2012 17:10:49.775000', 'dd-mm-yyyy hh24:mi:ss.ff'), null, to_timestamp('21-11-2012 17:10:12.133000', 'dd-mm-yyyy hh24:mi:ss.ff'), 1, to_timestamp('31-10-2012 11:38:51.427000', 'dd-mm-yyyy hh24:mi:ss.ff'), null, null, 'channel/SJTX/2100_ext6.html', null, 1, null, null, 0, 1, null, null, null, null, null);
insert into EB_ITEM (ITEM_ID, ITEM_NAME, ITEM_NO, BRAND_ID, CAT_ID, TAG_IMG_ID, TAG_IMG, IS_NEW, IS_GOOD, IS_HOT, PROMOTION, AUDIT_STATUS, SHOW_STATUS, IMGS, KEYWORDS, PAGE_DESC, ITEM_RECYCLE, ON_SALE_TIME, CHECK_TIME, UPDATE_TIME, UPDATE_USER_ID, CREATE_TIME, CHECKER_USER_ID, FULL_PATH_DEPLOY, FULL_PATH_DEPLOY_OFFER, ORIGINAL_ITEM_ID, LAST_STATUS, MERCHANT_ID, ITEM_SORT, SALES, CREATE_USER_ID, SIM_LEVEL, GIFT_DESC, GIFT_IMG, GIFT_SHOW_TYPE, IMG_SIZE1)
values (2141, '天语 T580', '10002102', 1005, 1, null, 1, 0, 0, 0, '预存话费赠手机', 1, 1, '[{"filePath":"http://www.ln.10086.cn/service/phone/rsmanager/upload/ecps/resource/1351663035667153347397.jpg","fileRelativePath":"/upload/ecps/resource/1351663035667153347397.jpg","fileDesc":"","fileIndex":"0"},{"filePath":"http://www.ln.10086.cn/service/phone/rsmanager/upload/ecps/resource/1351663048447180098913.jpg","fileRelativePath":"/upload/ecps/resource/1351663048447180098913.jpg","fileDesc":"","fileIndex":"1"}]', '天语T580', null, 0, to_timestamp('08-04-2013 13:14:55.216000', 'dd-mm-yyyy hh24:mi:ss.ff'), null, to_timestamp('18-03-2013 08:56:18.982000', 'dd-mm-yyyy hh24:mi:ss.ff'), 4000, to_timestamp('31-10-2012 13:58:31.118000', 'dd-mm-yyyy hh24:mi:ss.ff'), null, null, 'channel/SJTX/2141_ext6.html', null, 1, null, null, 18, 1, null, null, null, null, null);
insert into EB_ITEM (ITEM_ID, ITEM_NAME, ITEM_NO, BRAND_ID, CAT_ID, TAG_IMG_ID, TAG_IMG, IS_NEW, IS_GOOD, IS_HOT, PROMOTION, AUDIT_STATUS, SHOW_STATUS, IMGS, KEYWORDS, PAGE_DESC, ITEM_RECYCLE, ON_SALE_TIME, CHECK_TIME, UPDATE_TIME, UPDATE_USER_ID, CREATE_TIME, CHECKER_USER_ID, FULL_PATH_DEPLOY, FULL_PATH_DEPLOY_OFFER, ORIGINAL_ITEM_ID, LAST_STATUS, MERCHANT_ID, ITEM_SORT, SALES, CREATE_USER_ID, SIM_LEVEL, GIFT_DESC, GIFT_IMG, GIFT_SHOW_TYPE, IMG_SIZE1)
values (2160, '中兴 U880S', '10002120', 1004, 1, null, 1, 0, 0, 0, '预存话费赠手机', 1, 1, '[{"filePath":"http://www.ln.10086.cn/service/phone/rsmanager/upload/ecps/resource/1351664009530123201502.JPG","fileRelativePath":"/upload/ecps/resource/1351664009530123201502.JPG","fileDesc":"","fileIndex":"0"},{"filePath":"http://www.ln.10086.cn/service/phone/rsmanager/upload/ecps/resource/1351664014382196497287.JPG","fileRelativePath":"/upload/ecps/resource/1351664014382196497287.JPG","fileDesc":"","fileIndex":"1"},{"filePath":"http://www.ln.10086.cn/service/phone/rsmanager/upload/ecps/resource/1351664019943190549609.JPG","fileRelativePath":"/upload/ecps/resource/1351664019943190549609.JPG","fileDesc":"","fileIndex":"2"},{"filePath":"http://www.ln.10086.cn/service/phone/rsmanager/upload/ecps/resource/1351664025116185453975.JPG","fileRelativePath":"/upload/ecps/resource/1351664025116185453975.JPG","fileDesc":"","fileIndex":"3"}]', '中兴U880S', null, 0, to_timestamp('18-03-2013 18:25:50.416000', 'dd-mm-yyyy hh24:mi:ss.ff'), null, to_timestamp('18-03-2013 08:55:20.811000', 'dd-mm-yyyy hh24:mi:ss.ff'), 4000, to_timestamp('31-10-2012 14:31:08.934000', 'dd-mm-yyyy hh24:mi:ss.ff'), null, null, 'channel/SJTX/2160_ext6.html', null, 1, null, null, 38, 1, null, null, null, null, null);
insert into EB_ITEM (ITEM_ID, ITEM_NAME, ITEM_NO, BRAND_ID, CAT_ID, TAG_IMG_ID, TAG_IMG, IS_NEW, IS_GOOD, IS_HOT, PROMOTION, AUDIT_STATUS, SHOW_STATUS, IMGS, KEYWORDS, PAGE_DESC, ITEM_RECYCLE, ON_SALE_TIME, CHECK_TIME, UPDATE_TIME, UPDATE_USER_ID, CREATE_TIME, CHECKER_USER_ID, FULL_PATH_DEPLOY, FULL_PATH_DEPLOY_OFFER, ORIGINAL_ITEM_ID, LAST_STATUS, MERCHANT_ID, ITEM_SORT, SALES, CREATE_USER_ID, SIM_LEVEL, GIFT_DESC, GIFT_IMG, GIFT_SHOW_TYPE, IMG_SIZE1)
values (2161, '天迈 D08', '10002121', 1006, 1, null, 1, 0, 0, 0, '天迈D08存话费赠手机', 1, 2, '[{"filePath":"http://www.ln.10086.cn/service/phone/rsmanager/upload/ecps/resource/1351665888551130252274.jpg","fileRelativePath":"/upload/ecps/resource/1351665888551130252274.jpg","fileDesc":"","fileIndex":"0"},{"filePath":"http://www.ln.10086.cn/service/phone/rsmanager/upload/ecps/resource/1351665901773139408160.jpg","fileRelativePath":"/upload/ecps/resource/1351665901773139408160.jpg","fileDesc":"","fileIndex":"1"},{"filePath":"http://www.ln.10086.cn/service/phone/rsmanager/upload/ecps/resource/1351665909974151505756.jpg","fileRelativePath":"/upload/ecps/resource/1351665909974151505756.jpg","fileDesc":"","fileIndex":"2"}]', '天迈D08', null, 0, to_timestamp('19-11-2012 23:35:08.797000', 'dd-mm-yyyy hh24:mi:ss.ff'), null, to_timestamp('31-10-2012 15:05:31.432000', 'dd-mm-yyyy hh24:mi:ss.ff'), 1, to_timestamp('31-10-2012 14:46:35.790000', 'dd-mm-yyyy hh24:mi:ss.ff'), null, null, 'channel/SJTX/2161_ext6.html', null, 1, null, null, 0, 1, null, null, null, null, null);
insert into EB_ITEM (ITEM_ID, ITEM_NAME, ITEM_NO, BRAND_ID, CAT_ID, TAG_IMG_ID, TAG_IMG, IS_NEW, IS_GOOD, IS_HOT, PROMOTION, AUDIT_STATUS, SHOW_STATUS, IMGS, KEYWORDS, PAGE_DESC, ITEM_RECYCLE, ON_SALE_TIME, CHECK_TIME, UPDATE_TIME, UPDATE_USER_ID, CREATE_TIME, CHECKER_USER_ID, FULL_PATH_DEPLOY, FULL_PATH_DEPLOY_OFFER, ORIGINAL_ITEM_ID, LAST_STATUS, MERCHANT_ID, ITEM_SORT, SALES, CREATE_USER_ID, SIM_LEVEL, GIFT_DESC, GIFT_IMG, GIFT_SHOW_TYPE, IMG_SIZE1)
values (2220, '海信 TG88', '10002180', 1008, 1, null, 1, 0, 0, 0, '预存话费赠手机', 0, 2, '[{"filePath":"http://www.ln.10086.cn/service/phone/rsmanager/upload/ecps/resource/1351673883415165365074.JPG","fileRelativePath":"/upload/ecps/resource/1351673883415165365074.JPG","fileDesc":"","fileIndex":"0"}]', '海信TG88', null, 0, null, null, to_timestamp('18-04-2013 16:38:33.039000', 'dd-mm-yyyy hh24:mi:ss.ff'), 4040, to_timestamp('31-10-2012 16:58:23.701000', 'dd-mm-yyyy hh24:mi:ss.ff'), null, null, 'channel/SJTX/2220_ext6.html', null, 1, null, null, 0, 1, null, null, null, null, null);
insert into EB_ITEM (ITEM_ID, ITEM_NAME, ITEM_NO, BRAND_ID, CAT_ID, TAG_IMG_ID, TAG_IMG, IS_NEW, IS_GOOD, IS_HOT, PROMOTION, AUDIT_STATUS, SHOW_STATUS, IMGS, KEYWORDS, PAGE_DESC, ITEM_RECYCLE, ON_SALE_TIME, CHECK_TIME, UPDATE_TIME, UPDATE_USER_ID, CREATE_TIME, CHECKER_USER_ID, FULL_PATH_DEPLOY, FULL_PATH_DEPLOY_OFFER, ORIGINAL_ITEM_ID, LAST_STATUS, MERCHANT_ID, ITEM_SORT, SALES, CREATE_USER_ID, SIM_LEVEL, GIFT_DESC, GIFT_IMG, GIFT_SHOW_TYPE, IMG_SIZE1)
values (2221, '华为 T8828', '10002181', 1001, 1, null, 1, 1, 0, 0, '预存话费赠手机', 1, 1, '[{"filePath":"http://www.ln.10086.cn/service/phone/rsmanager/upload/ecps/resource/1351674793958172403856.jpg","fileRelativePath":"/upload/ecps/resource/1351674793958172403856.jpg","fileDesc":"","fileIndex":"0"},{"filePath":"http://www.ln.10086.cn/service/phone/rsmanager/upload/ecps/resource/1351674812556137625260.jpg","fileRelativePath":"/upload/ecps/resource/1351674812556137625260.jpg","fileDesc":"","fileIndex":"1"},{"filePath":"http://www.ln.10086.cn/service/phone/rsmanager/upload/ecps/resource/1351674819930130885729.jpg","fileRelativePath":"/upload/ecps/resource/1351674819930130885729.jpg","fileDesc":"","fileIndex":"2"},{"filePath":"http://www.ln.10086.cn/service/phone/rsmanager/upload/ecps/resource/1351674823571106805391.jpg","fileRelativePath":"/upload/ecps/resource/1351674823571106805391.jpg","fileDesc":"","fileIndex":"3"}]', '华为T8828', null, 0, to_timestamp('18-03-2013 18:25:39.382000', 'dd-mm-yyyy hh24:mi:ss.ff'), null, to_timestamp('18-03-2013 08:54:27.423000', 'dd-mm-yyyy hh24:mi:ss.ff'), 4000, to_timestamp('31-10-2012 17:14:11.440000', 'dd-mm-yyyy hh24:mi:ss.ff'), null, null, 'channel/SJTX/2221_ext6.html', null, 1, null, null, 1, 1, null, null, null, null, null);
insert into EB_ITEM (ITEM_ID, ITEM_NAME, ITEM_NO, BRAND_ID, CAT_ID, TAG_IMG_ID, TAG_IMG, IS_NEW, IS_GOOD, IS_HOT, PROMOTION, AUDIT_STATUS, SHOW_STATUS, IMGS, KEYWORDS, PAGE_DESC, ITEM_RECYCLE, ON_SALE_TIME, CHECK_TIME, UPDATE_TIME, UPDATE_USER_ID, CREATE_TIME, CHECKER_USER_ID, FULL_PATH_DEPLOY, FULL_PATH_DEPLOY_OFFER, ORIGINAL_ITEM_ID, LAST_STATUS, MERCHANT_ID, ITEM_SORT, SALES, CREATE_USER_ID, SIM_LEVEL, GIFT_DESC, GIFT_IMG, GIFT_SHOW_TYPE, IMG_SIZE1)
values (2400, '三星 I9308', '10002340', 1003, 1, null, 1, 0, 0, 0, '预存话费赠送手机', 1, 1, '[{"filePath":"http://www.ln.10086.cn/service/phone/rsmanager/upload/ecps/resource/1365492040365400000286429.jpg","fileRelativePath":"/upload/ecps/resource/1365492040365400000286429.jpg","fileDesc":"","fileIndex":"0"},{"filePath":"http://www.ln.10086.cn/service/phone/rsmanager/upload/ecps/resource/1365492046176400043636787.jpg","fileRelativePath":"/upload/ecps/resource/1365492046176400043636787.jpg","fileDesc":"","fileIndex":"1"},{"filePath":"http://www.ln.10086.cn/service/phone/rsmanager/upload/ecps/resource/1365492051028400035412666.jpg","fileRelativePath":"/upload/ecps/resource/1365492051028400035412666.jpg","fileDesc":"","fileIndex":"2"},{"filePath":"http://www.ln.10086.cn/service/phone/rsmanager/upload/ecps/resource/1365492060465400064871760.jpg","fileRelativePath":"/upload/ecps/resource/1365492060465400064871760.jpg","fileDesc":"","fileIndex":"3"}]', null, null, 0, to_timestamp('10-04-2013 19:15:19.905000', 'dd-mm-yyyy hh24:mi:ss.ff'), null, to_timestamp('10-04-2013 19:11:43.781000', 'dd-mm-yyyy hh24:mi:ss.ff'), 4000, to_timestamp('07-04-2013 16:13:53.966000', 'dd-mm-yyyy hh24:mi:ss.ff'), null, null, 'channel/SJTX/2400_ext6.html', null, 1, null, null, 2, 4000, null, null, null, null, null);
insert into EB_ITEM (ITEM_ID, ITEM_NAME, ITEM_NO, BRAND_ID, CAT_ID, TAG_IMG_ID, TAG_IMG, IS_NEW, IS_GOOD, IS_HOT, PROMOTION, AUDIT_STATUS, SHOW_STATUS, IMGS, KEYWORDS, PAGE_DESC, ITEM_RECYCLE, ON_SALE_TIME, CHECK_TIME, UPDATE_TIME, UPDATE_USER_ID, CREATE_TIME, CHECKER_USER_ID, FULL_PATH_DEPLOY, FULL_PATH_DEPLOY_OFFER, ORIGINAL_ITEM_ID, LAST_STATUS, MERCHANT_ID, ITEM_SORT, SALES, CREATE_USER_ID, SIM_LEVEL, GIFT_DESC, GIFT_IMG, GIFT_SHOW_TYPE, IMG_SIZE1)
values (2382, '天语 T6', '10002321', 1005, 1, null, 1, 1, 0, 0, '预存话费赠手机', 1, 1, '[{"filePath":"http://www.ln.10086.cn/service/phone/rsmanager/upload/ecps/resource/1365392293114193134147.jpg","fileRelativePath":"/upload/ecps/resource/1365392293114193134147.jpg","fileDesc":"","fileIndex":"0"},{"filePath":"http://www.ln.10086.cn/service/phone/rsmanager/upload/ecps/resource/1365392293242107777989.jpg","fileRelativePath":"/upload/ecps/resource/1365392293242107777989.jpg","fileDesc":"","fileIndex":"1"},{"filePath":"http://www.ln.10086.cn/service/phone/rsmanager/upload/ecps/resource/1365392299709182474031.jpg","fileRelativePath":"/upload/ecps/resource/1365392299709182474031.jpg","fileDesc":"","fileIndex":"2"},{"filePath":"http://www.ln.10086.cn/service/phone/rsmanager/upload/ecps/resource/1365392306558175984219.jpg","fileRelativePath":"/upload/ecps/resource/1365392306558175984219.jpg","fileDesc":"","fileIndex":"3"}]', '天语 T6', null, 0, to_timestamp('10-04-2013 09:22:09.321000', 'dd-mm-yyyy hh24:mi:ss.ff'), null, to_timestamp('10-04-2013 09:13:16.983000', 'dd-mm-yyyy hh24:mi:ss.ff'), 1, to_timestamp('07-04-2013 15:30:27.549000', 'dd-mm-yyyy hh24:mi:ss.ff'), null, null, 'channel/SJTX/2382_ext6.html', null, 1, null, null, 21, 1, null, null, null, null, null);
insert into EB_ITEM (ITEM_ID, ITEM_NAME, ITEM_NO, BRAND_ID, CAT_ID, TAG_IMG_ID, TAG_IMG, IS_NEW, IS_GOOD, IS_HOT, PROMOTION, AUDIT_STATUS, SHOW_STATUS, IMGS, KEYWORDS, PAGE_DESC, ITEM_RECYCLE, ON_SALE_TIME, CHECK_TIME, UPDATE_TIME, UPDATE_USER_ID, CREATE_TIME, CHECKER_USER_ID, FULL_PATH_DEPLOY, FULL_PATH_DEPLOY_OFFER, ORIGINAL_ITEM_ID, LAST_STATUS, MERCHANT_ID, ITEM_SORT, SALES, CREATE_USER_ID, SIM_LEVEL, GIFT_DESC, GIFT_IMG, GIFT_SHOW_TYPE, IMG_SIZE1)
values (2383, '三星 I8268', '10002322', 1003, 1, null, 1, 1, 0, 0, '预存话费赠送手机', 1, 1, '[{"filePath":"http://www.ln.10086.cn/service/phone/rsmanager/upload/ecps/resource/1365399628577400089981046.jpg","fileRelativePath":"/upload/ecps/resource/1365399628577400089981046.jpg","fileDesc":"","fileIndex":"0"},{"filePath":"http://www.ln.10086.cn/service/phone/rsmanager/upload/ecps/resource/1365399716420400003564528.jpg","fileRelativePath":"/upload/ecps/resource/1365399716420400003564528.jpg","fileDesc":"","fileIndex":"1"},{"filePath":"http://www.ln.10086.cn/service/phone/rsmanager/upload/ecps/resource/1365399847841400041342762.jpg","fileRelativePath":"/upload/ecps/resource/1365399847841400041342762.jpg","fileDesc":"","fileIndex":"2"},{"filePath":"http://www.ln.10086.cn/service/phone/rsmanager/upload/ecps/resource/1365399877568400063762351.jpg","fileRelativePath":"/upload/ecps/resource/1365399877568400063762351.jpg","fileDesc":"","fileIndex":"3"}]', '三星Samsung I8268', null, 0, to_timestamp('10-04-2013 09:23:34.895000', 'dd-mm-yyyy hh24:mi:ss.ff'), null, to_timestamp('09-04-2013 11:13:28.992000', 'dd-mm-yyyy hh24:mi:ss.ff'), 1, to_timestamp('07-04-2013 15:35:46.147000', 'dd-mm-yyyy hh24:mi:ss.ff'), null, null, 'channel/SJTX/2383_ext6.html', null, 1, null, null, 0, 1, null, null, null, null, null);
insert into EB_ITEM (ITEM_ID, ITEM_NAME, ITEM_NO, BRAND_ID, CAT_ID, TAG_IMG_ID, TAG_IMG, IS_NEW, IS_GOOD, IS_HOT, PROMOTION, AUDIT_STATUS, SHOW_STATUS, IMGS, KEYWORDS, PAGE_DESC, ITEM_RECYCLE, ON_SALE_TIME, CHECK_TIME, UPDATE_TIME, UPDATE_USER_ID, CREATE_TIME, CHECKER_USER_ID, FULL_PATH_DEPLOY, FULL_PATH_DEPLOY_OFFER, ORIGINAL_ITEM_ID, LAST_STATUS, MERCHANT_ID, ITEM_SORT, SALES, CREATE_USER_ID, SIM_LEVEL, GIFT_DESC, GIFT_IMG, GIFT_SHOW_TYPE, IMG_SIZE1)
values (2080, '联想 TD100', '10002060', 1002, 1, null, 1, 0, 0, 0, '预存话费赠手机', 1, 2, '[{"filePath":"http://www.ln.10086.cn/service/phone/rsmanager/upload/ecps/resource/1351649717907144402849.jpg","fileRelativePath":"/upload/ecps/resource/1351649717907144402849.jpg","fileDesc":"","fileIndex":"0"},{"filePath":"http://www.ln.10086.cn/service/phone/rsmanager/upload/ecps/resource/1351649727298167827891.jpg","fileRelativePath":"/upload/ecps/resource/1351649727298167827891.jpg","fileDesc":"","fileIndex":"1"},{"filePath":"http://www.ln.10086.cn/service/phone/rsmanager/upload/ecps/resource/1351649755705107398463.jpg","fileRelativePath":"/upload/ecps/resource/1351649755705107398463.jpg","fileDesc":"","fileIndex":"2"},{"filePath":"http://www.ln.10086.cn/service/phone/rsmanager/upload/ecps/resource/1351649764624113616595.jpg","fileRelativePath":"/upload/ecps/resource/1351649764624113616595.jpg","fileDesc":"","fileIndex":"3"}]', '联想TD100', null, 0, to_timestamp('18-03-2013 18:26:01.606000', 'dd-mm-yyyy hh24:mi:ss.ff'), null, to_timestamp('18-03-2013 08:56:49.902000', 'dd-mm-yyyy hh24:mi:ss.ff'), 4000, to_timestamp('31-10-2012 10:18:39.983000', 'dd-mm-yyyy hh24:mi:ss.ff'), null, null, 'channel/SJTX/2080_ext6.html', null, 1, null, null, 36, 1, null, null, null, null, null);
insert into EB_ITEM (ITEM_ID, ITEM_NAME, ITEM_NO, BRAND_ID, CAT_ID, TAG_IMG_ID, TAG_IMG, IS_NEW, IS_GOOD, IS_HOT, PROMOTION, AUDIT_STATUS, SHOW_STATUS, IMGS, KEYWORDS, PAGE_DESC, ITEM_RECYCLE, ON_SALE_TIME, CHECK_TIME, UPDATE_TIME, UPDATE_USER_ID, CREATE_TIME, CHECKER_USER_ID, FULL_PATH_DEPLOY, FULL_PATH_DEPLOY_OFFER, ORIGINAL_ITEM_ID, LAST_STATUS, MERCHANT_ID, ITEM_SORT, SALES, CREATE_USER_ID, SIM_LEVEL, GIFT_DESC, GIFT_IMG, GIFT_SHOW_TYPE, IMG_SIZE1)
values (2000, '商品测试1', '10002000', -1, 1, null, 1, 0, 0, 0, null, 1, 1, '[{"filePath":"http://www.ln.10086.cn/service/phone/rsmanager/upload/ecps/resource/1350891689845129302751.jpg","fileRelativePath":"/upload/ecps/resource/1350891689845129302751.jpg","fileDesc":"","fileIndex":"1"}]', null, null, 1, to_timestamp('22-10-2012 15:45:00.643000', 'dd-mm-yyyy hh24:mi:ss.ff'), null, to_timestamp('29-10-2012 10:33:46.068000', 'dd-mm-yyyy hh24:mi:ss.ff'), 1, to_timestamp('19-10-2012 02:18:24.081000', 'dd-mm-yyyy hh24:mi:ss.ff'), null, null, null, null, 1, null, null, 0, 1, null, null, null, null, null);
insert into EB_ITEM (ITEM_ID, ITEM_NAME, ITEM_NO, BRAND_ID, CAT_ID, TAG_IMG_ID, TAG_IMG, IS_NEW, IS_GOOD, IS_HOT, PROMOTION, AUDIT_STATUS, SHOW_STATUS, IMGS, KEYWORDS, PAGE_DESC, ITEM_RECYCLE, ON_SALE_TIME, CHECK_TIME, UPDATE_TIME, UPDATE_USER_ID, CREATE_TIME, CHECKER_USER_ID, FULL_PATH_DEPLOY, FULL_PATH_DEPLOY_OFFER, ORIGINAL_ITEM_ID, LAST_STATUS, MERCHANT_ID, ITEM_SORT, SALES, CREATE_USER_ID, SIM_LEVEL, GIFT_DESC, GIFT_IMG, GIFT_SHOW_TYPE, IMG_SIZE1)
values (2360, '联想 A298t', '10002300', 1002, 1, null, 1, 0, 0, 0, '预存话费赠手机', 1, 0, '[{"filePath":"http://www.ln.10086.cn/service/phone/rsmanager/upload/ecps/resource/1365497726789400066387602.jpg","fileRelativePath":"/upload/ecps/resource/1365497726789400066387602.jpg","fileDesc":"","fileIndex":"0"},{"filePath":"http://www.ln.10086.cn/service/phone/rsmanager/upload/ecps/resource/1365387911847124018335.jpg","fileRelativePath":"/upload/ecps/resource/1365387911847124018335.jpg","fileDesc":"","fileIndex":"1"},{"filePath":"http://www.ln.10086.cn/service/phone/rsmanager/upload/ecps/resource/1365387915990133301246.jpg","fileRelativePath":"/upload/ecps/resource/1365387915990133301246.jpg","fileDesc":"","fileIndex":"2"},{"filePath":"http://www.ln.10086.cn/service/phone/rsmanager/upload/ecps/resource/1365387920206148902136.jpg","fileRelativePath":"/upload/ecps/resource/1365387920206148902136.jpg","fileDesc":"","fileIndex":"3"}]', '联想Lenovo A298t', null, 0, to_timestamp('10-04-2013 17:53:24.401000', 'dd-mm-yyyy hh24:mi:ss.ff'), null, to_timestamp('09-04-2013 16:55:34.348000', 'dd-mm-yyyy hh24:mi:ss.ff'), 4000, to_timestamp('07-04-2013 14:43:59.712000', 'dd-mm-yyyy hh24:mi:ss.ff'), null, null, 'channel/SJTX/2360_ext6.html', null, 1, null, null, 10, 4000, null, null, null, null, null);
insert into EB_ITEM (ITEM_ID, ITEM_NAME, ITEM_NO, BRAND_ID, CAT_ID, TAG_IMG_ID, TAG_IMG, IS_NEW, IS_GOOD, IS_HOT, PROMOTION, AUDIT_STATUS, SHOW_STATUS, IMGS, KEYWORDS, PAGE_DESC, ITEM_RECYCLE, ON_SALE_TIME, CHECK_TIME, UPDATE_TIME, UPDATE_USER_ID, CREATE_TIME, CHECKER_USER_ID, FULL_PATH_DEPLOY, FULL_PATH_DEPLOY_OFFER, ORIGINAL_ITEM_ID, LAST_STATUS, MERCHANT_ID, ITEM_SORT, SALES, CREATE_USER_ID, SIM_LEVEL, GIFT_DESC, GIFT_IMG, GIFT_SHOW_TYPE, IMG_SIZE1)
values (2380, '三星 N7108', '10002301', 1003, 1, null, 1, 0, 0, 0, '预存话费赠送手机', 1, 1, '[{"filePath":"http://www.ln.10086.cn/service/phone/rsmanager/upload/ecps/resource/1365387946985400053204614.jpg","fileRelativePath":"/upload/ecps/resource/1365387946985400053204614.jpg","fileDesc":"","fileIndex":"0"},{"filePath":"http://www.ln.10086.cn/service/phone/rsmanager/upload/ecps/resource/1365387953998400046735084.jpg","fileRelativePath":"/upload/ecps/resource/1365387953998400046735084.jpg","fileDesc":"","fileIndex":"1"},{"filePath":"http://www.ln.10086.cn/service/phone/rsmanager/upload/ecps/resource/1365387958528400077795932.jpg","fileRelativePath":"/upload/ecps/resource/1365387958528400077795932.jpg","fileDesc":"","fileIndex":"2"},{"filePath":"http://www.ln.10086.cn/service/phone/rsmanager/upload/ecps/resource/1365387962625400068634185.jpg","fileRelativePath":"/upload/ecps/resource/1365387962625400068634185.jpg","fileDesc":"","fileIndex":"3"}]', '三星 N7108', null, 0, to_timestamp('10-04-2013 09:53:53.065000', 'dd-mm-yyyy hh24:mi:ss.ff'), null, to_timestamp('09-04-2013 11:11:36.920000', 'dd-mm-yyyy hh24:mi:ss.ff'), 1, to_timestamp('07-04-2013 15:15:20.106000', 'dd-mm-yyyy hh24:mi:ss.ff'), null, null, 'channel/SJTX/2380_ext6.html', null, 1, null, null, 9, 4000, null, null, null, null, null);
insert into EB_ITEM (ITEM_ID, ITEM_NAME, ITEM_NO, BRAND_ID, CAT_ID, TAG_IMG_ID, TAG_IMG, IS_NEW, IS_GOOD, IS_HOT, PROMOTION, AUDIT_STATUS, SHOW_STATUS, IMGS, KEYWORDS, PAGE_DESC, ITEM_RECYCLE, ON_SALE_TIME, CHECK_TIME, UPDATE_TIME, UPDATE_USER_ID, CREATE_TIME, CHECKER_USER_ID, FULL_PATH_DEPLOY, FULL_PATH_DEPLOY_OFFER, ORIGINAL_ITEM_ID, LAST_STATUS, MERCHANT_ID, ITEM_SORT, SALES, CREATE_USER_ID, SIM_LEVEL, GIFT_DESC, GIFT_IMG, GIFT_SHOW_TYPE, IMG_SIZE1)
values (2384, '中兴ZTE U817', '10002323', 1004, 1, null, 1, 1, 0, 0, '预存话费赠手机', 1, 1, '[{"filePath":"http://www.ln.10086.cn/service/phone/rsmanager/upload/ecps/resource/1365393533648107542352.jpg","fileRelativePath":"/upload/ecps/resource/1365393533648107542352.jpg","fileDesc":"","fileIndex":"0"},{"filePath":"http://www.ln.10086.cn/service/phone/rsmanager/upload/ecps/resource/1365393541952136076371.jpg","fileRelativePath":"/upload/ecps/resource/1365393541952136076371.jpg","fileDesc":"","fileIndex":"1"},{"filePath":"http://www.ln.10086.cn/service/phone/rsmanager/upload/ecps/resource/1365393562824172101764.jpg","fileRelativePath":"/upload/ecps/resource/1365393562824172101764.jpg","fileDesc":"","fileIndex":"2"},{"filePath":"http://www.ln.10086.cn/service/phone/rsmanager/upload/ecps/resource/1365393569094108978240.jpg","fileRelativePath":"/upload/ecps/resource/1365393569094108978240.jpg","fileDesc":"","fileIndex":"3"},{"filePath":"http://www.ln.10086.cn/service/phone/rsmanager/upload/ecps/resource/1365393575345176121610.jpg","fileRelativePath":"/upload/ecps/resource/1365393575345176121610.jpg","fileDesc":"","fileIndex":"4"}]', '中兴 ZTE U817', null, 0, to_timestamp('10-04-2013 09:23:30.122000', 'dd-mm-yyyy hh24:mi:ss.ff'), null, to_timestamp('08-04-2013 12:01:18.159000', 'dd-mm-yyyy hh24:mi:ss.ff'), 1, to_timestamp('07-04-2013 15:37:03.812000', 'dd-mm-yyyy hh24:mi:ss.ff'), null, null, 'channel/SJTX/2384_ext6.html', null, 1, null, null, 14, 1, null, null, null, null, null);
insert into EB_ITEM (ITEM_ID, ITEM_NAME, ITEM_NO, BRAND_ID, CAT_ID, TAG_IMG_ID, TAG_IMG, IS_NEW, IS_GOOD, IS_HOT, PROMOTION, AUDIT_STATUS, SHOW_STATUS, IMGS, KEYWORDS, PAGE_DESC, ITEM_RECYCLE, ON_SALE_TIME, CHECK_TIME, UPDATE_TIME, UPDATE_USER_ID, CREATE_TIME, CHECKER_USER_ID, FULL_PATH_DEPLOY, FULL_PATH_DEPLOY_OFFER, ORIGINAL_ITEM_ID, LAST_STATUS, MERCHANT_ID, ITEM_SORT, SALES, CREATE_USER_ID, SIM_LEVEL, GIFT_DESC, GIFT_IMG, GIFT_SHOW_TYPE, IMG_SIZE1)
values (2386, '华为Huawei Y500', '10002325', 1001, 1, null, 1, 1, 0, 0, '预存话费赠手机', 1, 1, '[{"filePath":"http://www.ln.10086.cn/service/phone/rsmanager/upload/ecps/resource/1365394726625109770988.jpg","fileRelativePath":"/upload/ecps/resource/1365394726625109770988.jpg","fileDesc":"","fileIndex":"0"},{"filePath":"http://www.ln.10086.cn/service/phone/rsmanager/upload/ecps/resource/1365394726770178859596.jpg","fileRelativePath":"/upload/ecps/resource/1365394726770178859596.jpg","fileDesc":"","fileIndex":"1"}]', '华为Huawei Y500', null, 0, to_timestamp('08-04-2013 12:22:10.135000', 'dd-mm-yyyy hh24:mi:ss.ff'), null, to_timestamp('08-04-2013 12:21:19.487000', 'dd-mm-yyyy hh24:mi:ss.ff'), 1, to_timestamp('07-04-2013 15:47:36.851000', 'dd-mm-yyyy hh24:mi:ss.ff'), null, null, 'channel/SJTX/2386_ext6.html', null, 1, null, null, 0, 1, null, null, null, null, null);
insert into EB_ITEM (ITEM_ID, ITEM_NAME, ITEM_NO, BRAND_ID, CAT_ID, TAG_IMG_ID, TAG_IMG, IS_NEW, IS_GOOD, IS_HOT, PROMOTION, AUDIT_STATUS, SHOW_STATUS, IMGS, KEYWORDS, PAGE_DESC, ITEM_RECYCLE, ON_SALE_TIME, CHECK_TIME, UPDATE_TIME, UPDATE_USER_ID, CREATE_TIME, CHECKER_USER_ID, FULL_PATH_DEPLOY, FULL_PATH_DEPLOY_OFFER, ORIGINAL_ITEM_ID, LAST_STATUS, MERCHANT_ID, ITEM_SORT, SALES, CREATE_USER_ID, SIM_LEVEL, GIFT_DESC, GIFT_IMG, GIFT_SHOW_TYPE, IMG_SIZE1)
values (2401, '三星 I9268', '10002341', 1003, 1, null, 1, 0, 0, 0, '预存话费赠送手机', 1, 1, '[{"filePath":"http://www.ln.10086.cn/service/phone/rsmanager/upload/ecps/resource/1365390829997400007473227.JPG","fileRelativePath":"/upload/ecps/resource/1365390829997400007473227.JPG","fileDesc":"","fileIndex":"0"},{"filePath":"http://www.ln.10086.cn/service/phone/rsmanager/upload/ecps/resource/1365390853411400066299245.JPG","fileRelativePath":"/upload/ecps/resource/1365390853411400066299245.JPG","fileDesc":"","fileIndex":"1"},{"filePath":"http://www.ln.10086.cn/service/phone/rsmanager/upload/ecps/resource/1365390853424400047240749.JPG","fileRelativePath":"/upload/ecps/resource/1365390853424400047240749.JPG","fileDesc":"","fileIndex":"2"},{"filePath":"http://www.ln.10086.cn/service/phone/rsmanager/upload/ecps/resource/1365390860043400060391815.JPG","fileRelativePath":"/upload/ecps/resource/1365390860043400060391815.JPG","fileDesc":"","fileIndex":"3"},{"filePath":"http://www.ln.10086.cn/service/phone/rsmanager/upload/ecps/resource/1365390859955400037092054.JPG","fileRelativePath":"/upload/ecps/resource/1365390859955400037092054.JPG","fileDesc":"","fileIndex":"4"}]', '三星samsungI9268', null, 0, to_timestamp('10-04-2013 09:23:21.078000', 'dd-mm-yyyy hh24:mi:ss.ff'), null, to_timestamp('09-04-2013 10:31:08.442000', 'dd-mm-yyyy hh24:mi:ss.ff'), 1, to_timestamp('07-04-2013 16:43:06.370000', 'dd-mm-yyyy hh24:mi:ss.ff'), null, null, 'channel/SJTX/2401_ext6.html', null, 1, null, null, 0, 4000, null, null, null, null, null);
insert into EB_ITEM (ITEM_ID, ITEM_NAME, ITEM_NO, BRAND_ID, CAT_ID, TAG_IMG_ID, TAG_IMG, IS_NEW, IS_GOOD, IS_HOT, PROMOTION, AUDIT_STATUS, SHOW_STATUS, IMGS, KEYWORDS, PAGE_DESC, ITEM_RECYCLE, ON_SALE_TIME, CHECK_TIME, UPDATE_TIME, UPDATE_USER_ID, CREATE_TIME, CHECKER_USER_ID, FULL_PATH_DEPLOY, FULL_PATH_DEPLOY_OFFER, ORIGINAL_ITEM_ID, LAST_STATUS, MERCHANT_ID, ITEM_SORT, SALES, CREATE_USER_ID, SIM_LEVEL, GIFT_DESC, GIFT_IMG, GIFT_SHOW_TYPE, IMG_SIZE1)
values (2402, '三星 I9128', '10002360', 1003, 1, null, 1, 0, 0, 0, '预存话费赠送手机', 1, 1, '[{"filePath":"http://www.ln.10086.cn/service/phone/rsmanager/upload/ecps/resource/1365391706425400096165369.JPG","fileRelativePath":"/upload/ecps/resource/1365391706425400096165369.JPG","fileDesc":"","fileIndex":"0"},{"filePath":"http://www.ln.10086.cn/service/phone/rsmanager/upload/ecps/resource/1365391712811400010443155.JPG","fileRelativePath":"/upload/ecps/resource/1365391712811400010443155.JPG","fileDesc":"","fileIndex":"1"},{"filePath":"http://www.ln.10086.cn/service/phone/rsmanager/upload/ecps/resource/1365391722528400049454750.JPG","fileRelativePath":"/upload/ecps/resource/1365391722528400049454750.JPG","fileDesc":"","fileIndex":"2"},{"filePath":"http://www.ln.10086.cn/service/phone/rsmanager/upload/ecps/resource/1365391722539400020023124.JPG","fileRelativePath":"/upload/ecps/resource/1365391722539400020023124.JPG","fileDesc":"","fileIndex":"3"}]', '三星samsungI9128', null, 0, to_timestamp('10-04-2013 09:23:17.065000', 'dd-mm-yyyy hh24:mi:ss.ff'), null, to_timestamp('09-04-2013 10:22:22.619000', 'dd-mm-yyyy hh24:mi:ss.ff'), 1, to_timestamp('07-04-2013 17:02:52.295000', 'dd-mm-yyyy hh24:mi:ss.ff'), null, null, 'channel/SJTX/2402_ext6.html', null, 1, null, null, 0, 4000, null, null, null, null, null);
insert into EB_ITEM (ITEM_ID, ITEM_NAME, ITEM_NO, BRAND_ID, CAT_ID, TAG_IMG_ID, TAG_IMG, IS_NEW, IS_GOOD, IS_HOT, PROMOTION, AUDIT_STATUS, SHOW_STATUS, IMGS, KEYWORDS, PAGE_DESC, ITEM_RECYCLE, ON_SALE_TIME, CHECK_TIME, UPDATE_TIME, UPDATE_USER_ID, CREATE_TIME, CHECKER_USER_ID, FULL_PATH_DEPLOY, FULL_PATH_DEPLOY_OFFER, ORIGINAL_ITEM_ID, LAST_STATUS, MERCHANT_ID, ITEM_SORT, SALES, CREATE_USER_ID, SIM_LEVEL, GIFT_DESC, GIFT_IMG, GIFT_SHOW_TYPE, IMG_SIZE1)
values (2422, 'HTC 8X', '10002380', 1043, 1, null, 1, 0, 0, 0, '预存话费赠送手机', 1, 1, '[{"filePath":"http://www.ln.10086.cn/service/phone/rsmanager/upload/ecps/resource/1365491041290400070022547.jpg","fileRelativePath":"/upload/ecps/resource/1365491041290400070022547.jpg","fileDesc":"","fileIndex":"0"}]', 'HTC 8X', null, 0, to_timestamp('10-04-2013 11:31:30.258000', 'dd-mm-yyyy hh24:mi:ss.ff'), null, to_timestamp('10-04-2013 11:30:42.517000', 'dd-mm-yyyy hh24:mi:ss.ff'), 4000, to_timestamp('07-04-2013 17:58:31.805000', 'dd-mm-yyyy hh24:mi:ss.ff'), null, null, 'channel/SJTX/2422_ext6.html', null, 1, null, null, 0, 4000, null, null, null, null, null);
insert into EB_ITEM (ITEM_ID, ITEM_NAME, ITEM_NO, BRAND_ID, CAT_ID, TAG_IMG_ID, TAG_IMG, IS_NEW, IS_GOOD, IS_HOT, PROMOTION, AUDIT_STATUS, SHOW_STATUS, IMGS, KEYWORDS, PAGE_DESC, ITEM_RECYCLE, ON_SALE_TIME, CHECK_TIME, UPDATE_TIME, UPDATE_USER_ID, CREATE_TIME, CHECKER_USER_ID, FULL_PATH_DEPLOY, FULL_PATH_DEPLOY_OFFER, ORIGINAL_ITEM_ID, LAST_STATUS, MERCHANT_ID, ITEM_SORT, SALES, CREATE_USER_ID, SIM_LEVEL, GIFT_DESC, GIFT_IMG, GIFT_SHOW_TYPE, IMG_SIZE1)
values (2423, '三星 I8250', '10002381', 1003, 1, null, 1, 1, 0, 0, '预存话费赠送手机', 1, 1, '[{"filePath":"http://www.ln.10086.cn/service/phone/rsmanager/upload/ecps/resource/1365394634367159058792.jpg","fileRelativePath":"/upload/ecps/resource/1365394634367159058792.jpg","fileDesc":"","fileIndex":"0"},{"filePath":"http://www.ln.10086.cn/service/phone/rsmanager/upload/ecps/resource/1365394644056173743432.jpg","fileRelativePath":"/upload/ecps/resource/1365394644056173743432.jpg","fileDesc":"","fileIndex":"1"},{"filePath":"http://www.ln.10086.cn/service/phone/rsmanager/upload/ecps/resource/1365394656718170531091.jpg","fileRelativePath":"/upload/ecps/resource/1365394656718170531091.jpg","fileDesc":"","fileIndex":"2"},{"filePath":"http://www.ln.10086.cn/service/phone/rsmanager/upload/ecps/resource/1365394660657145287800.jpg","fileRelativePath":"/upload/ecps/resource/1365394660657145287800.jpg","fileDesc":"","fileIndex":"3"},{"filePath":"http://www.ln.10086.cn/service/phone/rsmanager/upload/ecps/resource/1365394664664147362372.jpg","fileRelativePath":"/upload/ecps/resource/1365394664664147362372.jpg","fileDesc":"","fileIndex":"4"}]', '三星samsung I8250', null, 0, to_timestamp('10-04-2013 09:23:05.056000', 'dd-mm-yyyy hh24:mi:ss.ff'), null, to_timestamp('09-04-2013 10:51:54.347000', 'dd-mm-yyyy hh24:mi:ss.ff'), 1, to_timestamp('07-04-2013 18:44:23.400000', 'dd-mm-yyyy hh24:mi:ss.ff'), null, null, 'channel/SJTX/2423_ext6.html', null, 1, null, null, 0, 1, null, null, null, null, null);
insert into EB_ITEM (ITEM_ID, ITEM_NAME, ITEM_NO, BRAND_ID, CAT_ID, TAG_IMG_ID, TAG_IMG, IS_NEW, IS_GOOD, IS_HOT, PROMOTION, AUDIT_STATUS, SHOW_STATUS, IMGS, KEYWORDS, PAGE_DESC, ITEM_RECYCLE, ON_SALE_TIME, CHECK_TIME, UPDATE_TIME, UPDATE_USER_ID, CREATE_TIME, CHECKER_USER_ID, FULL_PATH_DEPLOY, FULL_PATH_DEPLOY_OFFER, ORIGINAL_ITEM_ID, LAST_STATUS, MERCHANT_ID, ITEM_SORT, SALES, CREATE_USER_ID, SIM_LEVEL, GIFT_DESC, GIFT_IMG, GIFT_SHOW_TYPE, IMG_SIZE1)
values (2320, '兰博基尼111', '10002260', 1001, 1, null, 1, 0, 1, 0, null, 1, 2, '[{"filePath":"http://www.ln.10086.cn/service/phone/rsmanager/upload/ecps/resource/1353392728034109135050.jpg","fileRelativePath":"/upload/ecps/resource/1353392728034109135050.jpg","fileDesc":"","fileIndex":"0"}]', '兰博基尼111', '兰博基尼111', 1, null, null, to_timestamp('21-11-2012 17:10:55.975000', 'dd-mm-yyyy hh24:mi:ss.ff'), null, to_timestamp('20-11-2012 14:26:26.201000', 'dd-mm-yyyy hh24:mi:ss.ff'), null, null, null, null, 1, null, null, 0, 1, null, null, null, null, null);
insert into EB_ITEM (ITEM_ID, ITEM_NAME, ITEM_NO, BRAND_ID, CAT_ID, TAG_IMG_ID, TAG_IMG, IS_NEW, IS_GOOD, IS_HOT, PROMOTION, AUDIT_STATUS, SHOW_STATUS, IMGS, KEYWORDS, PAGE_DESC, ITEM_RECYCLE, ON_SALE_TIME, CHECK_TIME, UPDATE_TIME, UPDATE_USER_ID, CREATE_TIME, CHECKER_USER_ID, FULL_PATH_DEPLOY, FULL_PATH_DEPLOY_OFFER, ORIGINAL_ITEM_ID, LAST_STATUS, MERCHANT_ID, ITEM_SORT, SALES, CREATE_USER_ID, SIM_LEVEL, GIFT_DESC, GIFT_IMG, GIFT_SHOW_TYPE, IMG_SIZE1)
values (2340, '测试数据', '10002280', 1000, 1, null, 1, 0, 0, 0, null, 0, 2, '[{"filePath":"http://www.ln.10086.cn/service/phone/rsmanager/upload/ecps/resource/1353639908687190160584.jpg","fileRelativePath":"/upload/ecps/resource/1353639908687190160584.jpg","fileDesc":"","fileIndex":"0"}]', '1', '1', 1, null, null, to_timestamp('28-05-2013 15:51:24.306000', 'dd-mm-yyyy hh24:mi:ss.ff'), 1, to_timestamp('23-11-2012 11:14:49.017000', 'dd-mm-yyyy hh24:mi:ss.ff'), null, null, null, null, 1, null, null, 0, 1, null, null, null, null, null);
insert into EB_ITEM (ITEM_ID, ITEM_NAME, ITEM_NO, BRAND_ID, CAT_ID, TAG_IMG_ID, TAG_IMG, IS_NEW, IS_GOOD, IS_HOT, PROMOTION, AUDIT_STATUS, SHOW_STATUS, IMGS, KEYWORDS, PAGE_DESC, ITEM_RECYCLE, ON_SALE_TIME, CHECK_TIME, UPDATE_TIME, UPDATE_USER_ID, CREATE_TIME, CHECKER_USER_ID, FULL_PATH_DEPLOY, FULL_PATH_DEPLOY_OFFER, ORIGINAL_ITEM_ID, LAST_STATUS, MERCHANT_ID, ITEM_SORT, SALES, CREATE_USER_ID, SIM_LEVEL, GIFT_DESC, GIFT_IMG, GIFT_SHOW_TYPE, IMG_SIZE1)
values (2120, '中兴 U506', '10002100', -1, 1, null, 1, 0, 0, 0, '预存话费赠手机', 0, 2, '[{"filePath":"http://www.ln.10086.cn/service/phone/rsmanager/upload/ecps/resource/1353494025597178857612.jpg","fileRelativePath":"/upload/ecps/resource/1353494025597178857612.jpg","fileDesc":"","fileIndex":"0"},{"filePath":"http://www.ln.10086.cn/service/phone/rsmanager/upload/ecps/resource/1351660959516114341127.JPG","fileRelativePath":"/upload/ecps/resource/1351660959516114341127.JPG","fileDesc":"","fileIndex":"1"},{"filePath":"http://www.ln.10086.cn/service/phone/rsmanager/upload/ecps/resource/1351660968142166136989.JPG","fileRelativePath":"/upload/ecps/resource/1351660968142166136989.JPG","fileDesc":"","fileIndex":"2"}]', '中兴U506存话费赠手机', null, 0, null, null, to_timestamp('18-03-2013 08:56:34.871000', 'dd-mm-yyyy hh24:mi:ss.ff'), 4000, to_timestamp('31-10-2012 13:24:52.136000', 'dd-mm-yyyy hh24:mi:ss.ff'), null, null, 'channel/SJTX/2120_ext6.html', null, 1, null, null, 35, 1, null, null, null, null, null);
insert into EB_ITEM (ITEM_ID, ITEM_NAME, ITEM_NO, BRAND_ID, CAT_ID, TAG_IMG_ID, TAG_IMG, IS_NEW, IS_GOOD, IS_HOT, PROMOTION, AUDIT_STATUS, SHOW_STATUS, IMGS, KEYWORDS, PAGE_DESC, ITEM_RECYCLE, ON_SALE_TIME, CHECK_TIME, UPDATE_TIME, UPDATE_USER_ID, CREATE_TIME, CHECKER_USER_ID, FULL_PATH_DEPLOY, FULL_PATH_DEPLOY_OFFER, ORIGINAL_ITEM_ID, LAST_STATUS, MERCHANT_ID, ITEM_SORT, SALES, CREATE_USER_ID, SIM_LEVEL, GIFT_DESC, GIFT_IMG, GIFT_SHOW_TYPE, IMG_SIZE1)
values (2381, '联想 A630T ', '10002320', 1002, 1, null, 1, 1, 0, 0, '预存话费赠手机', 1, 1, '[{"filePath":"http://www.ln.10086.cn/service/phone/rsmanager/upload/ecps/resource/1365389357329104868725.jpg","fileRelativePath":"/upload/ecps/resource/1365389357329104868725.jpg","fileDesc":"","fileIndex":"0"},{"filePath":"http://www.ln.10086.cn/service/phone/rsmanager/upload/ecps/resource/1365389365599147003452.jpg","fileRelativePath":"/upload/ecps/resource/1365389365599147003452.jpg","fileDesc":"","fileIndex":"1"},{"filePath":"http://www.ln.10086.cn/service/phone/rsmanager/upload/ecps/resource/1365389379686102408253.jpg","fileRelativePath":"/upload/ecps/resource/1365389379686102408253.jpg","fileDesc":"","fileIndex":"2"},{"filePath":"http://www.ln.10086.cn/service/phone/rsmanager/upload/ecps/resource/1365389383856123285894.jpg","fileRelativePath":"/upload/ecps/resource/1365389383856123285894.jpg","fileDesc":"","fileIndex":"3"}]', '联想 Lenovo A630T', null, 0, to_timestamp('10-04-2013 09:22:14.153000', 'dd-mm-yyyy hh24:mi:ss.ff'), null, to_timestamp('10-04-2013 09:17:03.867000', 'dd-mm-yyyy hh24:mi:ss.ff'), 1, to_timestamp('07-04-2013 15:29:05.695000', 'dd-mm-yyyy hh24:mi:ss.ff'), null, null, 'channel/SJTX/2381_ext6.html', null, 1, null, null, 0, 1, null, null, null, null, null);
insert into EB_ITEM (ITEM_ID, ITEM_NAME, ITEM_NO, BRAND_ID, CAT_ID, TAG_IMG_ID, TAG_IMG, IS_NEW, IS_GOOD, IS_HOT, PROMOTION, AUDIT_STATUS, SHOW_STATUS, IMGS, KEYWORDS, PAGE_DESC, ITEM_RECYCLE, ON_SALE_TIME, CHECK_TIME, UPDATE_TIME, UPDATE_USER_ID, CREATE_TIME, CHECKER_USER_ID, FULL_PATH_DEPLOY, FULL_PATH_DEPLOY_OFFER, ORIGINAL_ITEM_ID, LAST_STATUS, MERCHANT_ID, ITEM_SORT, SALES, CREATE_USER_ID, SIM_LEVEL, GIFT_DESC, GIFT_IMG, GIFT_SHOW_TYPE, IMG_SIZE1)
values (2420, 'HTC T329T', '10002361', 1043, 1, null, 1, 0, 0, 0, '预存话费赠送手机', 1, 1, '[{"filePath":"http://www.ln.10086.cn/service/phone/rsmanager/upload/ecps/resource/1365338924885100798570.jpg","fileRelativePath":"/upload/ecps/resource/1365338924885100798570.jpg","fileDesc":"","fileIndex":"0"},{"filePath":"http://www.ln.10086.cn/service/phone/rsmanager/upload/ecps/resource/1365338930368122698151.jpg","fileRelativePath":"/upload/ecps/resource/1365338930368122698151.jpg","fileDesc":"","fileIndex":"1"},{"filePath":"http://www.ln.10086.cn/service/phone/rsmanager/upload/ecps/resource/1365338934454140133692.jpg","fileRelativePath":"/upload/ecps/resource/1365338934454140133692.jpg","fileDesc":"","fileIndex":"2"},{"filePath":"http://www.ln.10086.cn/service/phone/rsmanager/upload/ecps/resource/1365338938577105100898.jpg","fileRelativePath":"/upload/ecps/resource/1365338938577105100898.jpg","fileDesc":"","fileIndex":"3"}]', 'HTC T329T', null, 0, to_timestamp('10-04-2013 09:23:13.099000', 'dd-mm-yyyy hh24:mi:ss.ff'), null, to_timestamp('09-04-2013 13:10:12.416000', 'dd-mm-yyyy hh24:mi:ss.ff'), 4000, to_timestamp('07-04-2013 17:21:59.665000', 'dd-mm-yyyy hh24:mi:ss.ff'), null, null, 'channel/SJTX/2420_ext6.html', null, 1, null, null, 5, 4000, null, null, null, null, null);
insert into EB_ITEM (ITEM_ID, ITEM_NAME, ITEM_NO, BRAND_ID, CAT_ID, TAG_IMG_ID, TAG_IMG, IS_NEW, IS_GOOD, IS_HOT, PROMOTION, AUDIT_STATUS, SHOW_STATUS, IMGS, KEYWORDS, PAGE_DESC, ITEM_RECYCLE, ON_SALE_TIME, CHECK_TIME, UPDATE_TIME, UPDATE_USER_ID, CREATE_TIME, CHECKER_USER_ID, FULL_PATH_DEPLOY, FULL_PATH_DEPLOY_OFFER, ORIGINAL_ITEM_ID, LAST_STATUS, MERCHANT_ID, ITEM_SORT, SALES, CREATE_USER_ID, SIM_LEVEL, GIFT_DESC, GIFT_IMG, GIFT_SHOW_TYPE, IMG_SIZE1)
values (2424, '三星SAMSUNG S6358', '10002382', 1003, 1, null, 1, 1, 0, 0, '预存话费赠手机', 1, 0, '[{"filePath":"http://www.ln.10086.cn/service/phone/rsmanager/upload/ecps/resource/1365556670075131365840.jpg","fileRelativePath":"/upload/ecps/resource/1365556670075131365840.jpg","fileDesc":"","fileIndex":"0"},{"filePath":"http://www.ln.10086.cn/service/phone/rsmanager/upload/ecps/resource/1365395715968188545357.jpg","fileRelativePath":"/upload/ecps/resource/1365395715968188545357.jpg","fileDesc":"","fileIndex":"1"},{"filePath":"http://www.ln.10086.cn/service/phone/rsmanager/upload/ecps/resource/1365395726811176059639.jpg","fileRelativePath":"/upload/ecps/resource/1365395726811176059639.jpg","fileDesc":"","fileIndex":"2"}]', '三星 SAMSUNG S6358', null, 0, to_timestamp('28-06-2013 16:58:18.556000', 'dd-mm-yyyy hh24:mi:ss.ff'), null, to_timestamp('22-04-2013 16:17:12.504000', 'dd-mm-yyyy hh24:mi:ss.ff'), 1, to_timestamp('07-04-2013 18:44:53.205000', 'dd-mm-yyyy hh24:mi:ss.ff'), null, null, 'channel/SJTX/2424_ext6.html', null, 1, null, null, 2, 1, null, null, null, null, null);
insert into EB_ITEM (ITEM_ID, ITEM_NAME, ITEM_NO, BRAND_ID, CAT_ID, TAG_IMG_ID, TAG_IMG, IS_NEW, IS_GOOD, IS_HOT, PROMOTION, AUDIT_STATUS, SHOW_STATUS, IMGS, KEYWORDS, PAGE_DESC, ITEM_RECYCLE, ON_SALE_TIME, CHECK_TIME, UPDATE_TIME, UPDATE_USER_ID, CREATE_TIME, CHECKER_USER_ID, FULL_PATH_DEPLOY, FULL_PATH_DEPLOY_OFFER, ORIGINAL_ITEM_ID, LAST_STATUS, MERCHANT_ID, ITEM_SORT, SALES, CREATE_USER_ID, SIM_LEVEL, GIFT_DESC, GIFT_IMG, GIFT_SHOW_TYPE, IMG_SIZE1)
values (2442, '三星 s7568', '10002400', 1003, 1, null, 1, 1, 0, 0, '预存话费赠送手机', 1, 0, '[{"filePath":"http://www.ln.10086.cn/service/phone/rsmanager/upload/ecps/resource/1365388419343188176966.jpg","fileRelativePath":"/upload/ecps/resource/1365388419343188176966.jpg","fileDesc":"","fileIndex":"0"},{"filePath":"http://www.ln.10086.cn/service/phone/rsmanager/upload/ecps/resource/1365388440383105221531.jpg","fileRelativePath":"/upload/ecps/resource/1365388440383105221531.jpg","fileDesc":"","fileIndex":"1"},{"filePath":"http://www.ln.10086.cn/service/phone/rsmanager/upload/ecps/resource/1365388446934108639770.jpg","fileRelativePath":"/upload/ecps/resource/1365388446934108639770.jpg","fileDesc":"","fileIndex":"2"},{"filePath":"http://www.ln.10086.cn/service/phone/rsmanager/upload/ecps/resource/1365388453141150202139.jpg","fileRelativePath":"/upload/ecps/resource/1365388453141150202139.jpg","fileDesc":"","fileIndex":"3"},{"filePath":"http://www.ln.10086.cn/service/phone/rsmanager/upload/ecps/resource/1365388459352134495402.jpg","fileRelativePath":"/upload/ecps/resource/1365388459352134495402.jpg","fileDesc":"","fileIndex":"4"}]', '三星samsung s7568', null, 0, to_timestamp('26-06-2013 17:58:33.200000', 'dd-mm-yyyy hh24:mi:ss.ff'), null, to_timestamp('09-04-2013 10:15:38.898000', 'dd-mm-yyyy hh24:mi:ss.ff'), 1, to_timestamp('07-04-2013 20:23:30.946000', 'dd-mm-yyyy hh24:mi:ss.ff'), null, null, 'channel/SJTX/2442_ext6.html', null, 1, null, null, 8, 1, null, null, null, null, null);
insert into EB_ITEM (ITEM_ID, ITEM_NAME, ITEM_NO, BRAND_ID, CAT_ID, TAG_IMG_ID, TAG_IMG, IS_NEW, IS_GOOD, IS_HOT, PROMOTION, AUDIT_STATUS, SHOW_STATUS, IMGS, KEYWORDS, PAGE_DESC, ITEM_RECYCLE, ON_SALE_TIME, CHECK_TIME, UPDATE_TIME, UPDATE_USER_ID, CREATE_TIME, CHECKER_USER_ID, FULL_PATH_DEPLOY, FULL_PATH_DEPLOY_OFFER, ORIGINAL_ITEM_ID, LAST_STATUS, MERCHANT_ID, ITEM_SORT, SALES, CREATE_USER_ID, SIM_LEVEL, GIFT_DESC, GIFT_IMG, GIFT_SHOW_TYPE, IMG_SIZE1)
values (2060, '三星GALAXY SIII I9308', '10002040', 1003, 1, null, 1, 1, 0, 1, '预存话费赠手机', 1, 2, '[{"filePath":"http://www.ln.10086.cn/service/phone/rsmanager/upload/ecps/resource/1351749012241131069922.JPG","fileRelativePath":"/upload/ecps/resource/1351749012241131069922.JPG","fileDesc":"","fileIndex":"0"},{"filePath":"http://www.ln.10086.cn/service/phone/rsmanager/upload/ecps/resource/1351749019654179959107.JPG","fileRelativePath":"/upload/ecps/resource/1351749019654179959107.JPG","fileDesc":"","fileIndex":"1"},{"filePath":"http://www.ln.10086.cn/service/phone/rsmanager/upload/ecps/resource/1351749025098148836454.JPG","fileRelativePath":"/upload/ecps/resource/1351749025098148836454.JPG","fileDesc":"","fileIndex":"2"},{"filePath":"http://www.ln.10086.cn/service/phone/rsmanager/upload/ecps/resource/1351749029821134024377.JPG","fileRelativePath":"/upload/ecps/resource/1351749029821134024377.JPG","fileDesc":"","fileIndex":"3"},{"filePath":"http://www.ln.10086.cn/service/phone/rsmanager/upload/ecps/resource/1351749038316128376862.JPG","fileRelativePath":"/upload/ecps/resource/1351749038316128376862.JPG","fileDesc":"","fileIndex":"4"}]', '三星I9308', null, 0, null, null, to_timestamp('09-04-2013 15:09:19.609000', 'dd-mm-yyyy hh24:mi:ss.ff'), 4000, to_timestamp('30-10-2012 16:27:53.916000', 'dd-mm-yyyy hh24:mi:ss.ff'), null, null, 'channel/SJTX/2060_ext6.html', null, 1, null, null, 4, 1, null, null, null, null, null);
insert into EB_ITEM (ITEM_ID, ITEM_NAME, ITEM_NO, BRAND_ID, CAT_ID, TAG_IMG_ID, TAG_IMG, IS_NEW, IS_GOOD, IS_HOT, PROMOTION, AUDIT_STATUS, SHOW_STATUS, IMGS, KEYWORDS, PAGE_DESC, ITEM_RECYCLE, ON_SALE_TIME, CHECK_TIME, UPDATE_TIME, UPDATE_USER_ID, CREATE_TIME, CHECKER_USER_ID, FULL_PATH_DEPLOY, FULL_PATH_DEPLOY_OFFER, ORIGINAL_ITEM_ID, LAST_STATUS, MERCHANT_ID, ITEM_SORT, SALES, CREATE_USER_ID, SIM_LEVEL, GIFT_DESC, GIFT_IMG, GIFT_SHOW_TYPE, IMG_SIZE1)
values (2061, '摩托罗拉 MT680', '10002041', 1010, 1, null, 1, 1, 0, 0, '预存话费赠手机', 1, 1, '[{"filePath":"http://www.ln.10086.cn/service/phone/rsmanager/upload/ecps/resource/1351747012175198946172.jpg","fileRelativePath":"/upload/ecps/resource/1351747012175198946172.jpg","fileDesc":"","fileIndex":"0"},{"filePath":"http://www.ln.10086.cn/service/phone/rsmanager/upload/ecps/resource/1351747017659119115705.JPG","fileRelativePath":"/upload/ecps/resource/1351747017659119115705.JPG","fileDesc":"","fileIndex":"1"},{"filePath":"http://www.ln.10086.cn/service/phone/rsmanager/upload/ecps/resource/1351747022444171545376.jpg","fileRelativePath":"/upload/ecps/resource/1351747022444171545376.jpg","fileDesc":"","fileIndex":"2"},{"filePath":"http://www.ln.10086.cn/service/phone/rsmanager/upload/ecps/resource/1351747027212113349662.JPG","fileRelativePath":"/upload/ecps/resource/1351747027212113349662.JPG","fileDesc":"","fileIndex":"3"}]', '摩托罗拉MT680', null, 0, to_timestamp('18-03-2013 18:26:04.971000', 'dd-mm-yyyy hh24:mi:ss.ff'), null, to_timestamp('18-03-2013 08:57:09.929000', 'dd-mm-yyyy hh24:mi:ss.ff'), 4000, to_timestamp('30-10-2012 16:36:02.968000', 'dd-mm-yyyy hh24:mi:ss.ff'), null, null, 'channel/SJTX/2061_ext6.html', null, 1, null, null, 21, 1, null, null, null, null, null);
insert into EB_ITEM (ITEM_ID, ITEM_NAME, ITEM_NO, BRAND_ID, CAT_ID, TAG_IMG_ID, TAG_IMG, IS_NEW, IS_GOOD, IS_HOT, PROMOTION, AUDIT_STATUS, SHOW_STATUS, IMGS, KEYWORDS, PAGE_DESC, ITEM_RECYCLE, ON_SALE_TIME, CHECK_TIME, UPDATE_TIME, UPDATE_USER_ID, CREATE_TIME, CHECKER_USER_ID, FULL_PATH_DEPLOY, FULL_PATH_DEPLOY_OFFER, ORIGINAL_ITEM_ID, LAST_STATUS, MERCHANT_ID, ITEM_SORT, SALES, CREATE_USER_ID, SIM_LEVEL, GIFT_DESC, GIFT_IMG, GIFT_SHOW_TYPE, IMG_SIZE1)
values (2260, '中兴 U880E', '10002220', 1004, 1, null, 1, 0, 0, 0, '预存话费赠手机', 1, 1, '[{"filePath":"http://www.ln.10086.cn/service/phone/rsmanager/upload/ecps/resource/1351744169240142513766.JPG","fileRelativePath":"/upload/ecps/resource/1351744169240142513766.JPG","fileDesc":"","fileIndex":"0"},{"filePath":"http://www.ln.10086.cn/service/phone/rsmanager/upload/ecps/resource/1351744172774187059912.JPG","fileRelativePath":"/upload/ecps/resource/1351744172774187059912.JPG","fileDesc":"","fileIndex":"1"},{"filePath":"http://www.ln.10086.cn/service/phone/rsmanager/upload/ecps/resource/1351744177260134424940.JPG","fileRelativePath":"/upload/ecps/resource/1351744177260134424940.JPG","fileDesc":"","fileIndex":"2"}]', '中兴U880E', null, 0, to_timestamp('18-03-2013 18:25:27.776000', 'dd-mm-yyyy hh24:mi:ss.ff'), null, to_timestamp('18-03-2013 08:53:56.097000', 'dd-mm-yyyy hh24:mi:ss.ff'), 4000, to_timestamp('01-11-2012 12:32:15.421000', 'dd-mm-yyyy hh24:mi:ss.ff'), null, null, 'channel/SJTX/2260_ext6.html', null, 1, null, null, 10, 1, null, null, null, null, null);
insert into EB_ITEM (ITEM_ID, ITEM_NAME, ITEM_NO, BRAND_ID, CAT_ID, TAG_IMG_ID, TAG_IMG, IS_NEW, IS_GOOD, IS_HOT, PROMOTION, AUDIT_STATUS, SHOW_STATUS, IMGS, KEYWORDS, PAGE_DESC, ITEM_RECYCLE, ON_SALE_TIME, CHECK_TIME, UPDATE_TIME, UPDATE_USER_ID, CREATE_TIME, CHECKER_USER_ID, FULL_PATH_DEPLOY, FULL_PATH_DEPLOY_OFFER, ORIGINAL_ITEM_ID, LAST_STATUS, MERCHANT_ID, ITEM_SORT, SALES, CREATE_USER_ID, SIM_LEVEL, GIFT_DESC, GIFT_IMG, GIFT_SHOW_TYPE, IMG_SIZE1)
values (3003, 'htc one M7', '10003003', 1043, 1, null, 1, 1, 1, 1, 'htc one M7', 1, 0, '[{"filePath":"http://10.1.248.131:10044/rsmanager/upload/ecps/resource/1369626950703103550962.jpg","fileRelativePath":"/upload/ecps/resource/1369626950703103550962.jpg","fileDesc":"","fileIndex":"0"}]', 'htc one M7', 'htc one M7', 0, to_timestamp('17-06-2013 14:20:02.718000', 'dd-mm-yyyy hh24:mi:ss.ff'), null, to_timestamp('27-05-2013 11:56:24.843000', 'dd-mm-yyyy hh24:mi:ss.ff'), null, to_timestamp('27-05-2013 11:56:24.843000', 'dd-mm-yyyy hh24:mi:ss.ff'), null, 'channel/SJTX/3003_ext2.html', 'channel/SJTX/3003_ext6.html', null, 1, null, null, 0, 1, null, null, null, '{"phone":"0","groupon":"0","offer":"0"}', '/upload/ecps/resource/1369626938187133905314.jpg');
insert into EB_ITEM (ITEM_ID, ITEM_NAME, ITEM_NO, BRAND_ID, CAT_ID, TAG_IMG_ID, TAG_IMG, IS_NEW, IS_GOOD, IS_HOT, PROMOTION, AUDIT_STATUS, SHOW_STATUS, IMGS, KEYWORDS, PAGE_DESC, ITEM_RECYCLE, ON_SALE_TIME, CHECK_TIME, UPDATE_TIME, UPDATE_USER_ID, CREATE_TIME, CHECKER_USER_ID, FULL_PATH_DEPLOY, FULL_PATH_DEPLOY_OFFER, ORIGINAL_ITEM_ID, LAST_STATUS, MERCHANT_ID, ITEM_SORT, SALES, CREATE_USER_ID, SIM_LEVEL, GIFT_DESC, GIFT_IMG, GIFT_SHOW_TYPE, IMG_SIZE1)
values (3008, 'shaochTest1', '10003008', -1, 3000, 3001, 2, 1, 1, 1, 'shoujicuxiaoyu3', 1, 0, '[{"filePath":"http://10.1.248.131:10044/rsmanager/upload/ecps/resource/1369814411815185007522.jpg","fileRelativePath":"/upload/ecps/resource/1369814411815185007522.jpg","fileDesc":"","fileIndex":"0"}]', '页面关键词', '页面描述', 0, to_timestamp('17-06-2013 14:19:41.059000', 'dd-mm-yyyy hh24:mi:ss.ff'), null, to_timestamp('17-06-2013 14:18:12.980000', 'dd-mm-yyyy hh24:mi:ss.ff'), 1, to_timestamp('27-05-2013 16:57:18.228000', 'dd-mm-yyyy hh24:mi:ss.ff'), null, 'channel/SJTX/3/3008_ext2.html', 'channel/SJTX/3/3008_ext6.html', null, 1, null, null, 1, 1, null, null, null, '{"phone":"0","offer":"0","groupon":"0"}', '/upload/ecps/resource/1369812142386195188221.jpg');
insert into EB_ITEM (ITEM_ID, ITEM_NAME, ITEM_NO, BRAND_ID, CAT_ID, TAG_IMG_ID, TAG_IMG, IS_NEW, IS_GOOD, IS_HOT, PROMOTION, AUDIT_STATUS, SHOW_STATUS, IMGS, KEYWORDS, PAGE_DESC, ITEM_RECYCLE, ON_SALE_TIME, CHECK_TIME, UPDATE_TIME, UPDATE_USER_ID, CREATE_TIME, CHECKER_USER_ID, FULL_PATH_DEPLOY, FULL_PATH_DEPLOY_OFFER, ORIGINAL_ITEM_ID, LAST_STATUS, MERCHANT_ID, ITEM_SORT, SALES, CREATE_USER_ID, SIM_LEVEL, GIFT_DESC, GIFT_IMG, GIFT_SHOW_TYPE, IMG_SIZE1)
values (3020, 'aacc', '10003020', -1, 1, null, 1, 0, 0, 0, null, 1, 0, '[{"filePath":"http://10.1.248.131:10044/rsmanager/upload/ecps/resource/1372038033697125842868.jpg","fileRelativePath":"/upload/ecps/resource/1372038033697125842868.jpg","fileDesc":"","fileIndex":"0"}]', null, null, 0, to_timestamp('24-06-2013 10:01:41.338000', 'dd-mm-yyyy hh24:mi:ss.ff'), null, to_timestamp('24-06-2013 09:40:59.762000', 'dd-mm-yyyy hh24:mi:ss.ff'), null, to_timestamp('24-06-2013 09:40:59.762000', 'dd-mm-yyyy hh24:mi:ss.ff'), null, 'channel/SJTX/3020_ext2.html', null, null, 1, null, null, 0, 1, null, null, null, '{"phone":"0","offer":"0","groupon":"0"}', '/upload/ecps/resource/1372038023237141203628.jpg');
insert into EB_ITEM (ITEM_ID, ITEM_NAME, ITEM_NO, BRAND_ID, CAT_ID, TAG_IMG_ID, TAG_IMG, IS_NEW, IS_GOOD, IS_HOT, PROMOTION, AUDIT_STATUS, SHOW_STATUS, IMGS, KEYWORDS, PAGE_DESC, ITEM_RECYCLE, ON_SALE_TIME, CHECK_TIME, UPDATE_TIME, UPDATE_USER_ID, CREATE_TIME, CHECKER_USER_ID, FULL_PATH_DEPLOY, FULL_PATH_DEPLOY_OFFER, ORIGINAL_ITEM_ID, LAST_STATUS, MERCHANT_ID, ITEM_SORT, SALES, CREATE_USER_ID, SIM_LEVEL, GIFT_DESC, GIFT_IMG, GIFT_SHOW_TYPE, IMG_SIZE1)
values (2140, '中兴 U805', '10002101', 1004, 1, null, 1, 0, 0, 0, '预存话费赠手机', 0, 2, '[{"filePath":"http://www.ln.10086.cn/service/phone/rsmanager/upload/ecps/resource/1351662304009139125968.jpg","fileRelativePath":"/upload/ecps/resource/1351662304009139125968.jpg","fileDesc":"","fileIndex":"0"},{"filePath":"http://www.ln.10086.cn/service/phone/rsmanager/upload/ecps/resource/1351662311198163484494.jpg","fileRelativePath":"/upload/ecps/resource/1351662311198163484494.jpg","fileDesc":"","fileIndex":"1"},{"filePath":"http://www.ln.10086.cn/service/phone/rsmanager/upload/ecps/resource/1351662317580172403437.jpg","fileRelativePath":"/upload/ecps/resource/1351662317580172403437.jpg","fileDesc":"","fileIndex":"2"}]', '中兴U805', 'ZTE中兴 U805是一款直板3G智能手机， 电容屏，多点触控。ZTE中兴 U805支持Android OS 2.3 操作系统。ZTE中兴 U805支持300万像素内置单摄像头。', 0, null, null, to_timestamp('18-03-2013 08:56:27.470000', 'dd-mm-yyyy hh24:mi:ss.ff'), 4000, to_timestamp('31-10-2012 13:53:34.256000', 'dd-mm-yyyy hh24:mi:ss.ff'), null, null, 'channel/SJTX/2140_ext6.html', null, 1, null, null, 31, 1, null, null, null, null, null);
insert into EB_ITEM (ITEM_ID, ITEM_NAME, ITEM_NO, BRAND_ID, CAT_ID, TAG_IMG_ID, TAG_IMG, IS_NEW, IS_GOOD, IS_HOT, PROMOTION, AUDIT_STATUS, SHOW_STATUS, IMGS, KEYWORDS, PAGE_DESC, ITEM_RECYCLE, ON_SALE_TIME, CHECK_TIME, UPDATE_TIME, UPDATE_USER_ID, CREATE_TIME, CHECKER_USER_ID, FULL_PATH_DEPLOY, FULL_PATH_DEPLOY_OFFER, ORIGINAL_ITEM_ID, LAST_STATUS, MERCHANT_ID, ITEM_SORT, SALES, CREATE_USER_ID, SIM_LEVEL, GIFT_DESC, GIFT_IMG, GIFT_SHOW_TYPE, IMG_SIZE1)
values (2180, '海信 T92', '10002140', 1008, 1, null, 1, 0, 0, 0, '预存话费赠手机', 1, 1, '[{"filePath":"http://www.ln.10086.cn/service/phone/rsmanager/upload/ecps/resource/1351667577447106250970.jpg","fileRelativePath":"/upload/ecps/resource/1351667577447106250970.jpg","fileDesc":"","fileIndex":"0"},{"filePath":"http://www.ln.10086.cn/service/phone/rsmanager/upload/ecps/resource/1351667587737182744065.jpg","fileRelativePath":"/upload/ecps/resource/1351667587737182744065.jpg","fileDesc":"","fileIndex":"1"},{"filePath":"http://www.ln.10086.cn/service/phone/rsmanager/upload/ecps/resource/1351667593309191996469.jpg","fileRelativePath":"/upload/ecps/resource/1351667593309191996469.jpg","fileDesc":"","fileIndex":"2"},{"filePath":"http://www.ln.10086.cn/service/phone/rsmanager/upload/ecps/resource/1351667602835152729891.jpg","fileRelativePath":"/upload/ecps/resource/1351667602835152729891.jpg","fileDesc":"","fileIndex":"3"}]', '海信T92', null, 0, to_timestamp('18-03-2013 18:25:45.639000', 'dd-mm-yyyy hh24:mi:ss.ff'), null, to_timestamp('18-03-2013 08:55:07.032000', 'dd-mm-yyyy hh24:mi:ss.ff'), 4000, to_timestamp('31-10-2012 15:16:46.224000', 'dd-mm-yyyy hh24:mi:ss.ff'), null, null, 'channel/SJTX/2180_ext6.html', null, 1, null, null, 0, 1, null, null, null, null, null);
insert into EB_ITEM (ITEM_ID, ITEM_NAME, ITEM_NO, BRAND_ID, CAT_ID, TAG_IMG_ID, TAG_IMG, IS_NEW, IS_GOOD, IS_HOT, PROMOTION, AUDIT_STATUS, SHOW_STATUS, IMGS, KEYWORDS, PAGE_DESC, ITEM_RECYCLE, ON_SALE_TIME, CHECK_TIME, UPDATE_TIME, UPDATE_USER_ID, CREATE_TIME, CHECKER_USER_ID, FULL_PATH_DEPLOY, FULL_PATH_DEPLOY_OFFER, ORIGINAL_ITEM_ID, LAST_STATUS, MERCHANT_ID, ITEM_SORT, SALES, CREATE_USER_ID, SIM_LEVEL, GIFT_DESC, GIFT_IMG, GIFT_SHOW_TYPE, IMG_SIZE1)
values (2200, '波导 T9', '10002160', 1000, 1, null, 1, 0, 0, 0, '波导T9存话费赠手机', 1, 1, '[{"filePath":"http://www.ln.10086.cn/service/phone/rsmanager/upload/ecps/resource/1351670606809161072816.JPG","fileRelativePath":"/upload/ecps/resource/1351670606809161072816.JPG","fileDesc":"","fileIndex":"0"},{"filePath":"http://www.ln.10086.cn/service/phone/rsmanager/upload/ecps/resource/1351670614928189457246.jpg","fileRelativePath":"/upload/ecps/resource/1351670614928189457246.jpg","fileDesc":"","fileIndex":"1"},{"filePath":"http://www.ln.10086.cn/service/phone/rsmanager/upload/ecps/resource/1351670620735189076804.jpg","fileRelativePath":"/upload/ecps/resource/1351670620735189076804.jpg","fileDesc":"","fileIndex":"2"},{"filePath":"http://www.ln.10086.cn/service/phone/rsmanager/upload/ecps/resource/1351670627881182630002.jpg","fileRelativePath":"/upload/ecps/resource/1351670627881182630002.jpg","fileDesc":"","fileIndex":"3"},{"filePath":"http://www.ln.10086.cn/service/phone/rsmanager/upload/ecps/resource/1351670639967189388753.jpg","fileRelativePath":"/upload/ecps/resource/1351670639967189388753.jpg","fileDesc":"","fileIndex":"4"}]', '波导T9', null, 0, to_timestamp('18-03-2013 18:25:42.466000', 'dd-mm-yyyy hh24:mi:ss.ff'), null, to_timestamp('31-10-2012 16:07:31.808000', 'dd-mm-yyyy hh24:mi:ss.ff'), 1, to_timestamp('31-10-2012 16:06:50.311000', 'dd-mm-yyyy hh24:mi:ss.ff'), null, null, 'channel/SJTX/2200_ext6.html', null, 1, null, null, 0, 1, null, null, null, null, null);
insert into EB_ITEM (ITEM_ID, ITEM_NAME, ITEM_NO, BRAND_ID, CAT_ID, TAG_IMG_ID, TAG_IMG, IS_NEW, IS_GOOD, IS_HOT, PROMOTION, AUDIT_STATUS, SHOW_STATUS, IMGS, KEYWORDS, PAGE_DESC, ITEM_RECYCLE, ON_SALE_TIME, CHECK_TIME, UPDATE_TIME, UPDATE_USER_ID, CREATE_TIME, CHECKER_USER_ID, FULL_PATH_DEPLOY, FULL_PATH_DEPLOY_OFFER, ORIGINAL_ITEM_ID, LAST_STATUS, MERCHANT_ID, ITEM_SORT, SALES, CREATE_USER_ID, SIM_LEVEL, GIFT_DESC, GIFT_IMG, GIFT_SHOW_TYPE, IMG_SIZE1)
values (2201, '华为 T2002', '10002161', 1001, 1, null, 1, 0, 0, 0, '预存话费赠手机', 0, 2, '[{"filePath":"http://www.ln.10086.cn/service/phone/rsmanager/upload/ecps/resource/1353488847141199298088.jpg","fileRelativePath":"/upload/ecps/resource/1353488847141199298088.jpg","fileDesc":"","fileIndex":"0"}]', '华为T2002存话费赠手机', null, 0, null, null, to_timestamp('18-03-2013 08:54:47.368000', 'dd-mm-yyyy hh24:mi:ss.ff'), 4000, to_timestamp('31-10-2012 16:17:35.553000', 'dd-mm-yyyy hh24:mi:ss.ff'), null, null, 'channel/SJTX/2201_ext6.html', null, 1, null, null, 33, 1, null, null, null, null, null);
insert into EB_ITEM (ITEM_ID, ITEM_NAME, ITEM_NO, BRAND_ID, CAT_ID, TAG_IMG_ID, TAG_IMG, IS_NEW, IS_GOOD, IS_HOT, PROMOTION, AUDIT_STATUS, SHOW_STATUS, IMGS, KEYWORDS, PAGE_DESC, ITEM_RECYCLE, ON_SALE_TIME, CHECK_TIME, UPDATE_TIME, UPDATE_USER_ID, CREATE_TIME, CHECKER_USER_ID, FULL_PATH_DEPLOY, FULL_PATH_DEPLOY_OFFER, ORIGINAL_ITEM_ID, LAST_STATUS, MERCHANT_ID, ITEM_SORT, SALES, CREATE_USER_ID, SIM_LEVEL, GIFT_DESC, GIFT_IMG, GIFT_SHOW_TYPE, IMG_SIZE1)
values (2222, '酷派 8150', '10002200', -1, 1, null, 1, 0, 0, 0, '预存话费赠手机', 1, 1, '[{"filePath":"http://www.ln.10086.cn/service/phone/rsmanager/upload/ecps/resource/1351675546327189446640.jpg","fileRelativePath":"/upload/ecps/resource/1351675546327189446640.jpg","fileDesc":"","fileIndex":"0"},{"filePath":"http://www.ln.10086.cn/service/phone/rsmanager/upload/ecps/resource/1351675554156179511173.jpg","fileRelativePath":"/upload/ecps/resource/1351675554156179511173.jpg","fileDesc":"","fileIndex":"1"},{"filePath":"http://www.ln.10086.cn/service/phone/rsmanager/upload/ecps/resource/1351675566059199717186.jpg","fileRelativePath":"/upload/ecps/resource/1351675566059199717186.jpg","fileDesc":"","fileIndex":"2"},{"filePath":"http://www.ln.10086.cn/service/phone/rsmanager/upload/ecps/resource/1351675573339174746009.jpg","fileRelativePath":"/upload/ecps/resource/1351675573339174746009.jpg","fileDesc":"","fileIndex":"3"},{"filePath":"http://www.ln.10086.cn/service/phone/rsmanager/upload/ecps/resource/1351675867049199595420.jpg","fileRelativePath":"/upload/ecps/resource/1351675867049199595420.jpg","fileDesc":"","fileIndex":"4"}]', '酷派8150', null, 0, to_timestamp('18-03-2013 18:25:36.024000', 'dd-mm-yyyy hh24:mi:ss.ff'), null, to_timestamp('18-03-2013 08:54:19.294000', 'dd-mm-yyyy hh24:mi:ss.ff'), 4000, to_timestamp('31-10-2012 17:26:37.139000', 'dd-mm-yyyy hh24:mi:ss.ff'), null, null, 'channel/SJTX/2222_ext6.html', null, 1, null, null, 0, 1, null, null, null, null, null);
insert into EB_ITEM (ITEM_ID, ITEM_NAME, ITEM_NO, BRAND_ID, CAT_ID, TAG_IMG_ID, TAG_IMG, IS_NEW, IS_GOOD, IS_HOT, PROMOTION, AUDIT_STATUS, SHOW_STATUS, IMGS, KEYWORDS, PAGE_DESC, ITEM_RECYCLE, ON_SALE_TIME, CHECK_TIME, UPDATE_TIME, UPDATE_USER_ID, CREATE_TIME, CHECKER_USER_ID, FULL_PATH_DEPLOY, FULL_PATH_DEPLOY_OFFER, ORIGINAL_ITEM_ID, LAST_STATUS, MERCHANT_ID, ITEM_SORT, SALES, CREATE_USER_ID, SIM_LEVEL, GIFT_DESC, GIFT_IMG, GIFT_SHOW_TYPE, IMG_SIZE1)
values (2240, '中兴 U960S', '10002201', 1004, 1, null, 1, 0, 0, 0, '预存话费赠手机', 1, 1, '[{"filePath":"http://www.ln.10086.cn/service/phone/rsmanager/upload/ecps/resource/1351676394869133049202.jpg","fileRelativePath":"/upload/ecps/resource/1351676394869133049202.jpg","fileDesc":"","fileIndex":"0"},{"filePath":"http://www.ln.10086.cn/service/phone/rsmanager/upload/ecps/resource/1351676402122188250827.jpg","fileRelativePath":"/upload/ecps/resource/1351676402122188250827.jpg","fileDesc":"","fileIndex":"1"},{"filePath":"http://www.ln.10086.cn/service/phone/rsmanager/upload/ecps/resource/1351676484441180300409.jpg","fileRelativePath":"/upload/ecps/resource/1351676484441180300409.jpg","fileDesc":"","fileIndex":"2"}]', '中兴U960S', null, 0, to_timestamp('18-03-2013 18:25:31.681000', 'dd-mm-yyyy hh24:mi:ss.ff'), null, to_timestamp('18-03-2013 08:54:10.875000', 'dd-mm-yyyy hh24:mi:ss.ff'), 4000, to_timestamp('31-10-2012 17:42:36.722000', 'dd-mm-yyyy hh24:mi:ss.ff'), null, null, 'channel/SJTX/2240_ext6.html', null, 1, null, null, 7, 1, null, null, null, null, null);
insert into EB_ITEM (ITEM_ID, ITEM_NAME, ITEM_NO, BRAND_ID, CAT_ID, TAG_IMG_ID, TAG_IMG, IS_NEW, IS_GOOD, IS_HOT, PROMOTION, AUDIT_STATUS, SHOW_STATUS, IMGS, KEYWORDS, PAGE_DESC, ITEM_RECYCLE, ON_SALE_TIME, CHECK_TIME, UPDATE_TIME, UPDATE_USER_ID, CREATE_TIME, CHECKER_USER_ID, FULL_PATH_DEPLOY, FULL_PATH_DEPLOY_OFFER, ORIGINAL_ITEM_ID, LAST_STATUS, MERCHANT_ID, ITEM_SORT, SALES, CREATE_USER_ID, SIM_LEVEL, GIFT_DESC, GIFT_IMG, GIFT_SHOW_TYPE, IMG_SIZE1)
values (3040, '测试购买上限', '10003040', 1000, 1, null, 1, 0, 0, 0, null, 1, 0, '[{"filePath":"http://10.1.248.131:10044/rsmanager/upload/ecps/resource/1372409975623139668103.JPG","fileRelativePath":"/upload/ecps/resource/1372409975623139668103.JPG","fileDesc":"","fileIndex":"0"}]', null, null, 0, to_timestamp('28-06-2013 17:00:40.075000', 'dd-mm-yyyy hh24:mi:ss.ff'), null, to_timestamp('28-06-2013 17:00:20.714000', 'dd-mm-yyyy hh24:mi:ss.ff'), null, to_timestamp('28-06-2013 17:00:20.714000', 'dd-mm-yyyy hh24:mi:ss.ff'), null, 'channel/SJTX/3040_ext2.html', null, null, 1, null, null, 2, 1, null, null, null, '{"phone":"0","offer":"0","groupon":"0"}', '/upload/ecps/resource/1372409965280138851471.JPG');
insert into EB_ITEM (ITEM_ID, ITEM_NAME, ITEM_NO, BRAND_ID, CAT_ID, TAG_IMG_ID, TAG_IMG, IS_NEW, IS_GOOD, IS_HOT, PROMOTION, AUDIT_STATUS, SHOW_STATUS, IMGS, KEYWORDS, PAGE_DESC, ITEM_RECYCLE, ON_SALE_TIME, CHECK_TIME, UPDATE_TIME, UPDATE_USER_ID, CREATE_TIME, CHECKER_USER_ID, FULL_PATH_DEPLOY, FULL_PATH_DEPLOY_OFFER, ORIGINAL_ITEM_ID, LAST_STATUS, MERCHANT_ID, ITEM_SORT, SALES, CREATE_USER_ID, SIM_LEVEL, GIFT_DESC, GIFT_IMG, GIFT_SHOW_TYPE, IMG_SIZE1)
values (3000, 'shaochTest', '10003000', 1043, 1, null, 1, 1, 1, 1, null, 0, 1, '[{"filePath":"http://10.1.248.131:10044/rsmanager/upload/ecps/resource/1369621178336124432666.jpg","fileRelativePath":"/upload/ecps/resource/1369621178336124432666.jpg","fileDesc":"","fileIndex":"0"}]', null, null, 0, null, null, to_timestamp('24-06-2013 17:30:44.828000', 'dd-mm-yyyy hh24:mi:ss.ff'), 1, to_timestamp('27-05-2013 10:20:32.214000', 'dd-mm-yyyy hh24:mi:ss.ff'), null, 'channel/SJTX/3000_ext2.html', null, null, 1, null, null, 0, 1, null, null, null, '{"phone":"0","groupon":"0","offer":"0"}', '/upload/ecps/resource/1369621158996144893708.jpg');
insert into EB_ITEM (ITEM_ID, ITEM_NAME, ITEM_NO, BRAND_ID, CAT_ID, TAG_IMG_ID, TAG_IMG, IS_NEW, IS_GOOD, IS_HOT, PROMOTION, AUDIT_STATUS, SHOW_STATUS, IMGS, KEYWORDS, PAGE_DESC, ITEM_RECYCLE, ON_SALE_TIME, CHECK_TIME, UPDATE_TIME, UPDATE_USER_ID, CREATE_TIME, CHECKER_USER_ID, FULL_PATH_DEPLOY, FULL_PATH_DEPLOY_OFFER, ORIGINAL_ITEM_ID, LAST_STATUS, MERCHANT_ID, ITEM_SORT, SALES, CREATE_USER_ID, SIM_LEVEL, GIFT_DESC, GIFT_IMG, GIFT_SHOW_TYPE, IMG_SIZE1)
values (3001, '测试裸机陈惠', '10003001', -1, 1, null, 1, 0, 0, 0, null, 1, 0, '[{"filePath":"http://10.1.248.131:10044/rsmanager/upload/ecps/resource/1369621396991175586687.jpg","fileRelativePath":"/upload/ecps/resource/1369621396991175586687.jpg","fileDesc":"","fileIndex":"0"}]', null, null, 0, to_timestamp('24-06-2013 10:34:02.020000', 'dd-mm-yyyy hh24:mi:ss.ff'), null, to_timestamp('24-06-2013 10:33:38.732000', 'dd-mm-yyyy hh24:mi:ss.ff'), 1, to_timestamp('27-05-2013 10:23:35.345000', 'dd-mm-yyyy hh24:mi:ss.ff'), null, 'channel/SJTX/3001_ext2.html', null, null, 1, null, null, 0, 1, null, null, null, '{"phone":"0","offer":"0","groupon":"0"}', '/upload/ecps/resource/1372041202707150447911.jpg');
insert into EB_ITEM (ITEM_ID, ITEM_NAME, ITEM_NO, BRAND_ID, CAT_ID, TAG_IMG_ID, TAG_IMG, IS_NEW, IS_GOOD, IS_HOT, PROMOTION, AUDIT_STATUS, SHOW_STATUS, IMGS, KEYWORDS, PAGE_DESC, ITEM_RECYCLE, ON_SALE_TIME, CHECK_TIME, UPDATE_TIME, UPDATE_USER_ID, CREATE_TIME, CHECKER_USER_ID, FULL_PATH_DEPLOY, FULL_PATH_DEPLOY_OFFER, ORIGINAL_ITEM_ID, LAST_STATUS, MERCHANT_ID, ITEM_SORT, SALES, CREATE_USER_ID, SIM_LEVEL, GIFT_DESC, GIFT_IMG, GIFT_SHOW_TYPE, IMG_SIZE1)
values (3002, '测试裸机2', '10003002', -1, 1, 3000, 2, 1, 0, 1, '走过路过不要错过', 1, 0, '[{"filePath":"http://10.1.248.131:10044/rsmanager/upload/ecps/resource/1369621607108171440369.jpg","fileRelativePath":"/upload/ecps/resource/1369621607108171440369.jpg","fileDesc":"","fileIndex":"0"}]', null, null, 0, to_timestamp('27-05-2013 10:29:25.139000', 'dd-mm-yyyy hh24:mi:ss.ff'), null, to_timestamp('27-05-2013 10:29:08.432000', 'dd-mm-yyyy hh24:mi:ss.ff'), null, to_timestamp('27-05-2013 10:29:08.432000', 'dd-mm-yyyy hh24:mi:ss.ff'), null, 'channel/SJTX/3002_ext2.html', null, null, 1, null, null, 0, 1, null, '买一送一', null, '{"phone":"1","offer":"0","groupon":"0"}', '/upload/ecps/resource/1369621600996149880549.jpg');
insert into EB_ITEM (ITEM_ID, ITEM_NAME, ITEM_NO, BRAND_ID, CAT_ID, TAG_IMG_ID, TAG_IMG, IS_NEW, IS_GOOD, IS_HOT, PROMOTION, AUDIT_STATUS, SHOW_STATUS, IMGS, KEYWORDS, PAGE_DESC, ITEM_RECYCLE, ON_SALE_TIME, CHECK_TIME, UPDATE_TIME, UPDATE_USER_ID, CREATE_TIME, CHECKER_USER_ID, FULL_PATH_DEPLOY, FULL_PATH_DEPLOY_OFFER, ORIGINAL_ITEM_ID, LAST_STATUS, MERCHANT_ID, ITEM_SORT, SALES, CREATE_USER_ID, SIM_LEVEL, GIFT_DESC, GIFT_IMG, GIFT_SHOW_TYPE, IMG_SIZE1)
values (3007, '中兴（ZTE） U817', '10003007', 1004, 1, null, 1, 1, 1, 1, null, 1, 0, '[{"filePath":"http://10.1.248.131:10044/rsmanager/upload/ecps/resource/1369642673984184660927.jpg","fileRelativePath":"/upload/ecps/resource/1369642673984184660927.jpg","fileDesc":"","fileIndex":"0"}]', '3G手机', '中兴（ZTE） U817 3G手机', 0, to_timestamp('17-06-2013 14:19:45.784000', 'dd-mm-yyyy hh24:mi:ss.ff'), null, to_timestamp('17-06-2013 14:18:23.337000', 'dd-mm-yyyy hh24:mi:ss.ff'), 1, to_timestamp('27-05-2013 16:18:22.765000', 'dd-mm-yyyy hh24:mi:ss.ff'), null, 'channel/SJTX/3007_ext2.html', null, null, 1, null, null, 0, 1, null, null, null, '{"phone":"0","offer":"0","groupon":"0"}', '/upload/ecps/resource/1369642667937132507971.jpg');
insert into EB_ITEM (ITEM_ID, ITEM_NAME, ITEM_NO, BRAND_ID, CAT_ID, TAG_IMG_ID, TAG_IMG, IS_NEW, IS_GOOD, IS_HOT, PROMOTION, AUDIT_STATUS, SHOW_STATUS, IMGS, KEYWORDS, PAGE_DESC, ITEM_RECYCLE, ON_SALE_TIME, CHECK_TIME, UPDATE_TIME, UPDATE_USER_ID, CREATE_TIME, CHECKER_USER_ID, FULL_PATH_DEPLOY, FULL_PATH_DEPLOY_OFFER, ORIGINAL_ITEM_ID, LAST_STATUS, MERCHANT_ID, ITEM_SORT, SALES, CREATE_USER_ID, SIM_LEVEL, GIFT_DESC, GIFT_IMG, GIFT_SHOW_TYPE, IMG_SIZE1)
values (3009, 'htc one ', '10003009', 1043, 1, null, 1, 1, 1, 0, null, 1, 0, '[{"filePath":"http://10.1.248.131:10044/rsmanager/upload/ecps/resource/1369820104750160994083.jpg","fileRelativePath":"/upload/ecps/resource/1369820104750160994083.jpg","fileDesc":"","fileIndex":"0"}]', null, null, 0, to_timestamp('17-06-2013 14:19:36.529000', 'dd-mm-yyyy hh24:mi:ss.ff'), null, to_timestamp('17-06-2013 14:17:58.861000', 'dd-mm-yyyy hh24:mi:ss.ff'), 1, to_timestamp('29-05-2013 17:35:20.171000', 'dd-mm-yyyy hh24:mi:ss.ff'), null, 'channel/SJTX/3009_ext2.html', null, null, 1, null, null, 1, 1, null, null, null, '{"phone":"0","offer":"0","groupon":"0"}', '/upload/ecps/resource/1369820096156172754624.jpg');
insert into EB_ITEM (ITEM_ID, ITEM_NAME, ITEM_NO, BRAND_ID, CAT_ID, TAG_IMG_ID, TAG_IMG, IS_NEW, IS_GOOD, IS_HOT, PROMOTION, AUDIT_STATUS, SHOW_STATUS, IMGS, KEYWORDS, PAGE_DESC, ITEM_RECYCLE, ON_SALE_TIME, CHECK_TIME, UPDATE_TIME, UPDATE_USER_ID, CREATE_TIME, CHECKER_USER_ID, FULL_PATH_DEPLOY, FULL_PATH_DEPLOY_OFFER, ORIGINAL_ITEM_ID, LAST_STATUS, MERCHANT_ID, ITEM_SORT, SALES, CREATE_USER_ID, SIM_LEVEL, GIFT_DESC, GIFT_IMG, GIFT_SHOW_TYPE, IMG_SIZE1)
values (3010, '@@@', '10003010', 1043, 3000, null, 1, 0, 0, 0, null, 1, 0, '[{"filePath":"http://10.1.248.131:10044/rsmanager/upload/ecps/resource/1369888323409168341080.jpg","fileRelativePath":"/upload/ecps/resource/1369888323409168341080.jpg","fileDesc":"","fileIndex":"0"}]', null, null, 0, to_timestamp('17-06-2013 14:19:31.578000', 'dd-mm-yyyy hh24:mi:ss.ff'), null, to_timestamp('17-06-2013 14:17:48.156000', 'dd-mm-yyyy hh24:mi:ss.ff'), 1, to_timestamp('30-05-2013 12:32:07.868000', 'dd-mm-yyyy hh24:mi:ss.ff'), null, 'channel/SJTX/3/3010_ext2.html', null, null, 1, null, null, 0, 1, null, null, null, '{"phone":"0","offer":"0","groupon":"0"}', '/upload/ecps/resource/1369888314431124889523.jpg');
insert into EB_ITEM (ITEM_ID, ITEM_NAME, ITEM_NO, BRAND_ID, CAT_ID, TAG_IMG_ID, TAG_IMG, IS_NEW, IS_GOOD, IS_HOT, PROMOTION, AUDIT_STATUS, SHOW_STATUS, IMGS, KEYWORDS, PAGE_DESC, ITEM_RECYCLE, ON_SALE_TIME, CHECK_TIME, UPDATE_TIME, UPDATE_USER_ID, CREATE_TIME, CHECKER_USER_ID, FULL_PATH_DEPLOY, FULL_PATH_DEPLOY_OFFER, ORIGINAL_ITEM_ID, LAST_STATUS, MERCHANT_ID, ITEM_SORT, SALES, CREATE_USER_ID, SIM_LEVEL, GIFT_DESC, GIFT_IMG, GIFT_SHOW_TYPE, IMG_SIZE1)
values (3004, '诺基亚 Lumia 920', '10003004', 1042, 1, null, 1, 1, 1, 1, null, 1, 0, '[{"filePath":"http://10.1.248.131:10044/rsmanager/upload/ecps/resource/1369635292640147766962.jpg","fileRelativePath":"/upload/ecps/resource/1369635292640147766962.jpg","fileDesc":"","fileIndex":"0"}]', '诺基亚 Lumia 920', '诺基亚 Lumia 920', 0, to_timestamp('17-06-2013 14:19:54.099000', 'dd-mm-yyyy hh24:mi:ss.ff'), null, to_timestamp('27-05-2013 14:14:55.750000', 'dd-mm-yyyy hh24:mi:ss.ff'), null, to_timestamp('27-05-2013 14:14:55.750000', 'dd-mm-yyyy hh24:mi:ss.ff'), null, 'channel/SJTX/3004_ext2.html', null, null, 1, null, null, 0, 1, null, null, null, '{"phone":"0","groupon":"0","offer":"0"}', '/upload/ecps/resource/1369635283171137838697.jpg');
insert into EB_ITEM (ITEM_ID, ITEM_NAME, ITEM_NO, BRAND_ID, CAT_ID, TAG_IMG_ID, TAG_IMG, IS_NEW, IS_GOOD, IS_HOT, PROMOTION, AUDIT_STATUS, SHOW_STATUS, IMGS, KEYWORDS, PAGE_DESC, ITEM_RECYCLE, ON_SALE_TIME, CHECK_TIME, UPDATE_TIME, UPDATE_USER_ID, CREATE_TIME, CHECKER_USER_ID, FULL_PATH_DEPLOY, FULL_PATH_DEPLOY_OFFER, ORIGINAL_ITEM_ID, LAST_STATUS, MERCHANT_ID, ITEM_SORT, SALES, CREATE_USER_ID, SIM_LEVEL, GIFT_DESC, GIFT_IMG, GIFT_SHOW_TYPE, IMG_SIZE1)
values (3005, '诺基亚 Lumia 900', '10003005', -1, 1, null, 1, 1, 1, 1, null, 1, 0, '[{"filePath":"http://10.1.248.131:10044/rsmanager/upload/ecps/resource/1369637956093101925427.jpg","fileRelativePath":"/upload/ecps/resource/1369637956093101925427.jpg","fileDesc":"","fileIndex":"0"}]', '诺基亚 Lumia 900', '诺基亚 Lumia 900', 0, to_timestamp('17-06-2013 14:19:58.311000', 'dd-mm-yyyy hh24:mi:ss.ff'), null, to_timestamp('17-06-2013 14:18:45.246000', 'dd-mm-yyyy hh24:mi:ss.ff'), 1, to_timestamp('27-05-2013 14:59:19.093000', 'dd-mm-yyyy hh24:mi:ss.ff'), null, 'channel/SJTX/3005_ext2.html', null, null, 1, null, null, 0, 1, null, null, null, '{"phone":"0","offer":"0","groupon":"0"}', '/upload/ecps/resource/1369637912640153822626.jpg');
insert into EB_ITEM (ITEM_ID, ITEM_NAME, ITEM_NO, BRAND_ID, CAT_ID, TAG_IMG_ID, TAG_IMG, IS_NEW, IS_GOOD, IS_HOT, PROMOTION, AUDIT_STATUS, SHOW_STATUS, IMGS, KEYWORDS, PAGE_DESC, ITEM_RECYCLE, ON_SALE_TIME, CHECK_TIME, UPDATE_TIME, UPDATE_USER_ID, CREATE_TIME, CHECKER_USER_ID, FULL_PATH_DEPLOY, FULL_PATH_DEPLOY_OFFER, ORIGINAL_ITEM_ID, LAST_STATUS, MERCHANT_ID, ITEM_SORT, SALES, CREATE_USER_ID, SIM_LEVEL, GIFT_DESC, GIFT_IMG, GIFT_SHOW_TYPE, IMG_SIZE1)
values (3006, '诺基亚 Lumia 950', '10003006', -1, 1, null, 1, 1, 1, 1, null, 1, 0, '[{"filePath":"http://10.1.248.131:10044/rsmanager/upload/ecps/resource/1369640057875150499355.jpg","fileRelativePath":"/upload/ecps/resource/1369640057875150499355.jpg","fileDesc":"","fileIndex":"0"}]', '诺基亚 Lumia 950', '诺基亚 Lumia 950', 0, to_timestamp('17-06-2013 14:19:50.067000', 'dd-mm-yyyy hh24:mi:ss.ff'), null, to_timestamp('17-06-2013 14:18:33.439000', 'dd-mm-yyyy hh24:mi:ss.ff'), 1, to_timestamp('27-05-2013 15:34:42.437000', 'dd-mm-yyyy hh24:mi:ss.ff'), null, 'channel/SJTX/3006_ext2.html', null, null, 1, null, null, 0, 1, null, null, null, '{"phone":"0","offer":"0","groupon":"0"}', '/upload/ecps/resource/1369640051671176447472.jpg');
commit;
prompt 58 records loaded
prompt Loading EB_ITEM_BUSINESS_SCOPE...
insert into EB_ITEM_BUSINESS_SCOPE (BUSINESS_SCOPE_ID, ITEM_ID)
values (1, 3000);
insert into EB_ITEM_BUSINESS_SCOPE (BUSINESS_SCOPE_ID, ITEM_ID)
values (1, 3001);
insert into EB_ITEM_BUSINESS_SCOPE (BUSINESS_SCOPE_ID, ITEM_ID)
values (1, 3002);
insert into EB_ITEM_BUSINESS_SCOPE (BUSINESS_SCOPE_ID, ITEM_ID)
values (1, 3003);
insert into EB_ITEM_BUSINESS_SCOPE (BUSINESS_SCOPE_ID, ITEM_ID)
values (1, 3004);
insert into EB_ITEM_BUSINESS_SCOPE (BUSINESS_SCOPE_ID, ITEM_ID)
values (1, 3005);
insert into EB_ITEM_BUSINESS_SCOPE (BUSINESS_SCOPE_ID, ITEM_ID)
values (1, 3006);
insert into EB_ITEM_BUSINESS_SCOPE (BUSINESS_SCOPE_ID, ITEM_ID)
values (1, 3007);
insert into EB_ITEM_BUSINESS_SCOPE (BUSINESS_SCOPE_ID, ITEM_ID)
values (1, 3008);
insert into EB_ITEM_BUSINESS_SCOPE (BUSINESS_SCOPE_ID, ITEM_ID)
values (1, 3009);
insert into EB_ITEM_BUSINESS_SCOPE (BUSINESS_SCOPE_ID, ITEM_ID)
values (1, 3010);
insert into EB_ITEM_BUSINESS_SCOPE (BUSINESS_SCOPE_ID, ITEM_ID)
values (1, 3020);
insert into EB_ITEM_BUSINESS_SCOPE (BUSINESS_SCOPE_ID, ITEM_ID)
values (1, 3040);
insert into EB_ITEM_BUSINESS_SCOPE (BUSINESS_SCOPE_ID, ITEM_ID)
values (2, 2000);
insert into EB_ITEM_BUSINESS_SCOPE (BUSINESS_SCOPE_ID, ITEM_ID)
values (2, 2020);
insert into EB_ITEM_BUSINESS_SCOPE (BUSINESS_SCOPE_ID, ITEM_ID)
values (2, 2040);
insert into EB_ITEM_BUSINESS_SCOPE (BUSINESS_SCOPE_ID, ITEM_ID)
values (2, 2060);
insert into EB_ITEM_BUSINESS_SCOPE (BUSINESS_SCOPE_ID, ITEM_ID)
values (2, 2061);
insert into EB_ITEM_BUSINESS_SCOPE (BUSINESS_SCOPE_ID, ITEM_ID)
values (2, 2080);
insert into EB_ITEM_BUSINESS_SCOPE (BUSINESS_SCOPE_ID, ITEM_ID)
values (2, 2100);
insert into EB_ITEM_BUSINESS_SCOPE (BUSINESS_SCOPE_ID, ITEM_ID)
values (2, 2120);
insert into EB_ITEM_BUSINESS_SCOPE (BUSINESS_SCOPE_ID, ITEM_ID)
values (2, 2140);
insert into EB_ITEM_BUSINESS_SCOPE (BUSINESS_SCOPE_ID, ITEM_ID)
values (2, 2141);
insert into EB_ITEM_BUSINESS_SCOPE (BUSINESS_SCOPE_ID, ITEM_ID)
values (2, 2160);
insert into EB_ITEM_BUSINESS_SCOPE (BUSINESS_SCOPE_ID, ITEM_ID)
values (2, 2161);
insert into EB_ITEM_BUSINESS_SCOPE (BUSINESS_SCOPE_ID, ITEM_ID)
values (2, 2180);
insert into EB_ITEM_BUSINESS_SCOPE (BUSINESS_SCOPE_ID, ITEM_ID)
values (2, 2200);
insert into EB_ITEM_BUSINESS_SCOPE (BUSINESS_SCOPE_ID, ITEM_ID)
values (2, 2201);
insert into EB_ITEM_BUSINESS_SCOPE (BUSINESS_SCOPE_ID, ITEM_ID)
values (2, 2220);
insert into EB_ITEM_BUSINESS_SCOPE (BUSINESS_SCOPE_ID, ITEM_ID)
values (2, 2221);
insert into EB_ITEM_BUSINESS_SCOPE (BUSINESS_SCOPE_ID, ITEM_ID)
values (2, 2222);
insert into EB_ITEM_BUSINESS_SCOPE (BUSINESS_SCOPE_ID, ITEM_ID)
values (2, 2240);
insert into EB_ITEM_BUSINESS_SCOPE (BUSINESS_SCOPE_ID, ITEM_ID)
values (2, 2260);
insert into EB_ITEM_BUSINESS_SCOPE (BUSINESS_SCOPE_ID, ITEM_ID)
values (2, 2280);
insert into EB_ITEM_BUSINESS_SCOPE (BUSINESS_SCOPE_ID, ITEM_ID)
values (2, 2281);
insert into EB_ITEM_BUSINESS_SCOPE (BUSINESS_SCOPE_ID, ITEM_ID)
values (2, 2300);
insert into EB_ITEM_BUSINESS_SCOPE (BUSINESS_SCOPE_ID, ITEM_ID)
values (2, 2320);
insert into EB_ITEM_BUSINESS_SCOPE (BUSINESS_SCOPE_ID, ITEM_ID)
values (2, 2340);
insert into EB_ITEM_BUSINESS_SCOPE (BUSINESS_SCOPE_ID, ITEM_ID)
values (2, 2360);
insert into EB_ITEM_BUSINESS_SCOPE (BUSINESS_SCOPE_ID, ITEM_ID)
values (2, 2380);
insert into EB_ITEM_BUSINESS_SCOPE (BUSINESS_SCOPE_ID, ITEM_ID)
values (2, 2381);
insert into EB_ITEM_BUSINESS_SCOPE (BUSINESS_SCOPE_ID, ITEM_ID)
values (2, 2382);
insert into EB_ITEM_BUSINESS_SCOPE (BUSINESS_SCOPE_ID, ITEM_ID)
values (2, 2383);
insert into EB_ITEM_BUSINESS_SCOPE (BUSINESS_SCOPE_ID, ITEM_ID)
values (2, 2384);
insert into EB_ITEM_BUSINESS_SCOPE (BUSINESS_SCOPE_ID, ITEM_ID)
values (2, 2385);
insert into EB_ITEM_BUSINESS_SCOPE (BUSINESS_SCOPE_ID, ITEM_ID)
values (2, 2386);
insert into EB_ITEM_BUSINESS_SCOPE (BUSINESS_SCOPE_ID, ITEM_ID)
values (2, 2400);
insert into EB_ITEM_BUSINESS_SCOPE (BUSINESS_SCOPE_ID, ITEM_ID)
values (2, 2401);
insert into EB_ITEM_BUSINESS_SCOPE (BUSINESS_SCOPE_ID, ITEM_ID)
values (2, 2402);
insert into EB_ITEM_BUSINESS_SCOPE (BUSINESS_SCOPE_ID, ITEM_ID)
values (2, 2420);
insert into EB_ITEM_BUSINESS_SCOPE (BUSINESS_SCOPE_ID, ITEM_ID)
values (2, 2421);
insert into EB_ITEM_BUSINESS_SCOPE (BUSINESS_SCOPE_ID, ITEM_ID)
values (2, 2422);
insert into EB_ITEM_BUSINESS_SCOPE (BUSINESS_SCOPE_ID, ITEM_ID)
values (2, 2423);
insert into EB_ITEM_BUSINESS_SCOPE (BUSINESS_SCOPE_ID, ITEM_ID)
values (2, 2424);
insert into EB_ITEM_BUSINESS_SCOPE (BUSINESS_SCOPE_ID, ITEM_ID)
values (2, 2440);
insert into EB_ITEM_BUSINESS_SCOPE (BUSINESS_SCOPE_ID, ITEM_ID)
values (2, 2441);
insert into EB_ITEM_BUSINESS_SCOPE (BUSINESS_SCOPE_ID, ITEM_ID)
values (2, 2442);
insert into EB_ITEM_BUSINESS_SCOPE (BUSINESS_SCOPE_ID, ITEM_ID)
values (2, 2443);
insert into EB_ITEM_BUSINESS_SCOPE (BUSINESS_SCOPE_ID, ITEM_ID)
values (2, 3000);
insert into EB_ITEM_BUSINESS_SCOPE (BUSINESS_SCOPE_ID, ITEM_ID)
values (2, 3001);
insert into EB_ITEM_BUSINESS_SCOPE (BUSINESS_SCOPE_ID, ITEM_ID)
values (2, 3003);
insert into EB_ITEM_BUSINESS_SCOPE (BUSINESS_SCOPE_ID, ITEM_ID)
values (2, 3004);
insert into EB_ITEM_BUSINESS_SCOPE (BUSINESS_SCOPE_ID, ITEM_ID)
values (2, 3040);
commit;
prompt 63 records loaded
prompt Loading EB_ITEM_TAG_IMG...
insert into EB_ITEM_TAG_IMG (TAG_IMG_ID, TAG_IMG_URL)
values (3001, '/upload/ecps/resource/1369814214485111488749.gif');
commit;
prompt 1 records loaded
prompt Loading EB_JBPM_LOG...
insert into EB_JBPM_LOG (DBID, ORDER_NUM, OPER, OPER_TIME, OPER_USER, NOTE)
values (3006, '20130527003002', null, to_timestamp('30-05-2013 10:35:00.378000', 'dd-mm-yyyy hh24:mi:ss.ff'), null, '系统定时操作，非号卡订单3天内不付款为作废订单');
insert into EB_JBPM_LOG (DBID, ORDER_NUM, OPER, OPER_TIME, OPER_USER, NOTE)
values (3007, '20130527003003', null, to_timestamp('30-05-2013 10:45:00.135000', 'dd-mm-yyyy hh24:mi:ss.ff'), null, '系统定时操作，非号卡订单3天内不付款为作废订单');
insert into EB_JBPM_LOG (DBID, ORDER_NUM, OPER, OPER_TIME, OPER_USER, NOTE)
values (3071, '20130618003049', null, to_timestamp('21-06-2013 14:35:00.044000', 'dd-mm-yyyy hh24:mi:ss.ff'), null, '系统定时操作，非号卡订单3天内不付款为作废订单');
insert into EB_JBPM_LOG (DBID, ORDER_NUM, OPER, OPER_TIME, OPER_USER, NOTE)
values (3082, '20130708003082', '外呼审核通过', to_timestamp('08-07-2013 13:56:22.544000', 'dd-mm-yyyy hh24:mi:ss.ff'), '超级管理员', '【收货人:fgg】【收货地址:fgfdg】【联系方式:12311112222】');
insert into EB_JBPM_LOG (DBID, ORDER_NUM, OPER, OPER_TIME, OPER_USER, NOTE)
values (3083, '20130708003082', '备货完成', to_timestamp('08-07-2013 13:57:05.677000', 'dd-mm-yyyy hh24:mi:ss.ff'), '超级管理员', null);
insert into EB_JBPM_LOG (DBID, ORDER_NUM, OPER, OPER_TIME, OPER_USER, NOTE)
values (3084, '20130708003082', '打包完成', to_timestamp('08-07-2013 13:57:15.493000', 'dd-mm-yyyy hh24:mi:ss.ff'), '超级管理员', null);
insert into EB_JBPM_LOG (DBID, ORDER_NUM, OPER, OPER_TIME, OPER_USER, NOTE)
values (3086, '20130708003082', '配送成功', to_timestamp('08-07-2013 13:57:36.092000', 'dd-mm-yyyy hh24:mi:ss.ff'), '超级管理员', null);
insert into EB_JBPM_LOG (DBID, ORDER_NUM, OPER, OPER_TIME, OPER_USER, NOTE)
values (3087, '20130708003082', '退货退库', to_timestamp('08-07-2013 13:58:04.345000', 'dd-mm-yyyy hh24:mi:ss.ff'), '超级管理员', null);
insert into EB_JBPM_LOG (DBID, ORDER_NUM, OPER, OPER_TIME, OPER_USER, NOTE)
values (3088, '20130708003082', '已退库并发起退款', to_timestamp('08-07-2013 14:35:08.105000', 'dd-mm-yyyy hh24:mi:ss.ff'), '超级管理员', null);
insert into EB_JBPM_LOG (DBID, ORDER_NUM, OPER, OPER_TIME, OPER_USER, NOTE)
values (3089, '20130708003082', '退款审核通过', to_timestamp('08-07-2013 14:35:16.807000', 'dd-mm-yyyy hh24:mi:ss.ff'), '超级管理员', null);
insert into EB_JBPM_LOG (DBID, ORDER_NUM, OPER, OPER_TIME, OPER_USER, NOTE)
values (3090, '20130708003084', '外呼审核通过', to_timestamp('08-07-2013 14:38:58.665000', 'dd-mm-yyyy hh24:mi:ss.ff'), '超级管理员', '【收货人:fgg】【收货地址:fgfdg】【联系方式:12311112222】');
insert into EB_JBPM_LOG (DBID, ORDER_NUM, OPER, OPER_TIME, OPER_USER, NOTE)
values (3091, '20130708003084', '备货完成', to_timestamp('08-07-2013 14:39:20.100000', 'dd-mm-yyyy hh24:mi:ss.ff'), '超级管理员', null);
insert into EB_JBPM_LOG (DBID, ORDER_NUM, OPER, OPER_TIME, OPER_USER, NOTE)
values (3042, null, '作废单恢复为已支付单', to_timestamp('14-06-2013 13:43:14.843000', 'dd-mm-yyyy hh24:mi:ss.ff'), '超级管理员', null);
insert into EB_JBPM_LOG (DBID, ORDER_NUM, OPER, OPER_TIME, OPER_USER, NOTE)
values (3043, null, '作废单恢复为已支付单', to_timestamp('14-06-2013 13:44:09.000000', 'dd-mm-yyyy hh24:mi:ss.ff'), '超级管理员', null);
insert into EB_JBPM_LOG (DBID, ORDER_NUM, OPER, OPER_TIME, OPER_USER, NOTE)
values (3044, null, '作废单恢复为已支付单', to_timestamp('14-06-2013 13:44:51.468000', 'dd-mm-yyyy hh24:mi:ss.ff'), '超级管理员', null);
insert into EB_JBPM_LOG (DBID, ORDER_NUM, OPER, OPER_TIME, OPER_USER, NOTE)
values (3045, null, '作废单恢复为已支付单', to_timestamp('14-06-2013 13:47:47.453000', 'dd-mm-yyyy hh24:mi:ss.ff'), '超级管理员', null);
insert into EB_JBPM_LOG (DBID, ORDER_NUM, OPER, OPER_TIME, OPER_USER, NOTE)
values (3046, '20130527003003', '作废单恢复为已支付单', to_timestamp('14-06-2013 13:58:18.343000', 'dd-mm-yyyy hh24:mi:ss.ff'), '超级管理员', null);
insert into EB_JBPM_LOG (DBID, ORDER_NUM, OPER, OPER_TIME, OPER_USER, NOTE)
values (3047, '20130527003003', '作废单恢复为已支付单', to_timestamp('14-06-2013 14:11:32.875000', 'dd-mm-yyyy hh24:mi:ss.ff'), '超级管理员', null);
insert into EB_JBPM_LOG (DBID, ORDER_NUM, OPER, OPER_TIME, OPER_USER, NOTE)
values (3064, '20130613003020', '作废单恢复为已支付单', to_timestamp('18-06-2013 10:09:21.860000', 'dd-mm-yyyy hh24:mi:ss.ff'), '超级管理员', null);
insert into EB_JBPM_LOG (DBID, ORDER_NUM, OPER, OPER_TIME, OPER_USER, NOTE)
values (3081, '20130703003081', null, to_timestamp('06-07-2013 15:55:00.037000', 'dd-mm-yyyy hh24:mi:ss.ff'), null, '系统定时操作，非号卡订单3天内不付款为作废订单');
insert into EB_JBPM_LOG (DBID, ORDER_NUM, OPER, OPER_TIME, OPER_USER, NOTE)
values (3040, '20130527003003', '恢复为已支付单', to_timestamp('14-06-2013 11:35:53.890000', 'dd-mm-yyyy hh24:mi:ss.ff'), '超级管理员', null);
insert into EB_JBPM_LOG (DBID, ORDER_NUM, OPER, OPER_TIME, OPER_USER, NOTE)
values (3041, null, '作废单恢复为已支付单', to_timestamp('14-06-2013 12:09:41.281000', 'dd-mm-yyyy hh24:mi:ss.ff'), '超级管理员', null);
insert into EB_JBPM_LOG (DBID, ORDER_NUM, OPER, OPER_TIME, OPER_USER, NOTE)
values (3065, '20130618003049', '推迟外呼', to_timestamp('18-06-2013 14:31:05.111000', 'dd-mm-yyyy hh24:mi:ss.ff'), '超级管理员', null);
insert into EB_JBPM_LOG (DBID, ORDER_NUM, OPER, OPER_TIME, OPER_USER, NOTE)
values (3066, '20130618003048', '已外呼', to_timestamp('18-06-2013 14:31:28.535000', 'dd-mm-yyyy hh24:mi:ss.ff'), '超级管理员', null);
insert into EB_JBPM_LOG (DBID, ORDER_NUM, OPER, OPER_TIME, OPER_USER, NOTE)
values (3068, '20130527003002', '作废单恢复为已支付单', to_timestamp('18-06-2013 16:22:23.057000', 'dd-mm-yyyy hh24:mi:ss.ff'), '超级管理员', null);
insert into EB_JBPM_LOG (DBID, ORDER_NUM, OPER, OPER_TIME, OPER_USER, NOTE)
values (3080, '20130703003080', null, to_timestamp('06-07-2013 15:45:00.086000', 'dd-mm-yyyy hh24:mi:ss.ff'), null, '系统定时操作，非号卡订单3天内不付款为作废订单');
insert into EB_JBPM_LOG (DBID, ORDER_NUM, OPER, OPER_TIME, OPER_USER, NOTE)
values (3085, '20130708003082', '物流已取货', to_timestamp('08-07-2013 13:57:22.950000', 'dd-mm-yyyy hh24:mi:ss.ff'), '超级管理员', null);
insert into EB_JBPM_LOG (DBID, ORDER_NUM, OPER, OPER_TIME, OPER_USER, NOTE)
values (3092, '20130708003084', '打包完成', to_timestamp('08-07-2013 14:39:28.571000', 'dd-mm-yyyy hh24:mi:ss.ff'), '超级管理员', null);
insert into EB_JBPM_LOG (DBID, ORDER_NUM, OPER, OPER_TIME, OPER_USER, NOTE)
values (3093, '20130708003084', '物流已取货', to_timestamp('08-07-2013 14:39:35.044000', 'dd-mm-yyyy hh24:mi:ss.ff'), '超级管理员', null);
insert into EB_JBPM_LOG (DBID, ORDER_NUM, OPER, OPER_TIME, OPER_USER, NOTE)
values (3094, '20130708003084', '配送成功', to_timestamp('08-07-2013 14:39:52.638000', 'dd-mm-yyyy hh24:mi:ss.ff'), '超级管理员', null);
insert into EB_JBPM_LOG (DBID, ORDER_NUM, OPER, OPER_TIME, OPER_USER, NOTE)
values (3001, '20130530003005', '外呼审核通过', to_timestamp('30-05-2013 10:25:41.585000', 'dd-mm-yyyy hh24:mi:ss.ff'), '超级管理员', '【收货人:ccvv】【收货地址:ccvv】【联系方式:13688888888】');
insert into EB_JBPM_LOG (DBID, ORDER_NUM, OPER, OPER_TIME, OPER_USER, NOTE)
values (3002, '20130530003005', '备货完成', to_timestamp('30-05-2013 10:26:33.987000', 'dd-mm-yyyy hh24:mi:ss.ff'), '超级管理员', null);
insert into EB_JBPM_LOG (DBID, ORDER_NUM, OPER, OPER_TIME, OPER_USER, NOTE)
values (3003, '20130530003005', '办理成功', to_timestamp('30-05-2013 10:27:00.852000', 'dd-mm-yyyy hh24:mi:ss.ff'), '超级管理员', null);
insert into EB_JBPM_LOG (DBID, ORDER_NUM, OPER, OPER_TIME, OPER_USER, NOTE)
values (3004, '20130530003005', '打包完成', to_timestamp('30-05-2013 10:27:17.034000', 'dd-mm-yyyy hh24:mi:ss.ff'), '超级管理员', null);
insert into EB_JBPM_LOG (DBID, ORDER_NUM, OPER, OPER_TIME, OPER_USER, NOTE)
values (3005, '20130530003005', '物流已取货', to_timestamp('30-05-2013 10:27:25.704000', 'dd-mm-yyyy hh24:mi:ss.ff'), '超级管理员', null);
insert into EB_JBPM_LOG (DBID, ORDER_NUM, OPER, OPER_TIME, OPER_USER, NOTE)
values (3060, '20130613003020', null, to_timestamp('17-06-2013 09:50:32.051000', 'dd-mm-yyyy hh24:mi:ss.ff'), null, '系统定时操作，非号卡订单3天内不付款为作废订单');
insert into EB_JBPM_LOG (DBID, ORDER_NUM, OPER, OPER_TIME, OPER_USER, NOTE)
values (3070, '20130618003048', null, to_timestamp('21-06-2013 09:35:00.046000', 'dd-mm-yyyy hh24:mi:ss.ff'), null, '系统定时操作，非号卡订单3天内不付款为作废订单');
insert into EB_JBPM_LOG (DBID, ORDER_NUM, OPER, OPER_TIME, OPER_USER, NOTE)
values (3069, '20130618003047', null, to_timestamp('21-06-2013 09:25:00.083000', 'dd-mm-yyyy hh24:mi:ss.ff'), null, '系统定时操作，非号卡订单3天内不付款为作废订单');
commit;
prompt 38 records loaded
prompt Loading EB_KEYWORD...
prompt Table is empty
prompt Loading EB_MAIL...
insert into EB_MAIL (MAIL_ID, SRC_ADDR, MAIL_SERVER, USERNAME, PASSWORD, MAIL_SUBJECT, SEND_NAME)
values (0, 'build@asiainfo-linkage.com', '10.1.1.201', 'build', '234%qwe', '密码找回', '马俊');
commit;
prompt 1 records loaded
prompt Loading EB_MEMBER_CONFIG...
prompt Table is empty
prompt Loading EB_MERCHANT_CAT...
prompt Table is empty
prompt Loading EB_MYFAV_SKU...
insert into EB_MYFAV_SKU (MYFAV_SKU_ID, PTL_USER_ID, FAV_TIME, MYFAV_TYPE, FAV_URL, ITEM_ID, ITEM_NAME, SKU_ID, SKU, SKU_NAME, SKU_SPEC, MARKET_PRICE, OFFER_GROUP_ID, OFFER_GROUP_NAME, OFFER_ID, OFFER_TYPE, SHORT_NAME, OFFER_NAME, SHORT_NAME2, PRICE, VALID_BEGIN, VALID_END, CONSTR_NAME)
values (3000, 3082, to_timestamp('17-06-2013 11:09:35.359000', 'dd-mm-yyyy hh24:mi:ss.ff'), 1, 'channel/SJTX/3009_ext2.html', 3009, 'htc one ', 3011, null, 'sku值将来统一修改', '{"外观颜色":"现有库存颜色请咨询在线客服"}', 459900, null, null, null, null, null, null, null, 399900, null, null, null);
commit;
prompt 1 records loaded
prompt Loading EB_OFFER...
insert into EB_OFFER (OFFER_ID, OFFER_GROUP_ID, OFFER_NAME, OFFER_NO, SHORT_NAME, OFFER_SORT, OFFER_TERM, COMMIT_MONTHLY, PREPAID, PERIOD, REFUND_MONTHLY, REFUND_1ST_MONTH, REFUND_LAST_MONTH, NOTES, CREATE_TIME, UPDATE_TIME, CREATE_USER_ID, UPDATE_USER_ID, ORIGINAL_OFFER_ID, LAST_STATUS, MERCHANT_ID, VALID_BEGIN, VALID_END, COND_ID, SCHEME_TYPE)
values (2546, 2260, null, '50003646', '129', null, 15, 10800, 74900, 15, 4800, 2900, 105000, '参与活动手机号码必须在绑定的手机内每月至少产生5M省内流量，共6个月。月返还话费48元，返还期内月最低消费108元，共返还15个月。', to_timestamp('07-04-2013 18:31:12.212000', 'dd-mm-yyyy hh24:mi:ss.ff'), null, 1, null, null, 1, null, to_timestamp('07-04-2013 18:29:17.000000', 'dd-mm-yyyy hh24:mi:ss.ff'), to_timestamp('30-06-2013 18:29:19.000000', 'dd-mm-yyyy hh24:mi:ss.ff'), '111200032786', 1);
insert into EB_OFFER (OFFER_ID, OFFER_GROUP_ID, OFFER_NAME, OFFER_NO, SHORT_NAME, OFFER_SORT, OFFER_TERM, COMMIT_MONTHLY, PREPAID, PERIOD, REFUND_MONTHLY, REFUND_1ST_MONTH, REFUND_LAST_MONTH, NOTES, CREATE_TIME, UPDATE_TIME, CREATE_USER_ID, UPDATE_USER_ID, ORIGINAL_OFFER_ID, LAST_STATUS, MERCHANT_ID, VALID_BEGIN, VALID_END, COND_ID, SCHEME_TYPE)
values (2547, 2260, null, '50003647', '47', null, 20, 116000, 49900, 20, 2400, 1900, 34000, '参与活动手机号码必须在绑定的手机内每月至少产生5M省内流量，共6个月。' || chr(10) || '' || chr(10) || '月返还话费24元，返还期内月最低消费58元，共返还20个月。', to_timestamp('07-04-2013 18:32:49.907000', 'dd-mm-yyyy hh24:mi:ss.ff'), null, 1, null, null, 1, null, to_timestamp('07-04-2013 18:31:30.000000', 'dd-mm-yyyy hh24:mi:ss.ff'), to_timestamp('30-06-2013 18:31:31.000000', 'dd-mm-yyyy hh24:mi:ss.ff'), '111200032797', 1);
insert into EB_OFFER (OFFER_ID, OFFER_GROUP_ID, OFFER_NAME, OFFER_NO, SHORT_NAME, OFFER_SORT, OFFER_TERM, COMMIT_MONTHLY, PREPAID, PERIOD, REFUND_MONTHLY, REFUND_1ST_MONTH, REFUND_LAST_MONTH, NOTES, CREATE_TIME, UPDATE_TIME, CREATE_USER_ID, UPDATE_USER_ID, ORIGINAL_OFFER_ID, LAST_STATUS, MERCHANT_ID, VALID_BEGIN, VALID_END, COND_ID, SCHEME_TYPE)
values (2549, 2260, null, '50003649', '131', null, 24, 6800, 74900, 24, 3000, 2900, 105000, '参与活动手机号码必须在绑定的手机内每月至少产生5M省内流量，共6个月。月返还话费30元，返还期内月最低消费68元，共返还24个月。', to_timestamp('07-04-2013 18:35:59.355000', 'dd-mm-yyyy hh24:mi:ss.ff'), null, 1, null, null, 1, null, to_timestamp('07-04-2013 18:34:33.000000', 'dd-mm-yyyy hh24:mi:ss.ff'), to_timestamp('30-06-2013 18:34:35.000000', 'dd-mm-yyyy hh24:mi:ss.ff'), '111200032788', 1);
insert into EB_OFFER (OFFER_ID, OFFER_GROUP_ID, OFFER_NAME, OFFER_NO, SHORT_NAME, OFFER_SORT, OFFER_TERM, COMMIT_MONTHLY, PREPAID, PERIOD, REFUND_MONTHLY, REFUND_1ST_MONTH, REFUND_LAST_MONTH, NOTES, CREATE_TIME, UPDATE_TIME, CREATE_USER_ID, UPDATE_USER_ID, ORIGINAL_OFFER_ID, LAST_STATUS, MERCHANT_ID, VALID_BEGIN, VALID_END, COND_ID, SCHEME_TYPE)
values (2550, 2260, null, '50003650', '48', null, 24, 115200, 49900, 24, 2000, 1900, 34000, '参与活动手机号码必须在绑定的手机内每月至少产生5M省内流量，共6个月。' || chr(10) || '' || chr(10) || '月返还话费20元，返还期内月最低消费48元，共返还24个月。', to_timestamp('07-04-2013 18:36:04.896000', 'dd-mm-yyyy hh24:mi:ss.ff'), null, 1, null, null, 1, null, to_timestamp('07-04-2013 18:33:08.000000', 'dd-mm-yyyy hh24:mi:ss.ff'), to_timestamp('30-06-2013 18:33:09.000000', 'dd-mm-yyyy hh24:mi:ss.ff'), '111200032798', 1);
insert into EB_OFFER (OFFER_ID, OFFER_GROUP_ID, OFFER_NAME, OFFER_NO, SHORT_NAME, OFFER_SORT, OFFER_TERM, COMMIT_MONTHLY, PREPAID, PERIOD, REFUND_MONTHLY, REFUND_1ST_MONTH, REFUND_LAST_MONTH, NOTES, CREATE_TIME, UPDATE_TIME, CREATE_USER_ID, UPDATE_USER_ID, ORIGINAL_OFFER_ID, LAST_STATUS, MERCHANT_ID, VALID_BEGIN, VALID_END, COND_ID, SCHEME_TYPE)
values (2551, 2260, null, '50003651', '132', null, 15, 8800, 59900, 15, 3600, 5900, 120000, '参与活动手机号码必须在绑定的手机内每月至少产生5M省内流量，共6个月。月返还话费36元，返还期内月最低消费88元，共返还15个月。', to_timestamp('07-04-2013 18:37:50.558000', 'dd-mm-yyyy hh24:mi:ss.ff'), null, 1, null, null, 1, null, to_timestamp('07-04-2013 18:36:13.000000', 'dd-mm-yyyy hh24:mi:ss.ff'), to_timestamp('30-06-2013 18:36:15.000000', 'dd-mm-yyyy hh24:mi:ss.ff'), '111200032792', 1);
insert into EB_OFFER (OFFER_ID, OFFER_GROUP_ID, OFFER_NAME, OFFER_NO, SHORT_NAME, OFFER_SORT, OFFER_TERM, COMMIT_MONTHLY, PREPAID, PERIOD, REFUND_MONTHLY, REFUND_1ST_MONTH, REFUND_LAST_MONTH, NOTES, CREATE_TIME, UPDATE_TIME, CREATE_USER_ID, UPDATE_USER_ID, ORIGINAL_OFFER_ID, LAST_STATUS, MERCHANT_ID, VALID_BEGIN, VALID_END, COND_ID, SCHEME_TYPE)
values (2552, 2260, null, '50003652', '133', null, 20, 6800, 59900, 20, 2700, 5900, 120000, '参与活动手机号码必须在绑定的手机内每月至少产生5M省内流量，共6个月。月返还话费27元，返还期内月最低消费68元，共返还20个月。', to_timestamp('07-04-2013 18:39:12.694000', 'dd-mm-yyyy hh24:mi:ss.ff'), null, 1, null, null, 1, null, to_timestamp('07-04-2013 18:38:05.000000', 'dd-mm-yyyy hh24:mi:ss.ff'), to_timestamp('30-06-2013 18:38:07.000000', 'dd-mm-yyyy hh24:mi:ss.ff'), '111200032793', 1);
insert into EB_OFFER (OFFER_ID, OFFER_GROUP_ID, OFFER_NAME, OFFER_NO, SHORT_NAME, OFFER_SORT, OFFER_TERM, COMMIT_MONTHLY, PREPAID, PERIOD, REFUND_MONTHLY, REFUND_1ST_MONTH, REFUND_LAST_MONTH, NOTES, CREATE_TIME, UPDATE_TIME, CREATE_USER_ID, UPDATE_USER_ID, ORIGINAL_OFFER_ID, LAST_STATUS, MERCHANT_ID, VALID_BEGIN, VALID_END, COND_ID, SCHEME_TYPE)
values (2554, 2260, null, '50003654', '49', null, 15, 12800, 89900, 15, 5500, 7400, 5000, '参与活动手机号码必须在绑定的手机内每月至少产生5M省内流量，共6个月。' || chr(10) || '' || chr(10) || '月返还话费55元，返还期内月最低消费128元，共返还15个月。', to_timestamp('07-04-2013 18:52:40.451000', 'dd-mm-yyyy hh24:mi:ss.ff'), null, 1, null, null, 1, null, to_timestamp('07-04-2013 18:47:53.000000', 'dd-mm-yyyy hh24:mi:ss.ff'), to_timestamp('30-06-2013 18:47:55.000000', 'dd-mm-yyyy hh24:mi:ss.ff'), '111200032783', 1);
insert into EB_OFFER (OFFER_ID, OFFER_GROUP_ID, OFFER_NAME, OFFER_NO, SHORT_NAME, OFFER_SORT, OFFER_TERM, COMMIT_MONTHLY, PREPAID, PERIOD, REFUND_MONTHLY, REFUND_1ST_MONTH, REFUND_LAST_MONTH, NOTES, CREATE_TIME, UPDATE_TIME, CREATE_USER_ID, UPDATE_USER_ID, ORIGINAL_OFFER_ID, LAST_STATUS, MERCHANT_ID, VALID_BEGIN, VALID_END, COND_ID, SCHEME_TYPE)
values (2080, 2100, '波导T9', '50003080', '9', null, 12, 2500, 19900, 12, 1500, 1900, 0, '活动期内每个周期（从购机日至下月返还日前一日为一个周期）最少产生1次以上在本省通话（不含免费通话，如10086、V网内部通话、呼叫转移、移动总机通话等）共6个月（营口为整个活动期内）。月返还话费15元，共返还12个月，活动总计最低消费为300元。（丹东客户需办理12个月来电提醒或天气预报）', to_timestamp('08-11-2012 10:12:33.407000', 'dd-mm-yyyy hh24:mi:ss.ff'), null, 1, null, null, 1, null, to_timestamp('01-10-2012 00:00:00.000000', 'dd-mm-yyyy hh24:mi:ss.ff'), to_timestamp('20-03-2013 23:59:59.000000', 'dd-mm-yyyy hh24:mi:ss.ff'), '111200026675', 1);
insert into EB_OFFER (OFFER_ID, OFFER_GROUP_ID, OFFER_NAME, OFFER_NO, SHORT_NAME, OFFER_SORT, OFFER_TERM, COMMIT_MONTHLY, PREPAID, PERIOD, REFUND_MONTHLY, REFUND_1ST_MONTH, REFUND_LAST_MONTH, NOTES, CREATE_TIME, UPDATE_TIME, CREATE_USER_ID, UPDATE_USER_ID, ORIGINAL_OFFER_ID, LAST_STATUS, MERCHANT_ID, VALID_BEGIN, VALID_END, COND_ID, SCHEME_TYPE)
values (2100, 2100, '华为T2002', '50003120', '11', null, 12, 2500, 19900, 12, 1500, 1900, 0, '活动期内每个周期（从购机日至下月返还日前一日为一个周期）最少产生1次以上在本省通话（不含免费通话，如10086、V网内部通话、呼叫转移、移动总机通话等）共6个月（营口为整个活动期内）。月返还话费15元，共返还12个月，活动总计最低消费为300元。（丹东客户需办理12个月来电提醒或天气预报）', to_timestamp('08-11-2012 11:19:01.711000', 'dd-mm-yyyy hh24:mi:ss.ff'), null, 1, null, null, 1, null, to_timestamp('01-10-2012 00:00:00.000000', 'dd-mm-yyyy hh24:mi:ss.ff'), to_timestamp('20-03-2013 23:59:59.000000', 'dd-mm-yyyy hh24:mi:ss.ff'), '111200026673', 1);
insert into EB_OFFER (OFFER_ID, OFFER_GROUP_ID, OFFER_NAME, OFFER_NO, SHORT_NAME, OFFER_SORT, OFFER_TERM, COMMIT_MONTHLY, PREPAID, PERIOD, REFUND_MONTHLY, REFUND_1ST_MONTH, REFUND_LAST_MONTH, NOTES, CREATE_TIME, UPDATE_TIME, CREATE_USER_ID, UPDATE_USER_ID, ORIGINAL_OFFER_ID, LAST_STATUS, MERCHANT_ID, VALID_BEGIN, VALID_END, COND_ID, SCHEME_TYPE)
values (2101, 2100, '联想TD100', '50003121', '15', null, 12, 2500, 19900, 12, 1500, 1900, 0, '活动期内每个周期（从购机日至下月返还日前一日为一个周期）最少产生1次以上在本省通话（不含免费通话，如10086、V网内部通话、呼叫转移、移动总机通话等）共6个月（营口为整个活动期内）。月返还话费15元，共返还12个月，活动总计最低消费为300元。（丹东客户需办理12个月来电提醒或天气预报）', to_timestamp('08-11-2012 11:25:38.747000', 'dd-mm-yyyy hh24:mi:ss.ff'), null, 1, null, null, 1, null, to_timestamp('01-10-2012 00:00:00.000000', 'dd-mm-yyyy hh24:mi:ss.ff'), to_timestamp('25-03-2013 23:59:59.000000', 'dd-mm-yyyy hh24:mi:ss.ff'), '111200026669', 1);
insert into EB_OFFER (OFFER_ID, OFFER_GROUP_ID, OFFER_NAME, OFFER_NO, SHORT_NAME, OFFER_SORT, OFFER_TERM, COMMIT_MONTHLY, PREPAID, PERIOD, REFUND_MONTHLY, REFUND_1ST_MONTH, REFUND_LAST_MONTH, NOTES, CREATE_TIME, UPDATE_TIME, CREATE_USER_ID, UPDATE_USER_ID, ORIGINAL_OFFER_ID, LAST_STATUS, MERCHANT_ID, VALID_BEGIN, VALID_END, COND_ID, SCHEME_TYPE)
values (2102, 2100, '三星E1228', '50003122', '19', null, 12, 2500, 19900, 12, 1500, 1900, 0, '活动期内每个周期（从购机日至下月返还日前一日为一个周期）最少产生1次以上在本省通话（不含免费通话，如10086、V网内部通话、呼叫转移、移动总机通话等）共6个月。月返还话费15元，共返还12个月，活动总计最低消费为300元。（丹东客户需办理12个月来电提醒或天气预报）', to_timestamp('08-11-2012 11:32:44.118000', 'dd-mm-yyyy hh24:mi:ss.ff'), null, 1, null, null, 1, null, to_timestamp('01-10-2012 00:00:00.000000', 'dd-mm-yyyy hh24:mi:ss.ff'), to_timestamp('20-03-2013 23:59:59.000000', 'dd-mm-yyyy hh24:mi:ss.ff'), '111200026665', 1);
insert into EB_OFFER (OFFER_ID, OFFER_GROUP_ID, OFFER_NAME, OFFER_NO, SHORT_NAME, OFFER_SORT, OFFER_TERM, COMMIT_MONTHLY, PREPAID, PERIOD, REFUND_MONTHLY, REFUND_1ST_MONTH, REFUND_LAST_MONTH, NOTES, CREATE_TIME, UPDATE_TIME, CREATE_USER_ID, UPDATE_USER_ID, ORIGINAL_OFFER_ID, LAST_STATUS, MERCHANT_ID, VALID_BEGIN, VALID_END, COND_ID, SCHEME_TYPE)
values (2120, 2100, '摩托罗拉MT680套餐一', '50003140', '109', null, 18, 14000, 169900, 18, 9000, 7900, 0, '活动期内每月至少产生5M省内流量（不含彩信、手机视频等不计费流量），共6个月（营口为整个活动期内）。月返还话费90元，共返还18个月，活动期内总计最低消费为2520元。（丹东客户需办理12个月来电提醒或天气预报）', to_timestamp('08-11-2012 13:39:25.315000', 'dd-mm-yyyy hh24:mi:ss.ff'), null, 1, null, null, 1, null, to_timestamp('01-10-2012 00:00:00.000000', 'dd-mm-yyyy hh24:mi:ss.ff'), to_timestamp('25-03-2013 23:59:59.000000', 'dd-mm-yyyy hh24:mi:ss.ff'), '111200026733', 1);
insert into EB_OFFER (OFFER_ID, OFFER_GROUP_ID, OFFER_NAME, OFFER_NO, SHORT_NAME, OFFER_SORT, OFFER_TERM, COMMIT_MONTHLY, PREPAID, PERIOD, REFUND_MONTHLY, REFUND_1ST_MONTH, REFUND_LAST_MONTH, NOTES, CREATE_TIME, UPDATE_TIME, CREATE_USER_ID, UPDATE_USER_ID, ORIGINAL_OFFER_ID, LAST_STATUS, MERCHANT_ID, VALID_BEGIN, VALID_END, COND_ID, SCHEME_TYPE)
values (2121, 2100, '摩托罗拉MT680套餐二', '50003141', '119', null, 18, 7000, 84900, 18, 4500, 3900, 85000, '活动期内每月至少产生5M省内流量（不含彩信、手机视频等不计费流量），共6个月（营口为整个活动期内）。月返还话费45元，共返还18个月，活动期内总计最低消费为1260元。（丹东客户需办理12个月来电提醒或天气预报）', to_timestamp('08-11-2012 13:55:48.803000', 'dd-mm-yyyy hh24:mi:ss.ff'), null, 1, null, null, 1, null, to_timestamp('01-10-2012 00:00:00.000000', 'dd-mm-yyyy hh24:mi:ss.ff'), to_timestamp('25-03-2013 23:59:59.000000', 'dd-mm-yyyy hh24:mi:ss.ff'), '111200026733', 1);
insert into EB_OFFER (OFFER_ID, OFFER_GROUP_ID, OFFER_NAME, OFFER_NO, SHORT_NAME, OFFER_SORT, OFFER_TERM, COMMIT_MONTHLY, PREPAID, PERIOD, REFUND_MONTHLY, REFUND_1ST_MONTH, REFUND_LAST_MONTH, NOTES, CREATE_TIME, UPDATE_TIME, CREATE_USER_ID, UPDATE_USER_ID, ORIGINAL_OFFER_ID, LAST_STATUS, MERCHANT_ID, VALID_BEGIN, VALID_END, COND_ID, SCHEME_TYPE)
values (2122, 2100, '中兴U506', '50003142', '21', null, 12, 2500, 19900, 12, 1500, 1900, 0, '活动期内每个周期（从购机日至下月返还日前一日为一个周期）最少产生1次以上在本省通话（不含免费通话，如10086、V网内部通话、呼叫转移、移动总机通话等）共6个月（营口为整个活动期内）。月返还话费15元，共返还12个月，活动总计最低消费为300元。（丹东客户需办理12个月来电提醒或天气预报）', to_timestamp('08-11-2012 13:56:11.821000', 'dd-mm-yyyy hh24:mi:ss.ff'), null, 1, null, null, 1, null, to_timestamp('01-10-2012 00:00:00.000000', 'dd-mm-yyyy hh24:mi:ss.ff'), to_timestamp('12-04-2013 23:59:59.000000', 'dd-mm-yyyy hh24:mi:ss.ff'), '111200026663', 1);
insert into EB_OFFER (OFFER_ID, OFFER_GROUP_ID, OFFER_NAME, OFFER_NO, SHORT_NAME, OFFER_SORT, OFFER_TERM, COMMIT_MONTHLY, PREPAID, PERIOD, REFUND_MONTHLY, REFUND_1ST_MONTH, REFUND_LAST_MONTH, NOTES, CREATE_TIME, UPDATE_TIME, CREATE_USER_ID, UPDATE_USER_ID, ORIGINAL_OFFER_ID, LAST_STATUS, MERCHANT_ID, VALID_BEGIN, VALID_END, COND_ID, SCHEME_TYPE)
values (2123, 2100, '三星S6358套餐一', '50003160', '97', null, 18, 11000, 129900, 18, 7000, 3900, 0, '活动期内每月至少产生5M省内流量（不含彩信、手机视频等不计费流量），共6个月（营口为整个活动期内）。月返还话费70元，共返还18个月，活动期内总计最低消费为1980元。（丹东客户需办理12个月来电提醒或天气预报）', to_timestamp('08-11-2012 14:10:56.448000', 'dd-mm-yyyy hh24:mi:ss.ff'), null, 1, null, null, 1, null, to_timestamp('01-10-2012 00:00:00.000000', 'dd-mm-yyyy hh24:mi:ss.ff'), to_timestamp('20-03-2013 23:59:59.000000', 'dd-mm-yyyy hh24:mi:ss.ff'), '111200026616', 1);
insert into EB_OFFER (OFFER_ID, OFFER_GROUP_ID, OFFER_NAME, OFFER_NO, SHORT_NAME, OFFER_SORT, OFFER_TERM, COMMIT_MONTHLY, PREPAID, PERIOD, REFUND_MONTHLY, REFUND_1ST_MONTH, REFUND_LAST_MONTH, NOTES, CREATE_TIME, UPDATE_TIME, CREATE_USER_ID, UPDATE_USER_ID, ORIGINAL_OFFER_ID, LAST_STATUS, MERCHANT_ID, VALID_BEGIN, VALID_END, COND_ID, SCHEME_TYPE)
values (2124, 2100, '中兴U805', '50003161', '31', null, 15, 2500, 29900, 15, 1800, 2900, 0, '活动期内每月至少产生5M省内流量（不含彩信、手机视频等不计费流量），共6个月（营口为整个活动期内）。月返还话费18元，共返还15个月，活动总计最低消费为375元。（丹东客户需办理12个月来电提醒或天气预报）', to_timestamp('08-11-2012 14:11:02.298000', 'dd-mm-yyyy hh24:mi:ss.ff'), null, 1, null, null, 1, null, to_timestamp('01-10-2012 00:00:00.000000', 'dd-mm-yyyy hh24:mi:ss.ff'), to_timestamp('20-03-2013 23:59:59.000000', 'dd-mm-yyyy hh24:mi:ss.ff'), '111200026703', 1);
insert into EB_OFFER (OFFER_ID, OFFER_GROUP_ID, OFFER_NAME, OFFER_NO, SHORT_NAME, OFFER_SORT, OFFER_TERM, COMMIT_MONTHLY, PREPAID, PERIOD, REFUND_MONTHLY, REFUND_1ST_MONTH, REFUND_LAST_MONTH, NOTES, CREATE_TIME, UPDATE_TIME, CREATE_USER_ID, UPDATE_USER_ID, ORIGINAL_OFFER_ID, LAST_STATUS, MERCHANT_ID, VALID_BEGIN, VALID_END, COND_ID, SCHEME_TYPE)
values (2125, 2100, '三星S6358套餐二', '50003162', '971', null, 18, 5500, 64900, 18, 3500, 1900, 65000, '活动期内每月至少产生5M省内流量（不含彩信、手机视频等不计费流量），共6个月（营口为整个活动期内）。月返还话费35元，共返还18个月，活动期内总计最低消费为990元。（丹东客户需办理12个月来电提醒或天气预报）', to_timestamp('08-11-2012 14:15:59.605000', 'dd-mm-yyyy hh24:mi:ss.ff'), null, 1, null, null, 1, null, to_timestamp('01-10-2012 00:00:00.000000', 'dd-mm-yyyy hh24:mi:ss.ff'), to_timestamp('20-03-2013 23:59:59.000000', 'dd-mm-yyyy hh24:mi:ss.ff'), '111200026616', 1);
insert into EB_OFFER (OFFER_ID, OFFER_GROUP_ID, OFFER_NAME, OFFER_NO, SHORT_NAME, OFFER_SORT, OFFER_TERM, COMMIT_MONTHLY, PREPAID, PERIOD, REFUND_MONTHLY, REFUND_1ST_MONTH, REFUND_LAST_MONTH, NOTES, CREATE_TIME, UPDATE_TIME, CREATE_USER_ID, UPDATE_USER_ID, ORIGINAL_OFFER_ID, LAST_STATUS, MERCHANT_ID, VALID_BEGIN, VALID_END, COND_ID, SCHEME_TYPE)
values (2126, 2100, '天语T580', '50003163', '37', null, 18, 4500, 54900, 18, 3000, 900, 0, '活动期内每月至少产生5M省内流量（不含彩信、手机视频等不计费流量），共6个月（营口为整个活动期内）。月返还话费30元，共返还18个月，活动总计最低消费为810元。（丹东客户需办理12个月来电提醒或天气预报）', to_timestamp('08-11-2012 14:16:38.781000', 'dd-mm-yyyy hh24:mi:ss.ff'), null, 1, null, null, 1, null, to_timestamp('01-10-2012 00:00:00.000000', 'dd-mm-yyyy hh24:mi:ss.ff'), to_timestamp('25-03-2013 23:59:59.000000', 'dd-mm-yyyy hh24:mi:ss.ff'), '111200026697', 1);
insert into EB_OFFER (OFFER_ID, OFFER_GROUP_ID, OFFER_NAME, OFFER_NO, SHORT_NAME, OFFER_SORT, OFFER_TERM, COMMIT_MONTHLY, PREPAID, PERIOD, REFUND_MONTHLY, REFUND_1ST_MONTH, REFUND_LAST_MONTH, NOTES, CREATE_TIME, UPDATE_TIME, CREATE_USER_ID, UPDATE_USER_ID, ORIGINAL_OFFER_ID, LAST_STATUS, MERCHANT_ID, VALID_BEGIN, VALID_END, COND_ID, SCHEME_TYPE)
values (2130, 2100, '联想S899T套餐二', '50003167', '891', null, 18, 5500, 64900, 18, 3500, 1900, 65000, '活动期内每月至少产生5M省内流量（不含彩信、手机视频等不计费流量），共6个月（营口为整个活动期内）。月返还话费35元，共返还18个月，活动期内总计最低消费为990元。（丹东客户需办理12个月来电提醒或天气预报）', to_timestamp('08-11-2012 14:37:06.626000', 'dd-mm-yyyy hh24:mi:ss.ff'), null, 1, null, null, 1, null, to_timestamp('01-10-2012 00:00:00.000000', 'dd-mm-yyyy hh24:mi:ss.ff'), to_timestamp('20-03-2013 23:59:59.000000', 'dd-mm-yyyy hh24:mi:ss.ff'), '111200026624', 1);
insert into EB_OFFER (OFFER_ID, OFFER_GROUP_ID, OFFER_NAME, OFFER_NO, SHORT_NAME, OFFER_SORT, OFFER_TERM, COMMIT_MONTHLY, PREPAID, PERIOD, REFUND_MONTHLY, REFUND_1ST_MONTH, REFUND_LAST_MONTH, NOTES, CREATE_TIME, UPDATE_TIME, CREATE_USER_ID, UPDATE_USER_ID, ORIGINAL_OFFER_ID, LAST_STATUS, MERCHANT_ID, VALID_BEGIN, VALID_END, COND_ID, SCHEME_TYPE)
values (2131, 2100, '天迈D08', '50003168', '53', null, 18, 6500, 79900, 18, 4200, 4300, 0, '活动期内每月至少产生5M省内流量（不含彩信、手机视频等不计费流量），共6个月。月返还话费42元，共返还18个月，活动总计最低消费为1170元。（丹东客户需办理12个月来电提醒或天气预报）', to_timestamp('08-11-2012 14:37:29.447000', 'dd-mm-yyyy hh24:mi:ss.ff'), null, 1, null, null, 1, null, to_timestamp('01-10-2012 00:00:00.000000', 'dd-mm-yyyy hh24:mi:ss.ff'), to_timestamp('20-03-2013 23:59:59.000000', 'dd-mm-yyyy hh24:mi:ss.ff'), '111200026660', 1);
insert into EB_OFFER (OFFER_ID, OFFER_GROUP_ID, OFFER_NAME, OFFER_NO, SHORT_NAME, OFFER_SORT, OFFER_TERM, COMMIT_MONTHLY, PREPAID, PERIOD, REFUND_MONTHLY, REFUND_1ST_MONTH, REFUND_LAST_MONTH, NOTES, CREATE_TIME, UPDATE_TIME, CREATE_USER_ID, UPDATE_USER_ID, ORIGINAL_OFFER_ID, LAST_STATUS, MERCHANT_ID, VALID_BEGIN, VALID_END, COND_ID, SCHEME_TYPE)
values (2132, 2100, '海信T92', '50003169', '55', null, 18, 7500, 89900, 18, 4800, 3500, 0, '活动期内每月至少产生5M省内流量（不含彩信、手机视频等不计费流量），共6个月（营口为整个活动期内）。月返还话费48元，共返还18个月，活动期内总计最低消费为1350元。（丹东客户需办理12个月来电提醒或天气预报）', to_timestamp('08-11-2012 14:39:47.882000', 'dd-mm-yyyy hh24:mi:ss.ff'), null, 1, null, null, 1, null, to_timestamp('01-10-2012 00:00:00.000000', 'dd-mm-yyyy hh24:mi:ss.ff'), to_timestamp('25-03-2013 23:59:59.000000', 'dd-mm-yyyy hh24:mi:ss.ff'), '111200026658', 1);
insert into EB_OFFER (OFFER_ID, OFFER_GROUP_ID, OFFER_NAME, OFFER_NO, SHORT_NAME, OFFER_SORT, OFFER_TERM, COMMIT_MONTHLY, PREPAID, PERIOD, REFUND_MONTHLY, REFUND_1ST_MONTH, REFUND_LAST_MONTH, NOTES, CREATE_TIME, UPDATE_TIME, CREATE_USER_ID, UPDATE_USER_ID, ORIGINAL_OFFER_ID, LAST_STATUS, MERCHANT_ID, VALID_BEGIN, VALID_END, COND_ID, SCHEME_TYPE)
values (2133, 2100, '海信TG88', '50003170', '57', null, 18, 7500, 89900, 18, 4800, 3500, 0, '活动期内每月至少产生5M省内流量（不含彩信、手机视频等不计费流量），共6个月。月返还话费48元，共返还18个月，活动期内总计最低消费为1350元。（丹东客户需办理12个月来电提醒或天气预报）添加录入：如果您有不理解的地方请联系“在线客服”并选择“人工服务”，或者咨询12580（仅收基本通话费），我们将竭诚为您服务。', to_timestamp('08-11-2012 14:42:17.994000', 'dd-mm-yyyy hh24:mi:ss.ff'), null, 1, null, null, 1, null, to_timestamp('01-10-2012 00:00:00.000000', 'dd-mm-yyyy hh24:mi:ss.ff'), to_timestamp('20-03-2013 23:59:59.000000', 'dd-mm-yyyy hh24:mi:ss.ff'), '111200026656', 1);
insert into EB_OFFER (OFFER_ID, OFFER_GROUP_ID, OFFER_NAME, OFFER_NO, SHORT_NAME, OFFER_SORT, OFFER_TERM, COMMIT_MONTHLY, PREPAID, PERIOD, REFUND_MONTHLY, REFUND_1ST_MONTH, REFUND_LAST_MONTH, NOTES, CREATE_TIME, UPDATE_TIME, CREATE_USER_ID, UPDATE_USER_ID, ORIGINAL_OFFER_ID, LAST_STATUS, MERCHANT_ID, VALID_BEGIN, VALID_END, COND_ID, SCHEME_TYPE)
values (2134, 2100, '金立TD500', '50003171', '75', null, 18, 8000, 99900, 18, 5500, 900, 0, '活动期内每月至少产生5M省内流量（不含彩信、手机视频等不计费流量），共6个月（营口为整个活动期内）。月返还话费55元，共返还18个月，活动期内总计最低消费为1440元。（丹东客户需办理12个月来电提醒或天气预报）', to_timestamp('08-11-2012 14:43:44.732000', 'dd-mm-yyyy hh24:mi:ss.ff'), null, 1, null, null, 1, null, to_timestamp('01-10-2012 00:00:00.000000', 'dd-mm-yyyy hh24:mi:ss.ff'), to_timestamp('25-03-2013 23:59:59.000000', 'dd-mm-yyyy hh24:mi:ss.ff'), '111200026638', 1);
insert into EB_OFFER (OFFER_ID, OFFER_GROUP_ID, OFFER_NAME, OFFER_NO, SHORT_NAME, OFFER_SORT, OFFER_TERM, COMMIT_MONTHLY, PREPAID, PERIOD, REFUND_MONTHLY, REFUND_1ST_MONTH, REFUND_LAST_MONTH, NOTES, CREATE_TIME, UPDATE_TIME, CREATE_USER_ID, UPDATE_USER_ID, ORIGINAL_OFFER_ID, LAST_STATUS, MERCHANT_ID, VALID_BEGIN, VALID_END, COND_ID, SCHEME_TYPE)
values (2340, 2221, '盘锦波导T9', '50003420', '1', null, 12, 2500, 19900, 12, 1500, 1900, 0, '活动期内每个周期（从购机日至下月返还日前一日为一个周期）最少产生1次以上在本省通话（不含免费通话，如10086、V网内部通话、呼叫转移、移动总机通话等）共6个月。月返还话费15元，共返还12个月，活动总计最低消费为300元。', to_timestamp('21-11-2012 10:41:26.444000', 'dd-mm-yyyy hh24:mi:ss.ff'), null, 1, null, null, 1, null, to_timestamp('01-10-2012 08:37:58.000000', 'dd-mm-yyyy hh24:mi:ss.ff'), to_timestamp('20-03-2013 23:59:59.000000', 'dd-mm-yyyy hh24:mi:ss.ff'), '111200026675', 1);
insert into EB_OFFER (OFFER_ID, OFFER_GROUP_ID, OFFER_NAME, OFFER_NO, SHORT_NAME, OFFER_SORT, OFFER_TERM, COMMIT_MONTHLY, PREPAID, PERIOD, REFUND_MONTHLY, REFUND_1ST_MONTH, REFUND_LAST_MONTH, NOTES, CREATE_TIME, UPDATE_TIME, CREATE_USER_ID, UPDATE_USER_ID, ORIGINAL_OFFER_ID, LAST_STATUS, MERCHANT_ID, VALID_BEGIN, VALID_END, COND_ID, SCHEME_TYPE)
values (2137, 2100, '中兴U960S', '50003174', '63', null, 18, 8000, 99900, 18, 5500, 900, 0, '活动期内每月至少产生5M省内流量（不含彩信、手机视频等不计费流量），共6个月（营口为整个活动期内）。月返还话费55元，共返还18个月，活动期内总计最低消费为1440元。（丹东客户需办理12个月来电提醒或天气预报）', to_timestamp('08-11-2012 14:52:23.692000', 'dd-mm-yyyy hh24:mi:ss.ff'), null, 1, null, null, 1, null, to_timestamp('01-10-2012 00:00:00.000000', 'dd-mm-yyyy hh24:mi:ss.ff'), to_timestamp('25-03-2013 23:59:59.000000', 'dd-mm-yyyy hh24:mi:ss.ff'), '111200026650', 1);
insert into EB_OFFER (OFFER_ID, OFFER_GROUP_ID, OFFER_NAME, OFFER_NO, SHORT_NAME, OFFER_SORT, OFFER_TERM, COMMIT_MONTHLY, PREPAID, PERIOD, REFUND_MONTHLY, REFUND_1ST_MONTH, REFUND_LAST_MONTH, NOTES, CREATE_TIME, UPDATE_TIME, CREATE_USER_ID, UPDATE_USER_ID, ORIGINAL_OFFER_ID, LAST_STATUS, MERCHANT_ID, VALID_BEGIN, VALID_END, COND_ID, SCHEME_TYPE)
values (2138, 2120, '华为T8828', '50003175', '1', null, 18, 8000, 89900, 18, 4500, 8900, 0, '活动期内每月至少产生5M省内流量（不含彩信、手机视频等不计费流量），共6个月。月返还话费45元，共返还18个月，活动期内总计最低消费为1440元。', to_timestamp('08-11-2012 14:57:12.147000', 'dd-mm-yyyy hh24:mi:ss.ff'), null, 1, null, null, 1, null, to_timestamp('01-10-2012 00:00:00.000000', 'dd-mm-yyyy hh24:mi:ss.ff'), to_timestamp('25-03-2013 23:59:59.000000', 'dd-mm-yyyy hh24:mi:ss.ff'), '111200027195', 1);
insert into EB_OFFER (OFFER_ID, OFFER_GROUP_ID, OFFER_NAME, OFFER_NO, SHORT_NAME, OFFER_SORT, OFFER_TERM, COMMIT_MONTHLY, PREPAID, PERIOD, REFUND_MONTHLY, REFUND_1ST_MONTH, REFUND_LAST_MONTH, NOTES, CREATE_TIME, UPDATE_TIME, CREATE_USER_ID, UPDATE_USER_ID, ORIGINAL_OFFER_ID, LAST_STATUS, MERCHANT_ID, VALID_BEGIN, VALID_END, COND_ID, SCHEME_TYPE)
values (2438, 2260, null, '50003546', '182', null, 36, 12800, 199900, 36, 5500, 1900, 230000, '参与活动手机号码必须在绑定的手机内每月至少产生5M省内流量，共6个月。月返还话费55元，返还期内月最低消费128元，共返还36个月。', to_timestamp('07-04-2013 16:29:11.003000', 'dd-mm-yyyy hh24:mi:ss.ff'), null, 4000, null, null, 1, null, to_timestamp('07-04-2013 16:27:20.000000', 'dd-mm-yyyy hh24:mi:ss.ff'), to_timestamp('30-06-2013 16:27:22.000000', 'dd-mm-yyyy hh24:mi:ss.ff'), '111200032761', 1);
insert into EB_OFFER (OFFER_ID, OFFER_GROUP_ID, OFFER_NAME, OFFER_NO, SHORT_NAME, OFFER_SORT, OFFER_TERM, COMMIT_MONTHLY, PREPAID, PERIOD, REFUND_MONTHLY, REFUND_1ST_MONTH, REFUND_LAST_MONTH, NOTES, CREATE_TIME, UPDATE_TIME, CREATE_USER_ID, UPDATE_USER_ID, ORIGINAL_OFFER_ID, LAST_STATUS, MERCHANT_ID, VALID_BEGIN, VALID_END, COND_ID, SCHEME_TYPE)
values (2576, 2260, null, '50003676', '100', null, 15, 237000, 99900, 15, 6000, 9900, 40000, '参与活动手机号码必须在绑定的手机内每月至少产生5M省内流量，共6个月。月返还话费60元，返还期内月最低消费158元，共返还15个月。', to_timestamp('07-04-2013 19:30:19.420000', 'dd-mm-yyyy hh24:mi:ss.ff'), null, 1, null, null, 1, null, to_timestamp('07-04-2013 19:28:52.000000', 'dd-mm-yyyy hh24:mi:ss.ff'), to_timestamp('30-06-2013 19:28:54.000000', 'dd-mm-yyyy hh24:mi:ss.ff'), '111200032780', 1);
insert into EB_OFFER (OFFER_ID, OFFER_GROUP_ID, OFFER_NAME, OFFER_NO, SHORT_NAME, OFFER_SORT, OFFER_TERM, COMMIT_MONTHLY, PREPAID, PERIOD, REFUND_MONTHLY, REFUND_1ST_MONTH, REFUND_LAST_MONTH, NOTES, CREATE_TIME, UPDATE_TIME, CREATE_USER_ID, UPDATE_USER_ID, ORIGINAL_OFFER_ID, LAST_STATUS, MERCHANT_ID, VALID_BEGIN, VALID_END, COND_ID, SCHEME_TYPE)
values (2555, 2260, null, '50003655', '50', null, 18, 10800, 89900, 18, 4500, 8900, 5000, '参与活动手机号码必须在绑定的手机内每月至少产生5M省内流量，共6个月。' || chr(10) || '' || chr(10) || '月返还话费45元，返还期内月最低消费108元，共返还18个月。', to_timestamp('07-04-2013 18:54:39.508000', 'dd-mm-yyyy hh24:mi:ss.ff'), null, 1, null, null, 1, null, to_timestamp('07-04-2013 18:53:17.000000', 'dd-mm-yyyy hh24:mi:ss.ff'), to_timestamp('30-06-2013 18:53:19.000000', 'dd-mm-yyyy hh24:mi:ss.ff'), '111200032784', 1);
insert into EB_OFFER (OFFER_ID, OFFER_GROUP_ID, OFFER_NAME, OFFER_NO, SHORT_NAME, OFFER_SORT, OFFER_TERM, COMMIT_MONTHLY, PREPAID, PERIOD, REFUND_MONTHLY, REFUND_1ST_MONTH, REFUND_LAST_MONTH, NOTES, CREATE_TIME, UPDATE_TIME, CREATE_USER_ID, UPDATE_USER_ID, ORIGINAL_OFFER_ID, LAST_STATUS, MERCHANT_ID, VALID_BEGIN, VALID_END, COND_ID, SCHEME_TYPE)
values (2508, 2260, null, '50003616', '34', null, 20, 176000, 74900, 20, 3500, 4900, 8000, '参与活动手机号码必须在绑定的手机内每月至少产生5M省内流量，共6个月。' || chr(10) || '月返还话费35元，返还期内月最低消费88元，共返还20个月。', to_timestamp('07-04-2013 17:51:35.132000', 'dd-mm-yyyy hh24:mi:ss.ff'), null, 1, null, null, 1, null, to_timestamp('07-04-2013 17:50:46.000000', 'dd-mm-yyyy hh24:mi:ss.ff'), to_timestamp('30-06-2013 17:50:47.000000', 'dd-mm-yyyy hh24:mi:ss.ff'), '111200032787', 1);
insert into EB_OFFER (OFFER_ID, OFFER_GROUP_ID, OFFER_NAME, OFFER_NO, SHORT_NAME, OFFER_SORT, OFFER_TERM, COMMIT_MONTHLY, PREPAID, PERIOD, REFUND_MONTHLY, REFUND_1ST_MONTH, REFUND_LAST_MONTH, NOTES, CREATE_TIME, UPDATE_TIME, CREATE_USER_ID, UPDATE_USER_ID, ORIGINAL_OFFER_ID, LAST_STATUS, MERCHANT_ID, VALID_BEGIN, VALID_END, COND_ID, SCHEME_TYPE)
values (2472, 2260, null, '50003580', '149', null, 36, 12800, 199900, 36, 5500, 1900, 100000, '参与活动手机号码必须在绑定的手机内每月至少产生5M省内流量，共6个月。月返还话费55元，返还期内月最低消费128元，共返还36个月。', to_timestamp('07-04-2013 17:09:43.086000', 'dd-mm-yyyy hh24:mi:ss.ff'), null, 4000, null, null, 1, null, to_timestamp('07-04-2013 17:06:47.000000', 'dd-mm-yyyy hh24:mi:ss.ff'), to_timestamp('30-06-2013 17:06:50.000000', 'dd-mm-yyyy hh24:mi:ss.ff'), '111200032761', 1);
insert into EB_OFFER (OFFER_ID, OFFER_GROUP_ID, OFFER_NAME, OFFER_NO, SHORT_NAME, OFFER_SORT, OFFER_TERM, COMMIT_MONTHLY, PREPAID, PERIOD, REFUND_MONTHLY, REFUND_1ST_MONTH, REFUND_LAST_MONTH, NOTES, CREATE_TIME, UPDATE_TIME, CREATE_USER_ID, UPDATE_USER_ID, ORIGINAL_OFFER_ID, LAST_STATUS, MERCHANT_ID, VALID_BEGIN, VALID_END, COND_ID, SCHEME_TYPE)
values (2579, 2260, null, '50003679', '103', null, 15, 162000, 74900, 15, 4800, 2900, 65000, '参与活动手机号码必须在绑定的手机内每月至少产生5M省内流量，共6个月。月返还话费48元，返还期内月最低消费108元，共返还15个月。', to_timestamp('07-04-2013 19:37:40.983000', 'dd-mm-yyyy hh24:mi:ss.ff'), null, 1, null, null, 1, null, to_timestamp('07-04-2013 19:35:04.000000', 'dd-mm-yyyy hh24:mi:ss.ff'), to_timestamp('30-06-2013 19:35:07.000000', 'dd-mm-yyyy hh24:mi:ss.ff'), '111200032786', 1);
insert into EB_OFFER (OFFER_ID, OFFER_GROUP_ID, OFFER_NAME, OFFER_NO, SHORT_NAME, OFFER_SORT, OFFER_TERM, COMMIT_MONTHLY, PREPAID, PERIOD, REFUND_MONTHLY, REFUND_1ST_MONTH, REFUND_LAST_MONTH, NOTES, CREATE_TIME, UPDATE_TIME, CREATE_USER_ID, UPDATE_USER_ID, ORIGINAL_OFFER_ID, LAST_STATUS, MERCHANT_ID, VALID_BEGIN, VALID_END, COND_ID, SCHEME_TYPE)
values (2495, 2260, null, '50003603', '145', null, 25, 8800, 99900, 25, 3800, 4900, 100000, '参与活动手机号码必须在绑定的手机内每月至少产生5M省内流量，共6个月。月返还话费38元，返还期内月最低消费88元，共返还25个月。', to_timestamp('07-04-2013 17:37:34.267000', 'dd-mm-yyyy hh24:mi:ss.ff'), null, 4000, null, null, 1, null, to_timestamp('07-04-2013 17:35:16.000000', 'dd-mm-yyyy hh24:mi:ss.ff'), to_timestamp('30-06-2013 17:35:19.000000', 'dd-mm-yyyy hh24:mi:ss.ff'), '111200032782', 1);
insert into EB_OFFER (OFFER_ID, OFFER_GROUP_ID, OFFER_NAME, OFFER_NO, SHORT_NAME, OFFER_SORT, OFFER_TERM, COMMIT_MONTHLY, PREPAID, PERIOD, REFUND_MONTHLY, REFUND_1ST_MONTH, REFUND_LAST_MONTH, NOTES, CREATE_TIME, UPDATE_TIME, CREATE_USER_ID, UPDATE_USER_ID, ORIGINAL_OFFER_ID, LAST_STATUS, MERCHANT_ID, VALID_BEGIN, VALID_END, COND_ID, SCHEME_TYPE)
values (2592, 2260, null, '50003692', '93', null, 15, 132000, 59900, 15, 3600, 5900, 75000, '参与活动手机号码必须在绑定的手机内每月至少产生5M省内流量，共6个月。月返还话费36元，返还期内月最低消费88元，共返还15个月。', to_timestamp('07-04-2013 20:17:26.694000', 'dd-mm-yyyy hh24:mi:ss.ff'), null, 1, null, null, 1, null, to_timestamp('07-04-2013 20:14:39.000000', 'dd-mm-yyyy hh24:mi:ss.ff'), to_timestamp('30-06-2013 20:14:41.000000', 'dd-mm-yyyy hh24:mi:ss.ff'), '111200032792', 1);
insert into EB_OFFER (OFFER_ID, OFFER_GROUP_ID, OFFER_NAME, OFFER_NO, SHORT_NAME, OFFER_SORT, OFFER_TERM, COMMIT_MONTHLY, PREPAID, PERIOD, REFUND_MONTHLY, REFUND_1ST_MONTH, REFUND_LAST_MONTH, NOTES, CREATE_TIME, UPDATE_TIME, CREATE_USER_ID, UPDATE_USER_ID, ORIGINAL_OFFER_ID, LAST_STATUS, MERCHANT_ID, VALID_BEGIN, VALID_END, COND_ID, SCHEME_TYPE)
values (2593, 2260, null, '50003693', '1', null, 15, 8800, 59900, 15, 3600, 5900, 0, '参与活动手机号码必须在绑定的手机内每月至少产生5M省内流量，共6个月。' || chr(10) || '月返还话费36元，返还期内月最低消费88元，共返还15个月。', to_timestamp('07-04-2013 20:18:43.200000', 'dd-mm-yyyy hh24:mi:ss.ff'), null, 1, null, null, 1, null, to_timestamp('07-04-2013 20:08:28.000000', 'dd-mm-yyyy hh24:mi:ss.ff'), to_timestamp('30-06-2013 20:08:30.000000', 'dd-mm-yyyy hh24:mi:ss.ff'), '111200032792', 1);
insert into EB_OFFER (OFFER_ID, OFFER_GROUP_ID, OFFER_NAME, OFFER_NO, SHORT_NAME, OFFER_SORT, OFFER_TERM, COMMIT_MONTHLY, PREPAID, PERIOD, REFUND_MONTHLY, REFUND_1ST_MONTH, REFUND_LAST_MONTH, NOTES, CREATE_TIME, UPDATE_TIME, CREATE_USER_ID, UPDATE_USER_ID, ORIGINAL_OFFER_ID, LAST_STATUS, MERCHANT_ID, VALID_BEGIN, VALID_END, COND_ID, SCHEME_TYPE)
values (2594, 2260, null, '50003694', '94', null, 20, 136000, 59900, 20, 2700, 5900, 75000, '参与活动手机号码必须在绑定的手机内每月至少产生5M省内流量，共6个月。月返还话费27元，返还期内月最低消费68元，共返还20个月。', to_timestamp('07-04-2013 20:19:06.465000', 'dd-mm-yyyy hh24:mi:ss.ff'), null, 1, null, null, 1, null, to_timestamp('07-04-2013 20:17:55.000000', 'dd-mm-yyyy hh24:mi:ss.ff'), to_timestamp('30-06-2013 20:17:56.000000', 'dd-mm-yyyy hh24:mi:ss.ff'), '111200032793', 1);
insert into EB_OFFER (OFFER_ID, OFFER_GROUP_ID, OFFER_NAME, OFFER_NO, SHORT_NAME, OFFER_SORT, OFFER_TERM, COMMIT_MONTHLY, PREPAID, PERIOD, REFUND_MONTHLY, REFUND_1ST_MONTH, REFUND_LAST_MONTH, NOTES, CREATE_TIME, UPDATE_TIME, CREATE_USER_ID, UPDATE_USER_ID, ORIGINAL_OFFER_ID, LAST_STATUS, MERCHANT_ID, VALID_BEGIN, VALID_END, COND_ID, SCHEME_TYPE)
values (2595, 2260, null, '50003695', '2', null, 20, 6800, 59900, 20, 2700, 5900, 0, '参与活动手机号码必须在绑定的手机内每月至少产生5M省内流量，共6个月。' || chr(10) || '月返还话费27元，返还期内月最低消费68元，共返还20个月。', to_timestamp('07-04-2013 20:20:17.035000', 'dd-mm-yyyy hh24:mi:ss.ff'), null, 1, null, null, 1, null, to_timestamp('07-04-2013 20:19:14.000000', 'dd-mm-yyyy hh24:mi:ss.ff'), to_timestamp('30-06-2013 20:19:15.000000', 'dd-mm-yyyy hh24:mi:ss.ff'), '111200032793', 1);
insert into EB_OFFER (OFFER_ID, OFFER_GROUP_ID, OFFER_NAME, OFFER_NO, SHORT_NAME, OFFER_SORT, OFFER_TERM, COMMIT_MONTHLY, PREPAID, PERIOD, REFUND_MONTHLY, REFUND_1ST_MONTH, REFUND_LAST_MONTH, NOTES, CREATE_TIME, UPDATE_TIME, CREATE_USER_ID, UPDATE_USER_ID, ORIGINAL_OFFER_ID, LAST_STATUS, MERCHANT_ID, VALID_BEGIN, VALID_END, COND_ID, SCHEME_TYPE)
values (2596, 2260, null, '50003696', '4', null, 20, 5800, 49900, 20, 2400, 1900, 10000, '参与活动手机号码必须在绑定的手机内每月至少产生5M省内流量，共6个月。' || chr(10) || '月返还话费24元，返还期内月最低消费58元，共返还20个月。', to_timestamp('07-04-2013 20:21:57.530000', 'dd-mm-yyyy hh24:mi:ss.ff'), null, 1, null, null, 1, null, to_timestamp('07-04-2013 20:20:30.000000', 'dd-mm-yyyy hh24:mi:ss.ff'), to_timestamp('30-06-2013 20:20:31.000000', 'dd-mm-yyyy hh24:mi:ss.ff'), '111200032797', 1);
insert into EB_OFFER (OFFER_ID, OFFER_GROUP_ID, OFFER_NAME, OFFER_NO, SHORT_NAME, OFFER_SORT, OFFER_TERM, COMMIT_MONTHLY, PREPAID, PERIOD, REFUND_MONTHLY, REFUND_1ST_MONTH, REFUND_LAST_MONTH, NOTES, CREATE_TIME, UPDATE_TIME, CREATE_USER_ID, UPDATE_USER_ID, ORIGINAL_OFFER_ID, LAST_STATUS, MERCHANT_ID, VALID_BEGIN, VALID_END, COND_ID, SCHEME_TYPE)
values (2597, 2260, null, '50003697', '5', null, 24, 4800, 49900, 24, 2000, 1900, 10000, '参与活动手机号码必须在绑定的手机内每月至少产生5M省内流量，共6个月。' || chr(10) || '月返还话费20元，返还期内月最低消费48元，共返还24个月。', to_timestamp('07-04-2013 20:23:29.013000', 'dd-mm-yyyy hh24:mi:ss.ff'), null, 1, null, null, 1, null, to_timestamp('07-04-2013 20:22:15.000000', 'dd-mm-yyyy hh24:mi:ss.ff'), to_timestamp('30-06-2013 20:22:16.000000', 'dd-mm-yyyy hh24:mi:ss.ff'), '111200032798', 1);
insert into EB_OFFER (OFFER_ID, OFFER_GROUP_ID, OFFER_NAME, OFFER_NO, SHORT_NAME, OFFER_SORT, OFFER_TERM, COMMIT_MONTHLY, PREPAID, PERIOD, REFUND_MONTHLY, REFUND_1ST_MONTH, REFUND_LAST_MONTH, NOTES, CREATE_TIME, UPDATE_TIME, CREATE_USER_ID, UPDATE_USER_ID, ORIGINAL_OFFER_ID, LAST_STATUS, MERCHANT_ID, VALID_BEGIN, VALID_END, COND_ID, SCHEME_TYPE)
values (2598, 2260, null, '50003698', '6', null, 18, 4800, 39900, 18, 2000, 3900, 20000, '参与活动手机号码必须在绑定的手机内每月至少产生5M省内流量，共6个月。' || chr(10) || '月返还话费20元，返还期内月最低消费48元，共返还18个月。', to_timestamp('07-04-2013 20:25:00.443000', 'dd-mm-yyyy hh24:mi:ss.ff'), null, 1, null, null, 1, null, to_timestamp('07-04-2013 20:23:45.000000', 'dd-mm-yyyy hh24:mi:ss.ff'), to_timestamp('30-06-2013 20:23:46.000000', 'dd-mm-yyyy hh24:mi:ss.ff'), '111200032824', 1);
insert into EB_OFFER (OFFER_ID, OFFER_GROUP_ID, OFFER_NAME, OFFER_NO, SHORT_NAME, OFFER_SORT, OFFER_TERM, COMMIT_MONTHLY, PREPAID, PERIOD, REFUND_MONTHLY, REFUND_1ST_MONTH, REFUND_LAST_MONTH, NOTES, CREATE_TIME, UPDATE_TIME, CREATE_USER_ID, UPDATE_USER_ID, ORIGINAL_OFFER_ID, LAST_STATUS, MERCHANT_ID, VALID_BEGIN, VALID_END, COND_ID, SCHEME_TYPE)
values (2610, 2260, null, '50003710', '82', null, 20, 6800, 59900, 20, 2700, 5900, 70000, '参与活动手机号码必须在绑定的手机内每月至少产生5M省内流量，共6个月。月返还话费27元，返还期内月最低消费68元，共返还20个月。', to_timestamp('07-04-2013 20:43:30.058000', 'dd-mm-yyyy hh24:mi:ss.ff'), null, 1, null, null, 1, null, to_timestamp('07-04-2013 20:42:03.000000', 'dd-mm-yyyy hh24:mi:ss.ff'), to_timestamp('30-06-2013 20:42:04.000000', 'dd-mm-yyyy hh24:mi:ss.ff'), '111200032793', 1);
insert into EB_OFFER (OFFER_ID, OFFER_GROUP_ID, OFFER_NAME, OFFER_NO, SHORT_NAME, OFFER_SORT, OFFER_TERM, COMMIT_MONTHLY, PREPAID, PERIOD, REFUND_MONTHLY, REFUND_1ST_MONTH, REFUND_LAST_MONTH, NOTES, CREATE_TIME, UPDATE_TIME, CREATE_USER_ID, UPDATE_USER_ID, ORIGINAL_OFFER_ID, LAST_STATUS, MERCHANT_ID, VALID_BEGIN, VALID_END, COND_ID, SCHEME_TYPE)
values (2611, 2260, null, '50003711', '60', null, 18, 284400, 119900, 18, 6500, 2900, 0, '参与活动手机号码必须在绑定的手机内每月至少产生5M省内流量，共6个月。月返还话费65元，返还期内月最低消费158元，共返还18个月。', to_timestamp('07-04-2013 20:50:18.441000', 'dd-mm-yyyy hh24:mi:ss.ff'), null, 1, null, null, 1, null, to_timestamp('07-04-2013 20:48:19.000000', 'dd-mm-yyyy hh24:mi:ss.ff'), to_timestamp('30-06-2013 20:48:21.000000', 'dd-mm-yyyy hh24:mi:ss.ff'), '111200032771', 1);
insert into EB_OFFER (OFFER_ID, OFFER_GROUP_ID, OFFER_NAME, OFFER_NO, SHORT_NAME, OFFER_SORT, OFFER_TERM, COMMIT_MONTHLY, PREPAID, PERIOD, REFUND_MONTHLY, REFUND_1ST_MONTH, REFUND_LAST_MONTH, NOTES, CREATE_TIME, UPDATE_TIME, CREATE_USER_ID, UPDATE_USER_ID, ORIGINAL_OFFER_ID, LAST_STATUS, MERCHANT_ID, VALID_BEGIN, VALID_END, COND_ID, SCHEME_TYPE)
values (2612, 2260, null, '50003712', '62', null, 30, 264000, 119900, 30, 3800, 5900, 0, '参与活动手机号码必须在绑定的手机内每月至少产生5M省内流量，共6个月。月返还话费38元，返还期内月最低消费88元，共返还30个月。', to_timestamp('07-04-2013 20:51:55.197000', 'dd-mm-yyyy hh24:mi:ss.ff'), null, 1, null, null, 1, null, to_timestamp('07-04-2013 20:50:32.000000', 'dd-mm-yyyy hh24:mi:ss.ff'), to_timestamp('30-06-2013 20:50:33.000000', 'dd-mm-yyyy hh24:mi:ss.ff'), '111200032773', 1);
insert into EB_OFFER (OFFER_ID, OFFER_GROUP_ID, OFFER_NAME, OFFER_NO, SHORT_NAME, OFFER_SORT, OFFER_TERM, COMMIT_MONTHLY, PREPAID, PERIOD, REFUND_MONTHLY, REFUND_1ST_MONTH, REFUND_LAST_MONTH, NOTES, CREATE_TIME, UPDATE_TIME, CREATE_USER_ID, UPDATE_USER_ID, ORIGINAL_OFFER_ID, LAST_STATUS, MERCHANT_ID, VALID_BEGIN, VALID_END, COND_ID, SCHEME_TYPE)
values (2613, 2260, null, '50003713', '63', null, 15, 237000, 99900, 15, 6000, 9900, 20000, '参与活动手机号码必须在绑定的手机内每月至少产生5M省内流量，共6个月。月返还话费60元，返还期内月最低消费158元，共返还15个月。', to_timestamp('07-04-2013 20:53:14.041000', 'dd-mm-yyyy hh24:mi:ss.ff'), null, 1, null, null, 1, null, to_timestamp('07-04-2013 20:52:21.000000', 'dd-mm-yyyy hh24:mi:ss.ff'), to_timestamp('30-06-2013 20:52:23.000000', 'dd-mm-yyyy hh24:mi:ss.ff'), '111200032780', 1);
insert into EB_OFFER (OFFER_ID, OFFER_GROUP_ID, OFFER_NAME, OFFER_NO, SHORT_NAME, OFFER_SORT, OFFER_TERM, COMMIT_MONTHLY, PREPAID, PERIOD, REFUND_MONTHLY, REFUND_1ST_MONTH, REFUND_LAST_MONTH, NOTES, CREATE_TIME, UPDATE_TIME, CREATE_USER_ID, UPDATE_USER_ID, ORIGINAL_OFFER_ID, LAST_STATUS, MERCHANT_ID, VALID_BEGIN, VALID_END, COND_ID, SCHEME_TYPE)
values (2614, 2260, null, '50003714', '64', null, 18, 230400, 99900, 18, 5000, 9900, 20000, '参与活动手机号码必须在绑定的手机内每月至少产生5M省内流量，共6个月。月返还话费50元，返还期内月最低消费128元，共返还18个月。', to_timestamp('07-04-2013 20:54:29.857000', 'dd-mm-yyyy hh24:mi:ss.ff'), null, 1, null, null, 1, null, to_timestamp('07-04-2013 20:53:29.000000', 'dd-mm-yyyy hh24:mi:ss.ff'), to_timestamp('30-06-2013 20:53:31.000000', 'dd-mm-yyyy hh24:mi:ss.ff'), '111200032781', 1);
insert into EB_OFFER (OFFER_ID, OFFER_GROUP_ID, OFFER_NAME, OFFER_NO, SHORT_NAME, OFFER_SORT, OFFER_TERM, COMMIT_MONTHLY, PREPAID, PERIOD, REFUND_MONTHLY, REFUND_1ST_MONTH, REFUND_LAST_MONTH, NOTES, CREATE_TIME, UPDATE_TIME, CREATE_USER_ID, UPDATE_USER_ID, ORIGINAL_OFFER_ID, LAST_STATUS, MERCHANT_ID, VALID_BEGIN, VALID_END, COND_ID, SCHEME_TYPE)
values (2617, 2260, null, '50003717', '67', null, 20, 176000, 74900, 20, 3500, 4900, 45000, '参与活动手机号码必须在绑定的手机内每月至少产生5M省内流量，共6个月。月返还话费35元，返还期内月最低消费88元，共返还20个月。', to_timestamp('07-04-2013 20:58:48.231000', 'dd-mm-yyyy hh24:mi:ss.ff'), null, 1, null, null, 1, null, to_timestamp('07-04-2013 20:57:53.000000', 'dd-mm-yyyy hh24:mi:ss.ff'), to_timestamp('30-06-2013 20:57:55.000000', 'dd-mm-yyyy hh24:mi:ss.ff'), '111200032787', 1);
insert into EB_OFFER (OFFER_ID, OFFER_GROUP_ID, OFFER_NAME, OFFER_NO, SHORT_NAME, OFFER_SORT, OFFER_TERM, COMMIT_MONTHLY, PREPAID, PERIOD, REFUND_MONTHLY, REFUND_1ST_MONTH, REFUND_LAST_MONTH, NOTES, CREATE_TIME, UPDATE_TIME, CREATE_USER_ID, UPDATE_USER_ID, ORIGINAL_OFFER_ID, LAST_STATUS, MERCHANT_ID, VALID_BEGIN, VALID_END, COND_ID, SCHEME_TYPE)
values (2618, 2260, null, '50003718', '68', null, 24, 163200, 74900, 24, 3000, 2900, 45000, '参与活动手机号码必须在绑定的手机内每月至少产生5M省内流量，共6个月。月返还话费30元，返还期内月最低消费68元，共返还24个月。', to_timestamp('07-04-2013 21:00:04.802000', 'dd-mm-yyyy hh24:mi:ss.ff'), null, 1, null, null, 1, null, to_timestamp('07-04-2013 20:59:08.000000', 'dd-mm-yyyy hh24:mi:ss.ff'), to_timestamp('30-06-2013 20:59:10.000000', 'dd-mm-yyyy hh24:mi:ss.ff'), '111200032788', 1);
insert into EB_OFFER (OFFER_ID, OFFER_GROUP_ID, OFFER_NAME, OFFER_NO, SHORT_NAME, OFFER_SORT, OFFER_TERM, COMMIT_MONTHLY, PREPAID, PERIOD, REFUND_MONTHLY, REFUND_1ST_MONTH, REFUND_LAST_MONTH, NOTES, CREATE_TIME, UPDATE_TIME, CREATE_USER_ID, UPDATE_USER_ID, ORIGINAL_OFFER_ID, LAST_STATUS, MERCHANT_ID, VALID_BEGIN, VALID_END, COND_ID, SCHEME_TYPE)
values (2619, 2260, null, '50003719', '69', null, 15, 132000, 59900, 15, 3600, 5900, 60000, '参与活动手机号码必须在绑定的手机内每月至少产生5M省内流量，共6个月。月返还话费36元，返还期内月最低消费88元，共返还15个月。', to_timestamp('07-04-2013 21:01:18.507000', 'dd-mm-yyyy hh24:mi:ss.ff'), null, 1, null, null, 1, null, to_timestamp('07-04-2013 21:00:23.000000', 'dd-mm-yyyy hh24:mi:ss.ff'), to_timestamp('30-06-2013 21:00:24.000000', 'dd-mm-yyyy hh24:mi:ss.ff'), '111200032792', 1);
insert into EB_OFFER (OFFER_ID, OFFER_GROUP_ID, OFFER_NAME, OFFER_NO, SHORT_NAME, OFFER_SORT, OFFER_TERM, COMMIT_MONTHLY, PREPAID, PERIOD, REFUND_MONTHLY, REFUND_1ST_MONTH, REFUND_LAST_MONTH, NOTES, CREATE_TIME, UPDATE_TIME, CREATE_USER_ID, UPDATE_USER_ID, ORIGINAL_OFFER_ID, LAST_STATUS, MERCHANT_ID, VALID_BEGIN, VALID_END, COND_ID, SCHEME_TYPE)
values (2320, 2200, '朝阳联想S899TD2', '50003400', '992', null, 18, 5500, 64900, 18, 3500, 1900, 65000, '活动期内每月至少产生5M省内流量（不含彩信、手机视频等不计费流量），共6个月。月返还话费35元，共返还18个月，活动期内总计最低消费为990元。', to_timestamp('21-11-2012 08:20:25.110000', 'dd-mm-yyyy hh24:mi:ss.ff'), null, 1, null, null, 1, null, to_timestamp('01-10-2012 08:20:00.000000', 'dd-mm-yyyy hh24:mi:ss.ff'), to_timestamp('20-03-2013 23:55:50.000000', 'dd-mm-yyyy hh24:mi:ss.ff'), '111200026624', 1);
insert into EB_OFFER (OFFER_ID, OFFER_GROUP_ID, OFFER_NAME, OFFER_NO, SHORT_NAME, OFFER_SORT, OFFER_TERM, COMMIT_MONTHLY, PREPAID, PERIOD, REFUND_MONTHLY, REFUND_1ST_MONTH, REFUND_LAST_MONTH, NOTES, CREATE_TIME, UPDATE_TIME, CREATE_USER_ID, UPDATE_USER_ID, ORIGINAL_OFFER_ID, LAST_STATUS, MERCHANT_ID, VALID_BEGIN, VALID_END, COND_ID, SCHEME_TYPE)
values (2321, 2200, '朝阳三星S6358D1', '50003401', '635', null, 18, 11000, 129900, 18, 7000, 3900, 0, '活动期内每月至少产生5M省内流量（不含彩信、手机视频等不计费流量），共6个月。月返还话费70元，共返还18个月，活动期内总计最低消费为1980元。', to_timestamp('21-11-2012 08:24:55.879000', 'dd-mm-yyyy hh24:mi:ss.ff'), null, 1, null, null, 1, null, to_timestamp('01-10-2012 08:25:17.000000', 'dd-mm-yyyy hh24:mi:ss.ff'), to_timestamp('20-03-2013 23:55:50.000000', 'dd-mm-yyyy hh24:mi:ss.ff'), '111200026616', 1);
insert into EB_OFFER (OFFER_ID, OFFER_GROUP_ID, OFFER_NAME, OFFER_NO, SHORT_NAME, OFFER_SORT, OFFER_TERM, COMMIT_MONTHLY, PREPAID, PERIOD, REFUND_MONTHLY, REFUND_1ST_MONTH, REFUND_LAST_MONTH, NOTES, CREATE_TIME, UPDATE_TIME, CREATE_USER_ID, UPDATE_USER_ID, ORIGINAL_OFFER_ID, LAST_STATUS, MERCHANT_ID, VALID_BEGIN, VALID_END, COND_ID, SCHEME_TYPE)
values (2324, 2200, '朝阳三星I9308D1', '50003404', '930', null, 24, 30000, 499900, 24, 20000, 19900, 0, '活动期内每月至少产生5M省内流量（不含彩信、手机视频等不计费流量），共6个月。月返还话费200元，共返还24个月，活动期内总计最低消费为7200元。', to_timestamp('21-11-2012 08:34:37.008000', 'dd-mm-yyyy hh24:mi:ss.ff'), null, 1, null, null, 1, null, to_timestamp('01-10-2012 08:36:01.000000', 'dd-mm-yyyy hh24:mi:ss.ff'), to_timestamp('20-03-2013 23:55:50.000000', 'dd-mm-yyyy hh24:mi:ss.ff'), '111200026735', 1);
insert into EB_OFFER (OFFER_ID, OFFER_GROUP_ID, OFFER_NAME, OFFER_NO, SHORT_NAME, OFFER_SORT, OFFER_TERM, COMMIT_MONTHLY, PREPAID, PERIOD, REFUND_MONTHLY, REFUND_1ST_MONTH, REFUND_LAST_MONTH, NOTES, CREATE_TIME, UPDATE_TIME, CREATE_USER_ID, UPDATE_USER_ID, ORIGINAL_OFFER_ID, LAST_STATUS, MERCHANT_ID, VALID_BEGIN, VALID_END, COND_ID, SCHEME_TYPE)
values (2325, 2200, '朝阳三星I9308D2', '50003405', '308', null, 18, 16800, 199900, 18, 10000, 19900, 300000, '活动期内每月至少产生5M省内流量（不含彩信、手机视频等不计费流量），共计6个月，活动期内（18个月）总计最低消费为3024元。', to_timestamp('21-11-2012 08:39:36.729000', 'dd-mm-yyyy hh24:mi:ss.ff'), null, 1, null, null, 1, null, to_timestamp('01-10-2012 08:37:58.000000', 'dd-mm-yyyy hh24:mi:ss.ff'), to_timestamp('20-03-2013 23:55:50.000000', 'dd-mm-yyyy hh24:mi:ss.ff'), '111200026735', 1);
insert into EB_OFFER (OFFER_ID, OFFER_GROUP_ID, OFFER_NAME, OFFER_NO, SHORT_NAME, OFFER_SORT, OFFER_TERM, COMMIT_MONTHLY, PREPAID, PERIOD, REFUND_MONTHLY, REFUND_1ST_MONTH, REFUND_LAST_MONTH, NOTES, CREATE_TIME, UPDATE_TIME, CREATE_USER_ID, UPDATE_USER_ID, ORIGINAL_OFFER_ID, LAST_STATUS, MERCHANT_ID, VALID_BEGIN, VALID_END, COND_ID, SCHEME_TYPE)
values (2421, 2260, null, '50003521', '202', null, 24, 18800, 199900, 24, 8000, 7900, 300000, '参与活动手机号码必须在绑定的手机内每月至少产生5M省内流量，共6个月。月返还话费80元，返还期内月最低消费188元，共返还24个月。', to_timestamp('07-04-2013 15:44:25.684000', 'dd-mm-yyyy hh24:mi:ss.ff'), null, 4000, null, null, 1, null, to_timestamp('07-04-2013 15:39:41.000000', 'dd-mm-yyyy hh24:mi:ss.ff'), to_timestamp('30-06-2013 15:39:44.000000', 'dd-mm-yyyy hh24:mi:ss.ff'), '111200032759', 1);
insert into EB_OFFER (OFFER_ID, OFFER_GROUP_ID, OFFER_NAME, OFFER_NO, SHORT_NAME, OFFER_SORT, OFFER_TERM, COMMIT_MONTHLY, PREPAID, PERIOD, REFUND_MONTHLY, REFUND_1ST_MONTH, REFUND_LAST_MONTH, NOTES, CREATE_TIME, UPDATE_TIME, CREATE_USER_ID, UPDATE_USER_ID, ORIGINAL_OFFER_ID, LAST_STATUS, MERCHANT_ID, VALID_BEGIN, VALID_END, COND_ID, SCHEME_TYPE)
values (2422, 2260, null, '50003522', '203', null, 30, 15800, 199900, 30, 6500, 4900, 300000, '参与活动手机号码必须在绑定的手机内每月至少产生5M省内流量，共6个月。月返还话费65元，返还期内月最低消费158元，共返还30个月。', to_timestamp('07-04-2013 15:47:34.176000', 'dd-mm-yyyy hh24:mi:ss.ff'), null, 4000, null, null, 1, null, to_timestamp('07-04-2013 15:43:17.000000', 'dd-mm-yyyy hh24:mi:ss.ff'), to_timestamp('30-06-2013 15:43:20.000000', 'dd-mm-yyyy hh24:mi:ss.ff'), '111200032760', 1);
insert into EB_OFFER (OFFER_ID, OFFER_GROUP_ID, OFFER_NAME, OFFER_NO, SHORT_NAME, OFFER_SORT, OFFER_TERM, COMMIT_MONTHLY, PREPAID, PERIOD, REFUND_MONTHLY, REFUND_1ST_MONTH, REFUND_LAST_MONTH, NOTES, CREATE_TIME, UPDATE_TIME, CREATE_USER_ID, UPDATE_USER_ID, ORIGINAL_OFFER_ID, LAST_STATUS, MERCHANT_ID, VALID_BEGIN, VALID_END, COND_ID, SCHEME_TYPE)
values (2423, 2260, null, '50003523', '204', null, 36, 12800, 199900, 36, 5500, 1900, 300000, '参与活动手机号码必须在绑定的手机内每月至少产生5M省内流量，共6个月。月返还话费55元，返还期内月最低消费128元，共返还36个月。', to_timestamp('07-04-2013 15:50:02.480000', 'dd-mm-yyyy hh24:mi:ss.ff'), null, 4000, null, null, 1, null, to_timestamp('07-04-2013 15:46:24.000000', 'dd-mm-yyyy hh24:mi:ss.ff'), to_timestamp('30-06-2013 15:46:26.000000', 'dd-mm-yyyy hh24:mi:ss.ff'), '111200032761', 1);
insert into EB_OFFER (OFFER_ID, OFFER_GROUP_ID, OFFER_NAME, OFFER_NO, SHORT_NAME, OFFER_SORT, OFFER_TERM, COMMIT_MONTHLY, PREPAID, PERIOD, REFUND_MONTHLY, REFUND_1ST_MONTH, REFUND_LAST_MONTH, NOTES, CREATE_TIME, UPDATE_TIME, CREATE_USER_ID, UPDATE_USER_ID, ORIGINAL_OFFER_ID, LAST_STATUS, MERCHANT_ID, VALID_BEGIN, VALID_END, COND_ID, SCHEME_TYPE)
values (2430, 2260, null, '50003530', '210', null, 18, 12800, 99900, 18, 5000, 9900, 400000, '参与活动手机号码必须在绑定的手机内每月至少产生5M省内流量，共6个月。月返还话费50元，返还期内月最低消费128元，共返还18个月。', to_timestamp('07-04-2013 16:03:04.838000', 'dd-mm-yyyy hh24:mi:ss.ff'), null, 4000, null, null, 1, null, to_timestamp('07-04-2013 15:59:47.000000', 'dd-mm-yyyy hh24:mi:ss.ff'), to_timestamp('30-06-2013 15:59:50.000000', 'dd-mm-yyyy hh24:mi:ss.ff'), '111200032781', 1);
insert into EB_OFFER (OFFER_ID, OFFER_GROUP_ID, OFFER_NAME, OFFER_NO, SHORT_NAME, OFFER_SORT, OFFER_TERM, COMMIT_MONTHLY, PREPAID, PERIOD, REFUND_MONTHLY, REFUND_1ST_MONTH, REFUND_LAST_MONTH, NOTES, CREATE_TIME, UPDATE_TIME, CREATE_USER_ID, UPDATE_USER_ID, ORIGINAL_OFFER_ID, LAST_STATUS, MERCHANT_ID, VALID_BEGIN, VALID_END, COND_ID, SCHEME_TYPE)
values (2431, 2260, null, '50003531', '211', null, 25, 8800, 99900, 25, 3800, 4900, 400000, '参与活动手机号码必须在绑定的手机内每月至少产生5M省内流量，共6个月。月返还话费38元，返还期内月最低消费88元，共返还25个月。', to_timestamp('07-04-2013 16:04:36.685000', 'dd-mm-yyyy hh24:mi:ss.ff'), null, 4000, null, null, 1, null, to_timestamp('07-04-2013 16:01:43.000000', 'dd-mm-yyyy hh24:mi:ss.ff'), to_timestamp('30-06-2013 16:01:45.000000', 'dd-mm-yyyy hh24:mi:ss.ff'), '111200032782', 1);
insert into EB_OFFER (OFFER_ID, OFFER_GROUP_ID, OFFER_NAME, OFFER_NO, SHORT_NAME, OFFER_SORT, OFFER_TERM, COMMIT_MONTHLY, PREPAID, PERIOD, REFUND_MONTHLY, REFUND_1ST_MONTH, REFUND_LAST_MONTH, NOTES, CREATE_TIME, UPDATE_TIME, CREATE_USER_ID, UPDATE_USER_ID, ORIGINAL_OFFER_ID, LAST_STATUS, MERCHANT_ID, VALID_BEGIN, VALID_END, COND_ID, SCHEME_TYPE)
values (2441, 2260, null, '50003549', '13', null, 20, 6800, 59900, 20, 2700, 5900, 20000, '参与活动手机号码必须在绑定的手机内每月至少产生5M省内流量，共6个月。' || chr(10) || '月返还话费27元，返还期内月最低消费68元，共返还20个月。', to_timestamp('07-04-2013 16:34:01.094000', 'dd-mm-yyyy hh24:mi:ss.ff'), null, 1, null, null, 1, null, to_timestamp('07-04-2013 16:29:12.000000', 'dd-mm-yyyy hh24:mi:ss.ff'), to_timestamp('30-06-2013 16:29:14.000000', 'dd-mm-yyyy hh24:mi:ss.ff'), '111200032793', 1);
insert into EB_OFFER (OFFER_ID, OFFER_GROUP_ID, OFFER_NAME, OFFER_NO, SHORT_NAME, OFFER_SORT, OFFER_TERM, COMMIT_MONTHLY, PREPAID, PERIOD, REFUND_MONTHLY, REFUND_1ST_MONTH, REFUND_LAST_MONTH, NOTES, CREATE_TIME, UPDATE_TIME, CREATE_USER_ID, UPDATE_USER_ID, ORIGINAL_OFFER_ID, LAST_STATUS, MERCHANT_ID, VALID_BEGIN, VALID_END, COND_ID, SCHEME_TYPE)
values (2444, 2260, null, '50003552', '186', null, 30, 8800, 119900, 30, 3800, 5900, 310000, '参与活动手机号码必须在绑定的手机内每月至少产生5M省内流量，共6个月。月返还话费38元，返还期内月最低消费88元，共返还30个月。', to_timestamp('07-04-2013 16:35:54.120000', 'dd-mm-yyyy hh24:mi:ss.ff'), null, 4000, null, null, 1, null, to_timestamp('07-04-2013 16:32:52.000000', 'dd-mm-yyyy hh24:mi:ss.ff'), to_timestamp('30-06-2013 16:32:55.000000', 'dd-mm-yyyy hh24:mi:ss.ff'), '111200032773', 1);
insert into EB_OFFER (OFFER_ID, OFFER_GROUP_ID, OFFER_NAME, OFFER_NO, SHORT_NAME, OFFER_SORT, OFFER_TERM, COMMIT_MONTHLY, PREPAID, PERIOD, REFUND_MONTHLY, REFUND_1ST_MONTH, REFUND_LAST_MONTH, NOTES, CREATE_TIME, UPDATE_TIME, CREATE_USER_ID, UPDATE_USER_ID, ORIGINAL_OFFER_ID, LAST_STATUS, MERCHANT_ID, VALID_BEGIN, VALID_END, COND_ID, SCHEME_TYPE)
values (2451, 2260, null, '50003559', '157', null, 15, 28800, 199900, 15, 13000, 4900, 100000, '参与活动手机号码必须在绑定的手机内每月至少产生5M省内流量，共6个月。月返还话费130元，返还期内月最低消费288元，共返还15个月。', to_timestamp('07-04-2013 16:45:53.367000', 'dd-mm-yyyy hh24:mi:ss.ff'), null, 4000, null, null, 1, null, to_timestamp('07-04-2013 16:43:14.000000', 'dd-mm-yyyy hh24:mi:ss.ff'), to_timestamp('30-06-2013 16:43:17.000000', 'dd-mm-yyyy hh24:mi:ss.ff'), '111200032758', 1);
insert into EB_OFFER (OFFER_ID, OFFER_GROUP_ID, OFFER_NAME, OFFER_NO, SHORT_NAME, OFFER_SORT, OFFER_TERM, COMMIT_MONTHLY, PREPAID, PERIOD, REFUND_MONTHLY, REFUND_1ST_MONTH, REFUND_LAST_MONTH, NOTES, CREATE_TIME, UPDATE_TIME, CREATE_USER_ID, UPDATE_USER_ID, ORIGINAL_OFFER_ID, LAST_STATUS, MERCHANT_ID, VALID_BEGIN, VALID_END, COND_ID, SCHEME_TYPE)
values (2454, 2260, null, '50003562', '159', null, 30, 15800, 199900, 30, 6500, 4900, 100000, '参与活动手机号码必须在绑定的手机内每月至少产生5M省内流量，共6个月。月返还话费65元，返还期内月最低消费158元，共返还30个月。', to_timestamp('07-04-2013 16:48:10.455000', 'dd-mm-yyyy hh24:mi:ss.ff'), null, 4000, null, null, 1, null, to_timestamp('07-04-2013 16:45:38.000000', 'dd-mm-yyyy hh24:mi:ss.ff'), to_timestamp('30-06-2013 16:45:40.000000', 'dd-mm-yyyy hh24:mi:ss.ff'), '111200032760', 1);
insert into EB_OFFER (OFFER_ID, OFFER_GROUP_ID, OFFER_NAME, OFFER_NO, SHORT_NAME, OFFER_SORT, OFFER_TERM, COMMIT_MONTHLY, PREPAID, PERIOD, REFUND_MONTHLY, REFUND_1ST_MONTH, REFUND_LAST_MONTH, NOTES, CREATE_TIME, UPDATE_TIME, CREATE_USER_ID, UPDATE_USER_ID, ORIGINAL_OFFER_ID, LAST_STATUS, MERCHANT_ID, VALID_BEGIN, VALID_END, COND_ID, SCHEME_TYPE)
values (2455, 2260, null, '50003563', '160', null, 36, 12800, 199900, 36, 5500, 1900, 100000, '参与活动手机号码必须在绑定的手机内每月至少产生5M省内流量，共6个月。月返还话费55元，返还期内月最低消费128元，共返还36个月。', to_timestamp('07-04-2013 16:49:36.067000', 'dd-mm-yyyy hh24:mi:ss.ff'), null, 4000, null, null, 1, null, to_timestamp('07-04-2013 16:46:51.000000', 'dd-mm-yyyy hh24:mi:ss.ff'), to_timestamp('30-06-2013 16:46:54.000000', 'dd-mm-yyyy hh24:mi:ss.ff'), '111200032761', 1);
insert into EB_OFFER (OFFER_ID, OFFER_GROUP_ID, OFFER_NAME, OFFER_NO, SHORT_NAME, OFFER_SORT, OFFER_TERM, COMMIT_MONTHLY, PREPAID, PERIOD, REFUND_MONTHLY, REFUND_1ST_MONTH, REFUND_LAST_MONTH, NOTES, CREATE_TIME, UPDATE_TIME, CREATE_USER_ID, UPDATE_USER_ID, ORIGINAL_OFFER_ID, LAST_STATUS, MERCHANT_ID, VALID_BEGIN, VALID_END, COND_ID, SCHEME_TYPE)
values (2511, 2260, null, '50003619', '198', null, 15, 15800, 99900, 15, 6000, 9900, 360000, '参与活动手机号码必须在绑定的手机内每月至少产生5M省内流量，共6个月。月返还话费60元，返还期内月最低消费158元，共返还15个月。', to_timestamp('07-04-2013 17:53:51.986000', 'dd-mm-yyyy hh24:mi:ss.ff'), null, 4000, null, null, 1, null, to_timestamp('07-04-2013 17:51:32.000000', 'dd-mm-yyyy hh24:mi:ss.ff'), to_timestamp('30-06-2013 17:51:34.000000', 'dd-mm-yyyy hh24:mi:ss.ff'), '111200032780', 1);
insert into EB_OFFER (OFFER_ID, OFFER_GROUP_ID, OFFER_NAME, OFFER_NO, SHORT_NAME, OFFER_SORT, OFFER_TERM, COMMIT_MONTHLY, PREPAID, PERIOD, REFUND_MONTHLY, REFUND_1ST_MONTH, REFUND_LAST_MONTH, NOTES, CREATE_TIME, UPDATE_TIME, CREATE_USER_ID, UPDATE_USER_ID, ORIGINAL_OFFER_ID, LAST_STATUS, MERCHANT_ID, VALID_BEGIN, VALID_END, COND_ID, SCHEME_TYPE)
values (2489, 2260, null, '50003597', '142', null, 30, 8800, 119900, 30, 3800, 5900, 80000, '参与活动手机号码必须在绑定的手机内每月至少产生5M省内流量，共6个月。月返还话费38元，返还期内月最低消费88元，共返还30个月。', to_timestamp('07-04-2013 17:33:40.954000', 'dd-mm-yyyy hh24:mi:ss.ff'), null, 4000, null, null, 1, null, to_timestamp('07-04-2013 17:31:15.000000', 'dd-mm-yyyy hh24:mi:ss.ff'), to_timestamp('30-06-2013 17:31:17.000000', 'dd-mm-yyyy hh24:mi:ss.ff'), '111200032773', 1);
insert into EB_OFFER (OFFER_ID, OFFER_GROUP_ID, OFFER_NAME, OFFER_NO, SHORT_NAME, OFFER_SORT, OFFER_TERM, COMMIT_MONTHLY, PREPAID, PERIOD, REFUND_MONTHLY, REFUND_1ST_MONTH, REFUND_LAST_MONTH, NOTES, CREATE_TIME, UPDATE_TIME, CREATE_USER_ID, UPDATE_USER_ID, ORIGINAL_OFFER_ID, LAST_STATUS, MERCHANT_ID, VALID_BEGIN, VALID_END, COND_ID, SCHEME_TYPE)
values (2491, 2260, null, '50003599', '143', null, 15, 15800, 99900, 15, 6000, 9900, 100000, '参与活动手机号码必须在绑定的手机内每月至少产生5M省内流量，共6个月。月返还话费60元，返还期内月最低消费158元，共返还15个月。', to_timestamp('07-04-2013 17:35:00.611000', 'dd-mm-yyyy hh24:mi:ss.ff'), null, 4000, null, null, 1, null, to_timestamp('07-04-2013 17:32:34.000000', 'dd-mm-yyyy hh24:mi:ss.ff'), to_timestamp('30-06-2013 17:32:36.000000', 'dd-mm-yyyy hh24:mi:ss.ff'), '111200032780', 1);
insert into EB_OFFER (OFFER_ID, OFFER_GROUP_ID, OFFER_NAME, OFFER_NO, SHORT_NAME, OFFER_SORT, OFFER_TERM, COMMIT_MONTHLY, PREPAID, PERIOD, REFUND_MONTHLY, REFUND_1ST_MONTH, REFUND_LAST_MONTH, NOTES, CREATE_TIME, UPDATE_TIME, CREATE_USER_ID, UPDATE_USER_ID, ORIGINAL_OFFER_ID, LAST_STATUS, MERCHANT_ID, VALID_BEGIN, VALID_END, COND_ID, SCHEME_TYPE)
values (2492, 2260, null, '50003600', '26', null, 20, 8800, 74900, 20, 3500, 4900, 5000, '参与活动手机号码必须在绑定的手机内每月至少产生5M省内流量，共6个月。' || chr(10) || '月返还话费35元，返还期内月最低消费88元，共返还20个月。', to_timestamp('07-04-2013 17:35:34.434000', 'dd-mm-yyyy hh24:mi:ss.ff'), null, 1, null, null, 1, null, to_timestamp('07-04-2013 17:34:04.000000', 'dd-mm-yyyy hh24:mi:ss.ff'), to_timestamp('30-06-2013 17:34:05.000000', 'dd-mm-yyyy hh24:mi:ss.ff'), '111200032787', 1);
insert into EB_OFFER (OFFER_ID, OFFER_GROUP_ID, OFFER_NAME, OFFER_NO, SHORT_NAME, OFFER_SORT, OFFER_TERM, COMMIT_MONTHLY, PREPAID, PERIOD, REFUND_MONTHLY, REFUND_1ST_MONTH, REFUND_LAST_MONTH, NOTES, CREATE_TIME, UPDATE_TIME, CREATE_USER_ID, UPDATE_USER_ID, ORIGINAL_OFFER_ID, LAST_STATUS, MERCHANT_ID, VALID_BEGIN, VALID_END, COND_ID, SCHEME_TYPE)
values (2498, 2260, null, '50003606', '190', null, 15, 28800, 199900, 15, 13000, 4900, 260000, '参与活动手机号码必须在绑定的手机内每月至少产生5M省内流量，共6个月。月返还话费130元，返还期内月最低消费288元，共返还15个月。', to_timestamp('07-04-2013 17:41:27.342000', 'dd-mm-yyyy hh24:mi:ss.ff'), null, 4000, null, null, 1, null, to_timestamp('07-04-2013 17:38:51.000000', 'dd-mm-yyyy hh24:mi:ss.ff'), to_timestamp('30-06-2013 17:38:53.000000', 'dd-mm-yyyy hh24:mi:ss.ff'), '111200032758', 1);
insert into EB_OFFER (OFFER_ID, OFFER_GROUP_ID, OFFER_NAME, OFFER_NO, SHORT_NAME, OFFER_SORT, OFFER_TERM, COMMIT_MONTHLY, PREPAID, PERIOD, REFUND_MONTHLY, REFUND_1ST_MONTH, REFUND_LAST_MONTH, NOTES, CREATE_TIME, UPDATE_TIME, CREATE_USER_ID, UPDATE_USER_ID, ORIGINAL_OFFER_ID, LAST_STATUS, MERCHANT_ID, VALID_BEGIN, VALID_END, COND_ID, SCHEME_TYPE)
values (2505, 2260, null, '50003613', '195', null, 18, 15800, 119900, 18, 6500, 2900, 340000, '参与活动手机号码必须在绑定的手机内每月至少产生5M省内流量，共6个月。月返还话费65元，返还期内月最低消费158元，共返还18个月。', to_timestamp('07-04-2013 17:48:13.225000', 'dd-mm-yyyy hh24:mi:ss.ff'), null, 4000, null, null, 1, null, to_timestamp('07-04-2013 17:45:34.000000', 'dd-mm-yyyy hh24:mi:ss.ff'), to_timestamp('30-06-2013 17:45:37.000000', 'dd-mm-yyyy hh24:mi:ss.ff'), '111200032771', 1);
insert into EB_OFFER (OFFER_ID, OFFER_GROUP_ID, OFFER_NAME, OFFER_NO, SHORT_NAME, OFFER_SORT, OFFER_TERM, COMMIT_MONTHLY, PREPAID, PERIOD, REFUND_MONTHLY, REFUND_1ST_MONTH, REFUND_LAST_MONTH, NOTES, CREATE_TIME, UPDATE_TIME, CREATE_USER_ID, UPDATE_USER_ID, ORIGINAL_OFFER_ID, LAST_STATUS, MERCHANT_ID, VALID_BEGIN, VALID_END, COND_ID, SCHEME_TYPE)
values (2506, 2260, null, '50003614', '33', null, 15, 162000, 74900, 15, 4800, 2900, 8000, '参与活动手机号码必须在绑定的手机内每月至少产生5M省内流量，共6个月。' || chr(10) || '月返还话费48元，返还期内月最低消费108元，共返还15个月。', to_timestamp('07-04-2013 17:50:31.653000', 'dd-mm-yyyy hh24:mi:ss.ff'), null, 1, null, null, 1, null, to_timestamp('07-04-2013 17:49:16.000000', 'dd-mm-yyyy hh24:mi:ss.ff'), to_timestamp('30-06-2013 17:49:18.000000', 'dd-mm-yyyy hh24:mi:ss.ff'), '111200032786', 1);
insert into EB_OFFER (OFFER_ID, OFFER_GROUP_ID, OFFER_NAME, OFFER_NO, SHORT_NAME, OFFER_SORT, OFFER_TERM, COMMIT_MONTHLY, PREPAID, PERIOD, REFUND_MONTHLY, REFUND_1ST_MONTH, REFUND_LAST_MONTH, NOTES, CREATE_TIME, UPDATE_TIME, CREATE_USER_ID, UPDATE_USER_ID, ORIGINAL_OFFER_ID, LAST_STATUS, MERCHANT_ID, VALID_BEGIN, VALID_END, COND_ID, SCHEME_TYPE)
values (2520, 2260, null, '50003620', '199', null, 18, 12800, 99900, 18, 5000, 9900, 360000, '参与活动手机号码必须在绑定的手机内每月至少产生5M省内流量，共6个月。月返还话费50元，返还期内月最低消费128元，共返还18个月。', to_timestamp('07-04-2013 17:55:09.321000', 'dd-mm-yyyy hh24:mi:ss.ff'), null, 4000, null, null, 1, null, to_timestamp('07-04-2013 17:52:41.000000', 'dd-mm-yyyy hh24:mi:ss.ff'), to_timestamp('30-06-2013 17:52:44.000000', 'dd-mm-yyyy hh24:mi:ss.ff'), '111200032781', 1);
insert into EB_OFFER (OFFER_ID, OFFER_GROUP_ID, OFFER_NAME, OFFER_NO, SHORT_NAME, OFFER_SORT, OFFER_TERM, COMMIT_MONTHLY, PREPAID, PERIOD, REFUND_MONTHLY, REFUND_1ST_MONTH, REFUND_LAST_MONTH, NOTES, CREATE_TIME, UPDATE_TIME, CREATE_USER_ID, UPDATE_USER_ID, ORIGINAL_OFFER_ID, LAST_STATUS, MERCHANT_ID, VALID_BEGIN, VALID_END, COND_ID, SCHEME_TYPE)
values (2521, 2260, null, '50003621', '200', null, 25, 8800, 99900, 25, 3800, 4900, 360000, '参与活动手机号码必须在绑定的手机内每月至少产生5M省内流量，共6个月。月返还话费38元，返还期内月最低消费88元，共返还25个月。', to_timestamp('07-04-2013 17:56:21.778000', 'dd-mm-yyyy hh24:mi:ss.ff'), null, 4000, null, null, 1, null, to_timestamp('07-04-2013 17:53:57.000000', 'dd-mm-yyyy hh24:mi:ss.ff'), to_timestamp('07-06-2013 17:54:00.000000', 'dd-mm-yyyy hh24:mi:ss.ff'), '111200032782', 1);
insert into EB_OFFER (OFFER_ID, OFFER_GROUP_ID, OFFER_NAME, OFFER_NO, SHORT_NAME, OFFER_SORT, OFFER_TERM, COMMIT_MONTHLY, PREPAID, PERIOD, REFUND_MONTHLY, REFUND_1ST_MONTH, REFUND_LAST_MONTH, NOTES, CREATE_TIME, UPDATE_TIME, CREATE_USER_ID, UPDATE_USER_ID, ORIGINAL_OFFER_ID, LAST_STATUS, MERCHANT_ID, VALID_BEGIN, VALID_END, COND_ID, SCHEME_TYPE)
values (2524, 2260, null, '50003624', '37', null, 20, 136000, 59900, 20, 2700, 5900, 23000, '参与活动手机号码必须在绑定的手机内每月至少产生5M省内流量，共6个月。' || chr(10) || '月返还话费27元，返还期内月最低消费68元，共返还20个月。', to_timestamp('07-04-2013 18:01:27.680000', 'dd-mm-yyyy hh24:mi:ss.ff'), null, 1, null, null, 1, null, to_timestamp('07-04-2013 17:58:17.000000', 'dd-mm-yyyy hh24:mi:ss.ff'), to_timestamp('30-06-2013 17:58:18.000000', 'dd-mm-yyyy hh24:mi:ss.ff'), '111200032793', 1);
insert into EB_OFFER (OFFER_ID, OFFER_GROUP_ID, OFFER_NAME, OFFER_NO, SHORT_NAME, OFFER_SORT, OFFER_TERM, COMMIT_MONTHLY, PREPAID, PERIOD, REFUND_MONTHLY, REFUND_1ST_MONTH, REFUND_LAST_MONTH, NOTES, CREATE_TIME, UPDATE_TIME, CREATE_USER_ID, UPDATE_USER_ID, ORIGINAL_OFFER_ID, LAST_STATUS, MERCHANT_ID, VALID_BEGIN, VALID_END, COND_ID, SCHEME_TYPE)
values (2525, 2260, null, '50003625', '169', null, 24, 18800, 199900, 24, 8000, 7900, 200000, '参与活动手机号码必须在绑定的手机内每月至少产生5M省内流量，共6个月。月返还话费80元，返还期内月最低消费188元，共返还24个月。', to_timestamp('07-04-2013 18:02:41.742000', 'dd-mm-yyyy hh24:mi:ss.ff'), null, 4000, null, null, 1, null, to_timestamp('07-04-2013 18:00:20.000000', 'dd-mm-yyyy hh24:mi:ss.ff'), to_timestamp('30-06-2013 18:00:22.000000', 'dd-mm-yyyy hh24:mi:ss.ff'), '111200032759', 1);
insert into EB_OFFER (OFFER_ID, OFFER_GROUP_ID, OFFER_NAME, OFFER_NO, SHORT_NAME, OFFER_SORT, OFFER_TERM, COMMIT_MONTHLY, PREPAID, PERIOD, REFUND_MONTHLY, REFUND_1ST_MONTH, REFUND_LAST_MONTH, NOTES, CREATE_TIME, UPDATE_TIME, CREATE_USER_ID, UPDATE_USER_ID, ORIGINAL_OFFER_ID, LAST_STATUS, MERCHANT_ID, VALID_BEGIN, VALID_END, COND_ID, SCHEME_TYPE)
values (2526, 2260, null, '50003626', '170', null, 30, 15800, 199900, 30, 6500, 4900, 200000, '参与活动手机号码必须在绑定的手机内每月至少产生5M省内流量，共6个月。月返还话费65元，返还期内月最低消费158元，共返还30个月。', to_timestamp('07-04-2013 18:04:08.832000', 'dd-mm-yyyy hh24:mi:ss.ff'), null, 4000, null, null, 1, null, to_timestamp('07-04-2013 18:01:32.000000', 'dd-mm-yyyy hh24:mi:ss.ff'), to_timestamp('30-06-2013 18:01:34.000000', 'dd-mm-yyyy hh24:mi:ss.ff'), '111200032760', 1);
insert into EB_OFFER (OFFER_ID, OFFER_GROUP_ID, OFFER_NAME, OFFER_NO, SHORT_NAME, OFFER_SORT, OFFER_TERM, COMMIT_MONTHLY, PREPAID, PERIOD, REFUND_MONTHLY, REFUND_1ST_MONTH, REFUND_LAST_MONTH, NOTES, CREATE_TIME, UPDATE_TIME, CREATE_USER_ID, UPDATE_USER_ID, ORIGINAL_OFFER_ID, LAST_STATUS, MERCHANT_ID, VALID_BEGIN, VALID_END, COND_ID, SCHEME_TYPE)
values (2527, 2260, null, '50003627', '171', null, 36, 12800, 199900, 36, 5500, 1900, 200000, '参与活动手机号码必须在绑定的手机内每月至少产生5M省内流量，共6个月。月返还话费55元，返还期内月最低消费128元，共返还36个月。', to_timestamp('07-04-2013 18:05:39.879000', 'dd-mm-yyyy hh24:mi:ss.ff'), null, 4000, null, null, 1, null, to_timestamp('07-04-2013 18:03:04.000000', 'dd-mm-yyyy hh24:mi:ss.ff'), to_timestamp('30-06-2013 18:03:06.000000', 'dd-mm-yyyy hh24:mi:ss.ff'), '111200032761', 1);
insert into EB_OFFER (OFFER_ID, OFFER_GROUP_ID, OFFER_NAME, OFFER_NO, SHORT_NAME, OFFER_SORT, OFFER_TERM, COMMIT_MONTHLY, PREPAID, PERIOD, REFUND_MONTHLY, REFUND_1ST_MONTH, REFUND_LAST_MONTH, NOTES, CREATE_TIME, UPDATE_TIME, CREATE_USER_ID, UPDATE_USER_ID, ORIGINAL_OFFER_ID, LAST_STATUS, MERCHANT_ID, VALID_BEGIN, VALID_END, COND_ID, SCHEME_TYPE)
values (2528, 2260, null, '50003628', '39', null, 20, 116000, 49900, 20, 2400, 1900, 33000, '参与活动手机号码必须在绑定的手机内每月至少产生5M省内流量，共6个月。' || chr(10) || '月返还话费24元，返还期内月最低消费58元，共返还20个月。', to_timestamp('07-04-2013 18:06:28.791000', 'dd-mm-yyyy hh24:mi:ss.ff'), null, 1, null, null, 1, null, to_timestamp('07-04-2013 18:03:22.000000', 'dd-mm-yyyy hh24:mi:ss.ff'), to_timestamp('30-06-2013 18:03:23.000000', 'dd-mm-yyyy hh24:mi:ss.ff'), '111200032797', 1);
insert into EB_OFFER (OFFER_ID, OFFER_GROUP_ID, OFFER_NAME, OFFER_NO, SHORT_NAME, OFFER_SORT, OFFER_TERM, COMMIT_MONTHLY, PREPAID, PERIOD, REFUND_MONTHLY, REFUND_1ST_MONTH, REFUND_LAST_MONTH, NOTES, CREATE_TIME, UPDATE_TIME, CREATE_USER_ID, UPDATE_USER_ID, ORIGINAL_OFFER_ID, LAST_STATUS, MERCHANT_ID, VALID_BEGIN, VALID_END, COND_ID, SCHEME_TYPE)
values (2535, 2260, null, '50003635', '177', null, 18, 12800, 99900, 18, 5000, 9900, 300000, '参与活动手机号码必须在绑定的手机内每月至少产生5M省内流量，共6个月。月返还话费50元，返还期内月最低消费128元，共返还18个月。', to_timestamp('07-04-2013 18:13:39.339000', 'dd-mm-yyyy hh24:mi:ss.ff'), null, 4000, null, null, 1, null, to_timestamp('07-04-2013 18:11:14.000000', 'dd-mm-yyyy hh24:mi:ss.ff'), to_timestamp('30-06-2013 18:11:18.000000', 'dd-mm-yyyy hh24:mi:ss.ff'), '111200032781', 1);
insert into EB_OFFER (OFFER_ID, OFFER_GROUP_ID, OFFER_NAME, OFFER_NO, SHORT_NAME, OFFER_SORT, OFFER_TERM, COMMIT_MONTHLY, PREPAID, PERIOD, REFUND_MONTHLY, REFUND_1ST_MONTH, REFUND_LAST_MONTH, NOTES, CREATE_TIME, UPDATE_TIME, CREATE_USER_ID, UPDATE_USER_ID, ORIGINAL_OFFER_ID, LAST_STATUS, MERCHANT_ID, VALID_BEGIN, VALID_END, COND_ID, SCHEME_TYPE)
values (2536, 2260, null, '50003636', '178', null, 25, 8800, 99900, 25, 3800, 4900, 300000, '参与活动手机号码必须在绑定的手机内每月至少产生5M省内流量，共6个月。月返还话费38元，返还期内月最低消费88元，共返还25个月。', to_timestamp('07-04-2013 18:14:59.124000', 'dd-mm-yyyy hh24:mi:ss.ff'), null, 4000, null, null, 1, null, to_timestamp('07-04-2013 18:12:33.000000', 'dd-mm-yyyy hh24:mi:ss.ff'), to_timestamp('30-06-2013 18:12:35.000000', 'dd-mm-yyyy hh24:mi:ss.ff'), '111200032782', 1);
insert into EB_OFFER (OFFER_ID, OFFER_GROUP_ID, OFFER_NAME, OFFER_NO, SHORT_NAME, OFFER_SORT, OFFER_TERM, COMMIT_MONTHLY, PREPAID, PERIOD, REFUND_MONTHLY, REFUND_1ST_MONTH, REFUND_LAST_MONTH, NOTES, CREATE_TIME, UPDATE_TIME, CREATE_USER_ID, UPDATE_USER_ID, ORIGINAL_OFFER_ID, LAST_STATUS, MERCHANT_ID, VALID_BEGIN, VALID_END, COND_ID, SCHEME_TYPE)
values (2537, 2260, null, '50003637', '125', null, 30, 8800, 119900, 30, 3800, 5900, 60000, '参与活动手机号码必须在绑定的手机内每月至少产生5M省内流量，共6个月。月返还话费38元，返还期内月最低消费88元，共返还30个月。', to_timestamp('07-04-2013 18:20:47.219000', 'dd-mm-yyyy hh24:mi:ss.ff'), null, 1, null, null, 1, null, to_timestamp('07-04-2013 18:18:52.000000', 'dd-mm-yyyy hh24:mi:ss.ff'), to_timestamp('30-06-2013 18:18:54.000000', 'dd-mm-yyyy hh24:mi:ss.ff'), '111200032773', 1);
insert into EB_OFFER (OFFER_ID, OFFER_GROUP_ID, OFFER_NAME, OFFER_NO, SHORT_NAME, OFFER_SORT, OFFER_TERM, COMMIT_MONTHLY, PREPAID, PERIOD, REFUND_MONTHLY, REFUND_1ST_MONTH, REFUND_LAST_MONTH, NOTES, CREATE_TIME, UPDATE_TIME, CREATE_USER_ID, UPDATE_USER_ID, ORIGINAL_OFFER_ID, LAST_STATUS, MERCHANT_ID, VALID_BEGIN, VALID_END, COND_ID, SCHEME_TYPE)
values (2538, 2260, null, '50003638', '41', null, 15, 162000, 74900, 15, 4800, 2900, 9000, '参与活动手机号码必须在绑定的手机内每月至少产生5M省内流量，共6个月。月返还话费48元，返还期内月最低消费108元，共返还15个月。', to_timestamp('07-04-2013 18:22:25.972000', 'dd-mm-yyyy hh24:mi:ss.ff'), null, 1, null, null, 1, null, to_timestamp('07-04-2013 18:11:22.000000', 'dd-mm-yyyy hh24:mi:ss.ff'), to_timestamp('30-06-2013 18:11:23.000000', 'dd-mm-yyyy hh24:mi:ss.ff'), '111200032786', 1);
insert into EB_OFFER (OFFER_ID, OFFER_GROUP_ID, OFFER_NAME, OFFER_NO, SHORT_NAME, OFFER_SORT, OFFER_TERM, COMMIT_MONTHLY, PREPAID, PERIOD, REFUND_MONTHLY, REFUND_1ST_MONTH, REFUND_LAST_MONTH, NOTES, CREATE_TIME, UPDATE_TIME, CREATE_USER_ID, UPDATE_USER_ID, ORIGINAL_OFFER_ID, LAST_STATUS, MERCHANT_ID, VALID_BEGIN, VALID_END, COND_ID, SCHEME_TYPE)
values (2539, 2260, null, '50003639', '126', null, 15, 15800, 99900, 15, 6000, 9900, 80000, '参与活动手机号码必须在绑定的手机内每月至少产生5M省内流量，共6个月。月返还话费60元，返还期内月最低消费158元，共返还15个月。', to_timestamp('07-04-2013 18:23:15.613000', 'dd-mm-yyyy hh24:mi:ss.ff'), null, 1, null, null, 1, null, to_timestamp('07-04-2013 18:21:24.000000', 'dd-mm-yyyy hh24:mi:ss.ff'), to_timestamp('30-06-2013 18:21:26.000000', 'dd-mm-yyyy hh24:mi:ss.ff'), '111200032780', 1);
insert into EB_OFFER (OFFER_ID, OFFER_GROUP_ID, OFFER_NAME, OFFER_NO, SHORT_NAME, OFFER_SORT, OFFER_TERM, COMMIT_MONTHLY, PREPAID, PERIOD, REFUND_MONTHLY, REFUND_1ST_MONTH, REFUND_LAST_MONTH, NOTES, CREATE_TIME, UPDATE_TIME, CREATE_USER_ID, UPDATE_USER_ID, ORIGINAL_OFFER_ID, LAST_STATUS, MERCHANT_ID, VALID_BEGIN, VALID_END, COND_ID, SCHEME_TYPE)
values (2557, 2260, null, '50003657', '110', null, 18, 15800, 119900, 18, 6500, 2900, 40000, '参与活动手机号码必须在绑定的手机内每月至少产生5M省内流量，共6个月。月返还话费65元，返还期内月最低消费158元，共返还18个月。', to_timestamp('07-04-2013 18:59:05.256000', 'dd-mm-yyyy hh24:mi:ss.ff'), null, 1, null, null, 1, null, to_timestamp('07-04-2013 18:56:48.000000', 'dd-mm-yyyy hh24:mi:ss.ff'), to_timestamp('30-06-2013 18:56:51.000000', 'dd-mm-yyyy hh24:mi:ss.ff'), '111200032771', 1);
insert into EB_OFFER (OFFER_ID, OFFER_GROUP_ID, OFFER_NAME, OFFER_NO, SHORT_NAME, OFFER_SORT, OFFER_TERM, COMMIT_MONTHLY, PREPAID, PERIOD, REFUND_MONTHLY, REFUND_1ST_MONTH, REFUND_LAST_MONTH, NOTES, CREATE_TIME, UPDATE_TIME, CREATE_USER_ID, UPDATE_USER_ID, ORIGINAL_OFFER_ID, LAST_STATUS, MERCHANT_ID, VALID_BEGIN, VALID_END, COND_ID, SCHEME_TYPE)
values (2561, 2260, null, '50003661', '113', null, 15, 15800, 99900, 15, 6000, 9900, 60000, '参与活动手机号码必须在绑定的手机内每月至少产生5M省内流量，共6个月。月返还话费60元，返还期内月最低消费158元，共返还15个月。', to_timestamp('07-04-2013 19:05:32.117000', 'dd-mm-yyyy hh24:mi:ss.ff'), null, 1, null, null, 1, null, to_timestamp('07-04-2013 19:04:24.000000', 'dd-mm-yyyy hh24:mi:ss.ff'), to_timestamp('30-06-2013 19:04:26.000000', 'dd-mm-yyyy hh24:mi:ss.ff'), '111200032780', 1);
insert into EB_OFFER (OFFER_ID, OFFER_GROUP_ID, OFFER_NAME, OFFER_NO, SHORT_NAME, OFFER_SORT, OFFER_TERM, COMMIT_MONTHLY, PREPAID, PERIOD, REFUND_MONTHLY, REFUND_1ST_MONTH, REFUND_LAST_MONTH, NOTES, CREATE_TIME, UPDATE_TIME, CREATE_USER_ID, UPDATE_USER_ID, ORIGINAL_OFFER_ID, LAST_STATUS, MERCHANT_ID, VALID_BEGIN, VALID_END, COND_ID, SCHEME_TYPE)
values (2562, 2260, null, '50003662', '54', null, 24, 6800, 74900, 24, 3000, 2900, 20000, '参与活动手机号码必须在绑定的手机内每月至少产生5M省内流量，共6个月。' || chr(10) || '' || chr(10) || '月返还话费30元，返还期内月最低消费68元，共返还24个月。', to_timestamp('07-04-2013 19:06:44.583000', 'dd-mm-yyyy hh24:mi:ss.ff'), null, 1, null, null, 1, null, to_timestamp('07-04-2013 19:04:27.000000', 'dd-mm-yyyy hh24:mi:ss.ff'), to_timestamp('30-06-2013 19:04:29.000000', 'dd-mm-yyyy hh24:mi:ss.ff'), '111200032788', 1);
insert into EB_OFFER (OFFER_ID, OFFER_GROUP_ID, OFFER_NAME, OFFER_NO, SHORT_NAME, OFFER_SORT, OFFER_TERM, COMMIT_MONTHLY, PREPAID, PERIOD, REFUND_MONTHLY, REFUND_1ST_MONTH, REFUND_LAST_MONTH, NOTES, CREATE_TIME, UPDATE_TIME, CREATE_USER_ID, UPDATE_USER_ID, ORIGINAL_OFFER_ID, LAST_STATUS, MERCHANT_ID, VALID_BEGIN, VALID_END, COND_ID, SCHEME_TYPE)
values (2341, 2221, '盘锦华为T2002', '50003421', '2', null, 12, 2500, 19900, 12, 1500, 1900, 0, '活动期内每个周期（从购机日至下月返还日前一日为一个周期）最少产生1次以上在本省通话（不含免费通话，如10086、V网内部通话、呼叫转移、移动总机通话等）共6个月。月返还话费15元，共返还12个月，活动总计最低消费为300元。', to_timestamp('21-11-2012 10:45:26.381000', 'dd-mm-yyyy hh24:mi:ss.ff'), null, 1, null, null, 1, null, to_timestamp('01-10-2012 00:00:00.000000', 'dd-mm-yyyy hh24:mi:ss.ff'), to_timestamp('20-03-2013 23:59:59.000000', 'dd-mm-yyyy hh24:mi:ss.ff'), '111200026673', 1);
insert into EB_OFFER (OFFER_ID, OFFER_GROUP_ID, OFFER_NAME, OFFER_NO, SHORT_NAME, OFFER_SORT, OFFER_TERM, COMMIT_MONTHLY, PREPAID, PERIOD, REFUND_MONTHLY, REFUND_1ST_MONTH, REFUND_LAST_MONTH, NOTES, CREATE_TIME, UPDATE_TIME, CREATE_USER_ID, UPDATE_USER_ID, ORIGINAL_OFFER_ID, LAST_STATUS, MERCHANT_ID, VALID_BEGIN, VALID_END, COND_ID, SCHEME_TYPE)
values (2203, 2160, '锦州HW2002D2', '50003280', '22', null, 12, 2500, 19900, 12, 1500, 1900, 0, '活动期内每个周期（从购机日至下月返还日前一日为一个周期）最少产生1次以上在本省通话（不含免费通话，如10086、V网内部通话、呼叫转移、移动总机通话等）共6个月。月返还话费15元，共返还12个月，活动总计最低消费为300元。', to_timestamp('20-11-2012 11:18:07.280000', 'dd-mm-yyyy hh24:mi:ss.ff'), null, 1, null, null, 1, null, to_timestamp('01-10-2012 11:13:51.000000', 'dd-mm-yyyy hh24:mi:ss.ff'), to_timestamp('20-03-2013 23:55:50.000000', 'dd-mm-yyyy hh24:mi:ss.ff'), '111200026673', 1);
insert into EB_OFFER (OFFER_ID, OFFER_GROUP_ID, OFFER_NAME, OFFER_NO, SHORT_NAME, OFFER_SORT, OFFER_TERM, COMMIT_MONTHLY, PREPAID, PERIOD, REFUND_MONTHLY, REFUND_1ST_MONTH, REFUND_LAST_MONTH, NOTES, CREATE_TIME, UPDATE_TIME, CREATE_USER_ID, UPDATE_USER_ID, ORIGINAL_OFFER_ID, LAST_STATUS, MERCHANT_ID, VALID_BEGIN, VALID_END, COND_ID, SCHEME_TYPE)
values (2204, 2160, '锦州联想TD100', '50003281', '101', null, 12, 2500, 19900, 12, 1500, 1900, 0, '活动期内每个周期（从购机日至下月返还日前一日为一个周期）最少产生1次以上在本省通话（不含免费通话，如10086、V网内部通话、呼叫转移、移动总机通话等）共6个月。月返还话费15元，共返还12个月，活动总计最低消费为300元。', to_timestamp('20-11-2012 11:25:53.171000', 'dd-mm-yyyy hh24:mi:ss.ff'), null, 1, null, null, 1, null, to_timestamp('01-10-2012 11:21:17.000000', 'dd-mm-yyyy hh24:mi:ss.ff'), to_timestamp('25-03-2013 23:55:50.000000', 'dd-mm-yyyy hh24:mi:ss.ff'), '111200026669', 1);
insert into EB_OFFER (OFFER_ID, OFFER_GROUP_ID, OFFER_NAME, OFFER_NO, SHORT_NAME, OFFER_SORT, OFFER_TERM, COMMIT_MONTHLY, PREPAID, PERIOD, REFUND_MONTHLY, REFUND_1ST_MONTH, REFUND_LAST_MONTH, NOTES, CREATE_TIME, UPDATE_TIME, CREATE_USER_ID, UPDATE_USER_ID, ORIGINAL_OFFER_ID, LAST_STATUS, MERCHANT_ID, VALID_BEGIN, VALID_END, COND_ID, SCHEME_TYPE)
values (2206, 2180, '波导 T9', '50003300', '1', null, 12, 2500, 19900, 12, 1500, 1900, 0, '活动期内每个周期（从购机日至下月返还日前一日为一个周期）最少产生1次以上在本省通话（不含免费通话，如10086、V网内部通话、呼叫转移、移动总机通话等）共6个月。月返还话费15元，共返还12个月，活动总计最低消费为300元。', to_timestamp('20-11-2012 11:52:40.832000', 'dd-mm-yyyy hh24:mi:ss.ff'), null, 1, null, null, 1, null, to_timestamp('01-10-2012 11:47:48.000000', 'dd-mm-yyyy hh24:mi:ss.ff'), to_timestamp('20-03-2013 23:55:53.000000', 'dd-mm-yyyy hh24:mi:ss.ff'), '111200026675', 1);
insert into EB_OFFER (OFFER_ID, OFFER_GROUP_ID, OFFER_NAME, OFFER_NO, SHORT_NAME, OFFER_SORT, OFFER_TERM, COMMIT_MONTHLY, PREPAID, PERIOD, REFUND_MONTHLY, REFUND_1ST_MONTH, REFUND_LAST_MONTH, NOTES, CREATE_TIME, UPDATE_TIME, CREATE_USER_ID, UPDATE_USER_ID, ORIGINAL_OFFER_ID, LAST_STATUS, MERCHANT_ID, VALID_BEGIN, VALID_END, COND_ID, SCHEME_TYPE)
values (2366, 2220, '抚顺联想S899T第1', '50003463', '899', null, 18, 11000, 129900, 18, 7000, 3900, 0, '活动期内每月至少产生5M省内流量（不含彩信、手机视频等不计费流量），共计6个月，活动期内（18个月）总计最低消费为1980元。', to_timestamp('21-11-2012 12:01:08.121000', 'dd-mm-yyyy hh24:mi:ss.ff'), null, 1, null, null, 1, null, to_timestamp('01-10-2012 12:01:11.000000', 'dd-mm-yyyy hh24:mi:ss.ff'), to_timestamp('20-03-2013 23:55:50.000000', 'dd-mm-yyyy hh24:mi:ss.ff'), '111200026624', 1);
insert into EB_OFFER (OFFER_ID, OFFER_GROUP_ID, OFFER_NAME, OFFER_NO, SHORT_NAME, OFFER_SORT, OFFER_TERM, COMMIT_MONTHLY, PREPAID, PERIOD, REFUND_MONTHLY, REFUND_1ST_MONTH, REFUND_LAST_MONTH, NOTES, CREATE_TIME, UPDATE_TIME, CREATE_USER_ID, UPDATE_USER_ID, ORIGINAL_OFFER_ID, LAST_STATUS, MERCHANT_ID, VALID_BEGIN, VALID_END, COND_ID, SCHEME_TYPE)
values (2367, 2220, '抚顺联想S899T第2', '50003464', '892', null, 18, 5500, 64900, 18, 3500, 1900, 65000, '活动期内每月至少产生5M省内流量（不含彩信、手机视频等不计费流量），共计6个月，活动期内（18个月）总计最低消费为990元。', to_timestamp('21-11-2012 12:06:49.206000', 'dd-mm-yyyy hh24:mi:ss.ff'), null, 1, null, null, 1, null, to_timestamp('01-10-2012 12:07:43.000000', 'dd-mm-yyyy hh24:mi:ss.ff'), to_timestamp('20-03-2013 23:55:50.000000', 'dd-mm-yyyy hh24:mi:ss.ff'), '111200026624', 1);
insert into EB_OFFER (OFFER_ID, OFFER_GROUP_ID, OFFER_NAME, OFFER_NO, SHORT_NAME, OFFER_SORT, OFFER_TERM, COMMIT_MONTHLY, PREPAID, PERIOD, REFUND_MONTHLY, REFUND_1ST_MONTH, REFUND_LAST_MONTH, NOTES, CREATE_TIME, UPDATE_TIME, CREATE_USER_ID, UPDATE_USER_ID, ORIGINAL_OFFER_ID, LAST_STATUS, MERCHANT_ID, VALID_BEGIN, VALID_END, COND_ID, SCHEME_TYPE)
values (2368, 2220, '抚顺三星S6358第1', '50003465', '635', null, 18, 11000, 129900, 18, 7000, 3900, 0, '活动期内每月至少产生5M省内流量（不含彩信、手机视频等不计费流量），共计6个月，活动期内（18个月）总计最低消费为1980元。', to_timestamp('21-11-2012 12:09:30.533000', 'dd-mm-yyyy hh24:mi:ss.ff'), null, 1, null, null, 1, null, to_timestamp('01-10-2012 12:10:35.000000', 'dd-mm-yyyy hh24:mi:ss.ff'), to_timestamp('20-03-2013 23:55:50.000000', 'dd-mm-yyyy hh24:mi:ss.ff'), '111200026616', 1);
insert into EB_OFFER (OFFER_ID, OFFER_GROUP_ID, OFFER_NAME, OFFER_NO, SHORT_NAME, OFFER_SORT, OFFER_TERM, COMMIT_MONTHLY, PREPAID, PERIOD, REFUND_MONTHLY, REFUND_1ST_MONTH, REFUND_LAST_MONTH, NOTES, CREATE_TIME, UPDATE_TIME, CREATE_USER_ID, UPDATE_USER_ID, ORIGINAL_OFFER_ID, LAST_STATUS, MERCHANT_ID, VALID_BEGIN, VALID_END, COND_ID, SCHEME_TYPE)
values (2369, 2220, '抚顺三星S6358第2', '50003466', '358', null, 18, 5500, 64900, 18, 3500, 1900, 65000, '活动期内每月至少产生5M省内流量（不含彩信、手机视频等不计费流量），共计6个月，活动期内（18个月）总计最低消费为990元。', to_timestamp('21-11-2012 12:12:23.866000', 'dd-mm-yyyy hh24:mi:ss.ff'), null, 1, null, null, 1, null, to_timestamp('01-10-2012 12:13:13.000000', 'dd-mm-yyyy hh24:mi:ss.ff'), to_timestamp('20-03-2013 23:55:50.000000', 'dd-mm-yyyy hh24:mi:ss.ff'), '111200026616', 1);
insert into EB_OFFER (OFFER_ID, OFFER_GROUP_ID, OFFER_NAME, OFFER_NO, SHORT_NAME, OFFER_SORT, OFFER_TERM, COMMIT_MONTHLY, PREPAID, PERIOD, REFUND_MONTHLY, REFUND_1ST_MONTH, REFUND_LAST_MONTH, NOTES, CREATE_TIME, UPDATE_TIME, CREATE_USER_ID, UPDATE_USER_ID, ORIGINAL_OFFER_ID, LAST_STATUS, MERCHANT_ID, VALID_BEGIN, VALID_END, COND_ID, SCHEME_TYPE)
values (2370, 2220, '抚顺三星I9308第1', '50003467', '930', null, 24, 30000, 499900, 24, 20000, 19900, 0, '活动期内每月至少产生5M省内流量（不含彩信、手机视频等不计费流量），共计6个月，活动期内（24个月）总计最低消费为7200元。', to_timestamp('21-11-2012 12:23:26.853000', 'dd-mm-yyyy hh24:mi:ss.ff'), null, 1, null, null, 1, null, to_timestamp('01-10-2012 12:16:34.000000', 'dd-mm-yyyy hh24:mi:ss.ff'), to_timestamp('20-03-2013 23:55:50.000000', 'dd-mm-yyyy hh24:mi:ss.ff'), '111200026735', 1);
insert into EB_OFFER (OFFER_ID, OFFER_GROUP_ID, OFFER_NAME, OFFER_NO, SHORT_NAME, OFFER_SORT, OFFER_TERM, COMMIT_MONTHLY, PREPAID, PERIOD, REFUND_MONTHLY, REFUND_1ST_MONTH, REFUND_LAST_MONTH, NOTES, CREATE_TIME, UPDATE_TIME, CREATE_USER_ID, UPDATE_USER_ID, ORIGINAL_OFFER_ID, LAST_STATUS, MERCHANT_ID, VALID_BEGIN, VALID_END, COND_ID, SCHEME_TYPE)
values (2375, 2240, '铁岭联想S899T套餐二', '50003483', '4', null, 18, 5500, 64900, 18, 3500, 1900, 65000, '活动期内每月至少产生5M省内流量（不含彩信、手机视频等不计费流量），共计6个月，活动期内（18个月）总计最低消费990元。', to_timestamp('21-11-2012 13:00:23.198000', 'dd-mm-yyyy hh24:mi:ss.ff'), null, 1, null, null, 1, null, to_timestamp('01-10-2012 13:01:13.000000', 'dd-mm-yyyy hh24:mi:ss.ff'), to_timestamp('20-03-2013 23:55:50.000000', 'dd-mm-yyyy hh24:mi:ss.ff'), '111200026624', 1);
insert into EB_OFFER (OFFER_ID, OFFER_GROUP_ID, OFFER_NAME, OFFER_NO, SHORT_NAME, OFFER_SORT, OFFER_TERM, COMMIT_MONTHLY, PREPAID, PERIOD, REFUND_MONTHLY, REFUND_1ST_MONTH, REFUND_LAST_MONTH, NOTES, CREATE_TIME, UPDATE_TIME, CREATE_USER_ID, UPDATE_USER_ID, ORIGINAL_OFFER_ID, LAST_STATUS, MERCHANT_ID, VALID_BEGIN, VALID_END, COND_ID, SCHEME_TYPE)
values (2380, 2221, '盘锦中兴U880S', '50003501', '39', null, 18, 4500, 54900, 18, 3000, 900, 0, '活动期内每月至少产生5M省内流量（不含彩信、手机视频等不计费流量），共计6个月，活动期内（18个月）总计最低消费为810元。', to_timestamp('21-11-2012 13:34:10.385000', 'dd-mm-yyyy hh24:mi:ss.ff'), null, 1, null, null, 1, null, to_timestamp('01-10-2012 13:35:35.000000', 'dd-mm-yyyy hh24:mi:ss.ff'), to_timestamp('25-03-2013 23:55:50.000000', 'dd-mm-yyyy hh24:mi:ss.ff'), '111200026695', 1);
insert into EB_OFFER (OFFER_ID, OFFER_GROUP_ID, OFFER_NAME, OFFER_NO, SHORT_NAME, OFFER_SORT, OFFER_TERM, COMMIT_MONTHLY, PREPAID, PERIOD, REFUND_MONTHLY, REFUND_1ST_MONTH, REFUND_LAST_MONTH, NOTES, CREATE_TIME, UPDATE_TIME, CREATE_USER_ID, UPDATE_USER_ID, ORIGINAL_OFFER_ID, LAST_STATUS, MERCHANT_ID, VALID_BEGIN, VALID_END, COND_ID, SCHEME_TYPE)
values (2381, 2221, '盘锦三星S5368', '50003502', '51', null, 18, 6500, 79900, 18, 4200, 4300, 0, '活动期内每月至少产生5M省内流量（不含彩信、手机视频等不计费流量），共计6个月，活动期内（18个月）总计最低消费为1170元。', to_timestamp('21-11-2012 13:36:59.735000', 'dd-mm-yyyy hh24:mi:ss.ff'), null, 1, null, null, 1, null, to_timestamp('01-10-2012 00:00:00.000000', 'dd-mm-yyyy hh24:mi:ss.ff'), to_timestamp('20-03-2013 23:59:59.000000', 'dd-mm-yyyy hh24:mi:ss.ff'), '111200026662', 1);
insert into EB_OFFER (OFFER_ID, OFFER_GROUP_ID, OFFER_NAME, OFFER_NO, SHORT_NAME, OFFER_SORT, OFFER_TERM, COMMIT_MONTHLY, PREPAID, PERIOD, REFUND_MONTHLY, REFUND_1ST_MONTH, REFUND_LAST_MONTH, NOTES, CREATE_TIME, UPDATE_TIME, CREATE_USER_ID, UPDATE_USER_ID, ORIGINAL_OFFER_ID, LAST_STATUS, MERCHANT_ID, VALID_BEGIN, VALID_END, COND_ID, SCHEME_TYPE)
values (2382, 2221, '盘锦中兴U960S', '50003503', '63', null, 18, 8000, 99900, 18, 5500, 900, 0, '活动期内每月至少产生5M省内流量（不含彩信、手机视频等不计费流量），共计6个月，活动期内（18个月）总计最低消费为1440元。', to_timestamp('21-11-2012 13:43:24.769000', 'dd-mm-yyyy hh24:mi:ss.ff'), null, 1, null, null, 1, null, to_timestamp('01-10-2012 13:40:20.000000', 'dd-mm-yyyy hh24:mi:ss.ff'), to_timestamp('25-03-2013 13:40:23.000000', 'dd-mm-yyyy hh24:mi:ss.ff'), '111200026650', 1);
insert into EB_OFFER (OFFER_ID, OFFER_GROUP_ID, OFFER_NAME, OFFER_NO, SHORT_NAME, OFFER_SORT, OFFER_TERM, COMMIT_MONTHLY, PREPAID, PERIOD, REFUND_MONTHLY, REFUND_1ST_MONTH, REFUND_LAST_MONTH, NOTES, CREATE_TIME, UPDATE_TIME, CREATE_USER_ID, UPDATE_USER_ID, ORIGINAL_OFFER_ID, LAST_STATUS, MERCHANT_ID, VALID_BEGIN, VALID_END, COND_ID, SCHEME_TYPE)
values (2386, 2221, '盘锦联想S899T套餐二', '50003507', '892', null, 18, 5500, 64900, 18, 3500, 1900, 65000, '活动期内每月至少产生5M省内流量（不含彩信、手机视频等不计费流量），共计6个月，活动期内（18个月）总计最低消费为990元。', to_timestamp('21-11-2012 14:07:12.331000', 'dd-mm-yyyy hh24:mi:ss.ff'), null, 1, null, null, 1, null, to_timestamp('01-10-2012 00:00:00.000000', 'dd-mm-yyyy hh24:mi:ss.ff'), to_timestamp('20-03-2013 23:59:59.000000', 'dd-mm-yyyy hh24:mi:ss.ff'), '111200026624', 1);
insert into EB_OFFER (OFFER_ID, OFFER_GROUP_ID, OFFER_NAME, OFFER_NO, SHORT_NAME, OFFER_SORT, OFFER_TERM, COMMIT_MONTHLY, PREPAID, PERIOD, REFUND_MONTHLY, REFUND_1ST_MONTH, REFUND_LAST_MONTH, NOTES, CREATE_TIME, UPDATE_TIME, CREATE_USER_ID, UPDATE_USER_ID, ORIGINAL_OFFER_ID, LAST_STATUS, MERCHANT_ID, VALID_BEGIN, VALID_END, COND_ID, SCHEME_TYPE)
values (2461, 2260, null, '50003569', '164', null, 30, 8800, 119900, 30, 3800, 5900, 180000, '参与活动手机号码必须在绑定的手机内每月至少产生5M省内流量，共6个月。月返还话费38元，返还期内月最低消费88元，共返还30个月。', to_timestamp('07-04-2013 16:56:49.704000', 'dd-mm-yyyy hh24:mi:ss.ff'), null, 4000, null, null, 1, null, to_timestamp('07-04-2013 16:54:28.000000', 'dd-mm-yyyy hh24:mi:ss.ff'), to_timestamp('30-06-2013 16:54:30.000000', 'dd-mm-yyyy hh24:mi:ss.ff'), '111200032773', 1);
insert into EB_OFFER (OFFER_ID, OFFER_GROUP_ID, OFFER_NAME, OFFER_NO, SHORT_NAME, OFFER_SORT, OFFER_TERM, COMMIT_MONTHLY, PREPAID, PERIOD, REFUND_MONTHLY, REFUND_1ST_MONTH, REFUND_LAST_MONTH, NOTES, CREATE_TIME, UPDATE_TIME, CREATE_USER_ID, UPDATE_USER_ID, ORIGINAL_OFFER_ID, LAST_STATUS, MERCHANT_ID, VALID_BEGIN, VALID_END, COND_ID, SCHEME_TYPE)
values (2462, 2260, null, '50003570', '165', null, 15, 15800, 99900, 15, 6000, 9900, 200000, '参与活动手机号码必须在绑定的手机内每月至少产生5M省内流量，共6个月。月返还话费60元，返还期内月最低消费158元，共返还15个月。', to_timestamp('07-04-2013 16:57:56.838000', 'dd-mm-yyyy hh24:mi:ss.ff'), null, 4000, null, null, 1, null, to_timestamp('07-04-2013 16:55:31.000000', 'dd-mm-yyyy hh24:mi:ss.ff'), to_timestamp('30-06-2013 16:55:33.000000', 'dd-mm-yyyy hh24:mi:ss.ff'), '111200032780', 1);
commit;
prompt 100 records committed...
insert into EB_OFFER (OFFER_ID, OFFER_GROUP_ID, OFFER_NAME, OFFER_NO, SHORT_NAME, OFFER_SORT, OFFER_TERM, COMMIT_MONTHLY, PREPAID, PERIOD, REFUND_MONTHLY, REFUND_1ST_MONTH, REFUND_LAST_MONTH, NOTES, CREATE_TIME, UPDATE_TIME, CREATE_USER_ID, UPDATE_USER_ID, ORIGINAL_OFFER_ID, LAST_STATUS, MERCHANT_ID, VALID_BEGIN, VALID_END, COND_ID, SCHEME_TYPE)
values (2463, 2260, null, '50003571', '166', null, 18, 12800, 99900, 18, 5000, 9900, 200000, '参与活动手机号码必须在绑定的手机内每月至少产生5M省内流量，共6个月。月返还话费50元，返还期内月最低消费128元，共返还18个月。', to_timestamp('07-04-2013 16:59:14.923000', 'dd-mm-yyyy hh24:mi:ss.ff'), null, 4000, null, null, 1, null, to_timestamp('07-04-2013 16:56:41.000000', 'dd-mm-yyyy hh24:mi:ss.ff'), to_timestamp('30-06-2013 16:56:43.000000', 'dd-mm-yyyy hh24:mi:ss.ff'), '111200032781', 1);
insert into EB_OFFER (OFFER_ID, OFFER_GROUP_ID, OFFER_NAME, OFFER_NO, SHORT_NAME, OFFER_SORT, OFFER_TERM, COMMIT_MONTHLY, PREPAID, PERIOD, REFUND_MONTHLY, REFUND_1ST_MONTH, REFUND_LAST_MONTH, NOTES, CREATE_TIME, UPDATE_TIME, CREATE_USER_ID, UPDATE_USER_ID, ORIGINAL_OFFER_ID, LAST_STATUS, MERCHANT_ID, VALID_BEGIN, VALID_END, COND_ID, SCHEME_TYPE)
values (2464, 2260, null, '50003572', '167', null, 25, 8800, 99900, 25, 3800, 4900, 200000, '参与活动手机号码必须在绑定的手机内每月至少产生5M省内流量，共6个月。月返还话费38元，返还期内月最低消费88元，共返还25个月。', to_timestamp('07-04-2013 17:00:37.939000', 'dd-mm-yyyy hh24:mi:ss.ff'), null, 4000, null, null, 1, null, to_timestamp('07-04-2013 16:58:09.000000', 'dd-mm-yyyy hh24:mi:ss.ff'), to_timestamp('30-06-2013 16:58:12.000000', 'dd-mm-yyyy hh24:mi:ss.ff'), '111200032782', 1);
insert into EB_OFFER (OFFER_ID, OFFER_GROUP_ID, OFFER_NAME, OFFER_NO, SHORT_NAME, OFFER_SORT, OFFER_TERM, COMMIT_MONTHLY, PREPAID, PERIOD, REFUND_MONTHLY, REFUND_1ST_MONTH, REFUND_LAST_MONTH, NOTES, CREATE_TIME, UPDATE_TIME, CREATE_USER_ID, UPDATE_USER_ID, ORIGINAL_OFFER_ID, LAST_STATUS, MERCHANT_ID, VALID_BEGIN, VALID_END, COND_ID, SCHEME_TYPE)
values (2473, 2260, null, '50003581', '23', null, 20, 5800, 49900, 20, 2400, 1900, 30000, '参与活动手机号码必须在绑定的手机内每月至少产生5M省内流量，共6个月。' || chr(10) || '月返还话费24元，返还期内月最低消费58元，共返还20个月。', to_timestamp('07-04-2013 17:10:28.354000', 'dd-mm-yyyy hh24:mi:ss.ff'), null, 1, null, null, 1, null, to_timestamp('07-04-2013 17:08:54.000000', 'dd-mm-yyyy hh24:mi:ss.ff'), to_timestamp('30-06-2013 17:08:56.000000', 'dd-mm-yyyy hh24:mi:ss.ff'), '111200032797', 1);
insert into EB_OFFER (OFFER_ID, OFFER_GROUP_ID, OFFER_NAME, OFFER_NO, SHORT_NAME, OFFER_SORT, OFFER_TERM, COMMIT_MONTHLY, PREPAID, PERIOD, REFUND_MONTHLY, REFUND_1ST_MONTH, REFUND_LAST_MONTH, NOTES, CREATE_TIME, UPDATE_TIME, CREATE_USER_ID, UPDATE_USER_ID, ORIGINAL_OFFER_ID, LAST_STATUS, MERCHANT_ID, VALID_BEGIN, VALID_END, COND_ID, SCHEME_TYPE)
values (2475, 2260, null, '50003583', '151', null, 18, 15800, 119900, 18, 6500, 2900, 180000, '参与活动手机号码必须在绑定的手机内每月至少产生5M省内流量，共6个月。月返还话费65元，返还期内月最低消费158元，共返还18个月。', to_timestamp('07-04-2013 17:13:01.625000', 'dd-mm-yyyy hh24:mi:ss.ff'), null, 4000, null, null, 1, null, to_timestamp('07-04-2013 17:10:27.000000', 'dd-mm-yyyy hh24:mi:ss.ff'), to_timestamp('30-06-2013 17:10:29.000000', 'dd-mm-yyyy hh24:mi:ss.ff'), '111200032771', 1);
insert into EB_OFFER (OFFER_ID, OFFER_GROUP_ID, OFFER_NAME, OFFER_NO, SHORT_NAME, OFFER_SORT, OFFER_TERM, COMMIT_MONTHLY, PREPAID, PERIOD, REFUND_MONTHLY, REFUND_1ST_MONTH, REFUND_LAST_MONTH, NOTES, CREATE_TIME, UPDATE_TIME, CREATE_USER_ID, UPDATE_USER_ID, ORIGINAL_OFFER_ID, LAST_STATUS, MERCHANT_ID, VALID_BEGIN, VALID_END, COND_ID, SCHEME_TYPE)
values (2479, 2260, null, '50003587', '154', null, 15, 15800, 99900, 15, 6000, 9900, 200000, '参与活动手机号码必须在绑定的手机内每月至少产生5M省内流量，共6个月。月返还话费60元，返还期内月最低消费158元，共返还15个月。', to_timestamp('07-04-2013 17:17:31.972000', 'dd-mm-yyyy hh24:mi:ss.ff'), null, 4000, null, null, 1, null, to_timestamp('07-04-2013 17:15:00.000000', 'dd-mm-yyyy hh24:mi:ss.ff'), to_timestamp('30-06-2013 17:15:02.000000', 'dd-mm-yyyy hh24:mi:ss.ff'), '111200032780', 1);
insert into EB_OFFER (OFFER_ID, OFFER_GROUP_ID, OFFER_NAME, OFFER_NO, SHORT_NAME, OFFER_SORT, OFFER_TERM, COMMIT_MONTHLY, PREPAID, PERIOD, REFUND_MONTHLY, REFUND_1ST_MONTH, REFUND_LAST_MONTH, NOTES, CREATE_TIME, UPDATE_TIME, CREATE_USER_ID, UPDATE_USER_ID, ORIGINAL_OFFER_ID, LAST_STATUS, MERCHANT_ID, VALID_BEGIN, VALID_END, COND_ID, SCHEME_TYPE)
values (2481, 2260, null, '50003589', '156', null, 25, 8800, 99900, 25, 3800, 4900, 200000, '参与活动手机号码必须在绑定的手机内每月至少产生5M省内流量，共6个月。月返还话费38元，返还期内月最低消费88元，共返还25个月。', to_timestamp('07-04-2013 17:19:45.472000', 'dd-mm-yyyy hh24:mi:ss.ff'), null, 4000, null, null, 1, null, to_timestamp('07-04-2013 17:17:29.000000', 'dd-mm-yyyy hh24:mi:ss.ff'), to_timestamp('30-06-2013 17:17:32.000000', 'dd-mm-yyyy hh24:mi:ss.ff'), '111200032782', 1);
insert into EB_OFFER (OFFER_ID, OFFER_GROUP_ID, OFFER_NAME, OFFER_NO, SHORT_NAME, OFFER_SORT, OFFER_TERM, COMMIT_MONTHLY, PREPAID, PERIOD, REFUND_MONTHLY, REFUND_1ST_MONTH, REFUND_LAST_MONTH, NOTES, CREATE_TIME, UPDATE_TIME, CREATE_USER_ID, UPDATE_USER_ID, ORIGINAL_OFFER_ID, LAST_STATUS, MERCHANT_ID, VALID_BEGIN, VALID_END, COND_ID, SCHEME_TYPE)
values (2530, 2260, null, '50003630', '173', null, 18, 15800, 119900, 18, 6500, 2900, 280000, '参与活动手机号码必须在绑定的手机内每月至少产生5M省内流量，共6个月。月返还话费65元，返还期内月最低消费158元，共返还18个月。', to_timestamp('07-04-2013 18:08:05.410000', 'dd-mm-yyyy hh24:mi:ss.ff'), null, 4000, null, null, 1, null, to_timestamp('07-04-2013 18:05:48.000000', 'dd-mm-yyyy hh24:mi:ss.ff'), to_timestamp('30-06-2013 18:05:50.000000', 'dd-mm-yyyy hh24:mi:ss.ff'), '111200032771', 1);
insert into EB_OFFER (OFFER_ID, OFFER_GROUP_ID, OFFER_NAME, OFFER_NO, SHORT_NAME, OFFER_SORT, OFFER_TERM, COMMIT_MONTHLY, PREPAID, PERIOD, REFUND_MONTHLY, REFUND_1ST_MONTH, REFUND_LAST_MONTH, NOTES, CREATE_TIME, UPDATE_TIME, CREATE_USER_ID, UPDATE_USER_ID, ORIGINAL_OFFER_ID, LAST_STATUS, MERCHANT_ID, VALID_BEGIN, VALID_END, COND_ID, SCHEME_TYPE)
values (2532, 2260, null, '50003632', '40', null, 24, 115200, 49900, 24, 2000, 1900, 33000, '参与活动手机号码必须在绑定的手机内每月至少产生5M省内流量，共6个月。' || chr(10) || '月返还话费20元，返还期内月最低消费48元，共返还24个月。', to_timestamp('07-04-2013 18:09:53.802000', 'dd-mm-yyyy hh24:mi:ss.ff'), null, 1, null, null, 1, null, to_timestamp('07-04-2013 18:08:22.000000', 'dd-mm-yyyy hh24:mi:ss.ff'), to_timestamp('30-06-2013 18:08:25.000000', 'dd-mm-yyyy hh24:mi:ss.ff'), '111200032798', 1);
insert into EB_OFFER (OFFER_ID, OFFER_GROUP_ID, OFFER_NAME, OFFER_NO, SHORT_NAME, OFFER_SORT, OFFER_TERM, COMMIT_MONTHLY, PREPAID, PERIOD, REFUND_MONTHLY, REFUND_1ST_MONTH, REFUND_LAST_MONTH, NOTES, CREATE_TIME, UPDATE_TIME, CREATE_USER_ID, UPDATE_USER_ID, ORIGINAL_OFFER_ID, LAST_STATUS, MERCHANT_ID, VALID_BEGIN, VALID_END, COND_ID, SCHEME_TYPE)
values (2533, 2260, null, '50003633', '175', null, 30, 8800, 119900, 30, 3800, 5900, 280000, '参与活动手机号码必须在绑定的手机内每月至少产生5M省内流量，共6个月。月返还话费38元，返还期内月最低消费88元，共返还30个月。', to_timestamp('07-04-2013 18:11:04.720000', 'dd-mm-yyyy hh24:mi:ss.ff'), null, 4000, null, null, 1, null, to_timestamp('07-04-2013 18:08:09.000000', 'dd-mm-yyyy hh24:mi:ss.ff'), to_timestamp('30-06-2013 18:08:13.000000', 'dd-mm-yyyy hh24:mi:ss.ff'), '111200032773', 1);
insert into EB_OFFER (OFFER_ID, OFFER_GROUP_ID, OFFER_NAME, OFFER_NO, SHORT_NAME, OFFER_SORT, OFFER_TERM, COMMIT_MONTHLY, PREPAID, PERIOD, REFUND_MONTHLY, REFUND_1ST_MONTH, REFUND_LAST_MONTH, NOTES, CREATE_TIME, UPDATE_TIME, CREATE_USER_ID, UPDATE_USER_ID, ORIGINAL_OFFER_ID, LAST_STATUS, MERCHANT_ID, VALID_BEGIN, VALID_END, COND_ID, SCHEME_TYPE)
values (2534, 2260, null, '50003634', '176', null, 15, 15800, 99900, 15, 6000, 9900, 300000, '参与活动手机号码必须在绑定的手机内每月至少产生5M省内流量，共6个月。月返还话费60元，返还期内月最低消费158元，共返还15个月。', to_timestamp('07-04-2013 18:12:23.458000', 'dd-mm-yyyy hh24:mi:ss.ff'), null, 4000, null, null, 1, null, to_timestamp('07-04-2013 18:10:01.000000', 'dd-mm-yyyy hh24:mi:ss.ff'), to_timestamp('30-06-2013 18:10:03.000000', 'dd-mm-yyyy hh24:mi:ss.ff'), '111200032780', 1);
insert into EB_OFFER (OFFER_ID, OFFER_GROUP_ID, OFFER_NAME, OFFER_NO, SHORT_NAME, OFFER_SORT, OFFER_TERM, COMMIT_MONTHLY, PREPAID, PERIOD, REFUND_MONTHLY, REFUND_1ST_MONTH, REFUND_LAST_MONTH, NOTES, CREATE_TIME, UPDATE_TIME, CREATE_USER_ID, UPDATE_USER_ID, ORIGINAL_OFFER_ID, LAST_STATUS, MERCHANT_ID, VALID_BEGIN, VALID_END, COND_ID, SCHEME_TYPE)
values (2540, 2260, null, '50003640', '42', null, 20, 176000, 74900, 20, 3500, 4900, 9000, '参与活动手机号码必须在绑定的手机内每月至少产生5M省内流量，共6个月。月返还话费35元，返还期内月最低消费88元，共返还20个月。', to_timestamp('07-04-2013 18:24:06.004000', 'dd-mm-yyyy hh24:mi:ss.ff'), null, 1, null, null, 1, null, to_timestamp('07-04-2013 18:22:46.000000', 'dd-mm-yyyy hh24:mi:ss.ff'), to_timestamp('30-06-2013 18:22:46.000000', 'dd-mm-yyyy hh24:mi:ss.ff'), '111200032787', 1);
insert into EB_OFFER (OFFER_ID, OFFER_GROUP_ID, OFFER_NAME, OFFER_NO, SHORT_NAME, OFFER_SORT, OFFER_TERM, COMMIT_MONTHLY, PREPAID, PERIOD, REFUND_MONTHLY, REFUND_1ST_MONTH, REFUND_LAST_MONTH, NOTES, CREATE_TIME, UPDATE_TIME, CREATE_USER_ID, UPDATE_USER_ID, ORIGINAL_OFFER_ID, LAST_STATUS, MERCHANT_ID, VALID_BEGIN, VALID_END, COND_ID, SCHEME_TYPE)
values (2541, 2260, null, '50003641', '127', null, 18, 12800, 99900, 18, 5000, 9900, 80000, '参与活动手机号码必须在绑定的手机内每月至少产生5M省内流量，共6个月。月返还话费50元，返还期内月最低消费128元，共返还18个月。', to_timestamp('07-04-2013 18:24:20.504000', 'dd-mm-yyyy hh24:mi:ss.ff'), null, 1, null, null, 1, null, to_timestamp('07-04-2013 18:23:30.000000', 'dd-mm-yyyy hh24:mi:ss.ff'), to_timestamp('30-06-2013 18:23:32.000000', 'dd-mm-yyyy hh24:mi:ss.ff'), '111200032781', 1);
insert into EB_OFFER (OFFER_ID, OFFER_GROUP_ID, OFFER_NAME, OFFER_NO, SHORT_NAME, OFFER_SORT, OFFER_TERM, COMMIT_MONTHLY, PREPAID, PERIOD, REFUND_MONTHLY, REFUND_1ST_MONTH, REFUND_LAST_MONTH, NOTES, CREATE_TIME, UPDATE_TIME, CREATE_USER_ID, UPDATE_USER_ID, ORIGINAL_OFFER_ID, LAST_STATUS, MERCHANT_ID, VALID_BEGIN, VALID_END, COND_ID, SCHEME_TYPE)
values (2545, 2260, null, '50003645', '45', null, 20, 136000, 59900, 20, 2700, 5900, 24000, '参与活动手机号码必须在绑定的手机内每月至少产生5M省内流量，共6个月。' || chr(10) || '' || chr(10) || '月返还话费27元，返还期内月最低消费68元，共返还20个月。', to_timestamp('07-04-2013 18:30:58.570000', 'dd-mm-yyyy hh24:mi:ss.ff'), null, 1, null, null, 1, null, to_timestamp('07-04-2013 18:28:21.000000', 'dd-mm-yyyy hh24:mi:ss.ff'), to_timestamp('30-06-2013 18:28:22.000000', 'dd-mm-yyyy hh24:mi:ss.ff'), '111200032793', 1);
insert into EB_OFFER (OFFER_ID, OFFER_GROUP_ID, OFFER_NAME, OFFER_NO, SHORT_NAME, OFFER_SORT, OFFER_TERM, COMMIT_MONTHLY, PREPAID, PERIOD, REFUND_MONTHLY, REFUND_1ST_MONTH, REFUND_LAST_MONTH, NOTES, CREATE_TIME, UPDATE_TIME, CREATE_USER_ID, UPDATE_USER_ID, ORIGINAL_OFFER_ID, LAST_STATUS, MERCHANT_ID, VALID_BEGIN, VALID_END, COND_ID, SCHEME_TYPE)
values (2263, 2180, '三星GALAXY SIII I9308 ', '50003362', '21', null, 18, 16800, 499900, 18, 10000, 19900, 300000, '活动期内每月至少产生5M省内流量（不含彩信、手机视频等不计费流量），共6个月。月返还话费100元，共返还18个月，活动期内总计最低消费为3024元。', to_timestamp('20-11-2012 15:08:45.177000', 'dd-mm-yyyy hh24:mi:ss.ff'), null, 1, null, null, 1, null, to_timestamp('01-10-2012 15:06:31.000000', 'dd-mm-yyyy hh24:mi:ss.ff'), to_timestamp('20-03-2013 23:55:50.000000', 'dd-mm-yyyy hh24:mi:ss.ff'), '111200026735', 1);
insert into EB_OFFER (OFFER_ID, OFFER_GROUP_ID, OFFER_NAME, OFFER_NO, SHORT_NAME, OFFER_SORT, OFFER_TERM, COMMIT_MONTHLY, PREPAID, PERIOD, REFUND_MONTHLY, REFUND_1ST_MONTH, REFUND_LAST_MONTH, NOTES, CREATE_TIME, UPDATE_TIME, CREATE_USER_ID, UPDATE_USER_ID, ORIGINAL_OFFER_ID, LAST_STATUS, MERCHANT_ID, VALID_BEGIN, VALID_END, COND_ID, SCHEME_TYPE)
values (2282, 2200, '三星 E1228 ', '50003382', '2', null, 12, 2500, 19900, 12, 1500, 1900, 0, '活动期内每个周期（从购机日至下月返还日前一日为一个周期）最少产生1次以上在本省通话（不含免费通话，如10086、V网内部通话、呼叫转移、移动总机通话等）共6个月。月返还话费15元，共返还12个月，活动总计最低消费为300元。', to_timestamp('20-11-2012 15:44:35.266000', 'dd-mm-yyyy hh24:mi:ss.ff'), null, 1, null, null, 1, null, to_timestamp('01-10-2012 15:42:41.000000', 'dd-mm-yyyy hh24:mi:ss.ff'), to_timestamp('20-03-2013 23:55:50.000000', 'dd-mm-yyyy hh24:mi:ss.ff'), '111200026665', 1);
insert into EB_OFFER (OFFER_ID, OFFER_GROUP_ID, OFFER_NAME, OFFER_NO, SHORT_NAME, OFFER_SORT, OFFER_TERM, COMMIT_MONTHLY, PREPAID, PERIOD, REFUND_MONTHLY, REFUND_1ST_MONTH, REFUND_LAST_MONTH, NOTES, CREATE_TIME, UPDATE_TIME, CREATE_USER_ID, UPDATE_USER_ID, ORIGINAL_OFFER_ID, LAST_STATUS, MERCHANT_ID, VALID_BEGIN, VALID_END, COND_ID, SCHEME_TYPE)
values (2286, 2200, '海信 T92 ', '50003386', '5', null, 18, 7500, 89900, 18, 4800, 3500, 0, '活动期内每月至少产生5M省内流量（不含彩信、手机视频等不计费流量），共6个月。月返还话费48元，共返还18个月，活动期内总计最低消费为1350元。', to_timestamp('20-11-2012 15:53:14.594000', 'dd-mm-yyyy hh24:mi:ss.ff'), null, 1, null, null, 1, null, to_timestamp('01-10-2012 15:51:47.000000', 'dd-mm-yyyy hh24:mi:ss.ff'), to_timestamp('25-03-2013 23:55:50.000000', 'dd-mm-yyyy hh24:mi:ss.ff'), '111200026658', 1);
insert into EB_OFFER (OFFER_ID, OFFER_GROUP_ID, OFFER_NAME, OFFER_NO, SHORT_NAME, OFFER_SORT, OFFER_TERM, COMMIT_MONTHLY, PREPAID, PERIOD, REFUND_MONTHLY, REFUND_1ST_MONTH, REFUND_LAST_MONTH, NOTES, CREATE_TIME, UPDATE_TIME, CREATE_USER_ID, UPDATE_USER_ID, ORIGINAL_OFFER_ID, LAST_STATUS, MERCHANT_ID, VALID_BEGIN, VALID_END, COND_ID, SCHEME_TYPE)
values (2287, 2200, '海信 TG88 ', '50003387', '6', null, 18, 7500, 89900, 18, 4800, 3500, 0, '活动期内每月至少产生5M省内流量（不含彩信、手机视频等不计费流量），共6个月。月返还话费48元，共返还18个月，活动期内总计最低消费为1350元。', to_timestamp('20-11-2012 15:54:33.265000', 'dd-mm-yyyy hh24:mi:ss.ff'), null, 1, null, null, 1, null, to_timestamp('01-10-2012 15:53:16.000000', 'dd-mm-yyyy hh24:mi:ss.ff'), to_timestamp('20-03-2013 23:55:50.000000', 'dd-mm-yyyy hh24:mi:ss.ff'), '111200026656', 1);
insert into EB_OFFER (OFFER_ID, OFFER_GROUP_ID, OFFER_NAME, OFFER_NO, SHORT_NAME, OFFER_SORT, OFFER_TERM, COMMIT_MONTHLY, PREPAID, PERIOD, REFUND_MONTHLY, REFUND_1ST_MONTH, REFUND_LAST_MONTH, NOTES, CREATE_TIME, UPDATE_TIME, CREATE_USER_ID, UPDATE_USER_ID, ORIGINAL_OFFER_ID, LAST_STATUS, MERCHANT_ID, VALID_BEGIN, VALID_END, COND_ID, SCHEME_TYPE)
values (2292, 2200, '摩托罗拉 MT680 ', '50003392', '11', null, 18, 7000, 84900, 18, 4500, 3900, 85000, '活动期内每月至少产生5M省内流量（不含彩信、手机视频等不计费流量），共6个月。月返还话费45元，共返还18个月，活动期内总计最低消费为1260元。', to_timestamp('20-11-2012 16:03:56.521000', 'dd-mm-yyyy hh24:mi:ss.ff'), null, 1, null, null, 1, null, to_timestamp('01-10-2012 16:01:58.000000', 'dd-mm-yyyy hh24:mi:ss.ff'), to_timestamp('25-03-2013 23:55:50.000000', 'dd-mm-yyyy hh24:mi:ss.ff'), '111200026733', 1);
insert into EB_OFFER (OFFER_ID, OFFER_GROUP_ID, OFFER_NAME, OFFER_NO, SHORT_NAME, OFFER_SORT, OFFER_TERM, COMMIT_MONTHLY, PREPAID, PERIOD, REFUND_MONTHLY, REFUND_1ST_MONTH, REFUND_LAST_MONTH, NOTES, CREATE_TIME, UPDATE_TIME, CREATE_USER_ID, UPDATE_USER_ID, ORIGINAL_OFFER_ID, LAST_STATUS, MERCHANT_ID, VALID_BEGIN, VALID_END, COND_ID, SCHEME_TYPE)
values (2300, 2200, '朝阳联想S899TD1', '50003393', '991', null, 18, 11000, 129900, 18, 7000, 3900, 0, '活动期内每月至少产生5M省内流量（不含彩信、手机视频等不计费流量），共6个月。月返还话费70元，共返还18个月，活动总计最低消费为1980元。', to_timestamp('20-11-2012 16:16:08.326000', 'dd-mm-yyyy hh24:mi:ss.ff'), null, 1, null, null, 1, null, to_timestamp('01-10-2012 16:05:59.000000', 'dd-mm-yyyy hh24:mi:ss.ff'), to_timestamp('20-03-2013 23:55:50.000000', 'dd-mm-yyyy hh24:mi:ss.ff'), '111200026624', 1);
insert into EB_OFFER (OFFER_ID, OFFER_GROUP_ID, OFFER_NAME, OFFER_NO, SHORT_NAME, OFFER_SORT, OFFER_TERM, COMMIT_MONTHLY, PREPAID, PERIOD, REFUND_MONTHLY, REFUND_1ST_MONTH, REFUND_LAST_MONTH, NOTES, CREATE_TIME, UPDATE_TIME, CREATE_USER_ID, UPDATE_USER_ID, ORIGINAL_OFFER_ID, LAST_STATUS, MERCHANT_ID, VALID_BEGIN, VALID_END, COND_ID, SCHEME_TYPE)
values (2559, 2260, null, '50003659', '112', null, 30, 8800, 119900, 30, 3800, 5900, 40000, '参与活动手机号码必须在绑定的手机内每月至少产生5M省内流量，共6个月。月返还话费38元，返还期内月最低消费88元，共返还30个月。', to_timestamp('07-04-2013 19:01:13.411000', 'dd-mm-yyyy hh24:mi:ss.ff'), null, 1, null, null, 1, null, to_timestamp('07-04-2013 18:59:27.000000', 'dd-mm-yyyy hh24:mi:ss.ff'), to_timestamp('30-06-2013 18:59:31.000000', 'dd-mm-yyyy hh24:mi:ss.ff'), '111200032773', 1);
insert into EB_OFFER (OFFER_ID, OFFER_GROUP_ID, OFFER_NAME, OFFER_NO, SHORT_NAME, OFFER_SORT, OFFER_TERM, COMMIT_MONTHLY, PREPAID, PERIOD, REFUND_MONTHLY, REFUND_1ST_MONTH, REFUND_LAST_MONTH, NOTES, CREATE_TIME, UPDATE_TIME, CREATE_USER_ID, UPDATE_USER_ID, ORIGINAL_OFFER_ID, LAST_STATUS, MERCHANT_ID, VALID_BEGIN, VALID_END, COND_ID, SCHEME_TYPE)
values (2564, 2260, null, '50003664', '55', null, 15, 8800, 59900, 15, 3600, 5900, 35000, '参与活动手机号码必须在绑定的手机内每月至少产生5M省内流量，共6个月。' || chr(10) || '' || chr(10) || '月返还话费36元，返还期内月最低消费88元，共返还15个月。', to_timestamp('07-04-2013 19:09:37.273000', 'dd-mm-yyyy hh24:mi:ss.ff'), null, 1, null, null, 1, null, to_timestamp('07-04-2013 19:08:04.000000', 'dd-mm-yyyy hh24:mi:ss.ff'), to_timestamp('30-06-2013 19:08:09.000000', 'dd-mm-yyyy hh24:mi:ss.ff'), '111200032792', 1);
insert into EB_OFFER (OFFER_ID, OFFER_GROUP_ID, OFFER_NAME, OFFER_NO, SHORT_NAME, OFFER_SORT, OFFER_TERM, COMMIT_MONTHLY, PREPAID, PERIOD, REFUND_MONTHLY, REFUND_1ST_MONTH, REFUND_LAST_MONTH, NOTES, CREATE_TIME, UPDATE_TIME, CREATE_USER_ID, UPDATE_USER_ID, ORIGINAL_OFFER_ID, LAST_STATUS, MERCHANT_ID, VALID_BEGIN, VALID_END, COND_ID, SCHEME_TYPE)
values (2565, 2260, null, '50003665', '115', null, 25, 8800, 99900, 25, 3800, 4900, 60000, '参与活动手机号码必须在绑定的手机内每月至少产生5M省内流量，共6个月。月返还话费38元，返还期内月最低消费88元，共返还25个月。', to_timestamp('07-04-2013 19:10:02.507000', 'dd-mm-yyyy hh24:mi:ss.ff'), null, 1, null, null, 1, null, to_timestamp('07-04-2013 19:08:45.000000', 'dd-mm-yyyy hh24:mi:ss.ff'), to_timestamp('30-06-2013 19:08:47.000000', 'dd-mm-yyyy hh24:mi:ss.ff'), '111200032782', 1);
insert into EB_OFFER (OFFER_ID, OFFER_GROUP_ID, OFFER_NAME, OFFER_NO, SHORT_NAME, OFFER_SORT, OFFER_TERM, COMMIT_MONTHLY, PREPAID, PERIOD, REFUND_MONTHLY, REFUND_1ST_MONTH, REFUND_LAST_MONTH, NOTES, CREATE_TIME, UPDATE_TIME, CREATE_USER_ID, UPDATE_USER_ID, ORIGINAL_OFFER_ID, LAST_STATUS, MERCHANT_ID, VALID_BEGIN, VALID_END, COND_ID, SCHEME_TYPE)
values (2566, 2260, null, '50003666', '56', null, 20, 6800, 59900, 20, 2700, 5900, 35000, '参与活动手机号码必须在绑定的手机内每月至少产生5M省内流量，共6个月。' || chr(10) || '' || chr(10) || '月返还话费27元，返还期内月最低消费68元，共返还20个月。', to_timestamp('07-04-2013 19:11:30.371000', 'dd-mm-yyyy hh24:mi:ss.ff'), null, 1, null, null, 1, null, to_timestamp('07-04-2013 19:09:56.000000', 'dd-mm-yyyy hh24:mi:ss.ff'), to_timestamp('30-06-2013 19:09:57.000000', 'dd-mm-yyyy hh24:mi:ss.ff'), '111200032793', 1);
insert into EB_OFFER (OFFER_ID, OFFER_GROUP_ID, OFFER_NAME, OFFER_NO, SHORT_NAME, OFFER_SORT, OFFER_TERM, COMMIT_MONTHLY, PREPAID, PERIOD, REFUND_MONTHLY, REFUND_1ST_MONTH, REFUND_LAST_MONTH, NOTES, CREATE_TIME, UPDATE_TIME, CREATE_USER_ID, UPDATE_USER_ID, ORIGINAL_OFFER_ID, LAST_STATUS, MERCHANT_ID, VALID_BEGIN, VALID_END, COND_ID, SCHEME_TYPE)
values (2567, 2260, null, '50003667', '116', null, 15, 10800, 74900, 15, 4800, 2900, 85000, '参与活动手机号码必须在绑定的手机内每月至少产生5M省内流量，共6个月。月返还话费48元，返还期内月最低消费108元，共返还15个月。', to_timestamp('07-04-2013 19:11:46.167000', 'dd-mm-yyyy hh24:mi:ss.ff'), null, 1, null, null, 1, null, to_timestamp('07-04-2013 19:10:23.000000', 'dd-mm-yyyy hh24:mi:ss.ff'), to_timestamp('30-06-2013 19:10:25.000000', 'dd-mm-yyyy hh24:mi:ss.ff'), '111200032786', 1);
insert into EB_OFFER (OFFER_ID, OFFER_GROUP_ID, OFFER_NAME, OFFER_NO, SHORT_NAME, OFFER_SORT, OFFER_TERM, COMMIT_MONTHLY, PREPAID, PERIOD, REFUND_MONTHLY, REFUND_1ST_MONTH, REFUND_LAST_MONTH, NOTES, CREATE_TIME, UPDATE_TIME, CREATE_USER_ID, UPDATE_USER_ID, ORIGINAL_OFFER_ID, LAST_STATUS, MERCHANT_ID, VALID_BEGIN, VALID_END, COND_ID, SCHEME_TYPE)
values (2568, 2260, null, '50003668', '117', null, 20, 8800, 74900, 20, 3500, 4900, 85000, '参与活动手机号码必须在绑定的手机内每月至少产生5M省内流量，共6个月。月返还话费35元，返还期内月最低消费88元，共返还20个月。', to_timestamp('07-04-2013 19:13:33.454000', 'dd-mm-yyyy hh24:mi:ss.ff'), null, 1, null, null, 1, null, to_timestamp('07-04-2013 19:12:05.000000', 'dd-mm-yyyy hh24:mi:ss.ff'), to_timestamp('30-06-2013 19:12:08.000000', 'dd-mm-yyyy hh24:mi:ss.ff'), '111200032787', 1);
insert into EB_OFFER (OFFER_ID, OFFER_GROUP_ID, OFFER_NAME, OFFER_NO, SHORT_NAME, OFFER_SORT, OFFER_TERM, COMMIT_MONTHLY, PREPAID, PERIOD, REFUND_MONTHLY, REFUND_1ST_MONTH, REFUND_LAST_MONTH, NOTES, CREATE_TIME, UPDATE_TIME, CREATE_USER_ID, UPDATE_USER_ID, ORIGINAL_OFFER_ID, LAST_STATUS, MERCHANT_ID, VALID_BEGIN, VALID_END, COND_ID, SCHEME_TYPE)
values (2571, 2260, null, '50003671', '119', null, 15, 8800, 59900, 15, 3600, 5900, 100000, '参与活动手机号码必须在绑定的手机内每月至少产生5M省内流量，共6个月。月返还话费36元，返还期内月最低消费88元，共返还15个月。', to_timestamp('07-04-2013 19:17:49.359000', 'dd-mm-yyyy hh24:mi:ss.ff'), null, 1, null, null, 1, null, to_timestamp('07-04-2013 19:16:07.000000', 'dd-mm-yyyy hh24:mi:ss.ff'), to_timestamp('30-06-2013 19:16:09.000000', 'dd-mm-yyyy hh24:mi:ss.ff'), '111200032792', 1);
insert into EB_OFFER (OFFER_ID, OFFER_GROUP_ID, OFFER_NAME, OFFER_NO, SHORT_NAME, OFFER_SORT, OFFER_TERM, COMMIT_MONTHLY, PREPAID, PERIOD, REFUND_MONTHLY, REFUND_1ST_MONTH, REFUND_LAST_MONTH, NOTES, CREATE_TIME, UPDATE_TIME, CREATE_USER_ID, UPDATE_USER_ID, ORIGINAL_OFFER_ID, LAST_STATUS, MERCHANT_ID, VALID_BEGIN, VALID_END, COND_ID, SCHEME_TYPE)
values (2572, 2260, null, '50003672', '59', null, 24, 4800, 49900, 24, 2000, 1900, 45000, '参与活动手机号码必须在绑定的手机内每月至少产生5M省内流量，共6个月。' || chr(10) || '' || chr(10) || '月返还话费20元，返还期内月最低消费48元，共返还24个月。', to_timestamp('07-04-2013 19:18:26.796000', 'dd-mm-yyyy hh24:mi:ss.ff'), null, 1, null, null, 1, null, to_timestamp('07-04-2013 19:15:30.000000', 'dd-mm-yyyy hh24:mi:ss.ff'), to_timestamp('30-06-2013 19:15:31.000000', 'dd-mm-yyyy hh24:mi:ss.ff'), '111200032798', 1);
insert into EB_OFFER (OFFER_ID, OFFER_GROUP_ID, OFFER_NAME, OFFER_NO, SHORT_NAME, OFFER_SORT, OFFER_TERM, COMMIT_MONTHLY, PREPAID, PERIOD, REFUND_MONTHLY, REFUND_1ST_MONTH, REFUND_LAST_MONTH, NOTES, CREATE_TIME, UPDATE_TIME, CREATE_USER_ID, UPDATE_USER_ID, ORIGINAL_OFFER_ID, LAST_STATUS, MERCHANT_ID, VALID_BEGIN, VALID_END, COND_ID, SCHEME_TYPE)
values (2573, 2260, null, '50003673', '120', null, 20, 6800, 59900, 20, 2700, 5900, 100000, '参与活动手机号码必须在绑定的手机内每月至少产生5M省内流量，共6个月。月返还话费27元，返还期内月最低消费68元，共返还20个月。', to_timestamp('07-04-2013 19:19:42.159000', 'dd-mm-yyyy hh24:mi:ss.ff'), null, 1, null, null, 1, null, to_timestamp('07-04-2013 19:18:03.000000', 'dd-mm-yyyy hh24:mi:ss.ff'), to_timestamp('30-06-2013 19:18:06.000000', 'dd-mm-yyyy hh24:mi:ss.ff'), '111200032793', 1);
insert into EB_OFFER (OFFER_ID, OFFER_GROUP_ID, OFFER_NAME, OFFER_NO, SHORT_NAME, OFFER_SORT, OFFER_TERM, COMMIT_MONTHLY, PREPAID, PERIOD, REFUND_MONTHLY, REFUND_1ST_MONTH, REFUND_LAST_MONTH, NOTES, CREATE_TIME, UPDATE_TIME, CREATE_USER_ID, UPDATE_USER_ID, ORIGINAL_OFFER_ID, LAST_STATUS, MERCHANT_ID, VALID_BEGIN, VALID_END, COND_ID, SCHEME_TYPE)
values (2574, 2260, null, '50003674', '97', null, 18, 284400, 119900, 18, 6500, 2900, 20000, '参与活动手机号码必须在绑定的手机内每月至少产生5M省内流量，共6个月。月返还话费65元，返还期内月最低消费158元，共返还18个月。', to_timestamp('07-04-2013 19:26:45.304000', 'dd-mm-yyyy hh24:mi:ss.ff'), null, 1, null, null, 1, null, to_timestamp('07-04-2013 19:24:50.000000', 'dd-mm-yyyy hh24:mi:ss.ff'), to_timestamp('30-06-2013 19:24:52.000000', 'dd-mm-yyyy hh24:mi:ss.ff'), '111200032771', 1);
insert into EB_OFFER (OFFER_ID, OFFER_GROUP_ID, OFFER_NAME, OFFER_NO, SHORT_NAME, OFFER_SORT, OFFER_TERM, COMMIT_MONTHLY, PREPAID, PERIOD, REFUND_MONTHLY, REFUND_1ST_MONTH, REFUND_LAST_MONTH, NOTES, CREATE_TIME, UPDATE_TIME, CREATE_USER_ID, UPDATE_USER_ID, ORIGINAL_OFFER_ID, LAST_STATUS, MERCHANT_ID, VALID_BEGIN, VALID_END, COND_ID, SCHEME_TYPE)
values (2501, 2260, null, '50003609', '32', null, 24, 4800, 49900, 24, 2000, 1900, 30000, '参与活动手机号码必须在绑定的手机内每月至少产生5M省内流量，共6个月。' || chr(10) || '月返还话费20元，返还期内月最低消费48元，共返还24个月。', to_timestamp('07-04-2013 17:43:53.727000', 'dd-mm-yyyy hh24:mi:ss.ff'), null, 1, null, null, 1, null, to_timestamp('07-04-2013 17:42:48.000000', 'dd-mm-yyyy hh24:mi:ss.ff'), to_timestamp('30-06-2013 17:42:49.000000', 'dd-mm-yyyy hh24:mi:ss.ff'), '111200032798', 1);
insert into EB_OFFER (OFFER_ID, OFFER_GROUP_ID, OFFER_NAME, OFFER_NO, SHORT_NAME, OFFER_SORT, OFFER_TERM, COMMIT_MONTHLY, PREPAID, PERIOD, REFUND_MONTHLY, REFUND_1ST_MONTH, REFUND_LAST_MONTH, NOTES, CREATE_TIME, UPDATE_TIME, CREATE_USER_ID, UPDATE_USER_ID, ORIGINAL_OFFER_ID, LAST_STATUS, MERCHANT_ID, VALID_BEGIN, VALID_END, COND_ID, SCHEME_TYPE)
values (2497, 2260, null, '50003605', '29', null, 20, 6800, 59900, 20, 2700, 5900, 20000, '参与活动手机号码必须在绑定的手机内每月至少产生5M省内流量，共6个月。' || chr(10) || '月返还话费27元，返还期内月最低消费68元，共返还20个月。', to_timestamp('07-04-2013 17:40:35.770000', 'dd-mm-yyyy hh24:mi:ss.ff'), null, 1, null, null, 1, null, to_timestamp('07-04-2013 17:39:21.000000', 'dd-mm-yyyy hh24:mi:ss.ff'), to_timestamp('30-06-2013 17:39:22.000000', 'dd-mm-yyyy hh24:mi:ss.ff'), '111200032793', 1);
insert into EB_OFFER (OFFER_ID, OFFER_GROUP_ID, OFFER_NAME, OFFER_NO, SHORT_NAME, OFFER_SORT, OFFER_TERM, COMMIT_MONTHLY, PREPAID, PERIOD, REFUND_MONTHLY, REFUND_1ST_MONTH, REFUND_LAST_MONTH, NOTES, CREATE_TIME, UPDATE_TIME, CREATE_USER_ID, UPDATE_USER_ID, ORIGINAL_OFFER_ID, LAST_STATUS, MERCHANT_ID, VALID_BEGIN, VALID_END, COND_ID, SCHEME_TYPE)
values (2580, 2260, null, '50003680', '104', null, 20, 176000, 74900, 20, 3500, 4900, 65000, '参与活动手机号码必须在绑定的手机内每月至少产生5M省内流量，共6个月。月返还话费35元，返还期内月最低消费88元，共返还20个月。', to_timestamp('07-04-2013 19:40:35.984000', 'dd-mm-yyyy hh24:mi:ss.ff'), null, 1, null, null, 1, null, to_timestamp('07-04-2013 19:38:09.000000', 'dd-mm-yyyy hh24:mi:ss.ff'), to_timestamp('30-06-2013 19:39:19.000000', 'dd-mm-yyyy hh24:mi:ss.ff'), '111200032787', 1);
insert into EB_OFFER (OFFER_ID, OFFER_GROUP_ID, OFFER_NAME, OFFER_NO, SHORT_NAME, OFFER_SORT, OFFER_TERM, COMMIT_MONTHLY, PREPAID, PERIOD, REFUND_MONTHLY, REFUND_1ST_MONTH, REFUND_LAST_MONTH, NOTES, CREATE_TIME, UPDATE_TIME, CREATE_USER_ID, UPDATE_USER_ID, ORIGINAL_OFFER_ID, LAST_STATUS, MERCHANT_ID, VALID_BEGIN, VALID_END, COND_ID, SCHEME_TYPE)
values (2496, 2260, null, '50003604', '28', null, 15, 8800, 59900, 15, 3600, 5900, 20000, '参与活动手机号码必须在绑定的手机内每月至少产生5M省内流量，共6个月。' || chr(10) || '月返还话费36元，返还期内月最低消费88元，共返还15个月。', to_timestamp('07-04-2013 17:38:48.574000', 'dd-mm-yyyy hh24:mi:ss.ff'), null, 1, null, null, 1, null, to_timestamp('07-04-2013 17:37:12.000000', 'dd-mm-yyyy hh24:mi:ss.ff'), to_timestamp('30-06-2013 17:37:14.000000', 'dd-mm-yyyy hh24:mi:ss.ff'), '111200032792', 1);
insert into EB_OFFER (OFFER_ID, OFFER_GROUP_ID, OFFER_NAME, OFFER_NO, SHORT_NAME, OFFER_SORT, OFFER_TERM, COMMIT_MONTHLY, PREPAID, PERIOD, REFUND_MONTHLY, REFUND_1ST_MONTH, REFUND_LAST_MONTH, NOTES, CREATE_TIME, UPDATE_TIME, CREATE_USER_ID, UPDATE_USER_ID, ORIGINAL_OFFER_ID, LAST_STATUS, MERCHANT_ID, VALID_BEGIN, VALID_END, COND_ID, SCHEME_TYPE)
values (2482, 2260, null, '50003590', '135', null, 15, 28800, 199900, 15, 13000, 4900, 0, '参与活动手机号码必须在绑定的手机内每月至少产生5M省内流量，共6个月。月返还话费130元，返还期内月最低消费288元，共返还15个月。', to_timestamp('07-04-2013 17:24:46.620000', 'dd-mm-yyyy hh24:mi:ss.ff'), null, 4000, null, null, 1, null, to_timestamp('07-04-2013 17:21:45.000000', 'dd-mm-yyyy hh24:mi:ss.ff'), to_timestamp('30-06-2013 17:21:47.000000', 'dd-mm-yyyy hh24:mi:ss.ff'), '111200032758', 1);
insert into EB_OFFER (OFFER_ID, OFFER_GROUP_ID, OFFER_NAME, OFFER_NO, SHORT_NAME, OFFER_SORT, OFFER_TERM, COMMIT_MONTHLY, PREPAID, PERIOD, REFUND_MONTHLY, REFUND_1ST_MONTH, REFUND_LAST_MONTH, NOTES, CREATE_TIME, UPDATE_TIME, CREATE_USER_ID, UPDATE_USER_ID, ORIGINAL_OFFER_ID, LAST_STATUS, MERCHANT_ID, VALID_BEGIN, VALID_END, COND_ID, SCHEME_TYPE)
values (2476, 2260, null, '50003584', '24', null, 24, 4800, 49900, 24, 2000, 1900, 30000, '参与活动手机号码必须在绑定的手机内每月至少产生5M省内流量，共6个月。' || chr(10) || '月返还话费20元，返还期内月最低消费48元，共返还24个月。', to_timestamp('07-04-2013 17:13:38.652000', 'dd-mm-yyyy hh24:mi:ss.ff'), null, 1, null, null, 1, null, to_timestamp('07-04-2013 17:12:25.000000', 'dd-mm-yyyy hh24:mi:ss.ff'), to_timestamp('30-06-2013 17:12:27.000000', 'dd-mm-yyyy hh24:mi:ss.ff'), '111200032798', 1);
insert into EB_OFFER (OFFER_ID, OFFER_GROUP_ID, OFFER_NAME, OFFER_NO, SHORT_NAME, OFFER_SORT, OFFER_TERM, COMMIT_MONTHLY, PREPAID, PERIOD, REFUND_MONTHLY, REFUND_1ST_MONTH, REFUND_LAST_MONTH, NOTES, CREATE_TIME, UPDATE_TIME, CREATE_USER_ID, UPDATE_USER_ID, ORIGINAL_OFFER_ID, LAST_STATUS, MERCHANT_ID, VALID_BEGIN, VALID_END, COND_ID, SCHEME_TYPE)
values (2584, 2260, null, '50003684', '84', null, 18, 284400, 119900, 18, 6500, 2900, 15000, '参与活动手机号码必须在绑定的手机内每月至少产生5M省内流量，共6个月。月返还话费65元，返还期内月最低消费158元，共返还18个月。', to_timestamp('07-04-2013 19:53:20.628000', 'dd-mm-yyyy hh24:mi:ss.ff'), null, 1, null, null, 1, null, to_timestamp('07-04-2013 19:51:49.000000', 'dd-mm-yyyy hh24:mi:ss.ff'), to_timestamp('30-06-2013 19:51:52.000000', 'dd-mm-yyyy hh24:mi:ss.ff'), '111200032771', 1);
insert into EB_OFFER (OFFER_ID, OFFER_GROUP_ID, OFFER_NAME, OFFER_NO, SHORT_NAME, OFFER_SORT, OFFER_TERM, COMMIT_MONTHLY, PREPAID, PERIOD, REFUND_MONTHLY, REFUND_1ST_MONTH, REFUND_LAST_MONTH, NOTES, CREATE_TIME, UPDATE_TIME, CREATE_USER_ID, UPDATE_USER_ID, ORIGINAL_OFFER_ID, LAST_STATUS, MERCHANT_ID, VALID_BEGIN, VALID_END, COND_ID, SCHEME_TYPE)
values (2465, 2260, null, '50003573', '18', null, 20, 8800, 74900, 20, 3500, 4900, 5000, '参与活动手机号码必须在绑定的手机内每月至少产生5M省内流量，共6个月。' || chr(10) || '月返还话费35元，返还期内月最低消费88元，共返还20个月。', to_timestamp('07-04-2013 17:02:34.662000', 'dd-mm-yyyy hh24:mi:ss.ff'), null, 1, null, null, 1, null, to_timestamp('07-04-2013 17:00:59.000000', 'dd-mm-yyyy hh24:mi:ss.ff'), to_timestamp('30-06-2013 17:01:03.000000', 'dd-mm-yyyy hh24:mi:ss.ff'), '111200032787', 1);
insert into EB_OFFER (OFFER_ID, OFFER_GROUP_ID, OFFER_NAME, OFFER_NO, SHORT_NAME, OFFER_SORT, OFFER_TERM, COMMIT_MONTHLY, PREPAID, PERIOD, REFUND_MONTHLY, REFUND_1ST_MONTH, REFUND_LAST_MONTH, NOTES, CREATE_TIME, UPDATE_TIME, CREATE_USER_ID, UPDATE_USER_ID, ORIGINAL_OFFER_ID, LAST_STATUS, MERCHANT_ID, VALID_BEGIN, VALID_END, COND_ID, SCHEME_TYPE)
values (2585, 2260, null, '50003685', '86', null, 30, 264000, 119900, 30, 3800, 5900, 15000, '参与活动手机号码必须在绑定的手机内每月至少产生5M省内流量，共6个月。月返还话费38元，返还期内月最低消费88元，共返还30个月。', to_timestamp('07-04-2013 19:57:31.740000', 'dd-mm-yyyy hh24:mi:ss.ff'), null, 1, null, null, 1, null, to_timestamp('07-04-2013 19:55:50.000000', 'dd-mm-yyyy hh24:mi:ss.ff'), to_timestamp('30-06-2013 19:55:52.000000', 'dd-mm-yyyy hh24:mi:ss.ff'), '111200032773', 1);
insert into EB_OFFER (OFFER_ID, OFFER_GROUP_ID, OFFER_NAME, OFFER_NO, SHORT_NAME, OFFER_SORT, OFFER_TERM, COMMIT_MONTHLY, PREPAID, PERIOD, REFUND_MONTHLY, REFUND_1ST_MONTH, REFUND_LAST_MONTH, NOTES, CREATE_TIME, UPDATE_TIME, CREATE_USER_ID, UPDATE_USER_ID, ORIGINAL_OFFER_ID, LAST_STATUS, MERCHANT_ID, VALID_BEGIN, VALID_END, COND_ID, SCHEME_TYPE)
values (2587, 2260, null, '50003687', '88', null, 18, 230400, 99900, 18, 5000, 9900, 35000, '参与活动手机号码必须在绑定的手机内每月至少产生5M省内流量，共6个月。月返还话费50元，返还期内月最低消费128元，共返还18个月。', to_timestamp('07-04-2013 20:03:01.301000', 'dd-mm-yyyy hh24:mi:ss.ff'), null, 1, null, null, 1, null, to_timestamp('07-04-2013 20:01:24.000000', 'dd-mm-yyyy hh24:mi:ss.ff'), to_timestamp('30-06-2013 20:01:26.000000', 'dd-mm-yyyy hh24:mi:ss.ff'), '111200032781', 1);
insert into EB_OFFER (OFFER_ID, OFFER_GROUP_ID, OFFER_NAME, OFFER_NO, SHORT_NAME, OFFER_SORT, OFFER_TERM, COMMIT_MONTHLY, PREPAID, PERIOD, REFUND_MONTHLY, REFUND_1ST_MONTH, REFUND_LAST_MONTH, NOTES, CREATE_TIME, UPDATE_TIME, CREATE_USER_ID, UPDATE_USER_ID, ORIGINAL_OFFER_ID, LAST_STATUS, MERCHANT_ID, VALID_BEGIN, VALID_END, COND_ID, SCHEME_TYPE)
values (2445, 2260, null, '50003553', '12', null, 15, 8800, 59900, 15, 3600, 5900, 20000, '参与活动手机号码必须在绑定的手机内每月至少产生5M省内流量，共6个月。' || chr(10) || '月返还话费36元，返还期内月最低消费88元，共返还15个月。', to_timestamp('07-04-2013 16:37:49.245000', 'dd-mm-yyyy hh24:mi:ss.ff'), null, 1, null, null, 1, null, to_timestamp('07-04-2013 16:36:16.000000', 'dd-mm-yyyy hh24:mi:ss.ff'), to_timestamp('30-06-2013 16:36:20.000000', 'dd-mm-yyyy hh24:mi:ss.ff'), '111200032792', 1);
insert into EB_OFFER (OFFER_ID, OFFER_GROUP_ID, OFFER_NAME, OFFER_NO, SHORT_NAME, OFFER_SORT, OFFER_TERM, COMMIT_MONTHLY, PREPAID, PERIOD, REFUND_MONTHLY, REFUND_1ST_MONTH, REFUND_LAST_MONTH, NOTES, CREATE_TIME, UPDATE_TIME, CREATE_USER_ID, UPDATE_USER_ID, ORIGINAL_OFFER_ID, LAST_STATUS, MERCHANT_ID, VALID_BEGIN, VALID_END, COND_ID, SCHEME_TYPE)
values (2589, 2260, null, '50003689', '90', null, 15, 162000, 74900, 15, 4800, 2900, 60000, '参与活动手机号码必须在绑定的手机内每月至少产生5M省内流量，共6个月。月返还话费48元，返还期内月最低消费108元，共返还15个月。', to_timestamp('07-04-2013 20:06:51.268000', 'dd-mm-yyyy hh24:mi:ss.ff'), null, 1, null, null, 1, null, to_timestamp('07-04-2013 20:05:11.000000', 'dd-mm-yyyy hh24:mi:ss.ff'), to_timestamp('30-06-2013 20:05:13.000000', 'dd-mm-yyyy hh24:mi:ss.ff'), '111200032786', 1);
insert into EB_OFFER (OFFER_ID, OFFER_GROUP_ID, OFFER_NAME, OFFER_NO, SHORT_NAME, OFFER_SORT, OFFER_TERM, COMMIT_MONTHLY, PREPAID, PERIOD, REFUND_MONTHLY, REFUND_1ST_MONTH, REFUND_LAST_MONTH, NOTES, CREATE_TIME, UPDATE_TIME, CREATE_USER_ID, UPDATE_USER_ID, ORIGINAL_OFFER_ID, LAST_STATUS, MERCHANT_ID, VALID_BEGIN, VALID_END, COND_ID, SCHEME_TYPE)
values (2590, 2260, null, '50003690', '91', null, 20, 176000, 74900, 20, 3500, 4900, 60000, '参与活动手机号码必须在绑定的手机内每月至少产生5M省内流量，共6个月。月返还话费35元，返还期内月最低消费88元，共返还20个月。', to_timestamp('07-04-2013 20:08:25.596000', 'dd-mm-yyyy hh24:mi:ss.ff'), null, 1, null, null, 1, null, to_timestamp('07-04-2013 20:07:09.000000', 'dd-mm-yyyy hh24:mi:ss.ff'), to_timestamp('30-06-2013 20:07:12.000000', 'dd-mm-yyyy hh24:mi:ss.ff'), '111200032787', 1);
insert into EB_OFFER (OFFER_ID, OFFER_GROUP_ID, OFFER_NAME, OFFER_NO, SHORT_NAME, OFFER_SORT, OFFER_TERM, COMMIT_MONTHLY, PREPAID, PERIOD, REFUND_MONTHLY, REFUND_1ST_MONTH, REFUND_LAST_MONTH, NOTES, CREATE_TIME, UPDATE_TIME, CREATE_USER_ID, UPDATE_USER_ID, ORIGINAL_OFFER_ID, LAST_STATUS, MERCHANT_ID, VALID_BEGIN, VALID_END, COND_ID, SCHEME_TYPE)
values (2558, 2260, null, '50003658', '52', null, 15, 10800, 74900, 15, 4800, 2900, 20000, '参与活动手机号码必须在绑定的手机内每月至少产生5M省内流量，共6个月。' || chr(10) || '' || chr(10) || '月返还话费48元，返还期内月最低消费108元，共返还15个月。', to_timestamp('07-04-2013 18:59:52.577000', 'dd-mm-yyyy hh24:mi:ss.ff'), null, 1, null, null, 1, null, to_timestamp('07-04-2013 18:57:03.000000', 'dd-mm-yyyy hh24:mi:ss.ff'), to_timestamp('30-06-2013 18:57:04.000000', 'dd-mm-yyyy hh24:mi:ss.ff'), '111200032786', 1);
insert into EB_OFFER (OFFER_ID, OFFER_GROUP_ID, OFFER_NAME, OFFER_NO, SHORT_NAME, OFFER_SORT, OFFER_TERM, COMMIT_MONTHLY, PREPAID, PERIOD, REFUND_MONTHLY, REFUND_1ST_MONTH, REFUND_LAST_MONTH, NOTES, CREATE_TIME, UPDATE_TIME, CREATE_USER_ID, UPDATE_USER_ID, ORIGINAL_OFFER_ID, LAST_STATUS, MERCHANT_ID, VALID_BEGIN, VALID_END, COND_ID, SCHEME_TYPE)
values (2560, 2260, null, '50003660', '53', null, 20, 8800, 74900, 20, 3500, 4900, 20000, '参与活动手机号码必须在绑定的手机内每月至少产生5M省内流量，共6个月。' || chr(10) || '' || chr(10) || '月返还话费35元，返还期内月最低消费88元，共返还20个月。', to_timestamp('07-04-2013 19:04:04.917000', 'dd-mm-yyyy hh24:mi:ss.ff'), null, 1, null, null, 1, null, to_timestamp('07-04-2013 19:00:13.000000', 'dd-mm-yyyy hh24:mi:ss.ff'), to_timestamp('30-06-2013 19:00:13.000000', 'dd-mm-yyyy hh24:mi:ss.ff'), '111200032787', 1);
insert into EB_OFFER (OFFER_ID, OFFER_GROUP_ID, OFFER_NAME, OFFER_NO, SHORT_NAME, OFFER_SORT, OFFER_TERM, COMMIT_MONTHLY, PREPAID, PERIOD, REFUND_MONTHLY, REFUND_1ST_MONTH, REFUND_LAST_MONTH, NOTES, CREATE_TIME, UPDATE_TIME, CREATE_USER_ID, UPDATE_USER_ID, ORIGINAL_OFFER_ID, LAST_STATUS, MERCHANT_ID, VALID_BEGIN, VALID_END, COND_ID, SCHEME_TYPE)
values (2563, 2260, null, '50003663', '114', null, 18, 12800, 99900, 18, 5000, 9900, 60000, '参与活动手机号码必须在绑定的手机内每月至少产生5M省内流量，共6个月。月返还话费50元，返还期内月最低消费128元，共返还18个月。', to_timestamp('07-04-2013 19:08:02.553000', 'dd-mm-yyyy hh24:mi:ss.ff'), null, 1, null, null, 1, null, to_timestamp('07-04-2013 19:05:53.000000', 'dd-mm-yyyy hh24:mi:ss.ff'), to_timestamp('30-06-2013 19:05:55.000000', 'dd-mm-yyyy hh24:mi:ss.ff'), '111200032781', 1);
insert into EB_OFFER (OFFER_ID, OFFER_GROUP_ID, OFFER_NAME, OFFER_NO, SHORT_NAME, OFFER_SORT, OFFER_TERM, COMMIT_MONTHLY, PREPAID, PERIOD, REFUND_MONTHLY, REFUND_1ST_MONTH, REFUND_LAST_MONTH, NOTES, CREATE_TIME, UPDATE_TIME, CREATE_USER_ID, UPDATE_USER_ID, ORIGINAL_OFFER_ID, LAST_STATUS, MERCHANT_ID, VALID_BEGIN, VALID_END, COND_ID, SCHEME_TYPE)
values (2452, 2260, null, '50003560', '158', null, 24, 18800, 199900, 24, 8000, 7900, 100000, '参与活动手机号码必须在绑定的手机内每月至少产生5M省内流量，共6个月。月返还话费80元，返还期内月最低消费188元，共返还24个月。', to_timestamp('07-04-2013 16:46:56.887000', 'dd-mm-yyyy hh24:mi:ss.ff'), null, 4000, null, null, 1, null, to_timestamp('07-04-2013 16:44:31.000000', 'dd-mm-yyyy hh24:mi:ss.ff'), to_timestamp('30-06-2013 16:44:34.000000', 'dd-mm-yyyy hh24:mi:ss.ff'), '111200032759', 1);
insert into EB_OFFER (OFFER_ID, OFFER_GROUP_ID, OFFER_NAME, OFFER_NO, SHORT_NAME, OFFER_SORT, OFFER_TERM, COMMIT_MONTHLY, PREPAID, PERIOD, REFUND_MONTHLY, REFUND_1ST_MONTH, REFUND_LAST_MONTH, NOTES, CREATE_TIME, UPDATE_TIME, CREATE_USER_ID, UPDATE_USER_ID, ORIGINAL_OFFER_ID, LAST_STATUS, MERCHANT_ID, VALID_BEGIN, VALID_END, COND_ID, SCHEME_TYPE)
values (2575, 2260, null, '50003675', '99', null, 30, 264000, 119900, 30, 3800, 5900, 20000, '参与活动手机号码必须在绑定的手机内每月至少产生5M省内流量，共6个月。月返还话费38元，返还期内月最低消费88元，共返还30个月。', to_timestamp('07-04-2013 19:28:27.831000', 'dd-mm-yyyy hh24:mi:ss.ff'), null, 1, null, null, 1, null, to_timestamp('07-04-2013 19:27:13.000000', 'dd-mm-yyyy hh24:mi:ss.ff'), to_timestamp('30-06-2013 19:27:16.000000', 'dd-mm-yyyy hh24:mi:ss.ff'), '111200032773', 1);
insert into EB_OFFER (OFFER_ID, OFFER_GROUP_ID, OFFER_NAME, OFFER_NO, SHORT_NAME, OFFER_SORT, OFFER_TERM, COMMIT_MONTHLY, PREPAID, PERIOD, REFUND_MONTHLY, REFUND_1ST_MONTH, REFUND_LAST_MONTH, NOTES, CREATE_TIME, UPDATE_TIME, CREATE_USER_ID, UPDATE_USER_ID, ORIGINAL_OFFER_ID, LAST_STATUS, MERCHANT_ID, VALID_BEGIN, VALID_END, COND_ID, SCHEME_TYPE)
values (2522, 2260, null, '50003622', '36', null, 15, 132000, 59900, 15, 3600, 5900, 23000, '参与活动手机号码必须在绑定的手机内每月至少产生5M省内流量，共6个月。' || chr(10) || '月返还话费36元，返还期内月最低消费88元，共返还15个月。', to_timestamp('07-04-2013 17:57:49.431000', 'dd-mm-yyyy hh24:mi:ss.ff'), null, 1, null, null, 1, null, to_timestamp('07-04-2013 17:56:52.000000', 'dd-mm-yyyy hh24:mi:ss.ff'), to_timestamp('30-06-2013 17:56:55.000000', 'dd-mm-yyyy hh24:mi:ss.ff'), '111200032792', 1);
insert into EB_OFFER (OFFER_ID, OFFER_GROUP_ID, OFFER_NAME, OFFER_NO, SHORT_NAME, OFFER_SORT, OFFER_TERM, COMMIT_MONTHLY, PREPAID, PERIOD, REFUND_MONTHLY, REFUND_1ST_MONTH, REFUND_LAST_MONTH, NOTES, CREATE_TIME, UPDATE_TIME, CREATE_USER_ID, UPDATE_USER_ID, ORIGINAL_OFFER_ID, LAST_STATUS, MERCHANT_ID, VALID_BEGIN, VALID_END, COND_ID, SCHEME_TYPE)
values (2577, 2260, null, '50003677', '101', null, 18, 230400, 99900, 18, 5000, 9900, 40000, '参与活动手机号码必须在绑定的手机内每月至少产生5M省内流量，共6个月。月返还话费50元，返还期内月最低消费128元，共返还18个月。', to_timestamp('07-04-2013 19:32:03.500000', 'dd-mm-yyyy hh24:mi:ss.ff'), null, 1, null, null, 1, null, to_timestamp('07-04-2013 19:30:49.000000', 'dd-mm-yyyy hh24:mi:ss.ff'), to_timestamp('30-06-2013 19:30:51.000000', 'dd-mm-yyyy hh24:mi:ss.ff'), '111200032781', 1);
insert into EB_OFFER (OFFER_ID, OFFER_GROUP_ID, OFFER_NAME, OFFER_NO, SHORT_NAME, OFFER_SORT, OFFER_TERM, COMMIT_MONTHLY, PREPAID, PERIOD, REFUND_MONTHLY, REFUND_1ST_MONTH, REFUND_LAST_MONTH, NOTES, CREATE_TIME, UPDATE_TIME, CREATE_USER_ID, UPDATE_USER_ID, ORIGINAL_OFFER_ID, LAST_STATUS, MERCHANT_ID, VALID_BEGIN, VALID_END, COND_ID, SCHEME_TYPE)
values (2478, 2260, null, '50003586', '153', null, 30, 8800, 119900, 30, 3800, 5900, 180000, '参与活动手机号码必须在绑定的手机内每月至少产生5M省内流量，共6个月。月返还话费38元，返还期内月最低消费88元，共返还30个月。', to_timestamp('07-04-2013 17:16:15.371000', 'dd-mm-yyyy hh24:mi:ss.ff'), null, 4000, null, null, 1, null, to_timestamp('07-04-2013 17:13:06.000000', 'dd-mm-yyyy hh24:mi:ss.ff'), to_timestamp('30-06-2013 17:13:08.000000', 'dd-mm-yyyy hh24:mi:ss.ff'), '111200032773', 1);
insert into EB_OFFER (OFFER_ID, OFFER_GROUP_ID, OFFER_NAME, OFFER_NO, SHORT_NAME, OFFER_SORT, OFFER_TERM, COMMIT_MONTHLY, PREPAID, PERIOD, REFUND_MONTHLY, REFUND_1ST_MONTH, REFUND_LAST_MONTH, NOTES, CREATE_TIME, UPDATE_TIME, CREATE_USER_ID, UPDATE_USER_ID, ORIGINAL_OFFER_ID, LAST_STATUS, MERCHANT_ID, VALID_BEGIN, VALID_END, COND_ID, SCHEME_TYPE)
values (2578, 2260, null, '50003678', '102', null, 25, 220000, 99900, 25, 3800, 4900, 40000, '参与活动手机号码必须在绑定的手机内每月至少产生5M省内流量，共6个月。月返还话费38元，返还期内月最低消费88元，共返还25个月。', to_timestamp('07-04-2013 19:34:44.162000', 'dd-mm-yyyy hh24:mi:ss.ff'), null, 1, null, null, 1, null, to_timestamp('07-04-2013 19:33:07.000000', 'dd-mm-yyyy hh24:mi:ss.ff'), to_timestamp('30-06-2013 19:33:09.000000', 'dd-mm-yyyy hh24:mi:ss.ff'), '111200032782', 1);
insert into EB_OFFER (OFFER_ID, OFFER_GROUP_ID, OFFER_NAME, OFFER_NO, SHORT_NAME, OFFER_SORT, OFFER_TERM, COMMIT_MONTHLY, PREPAID, PERIOD, REFUND_MONTHLY, REFUND_1ST_MONTH, REFUND_LAST_MONTH, NOTES, CREATE_TIME, UPDATE_TIME, CREATE_USER_ID, UPDATE_USER_ID, ORIGINAL_OFFER_ID, LAST_STATUS, MERCHANT_ID, VALID_BEGIN, VALID_END, COND_ID, SCHEME_TYPE)
values (2499, 2260, null, '50003607', '31', null, 20, 5800, 49900, 20, 2400, 1900, 30000, '参与活动手机号码必须在绑定的手机内每月至少产生5M省内流量，共6个月。' || chr(10) || '月返还话费24元，返还期内月最低消费58元，共返还20个月。', to_timestamp('07-04-2013 17:42:27.210000', 'dd-mm-yyyy hh24:mi:ss.ff'), null, 1, null, null, 1, null, to_timestamp('07-04-2013 17:41:06.000000', 'dd-mm-yyyy hh24:mi:ss.ff'), to_timestamp('30-06-2013 17:41:07.000000', 'dd-mm-yyyy hh24:mi:ss.ff'), '111200032797', 1);
insert into EB_OFFER (OFFER_ID, OFFER_GROUP_ID, OFFER_NAME, OFFER_NO, SHORT_NAME, OFFER_SORT, OFFER_TERM, COMMIT_MONTHLY, PREPAID, PERIOD, REFUND_MONTHLY, REFUND_1ST_MONTH, REFUND_LAST_MONTH, NOTES, CREATE_TIME, UPDATE_TIME, CREATE_USER_ID, UPDATE_USER_ID, ORIGINAL_OFFER_ID, LAST_STATUS, MERCHANT_ID, VALID_BEGIN, VALID_END, COND_ID, SCHEME_TYPE)
values (2467, 2260, null, '50003575', '146', null, 15, 28800, 199900, 15, 13000, 4900, 100000, '参与活动手机号码必须在绑定的手机内每月至少产生5M省内流量，共6个月。月返还话费130元，返还期内月最低消费288元，共返还15个月。', to_timestamp('07-04-2013 17:04:55.014000', 'dd-mm-yyyy hh24:mi:ss.ff'), null, 4000, null, null, 1, null, to_timestamp('07-04-2013 17:02:32.000000', 'dd-mm-yyyy hh24:mi:ss.ff'), to_timestamp('30-06-2013 17:02:35.000000', 'dd-mm-yyyy hh24:mi:ss.ff'), '111200032758', 1);
insert into EB_OFFER (OFFER_ID, OFFER_GROUP_ID, OFFER_NAME, OFFER_NO, SHORT_NAME, OFFER_SORT, OFFER_TERM, COMMIT_MONTHLY, PREPAID, PERIOD, REFUND_MONTHLY, REFUND_1ST_MONTH, REFUND_LAST_MONTH, NOTES, CREATE_TIME, UPDATE_TIME, CREATE_USER_ID, UPDATE_USER_ID, ORIGINAL_OFFER_ID, LAST_STATUS, MERCHANT_ID, VALID_BEGIN, VALID_END, COND_ID, SCHEME_TYPE)
values (2493, 2260, null, '50003601', '144', null, 18, 12800, 99900, 18, 5000, 9900, 100000, '参与活动手机号码必须在绑定的手机内每月至少产生5M省内流量，共6个月。月返还话费50元，返还期内月最低消费128元，共返还18个月。', to_timestamp('07-04-2013 17:36:23.620000', 'dd-mm-yyyy hh24:mi:ss.ff'), null, 4000, null, null, 1, null, to_timestamp('07-04-2013 17:34:06.000000', 'dd-mm-yyyy hh24:mi:ss.ff'), to_timestamp('30-06-2013 17:34:08.000000', 'dd-mm-yyyy hh24:mi:ss.ff'), '111200032781', 1);
insert into EB_OFFER (OFFER_ID, OFFER_GROUP_ID, OFFER_NAME, OFFER_NO, SHORT_NAME, OFFER_SORT, OFFER_TERM, COMMIT_MONTHLY, PREPAID, PERIOD, REFUND_MONTHLY, REFUND_1ST_MONTH, REFUND_LAST_MONTH, NOTES, CREATE_TIME, UPDATE_TIME, CREATE_USER_ID, UPDATE_USER_ID, ORIGINAL_OFFER_ID, LAST_STATUS, MERCHANT_ID, VALID_BEGIN, VALID_END, COND_ID, SCHEME_TYPE)
values (2494, 2260, null, '50003602', '27', null, 24, 6800, 74900, 24, 3000, 2900, 5000, '参与活动手机号码必须在绑定的手机内每月至少产生5M省内流量，共6个月。' || chr(10) || '月返还话费30元，返还期内月最低消费68元，共返还24个月。', to_timestamp('07-04-2013 17:36:52.575000', 'dd-mm-yyyy hh24:mi:ss.ff'), null, 1, null, null, 1, null, to_timestamp('07-04-2013 17:35:49.000000', 'dd-mm-yyyy hh24:mi:ss.ff'), to_timestamp('30-06-2013 17:35:50.000000', 'dd-mm-yyyy hh24:mi:ss.ff'), '111200032788', 1);
insert into EB_OFFER (OFFER_ID, OFFER_GROUP_ID, OFFER_NAME, OFFER_NO, SHORT_NAME, OFFER_SORT, OFFER_TERM, COMMIT_MONTHLY, PREPAID, PERIOD, REFUND_MONTHLY, REFUND_1ST_MONTH, REFUND_LAST_MONTH, NOTES, CREATE_TIME, UPDATE_TIME, CREATE_USER_ID, UPDATE_USER_ID, ORIGINAL_OFFER_ID, LAST_STATUS, MERCHANT_ID, VALID_BEGIN, VALID_END, COND_ID, SCHEME_TYPE)
values (2487, 2260, null, '50003595', '140', null, 18, 15800, 119900, 18, 6500, 2900, 80000, '参与活动手机号码必须在绑定的手机内每月至少产生5M省内流量，共6个月。月返还话费65元，返还期内月最低消费158元，共返还18个月。', to_timestamp('07-04-2013 17:31:16.672000', 'dd-mm-yyyy hh24:mi:ss.ff'), null, 4000, null, null, 1, null, to_timestamp('07-04-2013 17:28:51.000000', 'dd-mm-yyyy hh24:mi:ss.ff'), to_timestamp('30-06-2013 17:28:54.000000', 'dd-mm-yyyy hh24:mi:ss.ff'), '111200032771', 1);
insert into EB_OFFER (OFFER_ID, OFFER_GROUP_ID, OFFER_NAME, OFFER_NO, SHORT_NAME, OFFER_SORT, OFFER_TERM, COMMIT_MONTHLY, PREPAID, PERIOD, REFUND_MONTHLY, REFUND_1ST_MONTH, REFUND_LAST_MONTH, NOTES, CREATE_TIME, UPDATE_TIME, CREATE_USER_ID, UPDATE_USER_ID, ORIGINAL_OFFER_ID, LAST_STATUS, MERCHANT_ID, VALID_BEGIN, VALID_END, COND_ID, SCHEME_TYPE)
values (2581, 2260, null, '50003681', '105', null, 24, 163200, 74900, 24, 3000, 2900, 65000, '参与活动手机号码必须在绑定的手机内每月至少产生5M省内流量，共6个月。月返还话费30元，返还期内月最低消费68元，共返还24个月。', to_timestamp('07-04-2013 19:42:28.613000', 'dd-mm-yyyy hh24:mi:ss.ff'), null, 1, null, null, 1, null, to_timestamp('07-04-2013 19:41:02.000000', 'dd-mm-yyyy hh24:mi:ss.ff'), to_timestamp('30-06-2013 19:41:04.000000', 'dd-mm-yyyy hh24:mi:ss.ff'), '111200032788', 1);
insert into EB_OFFER (OFFER_ID, OFFER_GROUP_ID, OFFER_NAME, OFFER_NO, SHORT_NAME, OFFER_SORT, OFFER_TERM, COMMIT_MONTHLY, PREPAID, PERIOD, REFUND_MONTHLY, REFUND_1ST_MONTH, REFUND_LAST_MONTH, NOTES, CREATE_TIME, UPDATE_TIME, CREATE_USER_ID, UPDATE_USER_ID, ORIGINAL_OFFER_ID, LAST_STATUS, MERCHANT_ID, VALID_BEGIN, VALID_END, COND_ID, SCHEME_TYPE)
values (2484, 2260, null, '50003592', '137', null, 30, 15800, 199900, 30, 6500, 4900, 0, '参与活动手机号码必须在绑定的手机内每月至少产生5M省内流量，共6个月。月返还话费65元，返还期内月最低消费158元，共返还30个月。', to_timestamp('07-04-2013 17:27:10.936000', 'dd-mm-yyyy hh24:mi:ss.ff'), null, 4000, null, null, 1, null, to_timestamp('07-04-2013 17:24:42.000000', 'dd-mm-yyyy hh24:mi:ss.ff'), to_timestamp('30-06-2013 17:24:45.000000', 'dd-mm-yyyy hh24:mi:ss.ff'), '111200032760', 1);
insert into EB_OFFER (OFFER_ID, OFFER_GROUP_ID, OFFER_NAME, OFFER_NO, SHORT_NAME, OFFER_SORT, OFFER_TERM, COMMIT_MONTHLY, PREPAID, PERIOD, REFUND_MONTHLY, REFUND_1ST_MONTH, REFUND_LAST_MONTH, NOTES, CREATE_TIME, UPDATE_TIME, CREATE_USER_ID, UPDATE_USER_ID, ORIGINAL_OFFER_ID, LAST_STATUS, MERCHANT_ID, VALID_BEGIN, VALID_END, COND_ID, SCHEME_TYPE)
values (2582, 2260, null, '50003682', '106', null, 15, 132000, 59900, 15, 3600, 5900, 80000, '参与活动手机号码必须在绑定的手机内每月至少产生5M省内流量，共6个月。月返还话费36元，返还期内月最低消费88元，共返还15个月。', to_timestamp('07-04-2013 19:44:11.495000', 'dd-mm-yyyy hh24:mi:ss.ff'), null, 1, null, null, 1, null, to_timestamp('07-04-2013 19:43:09.000000', 'dd-mm-yyyy hh24:mi:ss.ff'), to_timestamp('30-06-2013 19:43:11.000000', 'dd-mm-yyyy hh24:mi:ss.ff'), '111200032792', 1);
insert into EB_OFFER (OFFER_ID, OFFER_GROUP_ID, OFFER_NAME, OFFER_NO, SHORT_NAME, OFFER_SORT, OFFER_TERM, COMMIT_MONTHLY, PREPAID, PERIOD, REFUND_MONTHLY, REFUND_1ST_MONTH, REFUND_LAST_MONTH, NOTES, CREATE_TIME, UPDATE_TIME, CREATE_USER_ID, UPDATE_USER_ID, ORIGINAL_OFFER_ID, LAST_STATUS, MERCHANT_ID, VALID_BEGIN, VALID_END, COND_ID, SCHEME_TYPE)
values (2471, 2260, null, '50003579', '21', null, 20, 6800, 59900, 20, 2700, 5900, 20000, '参与活动手机号码必须在绑定的手机内每月至少产生5M省内流量，共6个月。' || chr(10) || '月返还话费27元，返还期内月最低消费68元，共返还20个月。', to_timestamp('07-04-2013 17:08:30.744000', 'dd-mm-yyyy hh24:mi:ss.ff'), null, 1, null, null, 1, null, to_timestamp('07-04-2013 17:06:32.000000', 'dd-mm-yyyy hh24:mi:ss.ff'), to_timestamp('30-06-2013 17:06:34.000000', 'dd-mm-yyyy hh24:mi:ss.ff'), '111200032793', 1);
insert into EB_OFFER (OFFER_ID, OFFER_GROUP_ID, OFFER_NAME, OFFER_NO, SHORT_NAME, OFFER_SORT, OFFER_TERM, COMMIT_MONTHLY, PREPAID, PERIOD, REFUND_MONTHLY, REFUND_1ST_MONTH, REFUND_LAST_MONTH, NOTES, CREATE_TIME, UPDATE_TIME, CREATE_USER_ID, UPDATE_USER_ID, ORIGINAL_OFFER_ID, LAST_STATUS, MERCHANT_ID, VALID_BEGIN, VALID_END, COND_ID, SCHEME_TYPE)
values (2450, 2260, null, '50003558', '16', null, 24, 4800, 49900, 24, 2000, 1900, 30000, '参与活动手机号码必须在绑定的手机内每月至少产生5M省内流量，共6个月。' || chr(10) || '月返还话费20元，返还期内月最低消费48元，共返还24个月。', to_timestamp('07-04-2013 16:43:24.059000', 'dd-mm-yyyy hh24:mi:ss.ff'), null, 1, null, null, 1, null, to_timestamp('07-04-2013 16:42:17.000000', 'dd-mm-yyyy hh24:mi:ss.ff'), to_timestamp('30-06-2013 16:42:19.000000', 'dd-mm-yyyy hh24:mi:ss.ff'), '111200032798', 1);
insert into EB_OFFER (OFFER_ID, OFFER_GROUP_ID, OFFER_NAME, OFFER_NO, SHORT_NAME, OFFER_SORT, OFFER_TERM, COMMIT_MONTHLY, PREPAID, PERIOD, REFUND_MONTHLY, REFUND_1ST_MONTH, REFUND_LAST_MONTH, NOTES, CREATE_TIME, UPDATE_TIME, CREATE_USER_ID, UPDATE_USER_ID, ORIGINAL_OFFER_ID, LAST_STATUS, MERCHANT_ID, VALID_BEGIN, VALID_END, COND_ID, SCHEME_TYPE)
values (2586, 2260, null, '50003686', '87', null, 15, 237000, 99900, 15, 6000, 9900, 35000, '参与活动手机号码必须在绑定的手机内每月至少产生5M省内流量，共6个月。月返还话费60元，返还期内月最低消费158元，共返还15个月。', to_timestamp('07-04-2013 20:00:46.194000', 'dd-mm-yyyy hh24:mi:ss.ff'), null, 1, null, null, 1, null, to_timestamp('07-04-2013 19:59:18.000000', 'dd-mm-yyyy hh24:mi:ss.ff'), to_timestamp('30-06-2013 19:59:20.000000', 'dd-mm-yyyy hh24:mi:ss.ff'), '111200032780', 1);
insert into EB_OFFER (OFFER_ID, OFFER_GROUP_ID, OFFER_NAME, OFFER_NO, SHORT_NAME, OFFER_SORT, OFFER_TERM, COMMIT_MONTHLY, PREPAID, PERIOD, REFUND_MONTHLY, REFUND_1ST_MONTH, REFUND_LAST_MONTH, NOTES, CREATE_TIME, UPDATE_TIME, CREATE_USER_ID, UPDATE_USER_ID, ORIGINAL_OFFER_ID, LAST_STATUS, MERCHANT_ID, VALID_BEGIN, VALID_END, COND_ID, SCHEME_TYPE)
values (2449, 2260, null, '50003557', '15', null, 20, 5800, 49900, 20, 2400, 1900, 30000, '参与活动手机号码必须在绑定的手机内每月至少产生5M省内流量，共6个月。' || chr(10) || '月返还话费24元，返还期内月最低消费58元，共返还20个月。', to_timestamp('07-04-2013 16:41:54.735000', 'dd-mm-yyyy hh24:mi:ss.ff'), null, 1, null, null, 1, null, to_timestamp('07-04-2013 16:39:09.000000', 'dd-mm-yyyy hh24:mi:ss.ff'), to_timestamp('30-06-2013 16:39:12.000000', 'dd-mm-yyyy hh24:mi:ss.ff'), '111200032797', 1);
insert into EB_OFFER (OFFER_ID, OFFER_GROUP_ID, OFFER_NAME, OFFER_NO, SHORT_NAME, OFFER_SORT, OFFER_TERM, COMMIT_MONTHLY, PREPAID, PERIOD, REFUND_MONTHLY, REFUND_1ST_MONTH, REFUND_LAST_MONTH, NOTES, CREATE_TIME, UPDATE_TIME, CREATE_USER_ID, UPDATE_USER_ID, ORIGINAL_OFFER_ID, LAST_STATUS, MERCHANT_ID, VALID_BEGIN, VALID_END, COND_ID, SCHEME_TYPE)
values (2322, 2200, '朝阳三星S6358D2', '50003402', '358', null, 24, 7800, 129900, 24, 5000, 9900, 0, '活动期内每月至少产生5M省内流量（不含彩信、手机视频等不计费流量），共6个月。月返还话费50元，共返还24个月，活动期内总计最低消费为1872元。', to_timestamp('21-11-2012 08:27:40.427000', 'dd-mm-yyyy hh24:mi:ss.ff'), null, 1, null, null, 1, null, to_timestamp('01-10-2012 08:28:31.000000', 'dd-mm-yyyy hh24:mi:ss.ff'), to_timestamp('20-03-2013 23:55:50.000000', 'dd-mm-yyyy hh24:mi:ss.ff'), '111200026616', 1);
insert into EB_OFFER (OFFER_ID, OFFER_GROUP_ID, OFFER_NAME, OFFER_NO, SHORT_NAME, OFFER_SORT, OFFER_TERM, COMMIT_MONTHLY, PREPAID, PERIOD, REFUND_MONTHLY, REFUND_1ST_MONTH, REFUND_LAST_MONTH, NOTES, CREATE_TIME, UPDATE_TIME, CREATE_USER_ID, UPDATE_USER_ID, ORIGINAL_OFFER_ID, LAST_STATUS, MERCHANT_ID, VALID_BEGIN, VALID_END, COND_ID, SCHEME_TYPE)
values (2323, 2200, '朝阳三星S6358D3', '50003403', '638', null, 18, 5500, 64900, 18, 3500, 1900, 65000, '活动期内每月至少产生5M省内流量（不含彩信、手机视频等不计费流量），共6个月。月返还话费35元，共返还18个月，活动期内总计最低消费为990元。', to_timestamp('21-11-2012 08:30:16.751000', 'dd-mm-yyyy hh24:mi:ss.ff'), null, 1, null, null, 1, null, to_timestamp('01-10-2012 08:31:23.000000', 'dd-mm-yyyy hh24:mi:ss.ff'), to_timestamp('20-03-2013 23:55:50.000000', 'dd-mm-yyyy hh24:mi:ss.ff'), '111200026616', 1);
insert into EB_OFFER (OFFER_ID, OFFER_GROUP_ID, OFFER_NAME, OFFER_NO, SHORT_NAME, OFFER_SORT, OFFER_TERM, COMMIT_MONTHLY, PREPAID, PERIOD, REFUND_MONTHLY, REFUND_1ST_MONTH, REFUND_LAST_MONTH, NOTES, CREATE_TIME, UPDATE_TIME, CREATE_USER_ID, UPDATE_USER_ID, ORIGINAL_OFFER_ID, LAST_STATUS, MERCHANT_ID, VALID_BEGIN, VALID_END, COND_ID, SCHEME_TYPE)
values (2244, 2180, '中兴 U960S ', '50003354', '14', null, 18, 8000, 99900, 18, 5500, 900, 0, '活动期内每月至少产生5M省内流量（不含彩信、手机视频等不计费流量），共6个月。月返还话费55元，共返还18个月，活动期内总计最低消费为1440元。', to_timestamp('20-11-2012 14:36:06.604000', 'dd-mm-yyyy hh24:mi:ss.ff'), null, 1, null, null, 1, null, to_timestamp('01-10-2012 14:33:41.000000', 'dd-mm-yyyy hh24:mi:ss.ff'), to_timestamp('25-03-2013 23:55:50.000000', 'dd-mm-yyyy hh24:mi:ss.ff'), '111200026650', 1);
insert into EB_OFFER (OFFER_ID, OFFER_GROUP_ID, OFFER_NAME, OFFER_NO, SHORT_NAME, OFFER_SORT, OFFER_TERM, COMMIT_MONTHLY, PREPAID, PERIOD, REFUND_MONTHLY, REFUND_1ST_MONTH, REFUND_LAST_MONTH, NOTES, CREATE_TIME, UPDATE_TIME, CREATE_USER_ID, UPDATE_USER_ID, ORIGINAL_OFFER_ID, LAST_STATUS, MERCHANT_ID, VALID_BEGIN, VALID_END, COND_ID, SCHEME_TYPE)
values (2245, 2180, '中兴 U880E ', '50003355', '15', null, 18, 8000, 99900, 18, 5500, 900, 0, '活动期内每月至少产生5M省内流量（不含彩信、手机视频等不计费流量），共6个月。月返还话费55元，共返还18个月，活动期内总计最低消费为1440元。', to_timestamp('20-11-2012 14:38:08.819000', 'dd-mm-yyyy hh24:mi:ss.ff'), null, 1, null, null, 1, null, to_timestamp('01-10-2012 14:36:36.000000', 'dd-mm-yyyy hh24:mi:ss.ff'), to_timestamp('25-03-2013 23:55:50.000000', 'dd-mm-yyyy hh24:mi:ss.ff'), '111200026648', 1);
insert into EB_OFFER (OFFER_ID, OFFER_GROUP_ID, OFFER_NAME, OFFER_NO, SHORT_NAME, OFFER_SORT, OFFER_TERM, COMMIT_MONTHLY, PREPAID, PERIOD, REFUND_MONTHLY, REFUND_1ST_MONTH, REFUND_LAST_MONTH, NOTES, CREATE_TIME, UPDATE_TIME, CREATE_USER_ID, UPDATE_USER_ID, ORIGINAL_OFFER_ID, LAST_STATUS, MERCHANT_ID, VALID_BEGIN, VALID_END, COND_ID, SCHEME_TYPE)
values (2246, 2180, '金立 TD500 ', '50003356', '16', null, 18, 8000, 99900, 18, 5500, 900, 0, '活动期内每月至少产生5M省内流量（不含彩信、手机视频等不计费流量），共6个月。月返还话费55元，共返还18个月，活动期内总计最低消费为1440元。', to_timestamp('20-11-2012 14:39:45.988000', 'dd-mm-yyyy hh24:mi:ss.ff'), null, 1, null, null, 1, null, to_timestamp('01-10-2012 14:38:14.000000', 'dd-mm-yyyy hh24:mi:ss.ff'), to_timestamp('25-03-2013 23:55:50.000000', 'dd-mm-yyyy hh24:mi:ss.ff'), '111200026638', 1);
insert into EB_OFFER (OFFER_ID, OFFER_GROUP_ID, OFFER_NAME, OFFER_NO, SHORT_NAME, OFFER_SORT, OFFER_TERM, COMMIT_MONTHLY, PREPAID, PERIOD, REFUND_MONTHLY, REFUND_1ST_MONTH, REFUND_LAST_MONTH, NOTES, CREATE_TIME, UPDATE_TIME, CREATE_USER_ID, UPDATE_USER_ID, ORIGINAL_OFFER_ID, LAST_STATUS, MERCHANT_ID, VALID_BEGIN, VALID_END, COND_ID, SCHEME_TYPE)
values (2248, 2180, '联想 S899T', '50003358', '18', null, 18, 11000, 129900, 18, 7000, 3900, 0, '活动期内每月至少产生5M省内流量（不含彩信、手机视频等不计费流量），共6个月。月返还话费70元，共返还18个月，活动期内总计最低消费为1980元。', to_timestamp('20-11-2012 14:54:36.506000', 'dd-mm-yyyy hh24:mi:ss.ff'), null, 1, null, null, 1, null, to_timestamp('01-10-2012 14:51:27.000000', 'dd-mm-yyyy hh24:mi:ss.ff'), to_timestamp('20-03-2013 23:55:50.000000', 'dd-mm-yyyy hh24:mi:ss.ff'), '111200026624', 1);
insert into EB_OFFER (OFFER_ID, OFFER_GROUP_ID, OFFER_NAME, OFFER_NO, SHORT_NAME, OFFER_SORT, OFFER_TERM, COMMIT_MONTHLY, PREPAID, PERIOD, REFUND_MONTHLY, REFUND_1ST_MONTH, REFUND_LAST_MONTH, NOTES, CREATE_TIME, UPDATE_TIME, CREATE_USER_ID, UPDATE_USER_ID, ORIGINAL_OFFER_ID, LAST_STATUS, MERCHANT_ID, VALID_BEGIN, VALID_END, COND_ID, SCHEME_TYPE)
values (2281, 2200, '联想 TD100', '50003381', '1', null, 12, 2500, 19900, 12, 1500, 1900, 0, '活动期内每个周期（从购机日至下月返还日前一日为一个周期）最少产生1次以上在本省通话（不含免费通话，如10086、V网内部通话、呼叫转移、移动总机通话等）共6个月。月返还话费15元，共返还12个月，活动总计最低消费为300元。', to_timestamp('20-11-2012 15:37:14.476000', 'dd-mm-yyyy hh24:mi:ss.ff'), null, 1, null, null, 1, null, to_timestamp('01-10-2012 15:33:13.000000', 'dd-mm-yyyy hh24:mi:ss.ff'), to_timestamp('25-03-2013 23:55:50.000000', 'dd-mm-yyyy hh24:mi:ss.ff'), '111200026669', 1);
insert into EB_OFFER (OFFER_ID, OFFER_GROUP_ID, OFFER_NAME, OFFER_NO, SHORT_NAME, OFFER_SORT, OFFER_TERM, COMMIT_MONTHLY, PREPAID, PERIOD, REFUND_MONTHLY, REFUND_1ST_MONTH, REFUND_LAST_MONTH, NOTES, CREATE_TIME, UPDATE_TIME, CREATE_USER_ID, UPDATE_USER_ID, ORIGINAL_OFFER_ID, LAST_STATUS, MERCHANT_ID, VALID_BEGIN, VALID_END, COND_ID, SCHEME_TYPE)
values (2283, 2200, '三星 S5368 ', '50003383', '3', null, 18, 6500, 79900, 18, 4200, 4300, 0, '流量防拆包：活动期内每月至少产生5M省内流量（不含彩信、手机视频等不计费流量），共6个月。月返还话费42元，共返还18个月，活动总计最低消费为1170元。', to_timestamp('20-11-2012 15:49:24.257000', 'dd-mm-yyyy hh24:mi:ss.ff'), null, 1, null, null, 1, null, to_timestamp('01-10-2012 15:45:13.000000', 'dd-mm-yyyy hh24:mi:ss.ff'), to_timestamp('20-03-2013 23:55:50.000000', 'dd-mm-yyyy hh24:mi:ss.ff'), '111200026662', 1);
insert into EB_OFFER (OFFER_ID, OFFER_GROUP_ID, OFFER_NAME, OFFER_NO, SHORT_NAME, OFFER_SORT, OFFER_TERM, COMMIT_MONTHLY, PREPAID, PERIOD, REFUND_MONTHLY, REFUND_1ST_MONTH, REFUND_LAST_MONTH, NOTES, CREATE_TIME, UPDATE_TIME, CREATE_USER_ID, UPDATE_USER_ID, ORIGINAL_OFFER_ID, LAST_STATUS, MERCHANT_ID, VALID_BEGIN, VALID_END, COND_ID, SCHEME_TYPE)
values (2285, 2200, '天迈 D08 ', '50003385', '4', null, 18, 6500, 79900, 18, 4200, 4300, 0, '活动期内每月至少产生5M省内流量（不含彩信、手机视频等不计费流量），共6个月。月返还话费42元，共返还18个月，活动总计最低消费为1170元。', to_timestamp('20-11-2012 15:51:42.153000', 'dd-mm-yyyy hh24:mi:ss.ff'), null, 1, null, null, 1, null, to_timestamp('01-10-2012 15:50:29.000000', 'dd-mm-yyyy hh24:mi:ss.ff'), to_timestamp('20-03-2013 23:55:50.000000', 'dd-mm-yyyy hh24:mi:ss.ff'), '111200026660', 1);
insert into EB_OFFER (OFFER_ID, OFFER_GROUP_ID, OFFER_NAME, OFFER_NO, SHORT_NAME, OFFER_SORT, OFFER_TERM, COMMIT_MONTHLY, PREPAID, PERIOD, REFUND_MONTHLY, REFUND_1ST_MONTH, REFUND_LAST_MONTH, NOTES, CREATE_TIME, UPDATE_TIME, CREATE_USER_ID, UPDATE_USER_ID, ORIGINAL_OFFER_ID, LAST_STATUS, MERCHANT_ID, VALID_BEGIN, VALID_END, COND_ID, SCHEME_TYPE)
values (2288, 2200, '中兴 U960S ', '50003388', '7', null, 18, 8000, 99900, 18, 5500, 900, 0, '活动期内每月至少产生5M省内流量（不含彩信、手机视频等不计费流量），共6个月。月返还话费55元，共返还18个月，活动期内总计最低消费为1440元。', to_timestamp('20-11-2012 15:56:29.448000', 'dd-mm-yyyy hh24:mi:ss.ff'), null, 1, null, null, 1, null, to_timestamp('01-10-2012 15:54:59.000000', 'dd-mm-yyyy hh24:mi:ss.ff'), to_timestamp('25-03-2013 23:55:50.000000', 'dd-mm-yyyy hh24:mi:ss.ff'), '111200026650', 1);
insert into EB_OFFER (OFFER_ID, OFFER_GROUP_ID, OFFER_NAME, OFFER_NO, SHORT_NAME, OFFER_SORT, OFFER_TERM, COMMIT_MONTHLY, PREPAID, PERIOD, REFUND_MONTHLY, REFUND_1ST_MONTH, REFUND_LAST_MONTH, NOTES, CREATE_TIME, UPDATE_TIME, CREATE_USER_ID, UPDATE_USER_ID, ORIGINAL_OFFER_ID, LAST_STATUS, MERCHANT_ID, VALID_BEGIN, VALID_END, COND_ID, SCHEME_TYPE)
values (2289, 2200, '中兴 U880E ', '50003389', '8', null, 18, 8000, 99900, 18, 5500, 900, 0, '活动期内每月至少产生5M省内流量（不含彩信、手机视频等不计费流量），共6个月。月返还话费55元，共返还18个月，活动期内总计最低消费为1440元。', to_timestamp('20-11-2012 15:57:50.523000', 'dd-mm-yyyy hh24:mi:ss.ff'), null, 1, null, null, 1, null, to_timestamp('01-10-2012 15:56:32.000000', 'dd-mm-yyyy hh24:mi:ss.ff'), to_timestamp('25-03-2013 23:56:50.000000', 'dd-mm-yyyy hh24:mi:ss.ff'), '111200026648', 1);
insert into EB_OFFER (OFFER_ID, OFFER_GROUP_ID, OFFER_NAME, OFFER_NO, SHORT_NAME, OFFER_SORT, OFFER_TERM, COMMIT_MONTHLY, PREPAID, PERIOD, REFUND_MONTHLY, REFUND_1ST_MONTH, REFUND_LAST_MONTH, NOTES, CREATE_TIME, UPDATE_TIME, CREATE_USER_ID, UPDATE_USER_ID, ORIGINAL_OFFER_ID, LAST_STATUS, MERCHANT_ID, VALID_BEGIN, VALID_END, COND_ID, SCHEME_TYPE)
values (2290, 2200, '金立 TD500 ', '50003390', '9', null, 18, 8000, 99900, 18, 5500, 900, 0, '活动期内每月至少产生5M省内流量（不含彩信、手机视频等不计费流量），共6个月。月返还话费55元，共返还18个月，活动期内总计最低消费为1440元。', to_timestamp('20-11-2012 15:59:28.081000', 'dd-mm-yyyy hh24:mi:ss.ff'), null, 1, null, null, 1, null, to_timestamp('01-10-2012 15:58:18.000000', 'dd-mm-yyyy hh24:mi:ss.ff'), to_timestamp('25-03-2013 23:58:50.000000', 'dd-mm-yyyy hh24:mi:ss.ff'), '111200026638', 1);
insert into EB_OFFER (OFFER_ID, OFFER_GROUP_ID, OFFER_NAME, OFFER_NO, SHORT_NAME, OFFER_SORT, OFFER_TERM, COMMIT_MONTHLY, PREPAID, PERIOD, REFUND_MONTHLY, REFUND_1ST_MONTH, REFUND_LAST_MONTH, NOTES, CREATE_TIME, UPDATE_TIME, CREATE_USER_ID, UPDATE_USER_ID, ORIGINAL_OFFER_ID, LAST_STATUS, MERCHANT_ID, VALID_BEGIN, VALID_END, COND_ID, SCHEME_TYPE)
values (2291, 2200, '摩托罗拉 MT680 -全额话费', '50003391', '10', null, 18, 14000, 169900, 18, 9000, 7900, 0, '活动期内每月至少产生5M省内流量（不含彩信、手机视频等不计费流量），共6个月。月返还话费90元，共返还18个月，活动期内总计最低消费为2520元。', to_timestamp('20-11-2012 16:01:28.699000', 'dd-mm-yyyy hh24:mi:ss.ff'), null, 1, null, null, 1, null, to_timestamp('01-10-2012 15:59:50.000000', 'dd-mm-yyyy hh24:mi:ss.ff'), to_timestamp('25-03-2013 23:59:50.000000', 'dd-mm-yyyy hh24:mi:ss.ff'), '111200026733', 1);
insert into EB_OFFER (OFFER_ID, OFFER_GROUP_ID, OFFER_NAME, OFFER_NO, SHORT_NAME, OFFER_SORT, OFFER_TERM, COMMIT_MONTHLY, PREPAID, PERIOD, REFUND_MONTHLY, REFUND_1ST_MONTH, REFUND_LAST_MONTH, NOTES, CREATE_TIME, UPDATE_TIME, CREATE_USER_ID, UPDATE_USER_ID, ORIGINAL_OFFER_ID, LAST_STATUS, MERCHANT_ID, VALID_BEGIN, VALID_END, COND_ID, SCHEME_TYPE)
values (3007, 2100, null, '50003007', '111', null, 23, 11100, null, null, null, null, null, null, to_timestamp('31-05-2013 16:51:39.359000', 'dd-mm-yyyy hh24:mi:ss.ff'), null, 1, null, null, 1, null, to_timestamp('01-05-2013 16:46:32.000000', 'dd-mm-yyyy hh24:mi:ss.ff'), to_timestamp('30-06-2013 16:46:34.000000', 'dd-mm-yyyy hh24:mi:ss.ff'), '1112223334', 1);
insert into EB_OFFER (OFFER_ID, OFFER_GROUP_ID, OFFER_NAME, OFFER_NO, SHORT_NAME, OFFER_SORT, OFFER_TERM, COMMIT_MONTHLY, PREPAID, PERIOD, REFUND_MONTHLY, REFUND_1ST_MONTH, REFUND_LAST_MONTH, NOTES, CREATE_TIME, UPDATE_TIME, CREATE_USER_ID, UPDATE_USER_ID, ORIGINAL_OFFER_ID, LAST_STATUS, MERCHANT_ID, VALID_BEGIN, VALID_END, COND_ID, SCHEME_TYPE)
values (3010, 3004, null, '50003010', '11', null, 1, 100, null, null, null, null, null, null, to_timestamp('31-05-2013 17:34:49.613000', 'dd-mm-yyyy hh24:mi:ss.ff'), null, 1, null, null, 1, null, to_timestamp('16-05-2013 18:10:05.000000', 'dd-mm-yyyy hh24:mi:ss.ff'), to_timestamp('31-05-2013 18:10:08.000000', 'dd-mm-yyyy hh24:mi:ss.ff'), 'sss', 1);
insert into EB_OFFER (OFFER_ID, OFFER_GROUP_ID, OFFER_NAME, OFFER_NO, SHORT_NAME, OFFER_SORT, OFFER_TERM, COMMIT_MONTHLY, PREPAID, PERIOD, REFUND_MONTHLY, REFUND_1ST_MONTH, REFUND_LAST_MONTH, NOTES, CREATE_TIME, UPDATE_TIME, CREATE_USER_ID, UPDATE_USER_ID, ORIGINAL_OFFER_ID, LAST_STATUS, MERCHANT_ID, VALID_BEGIN, VALID_END, COND_ID, SCHEME_TYPE)
values (3011, 3002, null, '50003011', '22', null, 2, 200, null, null, null, null, null, null, to_timestamp('31-05-2013 17:35:16.122000', 'dd-mm-yyyy hh24:mi:ss.ff'), null, 1, null, null, 1, null, to_timestamp('08-05-2013 18:10:34.000000', 'dd-mm-yyyy hh24:mi:ss.ff'), to_timestamp('31-05-2013 18:10:36.000000', 'dd-mm-yyyy hh24:mi:ss.ff'), '22', 1);
insert into EB_OFFER (OFFER_ID, OFFER_GROUP_ID, OFFER_NAME, OFFER_NO, SHORT_NAME, OFFER_SORT, OFFER_TERM, COMMIT_MONTHLY, PREPAID, PERIOD, REFUND_MONTHLY, REFUND_1ST_MONTH, REFUND_LAST_MONTH, NOTES, CREATE_TIME, UPDATE_TIME, CREATE_USER_ID, UPDATE_USER_ID, ORIGINAL_OFFER_ID, LAST_STATUS, MERCHANT_ID, VALID_BEGIN, VALID_END, COND_ID, SCHEME_TYPE)
values (2207, 2180, '华为 T2002 ', '50003301', '2', null, 12, 2500, 19900, 12, 1500, 1900, 0, '活动期内每个周期（从购机日至下月返还日前一日为一个周期）最少产生1次以上在本省通话（不含免费通话，如10086、V网内部通话、呼叫转移、移动总机通话等）共6个月。月返还话费15元，共返还12个月，活动总计最低消费为300元。', to_timestamp('20-11-2012 11:57:34.606000', 'dd-mm-yyyy hh24:mi:ss.ff'), null, 1, null, null, 1, null, to_timestamp('01-10-2012 11:55:29.000000', 'dd-mm-yyyy hh24:mi:ss.ff'), to_timestamp('20-03-2013 23:55:50.000000', 'dd-mm-yyyy hh24:mi:ss.ff'), '111200026673', 1);
insert into EB_OFFER (OFFER_ID, OFFER_GROUP_ID, OFFER_NAME, OFFER_NO, SHORT_NAME, OFFER_SORT, OFFER_TERM, COMMIT_MONTHLY, PREPAID, PERIOD, REFUND_MONTHLY, REFUND_1ST_MONTH, REFUND_LAST_MONTH, NOTES, CREATE_TIME, UPDATE_TIME, CREATE_USER_ID, UPDATE_USER_ID, ORIGINAL_OFFER_ID, LAST_STATUS, MERCHANT_ID, VALID_BEGIN, VALID_END, COND_ID, SCHEME_TYPE)
values (2209, 2180, '三星 E1228 ', '50003303', '4', null, 12, 2500, 19900, 12, 1500, 1900, 0, '活动期内每个周期（从购机日至下月返还日前一日为一个周期）最少产生1次以上在本省通话（不含免费通话，如10086、V网内部通话、呼叫转移、移动总机通话等）共6个月。月返还话费15元，共返还12个月，活动总计最低消费为300元。', to_timestamp('20-11-2012 12:06:09.619000', 'dd-mm-yyyy hh24:mi:ss.ff'), null, 1, null, null, 1, null, to_timestamp('01-10-2012 12:04:25.000000', 'dd-mm-yyyy hh24:mi:ss.ff'), to_timestamp('20-03-2013 23:55:50.000000', 'dd-mm-yyyy hh24:mi:ss.ff'), '111200026665', 1);
insert into EB_OFFER (OFFER_ID, OFFER_GROUP_ID, OFFER_NAME, OFFER_NO, SHORT_NAME, OFFER_SORT, OFFER_TERM, COMMIT_MONTHLY, PREPAID, PERIOD, REFUND_MONTHLY, REFUND_1ST_MONTH, REFUND_LAST_MONTH, NOTES, CREATE_TIME, UPDATE_TIME, CREATE_USER_ID, UPDATE_USER_ID, ORIGINAL_OFFER_ID, LAST_STATUS, MERCHANT_ID, VALID_BEGIN, VALID_END, COND_ID, SCHEME_TYPE)
values (2210, 2180, '中兴 U506', '50003304', '5', null, 12, 2500, 19900, 12, 1500, 1900, 0, '活动期内每个周期（从购机日至下月返还日前一日为一个周期）最少产生1次以上在本省通话（不含免费通话，如10086、V网内部通话、呼叫转移、移动总机通话等）共6个月。月返还话费15元，共返还12个月，活动总计最低消费为300元。', to_timestamp('20-11-2012 12:08:54.844000', 'dd-mm-yyyy hh24:mi:ss.ff'), null, 1, null, null, 1, null, to_timestamp('01-10-2012 12:06:21.000000', 'dd-mm-yyyy hh24:mi:ss.ff'), to_timestamp('20-03-2013 23:55:50.000000', 'dd-mm-yyyy hh24:mi:ss.ff'), '111200026663', 1);
insert into EB_OFFER (OFFER_ID, OFFER_GROUP_ID, OFFER_NAME, OFFER_NO, SHORT_NAME, OFFER_SORT, OFFER_TERM, COMMIT_MONTHLY, PREPAID, PERIOD, REFUND_MONTHLY, REFUND_1ST_MONTH, REFUND_LAST_MONTH, NOTES, CREATE_TIME, UPDATE_TIME, CREATE_USER_ID, UPDATE_USER_ID, ORIGINAL_OFFER_ID, LAST_STATUS, MERCHANT_ID, VALID_BEGIN, VALID_END, COND_ID, SCHEME_TYPE)
values (2211, 2180, '中兴 U805', '50003320', '6', null, 15, 2500, 29900, 15, 1800, 2900, 0, '活动期内每月至少产生5M省内流量（不含彩信、手机视频等不计费流量），共6个月。月返还话费18元，共返还15个月，活动期内总计最低消费为375元。', to_timestamp('20-11-2012 12:19:13.655000', 'dd-mm-yyyy hh24:mi:ss.ff'), null, 1, null, null, 1, null, to_timestamp('01-10-2012 12:09:43.000000', 'dd-mm-yyyy hh24:mi:ss.ff'), to_timestamp('20-03-2013 23:55:50.000000', 'dd-mm-yyyy hh24:mi:ss.ff'), '111200026703', 1);
insert into EB_OFFER (OFFER_ID, OFFER_GROUP_ID, OFFER_NAME, OFFER_NO, SHORT_NAME, OFFER_SORT, OFFER_TERM, COMMIT_MONTHLY, PREPAID, PERIOD, REFUND_MONTHLY, REFUND_1ST_MONTH, REFUND_LAST_MONTH, NOTES, CREATE_TIME, UPDATE_TIME, CREATE_USER_ID, UPDATE_USER_ID, ORIGINAL_OFFER_ID, LAST_STATUS, MERCHANT_ID, VALID_BEGIN, VALID_END, COND_ID, SCHEME_TYPE)
values (2223, 2160, '锦州三星I9308', '50003343', '930', null, 18, 16800, 199900, 18, 10000, 19900, 300000, '活动期内每月至少产生5M省内流量（不含彩信、手机视频等不计费流量），共6个月。月返还话费100元，共返还18个月，活动总计最低消费为3024元。', to_timestamp('20-11-2012 13:53:07.874000', 'dd-mm-yyyy hh24:mi:ss.ff'), null, 1, null, null, 1, null, to_timestamp('01-10-2012 13:49:28.000000', 'dd-mm-yyyy hh24:mi:ss.ff'), to_timestamp('25-03-2013 23:55:50.000000', 'dd-mm-yyyy hh24:mi:ss.ff'), '111200026735', 1);
insert into EB_OFFER (OFFER_ID, OFFER_GROUP_ID, OFFER_NAME, OFFER_NO, SHORT_NAME, OFFER_SORT, OFFER_TERM, COMMIT_MONTHLY, PREPAID, PERIOD, REFUND_MONTHLY, REFUND_1ST_MONTH, REFUND_LAST_MONTH, NOTES, CREATE_TIME, UPDATE_TIME, CREATE_USER_ID, UPDATE_USER_ID, ORIGINAL_OFFER_ID, LAST_STATUS, MERCHANT_ID, VALID_BEGIN, VALID_END, COND_ID, SCHEME_TYPE)
values (2227, 2180, '中兴 U880S ', '50003347', '8', null, 18, 4500, 54900, 18, 3000, 900, 0, '活动期内每月至少产生5M省内流量（不含彩信、手机视频等不计费流量），共6个月。月返还话费30元，共返还18个月，活动总计最低消费为810元。', to_timestamp('20-11-2012 14:11:29.318000', 'dd-mm-yyyy hh24:mi:ss.ff'), null, 1, null, null, 1, null, to_timestamp('01-10-2012 14:08:30.000000', 'dd-mm-yyyy hh24:mi:ss.ff'), to_timestamp('25-03-2013 23:55:50.000000', 'dd-mm-yyyy hh24:mi:ss.ff'), '111200026695', 1);
insert into EB_OFFER (OFFER_ID, OFFER_GROUP_ID, OFFER_NAME, OFFER_NO, SHORT_NAME, OFFER_SORT, OFFER_TERM, COMMIT_MONTHLY, PREPAID, PERIOD, REFUND_MONTHLY, REFUND_1ST_MONTH, REFUND_LAST_MONTH, NOTES, CREATE_TIME, UPDATE_TIME, CREATE_USER_ID, UPDATE_USER_ID, ORIGINAL_OFFER_ID, LAST_STATUS, MERCHANT_ID, VALID_BEGIN, VALID_END, COND_ID, SCHEME_TYPE)
values (2229, 2180, '天迈 D08 ', '50003349', '10', null, 18, 6500, 79900, 18, 4200, 4300, 0, '活动期内每月至少产生5M省内流量（不含彩信、手机视频等不计费流量），共6个月。月返还话费42元，共返还18个月，活动总计最低消费为1170元。', to_timestamp('20-11-2012 14:25:06.352000', 'dd-mm-yyyy hh24:mi:ss.ff'), null, 1, null, null, 1, null, to_timestamp('01-10-2012 14:19:31.000000', 'dd-mm-yyyy hh24:mi:ss.ff'), to_timestamp('20-03-2013 23:55:50.000000', 'dd-mm-yyyy hh24:mi:ss.ff'), '111200026660', 1);
insert into EB_OFFER (OFFER_ID, OFFER_GROUP_ID, OFFER_NAME, OFFER_NO, SHORT_NAME, OFFER_SORT, OFFER_TERM, COMMIT_MONTHLY, PREPAID, PERIOD, REFUND_MONTHLY, REFUND_1ST_MONTH, REFUND_LAST_MONTH, NOTES, CREATE_TIME, UPDATE_TIME, CREATE_USER_ID, UPDATE_USER_ID, ORIGINAL_OFFER_ID, LAST_STATUS, MERCHANT_ID, VALID_BEGIN, VALID_END, COND_ID, SCHEME_TYPE)
values (2240, 2180, '海信 T92 ', '50003350', '11', null, 18, 7500, 89900, 18, 4800, 3500, 0, '活动期内每月至少产生5M省内流量（不含彩信、手机视频等不计费流量），共6个月。月返还话费48元，共返还18个月，活动期内总计最低消费为1350元。', to_timestamp('20-11-2012 14:27:52.914000', 'dd-mm-yyyy hh24:mi:ss.ff'), null, 1, null, null, 1, null, to_timestamp('01-10-2012 14:25:11.000000', 'dd-mm-yyyy hh24:mi:ss.ff'), to_timestamp('25-03-2013 23:55:50.000000', 'dd-mm-yyyy hh24:mi:ss.ff'), '111200026658', 1);
insert into EB_OFFER (OFFER_ID, OFFER_GROUP_ID, OFFER_NAME, OFFER_NO, SHORT_NAME, OFFER_SORT, OFFER_TERM, COMMIT_MONTHLY, PREPAID, PERIOD, REFUND_MONTHLY, REFUND_1ST_MONTH, REFUND_LAST_MONTH, NOTES, CREATE_TIME, UPDATE_TIME, CREATE_USER_ID, UPDATE_USER_ID, ORIGINAL_OFFER_ID, LAST_STATUS, MERCHANT_ID, VALID_BEGIN, VALID_END, COND_ID, SCHEME_TYPE)
values (2241, 2180, '海信 TG88 ', '50003351', '12', null, 18, 7500, 89900, 18, 4800, 3500, 0, '活动期内每月至少产生5M省内流量（不含彩信、手机视频等不计费流量），共6个月。月返还话费48元，共返还18个月，活动期内总计最低消费为1350元。', to_timestamp('20-11-2012 14:29:51.670000', 'dd-mm-yyyy hh24:mi:ss.ff'), null, 1, null, null, 1, null, to_timestamp('01-10-2012 14:28:20.000000', 'dd-mm-yyyy hh24:mi:ss.ff'), to_timestamp('20-03-2013 23:55:50.000000', 'dd-mm-yyyy hh24:mi:ss.ff'), '111200026656', 1);
insert into EB_OFFER (OFFER_ID, OFFER_GROUP_ID, OFFER_NAME, OFFER_NO, SHORT_NAME, OFFER_SORT, OFFER_TERM, COMMIT_MONTHLY, PREPAID, PERIOD, REFUND_MONTHLY, REFUND_1ST_MONTH, REFUND_LAST_MONTH, NOTES, CREATE_TIME, UPDATE_TIME, CREATE_USER_ID, UPDATE_USER_ID, ORIGINAL_OFFER_ID, LAST_STATUS, MERCHANT_ID, VALID_BEGIN, VALID_END, COND_ID, SCHEME_TYPE)
values (2242, 2201, '兰博基尼测试', '50003352', '111', null, 1, 100, 100, 1, 100, 100, 0, null, to_timestamp('20-11-2012 14:31:35.015000', 'dd-mm-yyyy hh24:mi:ss.ff'), null, 1, null, null, 1, null, to_timestamp('12-11-2012 14:29:30.000000', 'dd-mm-yyyy hh24:mi:ss.ff'), to_timestamp('31-12-2012 14:29:34.000000', 'dd-mm-yyyy hh24:mi:ss.ff'), '111200026697', 1);
insert into EB_OFFER (OFFER_ID, OFFER_GROUP_ID, OFFER_NAME, OFFER_NO, SHORT_NAME, OFFER_SORT, OFFER_TERM, COMMIT_MONTHLY, PREPAID, PERIOD, REFUND_MONTHLY, REFUND_1ST_MONTH, REFUND_LAST_MONTH, NOTES, CREATE_TIME, UPDATE_TIME, CREATE_USER_ID, UPDATE_USER_ID, ORIGINAL_OFFER_ID, LAST_STATUS, MERCHANT_ID, VALID_BEGIN, VALID_END, COND_ID, SCHEME_TYPE)
values (2569, 2260, null, '50003669', '58', null, 20, 5800, 49900, 20, 2400, 1900, 45000, '参与活动手机号码必须在绑定的手机内每月至少产生5M省内流量，共6个月。' || chr(10) || '' || chr(10) || '月返还话费24元，返还期内月最低消费58元，共返还20个月。', to_timestamp('07-04-2013 19:15:09.215000', 'dd-mm-yyyy hh24:mi:ss.ff'), null, 1, null, null, 1, null, to_timestamp('07-04-2013 19:11:51.000000', 'dd-mm-yyyy hh24:mi:ss.ff'), to_timestamp('30-06-2013 19:11:51.000000', 'dd-mm-yyyy hh24:mi:ss.ff'), '111200032797', 1);
insert into EB_OFFER (OFFER_ID, OFFER_GROUP_ID, OFFER_NAME, OFFER_NO, SHORT_NAME, OFFER_SORT, OFFER_TERM, COMMIT_MONTHLY, PREPAID, PERIOD, REFUND_MONTHLY, REFUND_1ST_MONTH, REFUND_LAST_MONTH, NOTES, CREATE_TIME, UPDATE_TIME, CREATE_USER_ID, UPDATE_USER_ID, ORIGINAL_OFFER_ID, LAST_STATUS, MERCHANT_ID, VALID_BEGIN, VALID_END, COND_ID, SCHEME_TYPE)
values (2570, 2260, null, '50003670', '118', null, 24, 6800, 74900, 24, 3000, 2900, 85000, '参与活动手机号码必须在绑定的手机内每月至少产生5M省内流量，共6个月。月返还话费30元，返还期内月最低消费68元，共返还24个月。', to_timestamp('07-04-2013 19:15:37.199000', 'dd-mm-yyyy hh24:mi:ss.ff'), null, 1, null, null, 1, null, to_timestamp('07-04-2013 19:13:47.000000', 'dd-mm-yyyy hh24:mi:ss.ff'), to_timestamp('30-06-2013 19:13:50.000000', 'dd-mm-yyyy hh24:mi:ss.ff'), '111200032788', 1);
insert into EB_OFFER (OFFER_ID, OFFER_GROUP_ID, OFFER_NAME, OFFER_NO, SHORT_NAME, OFFER_SORT, OFFER_TERM, COMMIT_MONTHLY, PREPAID, PERIOD, REFUND_MONTHLY, REFUND_1ST_MONTH, REFUND_LAST_MONTH, NOTES, CREATE_TIME, UPDATE_TIME, CREATE_USER_ID, UPDATE_USER_ID, ORIGINAL_OFFER_ID, LAST_STATUS, MERCHANT_ID, VALID_BEGIN, VALID_END, COND_ID, SCHEME_TYPE)
values (2490, 2260, null, '50003598', '25', null, 15, 10800, 74900, 15, 4800, 2900, 5000, '参与活动手机号码必须在绑定的手机内每月至少产生5M省内流量，共6个月。' || chr(10) || '月返还话费48元，返还期内月最低消费108元，共返还15个月。', to_timestamp('07-04-2013 17:33:47.982000', 'dd-mm-yyyy hh24:mi:ss.ff'), null, 1, null, null, 1, null, to_timestamp('07-04-2013 17:32:38.000000', 'dd-mm-yyyy hh24:mi:ss.ff'), to_timestamp('30-06-2013 17:32:41.000000', 'dd-mm-yyyy hh24:mi:ss.ff'), '111200032786', 1);
insert into EB_OFFER (OFFER_ID, OFFER_GROUP_ID, OFFER_NAME, OFFER_NO, SHORT_NAME, OFFER_SORT, OFFER_TERM, COMMIT_MONTHLY, PREPAID, PERIOD, REFUND_MONTHLY, REFUND_1ST_MONTH, REFUND_LAST_MONTH, NOTES, CREATE_TIME, UPDATE_TIME, CREATE_USER_ID, UPDATE_USER_ID, ORIGINAL_OFFER_ID, LAST_STATUS, MERCHANT_ID, VALID_BEGIN, VALID_END, COND_ID, SCHEME_TYPE)
values (2583, 2260, null, '50003683', '107', null, 20, 136000, 59900, 20, 2700, 5900, 80000, '参与活动手机号码必须在绑定的手机内每月至少产生5M省内流量，共6个月。月返还话费27元，返还期内月最低消费68元，共返还20个月。', to_timestamp('07-04-2013 19:46:45.327000', 'dd-mm-yyyy hh24:mi:ss.ff'), null, 1, null, null, 1, null, to_timestamp('07-04-2013 19:44:35.000000', 'dd-mm-yyyy hh24:mi:ss.ff'), to_timestamp('30-06-2013 19:44:40.000000', 'dd-mm-yyyy hh24:mi:ss.ff'), '111200032793', 1);
insert into EB_OFFER (OFFER_ID, OFFER_GROUP_ID, OFFER_NAME, OFFER_NO, SHORT_NAME, OFFER_SORT, OFFER_TERM, COMMIT_MONTHLY, PREPAID, PERIOD, REFUND_MONTHLY, REFUND_1ST_MONTH, REFUND_LAST_MONTH, NOTES, CREATE_TIME, UPDATE_TIME, CREATE_USER_ID, UPDATE_USER_ID, ORIGINAL_OFFER_ID, LAST_STATUS, MERCHANT_ID, VALID_BEGIN, VALID_END, COND_ID, SCHEME_TYPE)
values (2468, 2260, null, '50003576', '20', null, 15, 8800, 59900, 15, 3600, 5900, 20000, '参与活动手机号码必须在绑定的手机内每月至少产生5M省内流量，共6个月。' || chr(10) || '月返还话费36元，返还期内月最低消费88元，共返还15个月。', to_timestamp('07-04-2013 17:06:09.207000', 'dd-mm-yyyy hh24:mi:ss.ff'), null, 1, null, null, 1, null, to_timestamp('07-04-2013 17:04:39.000000', 'dd-mm-yyyy hh24:mi:ss.ff'), to_timestamp('30-06-2013 17:04:48.000000', 'dd-mm-yyyy hh24:mi:ss.ff'), '111200032792', 1);
insert into EB_OFFER (OFFER_ID, OFFER_GROUP_ID, OFFER_NAME, OFFER_NO, SHORT_NAME, OFFER_SORT, OFFER_TERM, COMMIT_MONTHLY, PREPAID, PERIOD, REFUND_MONTHLY, REFUND_1ST_MONTH, REFUND_LAST_MONTH, NOTES, CREATE_TIME, UPDATE_TIME, CREATE_USER_ID, UPDATE_USER_ID, ORIGINAL_OFFER_ID, LAST_STATUS, MERCHANT_ID, VALID_BEGIN, VALID_END, COND_ID, SCHEME_TYPE)
values (2588, 2260, null, '50003688', '89', null, 25, 220000, 99900, 25, 3800, 4900, 35000, '参与活动手机号码必须在绑定的手机内每月至少产生5M省内流量，共6个月。月返还话费38元，返还期内月最低消费88元，共返还25个月。', to_timestamp('07-04-2013 20:04:49.428000', 'dd-mm-yyyy hh24:mi:ss.ff'), null, 1, null, null, 1, null, to_timestamp('07-04-2013 20:03:29.000000', 'dd-mm-yyyy hh24:mi:ss.ff'), to_timestamp('30-06-2013 20:03:30.000000', 'dd-mm-yyyy hh24:mi:ss.ff'), '111200032782', 1);
insert into EB_OFFER (OFFER_ID, OFFER_GROUP_ID, OFFER_NAME, OFFER_NO, SHORT_NAME, OFFER_SORT, OFFER_TERM, COMMIT_MONTHLY, PREPAID, PERIOD, REFUND_MONTHLY, REFUND_1ST_MONTH, REFUND_LAST_MONTH, NOTES, CREATE_TIME, UPDATE_TIME, CREATE_USER_ID, UPDATE_USER_ID, ORIGINAL_OFFER_ID, LAST_STATUS, MERCHANT_ID, VALID_BEGIN, VALID_END, COND_ID, SCHEME_TYPE)
values (2436, 2260, null, '50003544', '10', null, 20, 8800, 74900, 20, 3500, 4900, 5000, '参与活动手机号码必须在绑定的手机内每月至少产生5M省内流量，共6个月。' || chr(10) || '月返还话费35元，返还期内月最低消费88元，共返还20个月。', to_timestamp('07-04-2013 16:27:01.334000', 'dd-mm-yyyy hh24:mi:ss.ff'), null, 1, null, null, 1, null, to_timestamp('07-04-2013 16:22:09.000000', 'dd-mm-yyyy hh24:mi:ss.ff'), to_timestamp('30-06-2013 16:22:12.000000', 'dd-mm-yyyy hh24:mi:ss.ff'), '111200032787', 1);
insert into EB_OFFER (OFFER_ID, OFFER_GROUP_ID, OFFER_NAME, OFFER_NO, SHORT_NAME, OFFER_SORT, OFFER_TERM, COMMIT_MONTHLY, PREPAID, PERIOD, REFUND_MONTHLY, REFUND_1ST_MONTH, REFUND_LAST_MONTH, NOTES, CREATE_TIME, UPDATE_TIME, CREATE_USER_ID, UPDATE_USER_ID, ORIGINAL_OFFER_ID, LAST_STATUS, MERCHANT_ID, VALID_BEGIN, VALID_END, COND_ID, SCHEME_TYPE)
values (2591, 2260, null, '50003691', '92', null, 24, 163200, 74900, 24, 3000, 2900, 60000, '参与活动手机号码必须在绑定的手机内每月至少产生5M省内流量，共6个月。月返还话费30元，返还期内月最低消费68元，共返还24个月。', to_timestamp('07-04-2013 20:14:20.267000', 'dd-mm-yyyy hh24:mi:ss.ff'), null, 1, null, null, 1, null, to_timestamp('07-04-2013 20:09:02.000000', 'dd-mm-yyyy hh24:mi:ss.ff'), to_timestamp('30-06-2013 20:09:03.000000', 'dd-mm-yyyy hh24:mi:ss.ff'), '111200032788', 1);
insert into EB_OFFER (OFFER_ID, OFFER_GROUP_ID, OFFER_NAME, OFFER_NO, SHORT_NAME, OFFER_SORT, OFFER_TERM, COMMIT_MONTHLY, PREPAID, PERIOD, REFUND_MONTHLY, REFUND_1ST_MONTH, REFUND_LAST_MONTH, NOTES, CREATE_TIME, UPDATE_TIME, CREATE_USER_ID, UPDATE_USER_ID, ORIGINAL_OFFER_ID, LAST_STATUS, MERCHANT_ID, VALID_BEGIN, VALID_END, COND_ID, SCHEME_TYPE)
values (2599, 2260, null, '50003699', '7', null, 24, 3800, 39900, 24, 1500, 3900, 20000, '参与活动手机号码必须在绑定的手机内每月至少产生5M省内流量，共6个月。' || chr(10) || '月返还话费15元，返还期内月最低消费38元，共返还24个月。' || chr(10) || '', to_timestamp('07-04-2013 20:26:37.300000', 'dd-mm-yyyy hh24:mi:ss.ff'), null, 1, null, null, 1, null, to_timestamp('07-04-2013 20:25:18.000000', 'dd-mm-yyyy hh24:mi:ss.ff'), to_timestamp('30-06-2013 20:25:19.000000', 'dd-mm-yyyy hh24:mi:ss.ff'), '111200032825', 1);
insert into EB_OFFER (OFFER_ID, OFFER_GROUP_ID, OFFER_NAME, OFFER_NO, SHORT_NAME, OFFER_SORT, OFFER_TERM, COMMIT_MONTHLY, PREPAID, PERIOD, REFUND_MONTHLY, REFUND_1ST_MONTH, REFUND_LAST_MONTH, NOTES, CREATE_TIME, UPDATE_TIME, CREATE_USER_ID, UPDATE_USER_ID, ORIGINAL_OFFER_ID, LAST_STATUS, MERCHANT_ID, VALID_BEGIN, VALID_END, COND_ID, SCHEME_TYPE)
values (2600, 2260, null, '50003700', '72', null, 18, 15800, 119900, 18, 6500, 2900, 10000, '参与活动手机号码必须在绑定的手机内每月至少产生5M省内流量，共6个月。月返还话费65元，返还期内月最低消费158元，共返还18个月。', to_timestamp('07-04-2013 20:28:35.190000', 'dd-mm-yyyy hh24:mi:ss.ff'), null, 1, null, null, 1, null, to_timestamp('07-04-2013 20:26:18.000000', 'dd-mm-yyyy hh24:mi:ss.ff'), to_timestamp('30-06-2013 20:26:20.000000', 'dd-mm-yyyy hh24:mi:ss.ff'), '111200032771', 1);
insert into EB_OFFER (OFFER_ID, OFFER_GROUP_ID, OFFER_NAME, OFFER_NO, SHORT_NAME, OFFER_SORT, OFFER_TERM, COMMIT_MONTHLY, PREPAID, PERIOD, REFUND_MONTHLY, REFUND_1ST_MONTH, REFUND_LAST_MONTH, NOTES, CREATE_TIME, UPDATE_TIME, CREATE_USER_ID, UPDATE_USER_ID, ORIGINAL_OFFER_ID, LAST_STATUS, MERCHANT_ID, VALID_BEGIN, VALID_END, COND_ID, SCHEME_TYPE)
values (2601, 2260, null, '50003701', '8', null, 15, 3800, 24900, 15, 1600, 900, 35000, '参与活动手机号码必须在绑定的手机内每月至少产生5M省内流量，共6个月。' || chr(10) || '月返还话费16元，返还期内月最低消费38元，共返还15个月。', to_timestamp('07-04-2013 20:28:36.586000', 'dd-mm-yyyy hh24:mi:ss.ff'), null, 1, null, null, 1, null, to_timestamp('07-04-2013 20:26:59.000000', 'dd-mm-yyyy hh24:mi:ss.ff'), to_timestamp('30-06-2013 20:27:01.000000', 'dd-mm-yyyy hh24:mi:ss.ff'), '111200032828', 1);
commit;
prompt 200 records committed...
insert into EB_OFFER (OFFER_ID, OFFER_GROUP_ID, OFFER_NAME, OFFER_NO, SHORT_NAME, OFFER_SORT, OFFER_TERM, COMMIT_MONTHLY, PREPAID, PERIOD, REFUND_MONTHLY, REFUND_1ST_MONTH, REFUND_LAST_MONTH, NOTES, CREATE_TIME, UPDATE_TIME, CREATE_USER_ID, UPDATE_USER_ID, ORIGINAL_OFFER_ID, LAST_STATUS, MERCHANT_ID, VALID_BEGIN, VALID_END, COND_ID, SCHEME_TYPE)
values (2602, 2260, null, '50003702', '74', null, 30, 8800, 119900, 30, 3800, 5900, 10000, '参与活动手机号码必须在绑定的手机内每月至少产生5M省内流量，共6个月。月返还话费38元，返还期内月最低消费88元，共返还30个月。', to_timestamp('07-04-2013 20:30:04.269000', 'dd-mm-yyyy hh24:mi:ss.ff'), null, 1, null, null, 1, null, to_timestamp('07-04-2013 20:28:57.000000', 'dd-mm-yyyy hh24:mi:ss.ff'), to_timestamp('30-06-2013 20:28:58.000000', 'dd-mm-yyyy hh24:mi:ss.ff'), '111200032773', 1);
insert into EB_OFFER (OFFER_ID, OFFER_GROUP_ID, OFFER_NAME, OFFER_NO, SHORT_NAME, OFFER_SORT, OFFER_TERM, COMMIT_MONTHLY, PREPAID, PERIOD, REFUND_MONTHLY, REFUND_1ST_MONTH, REFUND_LAST_MONTH, NOTES, CREATE_TIME, UPDATE_TIME, CREATE_USER_ID, UPDATE_USER_ID, ORIGINAL_OFFER_ID, LAST_STATUS, MERCHANT_ID, VALID_BEGIN, VALID_END, COND_ID, SCHEME_TYPE)
values (2603, 2260, null, '50003703', '75', null, 15, 15800, 99900, 15, 6000, 9900, 30000, '参与活动手机号码必须在绑定的手机内每月至少产生5M省内流量，共6个月。月返还话费60元，返还期内月最低消费158元，共返还15个月。', to_timestamp('07-04-2013 20:31:45.813000', 'dd-mm-yyyy hh24:mi:ss.ff'), null, 1, null, null, 1, null, to_timestamp('07-04-2013 20:30:19.000000', 'dd-mm-yyyy hh24:mi:ss.ff'), to_timestamp('30-06-2013 20:30:21.000000', 'dd-mm-yyyy hh24:mi:ss.ff'), '111200032780', 1);
insert into EB_OFFER (OFFER_ID, OFFER_GROUP_ID, OFFER_NAME, OFFER_NO, SHORT_NAME, OFFER_SORT, OFFER_TERM, COMMIT_MONTHLY, PREPAID, PERIOD, REFUND_MONTHLY, REFUND_1ST_MONTH, REFUND_LAST_MONTH, NOTES, CREATE_TIME, UPDATE_TIME, CREATE_USER_ID, UPDATE_USER_ID, ORIGINAL_OFFER_ID, LAST_STATUS, MERCHANT_ID, VALID_BEGIN, VALID_END, COND_ID, SCHEME_TYPE)
values (2604, 2260, null, '50003704', '76', null, 18, 12800, 99900, 18, 5000, 9900, 30000, '参与活动手机号码必须在绑定的手机内每月至少产生5M省内流量，共6个月。月返还话费50元，返还期内月最低消费128元，共返还18个月。', to_timestamp('07-04-2013 20:33:14.203000', 'dd-mm-yyyy hh24:mi:ss.ff'), null, 1, null, null, 1, null, to_timestamp('07-04-2013 20:32:07.000000', 'dd-mm-yyyy hh24:mi:ss.ff'), to_timestamp('30-06-2013 20:32:09.000000', 'dd-mm-yyyy hh24:mi:ss.ff'), '111200032781', 1);
insert into EB_OFFER (OFFER_ID, OFFER_GROUP_ID, OFFER_NAME, OFFER_NO, SHORT_NAME, OFFER_SORT, OFFER_TERM, COMMIT_MONTHLY, PREPAID, PERIOD, REFUND_MONTHLY, REFUND_1ST_MONTH, REFUND_LAST_MONTH, NOTES, CREATE_TIME, UPDATE_TIME, CREATE_USER_ID, UPDATE_USER_ID, ORIGINAL_OFFER_ID, LAST_STATUS, MERCHANT_ID, VALID_BEGIN, VALID_END, COND_ID, SCHEME_TYPE)
values (2605, 2260, null, '50003705', '77', null, 25, 8800, 99900, 25, 3800, 4900, 30000, '参与活动手机号码必须在绑定的手机内每月至少产生5M省内流量，共6个月。月返还话费38元，返还期内月最低消费88元，共返还25个月。', to_timestamp('07-04-2013 20:34:49.419000', 'dd-mm-yyyy hh24:mi:ss.ff'), null, 1, null, null, 1, null, to_timestamp('07-04-2013 20:33:28.000000', 'dd-mm-yyyy hh24:mi:ss.ff'), to_timestamp('30-06-2013 20:33:30.000000', 'dd-mm-yyyy hh24:mi:ss.ff'), '111200032782', 1);
insert into EB_OFFER (OFFER_ID, OFFER_GROUP_ID, OFFER_NAME, OFFER_NO, SHORT_NAME, OFFER_SORT, OFFER_TERM, COMMIT_MONTHLY, PREPAID, PERIOD, REFUND_MONTHLY, REFUND_1ST_MONTH, REFUND_LAST_MONTH, NOTES, CREATE_TIME, UPDATE_TIME, CREATE_USER_ID, UPDATE_USER_ID, ORIGINAL_OFFER_ID, LAST_STATUS, MERCHANT_ID, VALID_BEGIN, VALID_END, COND_ID, SCHEME_TYPE)
values (2606, 2260, null, '50003706', '78', null, 15, 10800, 74900, 15, 4800, 2900, 55000, '参与活动手机号码必须在绑定的手机内每月至少产生5M省内流量，共6个月。月返还话费48元，返还期内月最低消费108元，共返还15个月。', to_timestamp('07-04-2013 20:36:15.333000', 'dd-mm-yyyy hh24:mi:ss.ff'), null, 1, null, null, 1, null, to_timestamp('07-04-2013 20:35:06.000000', 'dd-mm-yyyy hh24:mi:ss.ff'), to_timestamp('30-06-2013 20:35:07.000000', 'dd-mm-yyyy hh24:mi:ss.ff'), '111200032786', 1);
insert into EB_OFFER (OFFER_ID, OFFER_GROUP_ID, OFFER_NAME, OFFER_NO, SHORT_NAME, OFFER_SORT, OFFER_TERM, COMMIT_MONTHLY, PREPAID, PERIOD, REFUND_MONTHLY, REFUND_1ST_MONTH, REFUND_LAST_MONTH, NOTES, CREATE_TIME, UPDATE_TIME, CREATE_USER_ID, UPDATE_USER_ID, ORIGINAL_OFFER_ID, LAST_STATUS, MERCHANT_ID, VALID_BEGIN, VALID_END, COND_ID, SCHEME_TYPE)
values (2607, 2260, null, '50003707', '79', null, 20, 8800, 74900, 20, 3500, 4900, 55000, '参与活动手机号码必须在绑定的手机内每月至少产生5M省内流量，共6个月。月返还话费35元，返还期内月最低消费88元，共返还20个月。', to_timestamp('07-04-2013 20:38:09.024000', 'dd-mm-yyyy hh24:mi:ss.ff'), null, 1, null, null, 1, null, to_timestamp('07-04-2013 20:36:36.000000', 'dd-mm-yyyy hh24:mi:ss.ff'), to_timestamp('30-06-2013 20:36:38.000000', 'dd-mm-yyyy hh24:mi:ss.ff'), '111200032787', 1);
insert into EB_OFFER (OFFER_ID, OFFER_GROUP_ID, OFFER_NAME, OFFER_NO, SHORT_NAME, OFFER_SORT, OFFER_TERM, COMMIT_MONTHLY, PREPAID, PERIOD, REFUND_MONTHLY, REFUND_1ST_MONTH, REFUND_LAST_MONTH, NOTES, CREATE_TIME, UPDATE_TIME, CREATE_USER_ID, UPDATE_USER_ID, ORIGINAL_OFFER_ID, LAST_STATUS, MERCHANT_ID, VALID_BEGIN, VALID_END, COND_ID, SCHEME_TYPE)
values (2608, 2260, null, '50003708', '80', null, 24, 6800, 74900, 24, 3000, 2900, 55000, '参与活动手机号码必须在绑定的手机内每月至少产生5M省内流量，共6个月。月返还话费30元，返还期内月最低消费68元，共返还24个月。', to_timestamp('07-04-2013 20:39:46.908000', 'dd-mm-yyyy hh24:mi:ss.ff'), null, 1, null, null, 1, null, to_timestamp('07-04-2013 20:38:25.000000', 'dd-mm-yyyy hh24:mi:ss.ff'), to_timestamp('30-06-2013 20:38:26.000000', 'dd-mm-yyyy hh24:mi:ss.ff'), '111200032788', 1);
insert into EB_OFFER (OFFER_ID, OFFER_GROUP_ID, OFFER_NAME, OFFER_NO, SHORT_NAME, OFFER_SORT, OFFER_TERM, COMMIT_MONTHLY, PREPAID, PERIOD, REFUND_MONTHLY, REFUND_1ST_MONTH, REFUND_LAST_MONTH, NOTES, CREATE_TIME, UPDATE_TIME, CREATE_USER_ID, UPDATE_USER_ID, ORIGINAL_OFFER_ID, LAST_STATUS, MERCHANT_ID, VALID_BEGIN, VALID_END, COND_ID, SCHEME_TYPE)
values (2609, 2260, null, '50003709', '81', null, 15, 8800, 59900, 15, 3600, 5900, 70000, '参与活动手机号码必须在绑定的手机内每月至少产生5M省内流量，共6个月。月返还话费36元，返还期内月最低消费88元，共返还15个月。', to_timestamp('07-04-2013 20:41:14.630000', 'dd-mm-yyyy hh24:mi:ss.ff'), null, 1, null, null, 1, null, to_timestamp('07-04-2013 20:40:11.000000', 'dd-mm-yyyy hh24:mi:ss.ff'), to_timestamp('30-06-2013 20:40:13.000000', 'dd-mm-yyyy hh24:mi:ss.ff'), '111200032792', 1);
insert into EB_OFFER (OFFER_ID, OFFER_GROUP_ID, OFFER_NAME, OFFER_NO, SHORT_NAME, OFFER_SORT, OFFER_TERM, COMMIT_MONTHLY, PREPAID, PERIOD, REFUND_MONTHLY, REFUND_1ST_MONTH, REFUND_LAST_MONTH, NOTES, CREATE_TIME, UPDATE_TIME, CREATE_USER_ID, UPDATE_USER_ID, ORIGINAL_OFFER_ID, LAST_STATUS, MERCHANT_ID, VALID_BEGIN, VALID_END, COND_ID, SCHEME_TYPE)
values (2615, 2260, null, '50003715', '65', null, 25, 220000, 99900, 25, 3800, 4900, 20000, '参与活动手机号码必须在绑定的手机内每月至少产生5M省内流量，共6个月。月返还话费38元，返还期内月最低消费88元，共返还25个月。', to_timestamp('07-04-2013 20:56:13.755000', 'dd-mm-yyyy hh24:mi:ss.ff'), null, 1, null, null, 1, null, to_timestamp('07-04-2013 20:54:48.000000', 'dd-mm-yyyy hh24:mi:ss.ff'), to_timestamp('30-06-2013 20:54:49.000000', 'dd-mm-yyyy hh24:mi:ss.ff'), '111200032782', 1);
insert into EB_OFFER (OFFER_ID, OFFER_GROUP_ID, OFFER_NAME, OFFER_NO, SHORT_NAME, OFFER_SORT, OFFER_TERM, COMMIT_MONTHLY, PREPAID, PERIOD, REFUND_MONTHLY, REFUND_1ST_MONTH, REFUND_LAST_MONTH, NOTES, CREATE_TIME, UPDATE_TIME, CREATE_USER_ID, UPDATE_USER_ID, ORIGINAL_OFFER_ID, LAST_STATUS, MERCHANT_ID, VALID_BEGIN, VALID_END, COND_ID, SCHEME_TYPE)
values (2616, 2260, null, '50003716', '66', null, 15, 162000, 74900, 15, 4800, 2900, 45000, '参与活动手机号码必须在绑定的手机内每月至少产生5M省内流量，共6个月。月返还话费48元，返还期内月最低消费108元，共返还15个月。', to_timestamp('07-04-2013 20:57:34.312000', 'dd-mm-yyyy hh24:mi:ss.ff'), null, 1, null, null, 1, null, to_timestamp('07-04-2013 20:56:29.000000', 'dd-mm-yyyy hh24:mi:ss.ff'), to_timestamp('30-06-2013 20:56:31.000000', 'dd-mm-yyyy hh24:mi:ss.ff'), '111200032786', 1);
insert into EB_OFFER (OFFER_ID, OFFER_GROUP_ID, OFFER_NAME, OFFER_NO, SHORT_NAME, OFFER_SORT, OFFER_TERM, COMMIT_MONTHLY, PREPAID, PERIOD, REFUND_MONTHLY, REFUND_1ST_MONTH, REFUND_LAST_MONTH, NOTES, CREATE_TIME, UPDATE_TIME, CREATE_USER_ID, UPDATE_USER_ID, ORIGINAL_OFFER_ID, LAST_STATUS, MERCHANT_ID, VALID_BEGIN, VALID_END, COND_ID, SCHEME_TYPE)
values (2620, 2260, null, '50003720', '70', null, 20, 136000, 59900, 20, 2700, 5900, 60000, '参与活动手机号码必须在绑定的手机内每月至少产生5M省内流量，共6个月。月返还话费27元，返还期内月最低消费68元，共返还20个月。', to_timestamp('07-04-2013 21:02:33.384000', 'dd-mm-yyyy hh24:mi:ss.ff'), null, 1, null, null, 1, null, to_timestamp('07-04-2013 21:01:32.000000', 'dd-mm-yyyy hh24:mi:ss.ff'), to_timestamp('30-07-2013 21:01:33.000000', 'dd-mm-yyyy hh24:mi:ss.ff'), '111200032793', 1);
insert into EB_OFFER (OFFER_ID, OFFER_GROUP_ID, OFFER_NAME, OFFER_NO, SHORT_NAME, OFFER_SORT, OFFER_TERM, COMMIT_MONTHLY, PREPAID, PERIOD, REFUND_MONTHLY, REFUND_1ST_MONTH, REFUND_LAST_MONTH, NOTES, CREATE_TIME, UPDATE_TIME, CREATE_USER_ID, UPDATE_USER_ID, ORIGINAL_OFFER_ID, LAST_STATUS, MERCHANT_ID, VALID_BEGIN, VALID_END, COND_ID, SCHEME_TYPE)
values (2388, 2221, '盘锦三星S6358套餐二', '50003509', '972', null, 18, 5500, 64900, 18, 3500, 1900, 65000, '活动期内每月至少产生5M省内流量（不含彩信、手机视频等不计费流量），共计6个月（营口为整个活动期内），活动期内（18个月）总计最低消费为990元。', to_timestamp('21-11-2012 14:11:49.609000', 'dd-mm-yyyy hh24:mi:ss.ff'), null, 1, null, null, 1, null, to_timestamp('01-10-2012 00:00:00.000000', 'dd-mm-yyyy hh24:mi:ss.ff'), to_timestamp('20-03-2013 23:59:59.000000', 'dd-mm-yyyy hh24:mi:ss.ff'), '111200026616', 1);
insert into EB_OFFER (OFFER_ID, OFFER_GROUP_ID, OFFER_NAME, OFFER_NO, SHORT_NAME, OFFER_SORT, OFFER_TERM, COMMIT_MONTHLY, PREPAID, PERIOD, REFUND_MONTHLY, REFUND_1ST_MONTH, REFUND_LAST_MONTH, NOTES, CREATE_TIME, UPDATE_TIME, CREATE_USER_ID, UPDATE_USER_ID, ORIGINAL_OFFER_ID, LAST_STATUS, MERCHANT_ID, VALID_BEGIN, VALID_END, COND_ID, SCHEME_TYPE)
values (2389, 2221, '盘锦摩托罗拉MT680套餐一', '50003510', '91', null, 18, 14000, 169900, 18, 9000, 7900, 0, '活动期内每月至少产生5M省内流量（不含彩信、手机视频等不计费流量），共计6个月，活动期内（18个月）总计最低消费为2520元。', to_timestamp('21-11-2012 14:15:19.557000', 'dd-mm-yyyy hh24:mi:ss.ff'), null, 1, null, null, 1, null, to_timestamp('01-10-2012 00:00:00.000000', 'dd-mm-yyyy hh24:mi:ss.ff'), to_timestamp('25-03-2013 23:59:59.000000', 'dd-mm-yyyy hh24:mi:ss.ff'), '111200026733', 1);
insert into EB_OFFER (OFFER_ID, OFFER_GROUP_ID, OFFER_NAME, OFFER_NO, SHORT_NAME, OFFER_SORT, OFFER_TERM, COMMIT_MONTHLY, PREPAID, PERIOD, REFUND_MONTHLY, REFUND_1ST_MONTH, REFUND_LAST_MONTH, NOTES, CREATE_TIME, UPDATE_TIME, CREATE_USER_ID, UPDATE_USER_ID, ORIGINAL_OFFER_ID, LAST_STATUS, MERCHANT_ID, VALID_BEGIN, VALID_END, COND_ID, SCHEME_TYPE)
values (2390, 2221, '盘锦摩托罗拉MT680套餐二', '50003511', '92', null, 18, 7000, 84900, 18, 4500, 3900, 85000, '活动期内每月至少产生5M省内流量（不含彩信、手机视频等不计费流量），共计6个月，活动期内（18个月）总计最低消费为1260元。', to_timestamp('21-11-2012 14:17:20.617000', 'dd-mm-yyyy hh24:mi:ss.ff'), null, 1, null, null, 1, null, to_timestamp('01-10-2012 00:00:00.000000', 'dd-mm-yyyy hh24:mi:ss.ff'), to_timestamp('25-03-2013 23:59:59.000000', 'dd-mm-yyyy hh24:mi:ss.ff'), '111200026733', 1);
insert into EB_OFFER (OFFER_ID, OFFER_GROUP_ID, OFFER_NAME, OFFER_NO, SHORT_NAME, OFFER_SORT, OFFER_TERM, COMMIT_MONTHLY, PREPAID, PERIOD, REFUND_MONTHLY, REFUND_1ST_MONTH, REFUND_LAST_MONTH, NOTES, CREATE_TIME, UPDATE_TIME, CREATE_USER_ID, UPDATE_USER_ID, ORIGINAL_OFFER_ID, LAST_STATUS, MERCHANT_ID, VALID_BEGIN, VALID_END, COND_ID, SCHEME_TYPE)
values (2391, 2221, '盘锦三星I9308', '50003512', '145', null, 18, 16800, 199900, 18, 10000, 19900, 300000, '活动期内每月至少产生5M省内流量（不含彩信、手机视频等不计费流量），共计6个月，活动期内（18个月）总计最低消费为3024元。如果您有不理解的地方请联系“在线客服”并选择“人工服务”，或者咨询12580（仅收基本通话费），我们将竭诚为您服务。', to_timestamp('21-11-2012 14:19:31.279000', 'dd-mm-yyyy hh24:mi:ss.ff'), null, 1, null, null, 1, null, to_timestamp('01-10-2012 00:00:00.000000', 'dd-mm-yyyy hh24:mi:ss.ff'), to_timestamp('20-03-2013 23:59:59.000000', 'dd-mm-yyyy hh24:mi:ss.ff'), '111200026735', 1);
insert into EB_OFFER (OFFER_ID, OFFER_GROUP_ID, OFFER_NAME, OFFER_NO, SHORT_NAME, OFFER_SORT, OFFER_TERM, COMMIT_MONTHLY, PREPAID, PERIOD, REFUND_MONTHLY, REFUND_1ST_MONTH, REFUND_LAST_MONTH, NOTES, CREATE_TIME, UPDATE_TIME, CREATE_USER_ID, UPDATE_USER_ID, ORIGINAL_OFFER_ID, LAST_STATUS, MERCHANT_ID, VALID_BEGIN, VALID_END, COND_ID, SCHEME_TYPE)
values (2640, 2280, null, '50003740', '9', null, 9, 0, null, null, null, null, 39900, '本手机为裸机销售，不赠送话费，没有合约绑定，也没有合约期限。', to_timestamp('08-04-2013 13:18:53.875000', 'dd-mm-yyyy hh24:mi:ss.ff'), null, 4000, null, null, 1, null, to_timestamp('14-05-2013 13:36:51.000000', 'dd-mm-yyyy hh24:mi:ss.ff'), to_timestamp('31-05-2013 13:36:55.000000', 'dd-mm-yyyy hh24:mi:ss.ff'), 'E123456789,', 1);
insert into EB_OFFER (OFFER_ID, OFFER_GROUP_ID, OFFER_NAME, OFFER_NO, SHORT_NAME, OFFER_SORT, OFFER_TERM, COMMIT_MONTHLY, PREPAID, PERIOD, REFUND_MONTHLY, REFUND_1ST_MONTH, REFUND_LAST_MONTH, NOTES, CREATE_TIME, UPDATE_TIME, CREATE_USER_ID, UPDATE_USER_ID, ORIGINAL_OFFER_ID, LAST_STATUS, MERCHANT_ID, VALID_BEGIN, VALID_END, COND_ID, SCHEME_TYPE)
values (2443, 2260, null, '50003551', '123', null, 18, 15800, 119900, 18, 6500, 2900, 60000, '参与活动手机号码必须在绑定的手机内每月至少产生5M省内流量，共6个月。月返还话费65元，返还期内月最低消费158元，共返还18个月。', to_timestamp('07-04-2013 16:35:40.897000', 'dd-mm-yyyy hh24:mi:ss.ff'), null, 1, null, null, 1, null, to_timestamp('07-04-2013 16:34:08.000000', 'dd-mm-yyyy hh24:mi:ss.ff'), to_timestamp('30-06-2013 16:34:10.000000', 'dd-mm-yyyy hh24:mi:ss.ff'), '111200032771', 1);
insert into EB_OFFER (OFFER_ID, OFFER_GROUP_ID, OFFER_NAME, OFFER_NO, SHORT_NAME, OFFER_SORT, OFFER_TERM, COMMIT_MONTHLY, PREPAID, PERIOD, REFUND_MONTHLY, REFUND_1ST_MONTH, REFUND_LAST_MONTH, NOTES, CREATE_TIME, UPDATE_TIME, CREATE_USER_ID, UPDATE_USER_ID, ORIGINAL_OFFER_ID, LAST_STATUS, MERCHANT_ID, VALID_BEGIN, VALID_END, COND_ID, SCHEME_TYPE)
values (2103, 2100, '三星I9308', '50003123', '145', null, 18, 16800, 199900, 18, 10000, 19900, 300000, '活动期内每月至少产生5M省内流量（不含彩信、手机视频等不计费流量），共6个月（营口为整个活动期内）。月返还话费100元，共返还18个月，活动期内总计最低消费为3024元。（丹东客户需办理12个月来电提醒或天气预报）', to_timestamp('08-11-2012 11:34:51.534000', 'dd-mm-yyyy hh24:mi:ss.ff'), null, 1, null, null, 1, null, to_timestamp('01-10-2012 00:00:00.000000', 'dd-mm-yyyy hh24:mi:ss.ff'), to_timestamp('20-03-2013 23:59:59.000000', 'dd-mm-yyyy hh24:mi:ss.ff'), '111200026735', 1);
insert into EB_OFFER (OFFER_ID, OFFER_GROUP_ID, OFFER_NAME, OFFER_NO, SHORT_NAME, OFFER_SORT, OFFER_TERM, COMMIT_MONTHLY, PREPAID, PERIOD, REFUND_MONTHLY, REFUND_1ST_MONTH, REFUND_LAST_MONTH, NOTES, CREATE_TIME, UPDATE_TIME, CREATE_USER_ID, UPDATE_USER_ID, ORIGINAL_OFFER_ID, LAST_STATUS, MERCHANT_ID, VALID_BEGIN, VALID_END, COND_ID, SCHEME_TYPE)
values (2127, 2100, '中兴U880s', '50003164', '39', null, 18, 4500, 54900, 18, 3000, 900, 0, '活动期内每月至少产生5M省内流量（不含彩信、手机视频等不计费流量），共6个月（营口为整个活动期内）。月返还话费30元，共返还18个月，活动总计最低消费为810元。（丹东客户需办理12个月来电提醒或天气预报）', to_timestamp('08-11-2012 14:21:54.714000', 'dd-mm-yyyy hh24:mi:ss.ff'), null, 1, null, null, 1, null, to_timestamp('01-10-2012 00:00:00.000000', 'dd-mm-yyyy hh24:mi:ss.ff'), to_timestamp('25-03-2013 23:59:59.000000', 'dd-mm-yyyy hh24:mi:ss.ff'), '111200026695', 1);
insert into EB_OFFER (OFFER_ID, OFFER_GROUP_ID, OFFER_NAME, OFFER_NO, SHORT_NAME, OFFER_SORT, OFFER_TERM, COMMIT_MONTHLY, PREPAID, PERIOD, REFUND_MONTHLY, REFUND_1ST_MONTH, REFUND_LAST_MONTH, NOTES, CREATE_TIME, UPDATE_TIME, CREATE_USER_ID, UPDATE_USER_ID, ORIGINAL_OFFER_ID, LAST_STATUS, MERCHANT_ID, VALID_BEGIN, VALID_END, COND_ID, SCHEME_TYPE)
values (2128, 2100, '联想S899T套餐一', '50003165', '89', null, 18, 11000, 129900, 18, 7000, 3900, 0, '活动期内每月至少产生5M省内流量（不含彩信、手机视频等不计费流量），共6个月（营口为整个活动期内）。月返还话费70元，共返还18个月，活动期内总计最低消费为1980元。（丹东客户需办理12个月来电提醒或天气预报）', to_timestamp('08-11-2012 14:22:11.261000', 'dd-mm-yyyy hh24:mi:ss.ff'), null, 1, null, null, 1, null, to_timestamp('01-10-2012 00:00:00.000000', 'dd-mm-yyyy hh24:mi:ss.ff'), to_timestamp('20-03-2013 23:59:59.000000', 'dd-mm-yyyy hh24:mi:ss.ff'), '111200026624', 1);
insert into EB_OFFER (OFFER_ID, OFFER_GROUP_ID, OFFER_NAME, OFFER_NO, SHORT_NAME, OFFER_SORT, OFFER_TERM, COMMIT_MONTHLY, PREPAID, PERIOD, REFUND_MONTHLY, REFUND_1ST_MONTH, REFUND_LAST_MONTH, NOTES, CREATE_TIME, UPDATE_TIME, CREATE_USER_ID, UPDATE_USER_ID, ORIGINAL_OFFER_ID, LAST_STATUS, MERCHANT_ID, VALID_BEGIN, VALID_END, COND_ID, SCHEME_TYPE)
values (2129, 2100, '三星S5368', '50003166', '51', null, 18, 6500, 79900, 18, 4200, 4300, 0, '活动期内每月至少产生5M省内流量（不含彩信、手机视频等不计费流量），共6个月（营口为整个活动期内）。月返还话费42元，共返还18个月，活动总计最低消费为1170元。（丹东客户需办理12个月来电提醒或天气预报）', to_timestamp('08-11-2012 14:33:57.119000', 'dd-mm-yyyy hh24:mi:ss.ff'), null, 1, null, null, 1, null, to_timestamp('01-10-2012 00:00:00.000000', 'dd-mm-yyyy hh24:mi:ss.ff'), to_timestamp('20-03-2013 23:59:59.000000', 'dd-mm-yyyy hh24:mi:ss.ff'), '111200026662', 1);
insert into EB_OFFER (OFFER_ID, OFFER_GROUP_ID, OFFER_NAME, OFFER_NO, SHORT_NAME, OFFER_SORT, OFFER_TERM, COMMIT_MONTHLY, PREPAID, PERIOD, REFUND_MONTHLY, REFUND_1ST_MONTH, REFUND_LAST_MONTH, NOTES, CREATE_TIME, UPDATE_TIME, CREATE_USER_ID, UPDATE_USER_ID, ORIGINAL_OFFER_ID, LAST_STATUS, MERCHANT_ID, VALID_BEGIN, VALID_END, COND_ID, SCHEME_TYPE)
values (2136, 2100, '中兴U880E', '50003173', '65', null, 18, 8000, 99900, 18, 5500, 900, 0, '活动期内每月至少产生5M省内流量（不含彩信、手机视频等不计费流量），共6个月（营口为整个活动期内）。月返还话费55元，共返还18个月，活动期内总计最低消费为1440元。（丹东客户需办理12个月来电提醒或天气预报）', to_timestamp('08-11-2012 14:47:54.690000', 'dd-mm-yyyy hh24:mi:ss.ff'), null, 1, null, null, 1, null, to_timestamp('01-10-2012 00:00:00.000000', 'dd-mm-yyyy hh24:mi:ss.ff'), to_timestamp('25-03-2013 23:59:59.000000', 'dd-mm-yyyy hh24:mi:ss.ff'), '111200026648', 1);
insert into EB_OFFER (OFFER_ID, OFFER_GROUP_ID, OFFER_NAME, OFFER_NO, SHORT_NAME, OFFER_SORT, OFFER_TERM, COMMIT_MONTHLY, PREPAID, PERIOD, REFUND_MONTHLY, REFUND_1ST_MONTH, REFUND_LAST_MONTH, NOTES, CREATE_TIME, UPDATE_TIME, CREATE_USER_ID, UPDATE_USER_ID, ORIGINAL_OFFER_ID, LAST_STATUS, MERCHANT_ID, VALID_BEGIN, VALID_END, COND_ID, SCHEME_TYPE)
values (2342, 2221, '盘锦联想TD100', '50003422', '15', null, 12, 2500, 19900, 12, 1500, 1900, 0, '活动期内每个周期（从购机日至下月返还日前一日为一个周期）最少产生1次以上在本省通话（不含免费通话，如10086、V网内部通话、呼叫转移、移动总机通话等）共6个月。月返还话费15元，共返还12个月，活动总计最低消费为300元。', to_timestamp('21-11-2012 10:48:07.335000', 'dd-mm-yyyy hh24:mi:ss.ff'), null, 1, null, null, 1, null, to_timestamp('01-10-2012 00:00:00.000000', 'dd-mm-yyyy hh24:mi:ss.ff'), to_timestamp('25-03-2013 23:59:59.000000', 'dd-mm-yyyy hh24:mi:ss.ff'), '111200026669', 1);
insert into EB_OFFER (OFFER_ID, OFFER_GROUP_ID, OFFER_NAME, OFFER_NO, SHORT_NAME, OFFER_SORT, OFFER_TERM, COMMIT_MONTHLY, PREPAID, PERIOD, REFUND_MONTHLY, REFUND_1ST_MONTH, REFUND_LAST_MONTH, NOTES, CREATE_TIME, UPDATE_TIME, CREATE_USER_ID, UPDATE_USER_ID, ORIGINAL_OFFER_ID, LAST_STATUS, MERCHANT_ID, VALID_BEGIN, VALID_END, COND_ID, SCHEME_TYPE)
values (2181, 2140, '2012年4季度终端营销活动华为T8828', '50003241', '772', null, 18, 4500, 59900, 18, 3000, 5900, 60000, '活动期内每月至少产生5M省内流量（不含彩信、手机视频等不计费流量），共6个月。月返还话费30元，共返还18个月，活动总计最低消费为810元。 （丹东客户需办理12个月来电提醒或天气预报）', to_timestamp('14-11-2012 12:54:01.484000', 'dd-mm-yyyy hh24:mi:ss.ff'), null, 1, null, null, 1, null, to_timestamp('01-10-2012 12:50:03.000000', 'dd-mm-yyyy hh24:mi:ss.ff'), to_timestamp('31-12-2012 23:59:59.000000', 'dd-mm-yyyy hh24:mi:ss.ff'), '111200026636', 1);
insert into EB_OFFER (OFFER_ID, OFFER_GROUP_ID, OFFER_NAME, OFFER_NO, SHORT_NAME, OFFER_SORT, OFFER_TERM, COMMIT_MONTHLY, PREPAID, PERIOD, REFUND_MONTHLY, REFUND_1ST_MONTH, REFUND_LAST_MONTH, NOTES, CREATE_TIME, UPDATE_TIME, CREATE_USER_ID, UPDATE_USER_ID, ORIGINAL_OFFER_ID, LAST_STATUS, MERCHANT_ID, VALID_BEGIN, VALID_END, COND_ID, SCHEME_TYPE)
values (2180, 2140, '1199华为T8828', '50003240', '77', null, 18, 10000, 119900, 18, 6500, 2900, 0, '活动期内每月至少产生5M省内流量（不含彩信、手机视频等不计费流量），共6个月。月返还话费65元，共返还18个月，活动总计最低消费为1800元。 （丹东客户需办理12个月来电提醒或天气预报）', to_timestamp('14-11-2012 12:49:05.092000', 'dd-mm-yyyy hh24:mi:ss.ff'), null, 1, null, null, 1, null, to_timestamp('01-10-2012 12:44:53.000000', 'dd-mm-yyyy hh24:mi:ss.ff'), to_timestamp('31-12-2012 23:59:59.000000', 'dd-mm-yyyy hh24:mi:ss.ff'), '111200026636', 1);
insert into EB_OFFER (OFFER_ID, OFFER_GROUP_ID, OFFER_NAME, OFFER_NO, SHORT_NAME, OFFER_SORT, OFFER_TERM, COMMIT_MONTHLY, PREPAID, PERIOD, REFUND_MONTHLY, REFUND_1ST_MONTH, REFUND_LAST_MONTH, NOTES, CREATE_TIME, UPDATE_TIME, CREATE_USER_ID, UPDATE_USER_ID, ORIGINAL_OFFER_ID, LAST_STATUS, MERCHANT_ID, VALID_BEGIN, VALID_END, COND_ID, SCHEME_TYPE)
values (2360, 2221, '盘锦三星E1228', '50003440', '19', null, 12, 2500, 19900, 12, 1500, 1900, 0, '活动期内每个周期（从购机日至下月返还日前一日为一个周期）最少产生1次以上在本省通话（不含免费通话，如10086、V网内部通话、呼叫转移、移动总机通话等）共6个月。月返还话费15元，共返还12个月，活动总计最低消费为300元。', to_timestamp('21-11-2012 11:21:18.208000', 'dd-mm-yyyy hh24:mi:ss.ff'), null, 1, null, null, 1, null, to_timestamp('01-10-2012 00:00:00.000000', 'dd-mm-yyyy hh24:mi:ss.ff'), to_timestamp('20-03-2013 23:59:59.000000', 'dd-mm-yyyy hh24:mi:ss.ff'), '111200026665', 1);
insert into EB_OFFER (OFFER_ID, OFFER_GROUP_ID, OFFER_NAME, OFFER_NO, SHORT_NAME, OFFER_SORT, OFFER_TERM, COMMIT_MONTHLY, PREPAID, PERIOD, REFUND_MONTHLY, REFUND_1ST_MONTH, REFUND_LAST_MONTH, NOTES, CREATE_TIME, UPDATE_TIME, CREATE_USER_ID, UPDATE_USER_ID, ORIGINAL_OFFER_ID, LAST_STATUS, MERCHANT_ID, VALID_BEGIN, VALID_END, COND_ID, SCHEME_TYPE)
values (2361, 2221, '盘锦中兴U506', '50003441', '21', null, 12, 2500, 19900, 12, 1500, 1900, 0, '活动期内每个周期（从购机日至下月返还日前一日为一个周期）最少产生1次以上在本省通话（不含免费通话，如10086、V网内部通话、呼叫转移、移动总机通话等）共6个月。月返还话费15元，共返还12个月，活动总计最低消费为300元。', to_timestamp('21-11-2012 11:24:40.562000', 'dd-mm-yyyy hh24:mi:ss.ff'), null, 1, null, null, 1, null, to_timestamp('01-10-2012 00:00:00.000000', 'dd-mm-yyyy hh24:mi:ss.ff'), to_timestamp('20-03-2013 23:59:59.000000', 'dd-mm-yyyy hh24:mi:ss.ff'), '111200026663', 1);
insert into EB_OFFER (OFFER_ID, OFFER_GROUP_ID, OFFER_NAME, OFFER_NO, SHORT_NAME, OFFER_SORT, OFFER_TERM, COMMIT_MONTHLY, PREPAID, PERIOD, REFUND_MONTHLY, REFUND_1ST_MONTH, REFUND_LAST_MONTH, NOTES, CREATE_TIME, UPDATE_TIME, CREATE_USER_ID, UPDATE_USER_ID, ORIGINAL_OFFER_ID, LAST_STATUS, MERCHANT_ID, VALID_BEGIN, VALID_END, COND_ID, SCHEME_TYPE)
values (2362, 2221, '盘锦中兴U805', '50003442', '31', null, 15, 2500, 29900, 15, 1800, 2900, 0, '活动期内每月至少产生5M省内流量（不含彩信、手机视频等不计费流量），共6个月。月返还话费18元，共返还18个月，活动期内总计最低消费为375元。', to_timestamp('21-11-2012 11:31:08.090000', 'dd-mm-yyyy hh24:mi:ss.ff'), null, 1, null, null, 1, null, to_timestamp('01-10-2012 00:00:00.000000', 'dd-mm-yyyy hh24:mi:ss.ff'), to_timestamp('20-03-2013 23:59:59.000000', 'dd-mm-yyyy hh24:mi:ss.ff'), '111200026703', 1);
insert into EB_OFFER (OFFER_ID, OFFER_GROUP_ID, OFFER_NAME, OFFER_NO, SHORT_NAME, OFFER_SORT, OFFER_TERM, COMMIT_MONTHLY, PREPAID, PERIOD, REFUND_MONTHLY, REFUND_1ST_MONTH, REFUND_LAST_MONTH, NOTES, CREATE_TIME, UPDATE_TIME, CREATE_USER_ID, UPDATE_USER_ID, ORIGINAL_OFFER_ID, LAST_STATUS, MERCHANT_ID, VALID_BEGIN, VALID_END, COND_ID, SCHEME_TYPE)
values (2363, 2220, '抚顺中兴U805', '50003460', '805', null, 15, 2500, 29900, 15, 1800, 2900, 0, '活动期内每月至少产生5M省内流量（不含彩信、手机视频等不计费流量），共计6个月，活动期内（15个月）总计最低消费为375元。', to_timestamp('21-11-2012 11:46:52.100000', 'dd-mm-yyyy hh24:mi:ss.ff'), null, 1, null, null, 1, null, to_timestamp('01-10-2012 11:42:55.000000', 'dd-mm-yyyy hh24:mi:ss.ff'), to_timestamp('20-03-2013 23:55:59.000000', 'dd-mm-yyyy hh24:mi:ss.ff'), '111200026703', 1);
insert into EB_OFFER (OFFER_ID, OFFER_GROUP_ID, OFFER_NAME, OFFER_NO, SHORT_NAME, OFFER_SORT, OFFER_TERM, COMMIT_MONTHLY, PREPAID, PERIOD, REFUND_MONTHLY, REFUND_1ST_MONTH, REFUND_LAST_MONTH, NOTES, CREATE_TIME, UPDATE_TIME, CREATE_USER_ID, UPDATE_USER_ID, ORIGINAL_OFFER_ID, LAST_STATUS, MERCHANT_ID, VALID_BEGIN, VALID_END, COND_ID, SCHEME_TYPE)
values (2364, 2220, '抚顺天语T580', '50003461', '580', null, 18, 4500, 54900, 18, 3000, 900, 0, '活动期内每月至少产生5M省内流量（不含彩信、手机视频等不计费流量），共计6个月，活动期内（18个月）总计最低消费为810元。', to_timestamp('21-11-2012 11:53:53.636000', 'dd-mm-yyyy hh24:mi:ss.ff'), null, 1, null, null, 1, null, to_timestamp('01-10-2012 11:53:57.000000', 'dd-mm-yyyy hh24:mi:ss.ff'), to_timestamp('25-03-2013 23:55:50.000000', 'dd-mm-yyyy hh24:mi:ss.ff'), '111200026697', 1);
insert into EB_OFFER (OFFER_ID, OFFER_GROUP_ID, OFFER_NAME, OFFER_NO, SHORT_NAME, OFFER_SORT, OFFER_TERM, COMMIT_MONTHLY, PREPAID, PERIOD, REFUND_MONTHLY, REFUND_1ST_MONTH, REFUND_LAST_MONTH, NOTES, CREATE_TIME, UPDATE_TIME, CREATE_USER_ID, UPDATE_USER_ID, ORIGINAL_OFFER_ID, LAST_STATUS, MERCHANT_ID, VALID_BEGIN, VALID_END, COND_ID, SCHEME_TYPE)
values (2365, 2220, '抚顺中兴U880S', '50003462', '880', null, 18, 4500, 54900, 18, 3000, 900, 0, '活动期内每月至少产生5M省内流量（不含彩信、手机视频等不计费流量），共计6个月，活动期内（18个月）总计最低消费为810元。', to_timestamp('21-11-2012 11:57:08.848000', 'dd-mm-yyyy hh24:mi:ss.ff'), null, 1, null, null, 1, null, to_timestamp('01-10-2012 11:58:20.000000', 'dd-mm-yyyy hh24:mi:ss.ff'), to_timestamp('25-03-2013 23:58:50.000000', 'dd-mm-yyyy hh24:mi:ss.ff'), '111200026695', 1);
insert into EB_OFFER (OFFER_ID, OFFER_GROUP_ID, OFFER_NAME, OFFER_NO, SHORT_NAME, OFFER_SORT, OFFER_TERM, COMMIT_MONTHLY, PREPAID, PERIOD, REFUND_MONTHLY, REFUND_1ST_MONTH, REFUND_LAST_MONTH, NOTES, CREATE_TIME, UPDATE_TIME, CREATE_USER_ID, UPDATE_USER_ID, ORIGINAL_OFFER_ID, LAST_STATUS, MERCHANT_ID, VALID_BEGIN, VALID_END, COND_ID, SCHEME_TYPE)
values (2371, 2220, '抚顺三星I9308第2', '50003468', '308', null, 18, 16800, 199900, 18, 10000, 19900, 300000, '活动期内每月至少产生5M省内流量（不含彩信、手机视频等不计费流量），共计6个月，活动期内（18个月）总计最低消费为3024元。', to_timestamp('21-11-2012 12:28:08.051000', 'dd-mm-yyyy hh24:mi:ss.ff'), null, 1, null, null, 1, null, to_timestamp('01-10-2012 12:28:09.000000', 'dd-mm-yyyy hh24:mi:ss.ff'), to_timestamp('20-03-2013 23:55:50.000000', 'dd-mm-yyyy hh24:mi:ss.ff'), '111200026735', 1);
insert into EB_OFFER (OFFER_ID, OFFER_GROUP_ID, OFFER_NAME, OFFER_NO, SHORT_NAME, OFFER_SORT, OFFER_TERM, COMMIT_MONTHLY, PREPAID, PERIOD, REFUND_MONTHLY, REFUND_1ST_MONTH, REFUND_LAST_MONTH, NOTES, CREATE_TIME, UPDATE_TIME, CREATE_USER_ID, UPDATE_USER_ID, ORIGINAL_OFFER_ID, LAST_STATUS, MERCHANT_ID, VALID_BEGIN, VALID_END, COND_ID, SCHEME_TYPE)
values (2372, 2240, '铁岭中兴U805', '50003480', '1', null, 15, 2500, 29900, 15, 1800, 2900, 0, '活动期内每月至少产生5M省内流量（不含彩信、手机视频等不计费流量），共计6个月，活动期内（15个月）总计最低消费为375元。', to_timestamp('21-11-2012 12:50:27.767000', 'dd-mm-yyyy hh24:mi:ss.ff'), null, 1, null, null, 1, null, to_timestamp('01-10-2012 12:51:17.000000', 'dd-mm-yyyy hh24:mi:ss.ff'), to_timestamp('25-03-2013 23:55:50.000000', 'dd-mm-yyyy hh24:mi:ss.ff'), '111200026703', 1);
insert into EB_OFFER (OFFER_ID, OFFER_GROUP_ID, OFFER_NAME, OFFER_NO, SHORT_NAME, OFFER_SORT, OFFER_TERM, COMMIT_MONTHLY, PREPAID, PERIOD, REFUND_MONTHLY, REFUND_1ST_MONTH, REFUND_LAST_MONTH, NOTES, CREATE_TIME, UPDATE_TIME, CREATE_USER_ID, UPDATE_USER_ID, ORIGINAL_OFFER_ID, LAST_STATUS, MERCHANT_ID, VALID_BEGIN, VALID_END, COND_ID, SCHEME_TYPE)
values (2373, 2240, '铁岭中兴U880S', '50003481', '2', null, 18, 4500, 54900, 18, 3000, 900, 0, '活动期内每月至少产生5M省内流量（不含彩信、手机视频等不计费流量），共计6个月，活动期内（18个月）总计最低消费为810元。', to_timestamp('21-11-2012 12:54:36.777000', 'dd-mm-yyyy hh24:mi:ss.ff'), null, 1, null, null, 1, null, to_timestamp('01-10-2012 12:54:19.000000', 'dd-mm-yyyy hh24:mi:ss.ff'), to_timestamp('25-03-2013 23:55:50.000000', 'dd-mm-yyyy hh24:mi:ss.ff'), '111200026695', 1);
insert into EB_OFFER (OFFER_ID, OFFER_GROUP_ID, OFFER_NAME, OFFER_NO, SHORT_NAME, OFFER_SORT, OFFER_TERM, COMMIT_MONTHLY, PREPAID, PERIOD, REFUND_MONTHLY, REFUND_1ST_MONTH, REFUND_LAST_MONTH, NOTES, CREATE_TIME, UPDATE_TIME, CREATE_USER_ID, UPDATE_USER_ID, ORIGINAL_OFFER_ID, LAST_STATUS, MERCHANT_ID, VALID_BEGIN, VALID_END, COND_ID, SCHEME_TYPE)
values (2374, 2240, '铁岭联想S899T套餐一', '50003482', '3', null, 18, 11000, 129900, 18, 7000, 3900, 0, '活动期内每月至少产生5M省内流量（不含彩信、手机视频等不计费流量），共计6个月，活动期内（18个月）总计最低消费为1980元。', to_timestamp('21-11-2012 12:57:47.930000', 'dd-mm-yyyy hh24:mi:ss.ff'), null, 1, null, null, 1, null, to_timestamp('01-10-2012 12:59:06.000000', 'dd-mm-yyyy hh24:mi:ss.ff'), to_timestamp('20-03-2013 23:59:50.000000', 'dd-mm-yyyy hh24:mi:ss.ff'), '111200026624', 1);
insert into EB_OFFER (OFFER_ID, OFFER_GROUP_ID, OFFER_NAME, OFFER_NO, SHORT_NAME, OFFER_SORT, OFFER_TERM, COMMIT_MONTHLY, PREPAID, PERIOD, REFUND_MONTHLY, REFUND_1ST_MONTH, REFUND_LAST_MONTH, NOTES, CREATE_TIME, UPDATE_TIME, CREATE_USER_ID, UPDATE_USER_ID, ORIGINAL_OFFER_ID, LAST_STATUS, MERCHANT_ID, VALID_BEGIN, VALID_END, COND_ID, SCHEME_TYPE)
values (2376, 2240, '铁岭三星S6358套餐一', '50003484', '5', null, 18, 11000, 129900, 18, 7000, 3900, 0, '活动期内每月至少产生5M省内流量（不含彩信、手机视频等不计费流量），共计6个月，活动期内（18个月）总计最低消费为1980元。', to_timestamp('21-11-2012 13:04:40.762000', 'dd-mm-yyyy hh24:mi:ss.ff'), null, 1, null, null, 1, null, to_timestamp('01-10-2012 13:03:57.000000', 'dd-mm-yyyy hh24:mi:ss.ff'), to_timestamp('20-03-2013 23:55:50.000000', 'dd-mm-yyyy hh24:mi:ss.ff'), '111200026616', 1);
insert into EB_OFFER (OFFER_ID, OFFER_GROUP_ID, OFFER_NAME, OFFER_NO, SHORT_NAME, OFFER_SORT, OFFER_TERM, COMMIT_MONTHLY, PREPAID, PERIOD, REFUND_MONTHLY, REFUND_1ST_MONTH, REFUND_LAST_MONTH, NOTES, CREATE_TIME, UPDATE_TIME, CREATE_USER_ID, UPDATE_USER_ID, ORIGINAL_OFFER_ID, LAST_STATUS, MERCHANT_ID, VALID_BEGIN, VALID_END, COND_ID, SCHEME_TYPE)
values (2377, 2240, '铁岭三星S6358套餐二', '50003485', '6', null, 18, 5500, 64900, 18, 3500, 1900, 65000, '活动期内每月至少产生5M省内流量（不含彩信、手机视频等不计费流量），共计6个月，活动期内（18个月）总计最低消费990元。', to_timestamp('21-11-2012 13:08:17.286000', 'dd-mm-yyyy hh24:mi:ss.ff'), null, 1, null, null, 1, null, to_timestamp('01-10-2012 13:07:56.000000', 'dd-mm-yyyy hh24:mi:ss.ff'), to_timestamp('20-03-2013 23:55:58.000000', 'dd-mm-yyyy hh24:mi:ss.ff'), '111200026616', 1);
insert into EB_OFFER (OFFER_ID, OFFER_GROUP_ID, OFFER_NAME, OFFER_NO, SHORT_NAME, OFFER_SORT, OFFER_TERM, COMMIT_MONTHLY, PREPAID, PERIOD, REFUND_MONTHLY, REFUND_1ST_MONTH, REFUND_LAST_MONTH, NOTES, CREATE_TIME, UPDATE_TIME, CREATE_USER_ID, UPDATE_USER_ID, ORIGINAL_OFFER_ID, LAST_STATUS, MERCHANT_ID, VALID_BEGIN, VALID_END, COND_ID, SCHEME_TYPE)
values (2378, 2240, '铁岭三星I9308', '50003486', '7', null, 18, 16800, 199900, 18, 10000, 19900, 300000, '活动期内每月至少产生5M省内流量（不含彩信、手机视频等不计费流量），共计6个月，活动期内（18个月）总计最低消费3024元。', to_timestamp('21-11-2012 13:11:13.430000', 'dd-mm-yyyy hh24:mi:ss.ff'), null, 1, null, null, 1, null, to_timestamp('01-10-2012 13:12:13.000000', 'dd-mm-yyyy hh24:mi:ss.ff'), to_timestamp('20-03-2013 23:55:50.000000', 'dd-mm-yyyy hh24:mi:ss.ff'), '111200026735', 1);
insert into EB_OFFER (OFFER_ID, OFFER_GROUP_ID, OFFER_NAME, OFFER_NO, SHORT_NAME, OFFER_SORT, OFFER_TERM, COMMIT_MONTHLY, PREPAID, PERIOD, REFUND_MONTHLY, REFUND_1ST_MONTH, REFUND_LAST_MONTH, NOTES, CREATE_TIME, UPDATE_TIME, CREATE_USER_ID, UPDATE_USER_ID, ORIGINAL_OFFER_ID, LAST_STATUS, MERCHANT_ID, VALID_BEGIN, VALID_END, COND_ID, SCHEME_TYPE)
values (2379, 2221, '盘锦天语T580', '50003500', '37', null, 18, 4500, 54900, 18, 3000, 900, 0, '活动期内每月至少产生5M省内流量（不含彩信、手机视频等不计费流量），共计6个月，活动期内（18个月）总计最低消费为810元。', to_timestamp('21-11-2012 13:31:42.611000', 'dd-mm-yyyy hh24:mi:ss.ff'), null, 1, null, null, 1, null, to_timestamp('01-10-2012 13:33:10.000000', 'dd-mm-yyyy hh24:mi:ss.ff'), to_timestamp('25-03-2013 23:55:50.000000', 'dd-mm-yyyy hh24:mi:ss.ff'), '111200026697', 1);
insert into EB_OFFER (OFFER_ID, OFFER_GROUP_ID, OFFER_NAME, OFFER_NO, SHORT_NAME, OFFER_SORT, OFFER_TERM, COMMIT_MONTHLY, PREPAID, PERIOD, REFUND_MONTHLY, REFUND_1ST_MONTH, REFUND_LAST_MONTH, NOTES, CREATE_TIME, UPDATE_TIME, CREATE_USER_ID, UPDATE_USER_ID, ORIGINAL_OFFER_ID, LAST_STATUS, MERCHANT_ID, VALID_BEGIN, VALID_END, COND_ID, SCHEME_TYPE)
values (2383, 2221, '盘锦中兴U880E', '50003504', '65', null, 18, 8000, 99900, 18, 5500, 900, 0, '活动期内每月至少产生5M省内流量（不含彩信、手机视频等不计费流量），共计6个月，活动期内（18个月）总计最低消费为1440元。', to_timestamp('21-11-2012 13:55:34.441000', 'dd-mm-yyyy hh24:mi:ss.ff'), null, 1, null, null, 1, null, to_timestamp('01-10-2012 00:00:00.000000', 'dd-mm-yyyy hh24:mi:ss.ff'), to_timestamp('25-03-2013 23:59:59.000000', 'dd-mm-yyyy hh24:mi:ss.ff'), '111200026648', 1);
insert into EB_OFFER (OFFER_ID, OFFER_GROUP_ID, OFFER_NAME, OFFER_NO, SHORT_NAME, OFFER_SORT, OFFER_TERM, COMMIT_MONTHLY, PREPAID, PERIOD, REFUND_MONTHLY, REFUND_1ST_MONTH, REFUND_LAST_MONTH, NOTES, CREATE_TIME, UPDATE_TIME, CREATE_USER_ID, UPDATE_USER_ID, ORIGINAL_OFFER_ID, LAST_STATUS, MERCHANT_ID, VALID_BEGIN, VALID_END, COND_ID, SCHEME_TYPE)
values (2384, 2221, '盘锦金立TD500', '50003505', '75', null, 18, 8000, 99900, 18, 5500, 900, 0, '活动期内每月至少产生5M省内流量（不含彩信、手机视频等不计费流量），共计6个月，活动期内（18个月）总计最低消费为1440元。', to_timestamp('21-11-2012 13:59:25.137000', 'dd-mm-yyyy hh24:mi:ss.ff'), null, 1, null, null, 1, null, to_timestamp('01-10-2012 00:00:00.000000', 'dd-mm-yyyy hh24:mi:ss.ff'), to_timestamp('25-03-2013 23:59:59.000000', 'dd-mm-yyyy hh24:mi:ss.ff'), '111200026638', 1);
insert into EB_OFFER (OFFER_ID, OFFER_GROUP_ID, OFFER_NAME, OFFER_NO, SHORT_NAME, OFFER_SORT, OFFER_TERM, COMMIT_MONTHLY, PREPAID, PERIOD, REFUND_MONTHLY, REFUND_1ST_MONTH, REFUND_LAST_MONTH, NOTES, CREATE_TIME, UPDATE_TIME, CREATE_USER_ID, UPDATE_USER_ID, ORIGINAL_OFFER_ID, LAST_STATUS, MERCHANT_ID, VALID_BEGIN, VALID_END, COND_ID, SCHEME_TYPE)
values (2385, 2221, '盘锦联想S899T套餐一', '50003506', '891', null, 18, 11000, 129900, 18, 7000, 3900, 0, '活动期内每月至少产生5M省内流量（不含彩信、手机视频等不计费流量），共计6个月，活动期内（18个月）总计最低消费为1980元。', to_timestamp('21-11-2012 14:04:41.266000', 'dd-mm-yyyy hh24:mi:ss.ff'), null, 1, null, null, 1, null, to_timestamp('01-10-2012 00:00:00.000000', 'dd-mm-yyyy hh24:mi:ss.ff'), to_timestamp('20-03-2013 23:59:59.000000', 'dd-mm-yyyy hh24:mi:ss.ff'), '111200026624', 1);
insert into EB_OFFER (OFFER_ID, OFFER_GROUP_ID, OFFER_NAME, OFFER_NO, SHORT_NAME, OFFER_SORT, OFFER_TERM, COMMIT_MONTHLY, PREPAID, PERIOD, REFUND_MONTHLY, REFUND_1ST_MONTH, REFUND_LAST_MONTH, NOTES, CREATE_TIME, UPDATE_TIME, CREATE_USER_ID, UPDATE_USER_ID, ORIGINAL_OFFER_ID, LAST_STATUS, MERCHANT_ID, VALID_BEGIN, VALID_END, COND_ID, SCHEME_TYPE)
values (2387, 2221, '盘锦三星S6358套餐一', '50003508', '971', null, 18, 11000, 129900, 18, 7000, 3900, 0, '活动期内每月至少产生5M省内流量（不含彩信、手机视频等不计费流量），共计6个月，活动期内（18个月）总计最低消费为1980元。', to_timestamp('21-11-2012 14:09:44.132000', 'dd-mm-yyyy hh24:mi:ss.ff'), null, 1, null, null, 1, null, to_timestamp('01-10-2012 00:00:00.000000', 'dd-mm-yyyy hh24:mi:ss.ff'), to_timestamp('20-03-2013 23:59:59.000000', 'dd-mm-yyyy hh24:mi:ss.ff'), '111200026616', 1);
insert into EB_OFFER (OFFER_ID, OFFER_GROUP_ID, OFFER_NAME, OFFER_NO, SHORT_NAME, OFFER_SORT, OFFER_TERM, COMMIT_MONTHLY, PREPAID, PERIOD, REFUND_MONTHLY, REFUND_1ST_MONTH, REFUND_LAST_MONTH, NOTES, CREATE_TIME, UPDATE_TIME, CREATE_USER_ID, UPDATE_USER_ID, ORIGINAL_OFFER_ID, LAST_STATUS, MERCHANT_ID, VALID_BEGIN, VALID_END, COND_ID, SCHEME_TYPE)
values (2400, 2221, '盘锦华为T8830', '50003513', '61', null, 18, 7500, 89900, 18, 4800, 3500, 0, '活动期内每月至少产生5M省内流量（不含彩信、手机视频等不计费流量），共计6个月，活动期内（18个月）总计最低消费1350元。', to_timestamp('21-11-2012 14:33:21.662000', 'dd-mm-yyyy hh24:mi:ss.ff'), null, 1, null, null, 1, null, to_timestamp('01-10-2012 14:33:12.000000', 'dd-mm-yyyy hh24:mi:ss.ff'), to_timestamp('20-03-2013 23:55:50.000000', 'dd-mm-yyyy hh24:mi:ss.ff'), '111200026652', 1);
insert into EB_OFFER (OFFER_ID, OFFER_GROUP_ID, OFFER_NAME, OFFER_NO, SHORT_NAME, OFFER_SORT, OFFER_TERM, COMMIT_MONTHLY, PREPAID, PERIOD, REFUND_MONTHLY, REFUND_1ST_MONTH, REFUND_LAST_MONTH, NOTES, CREATE_TIME, UPDATE_TIME, CREATE_USER_ID, UPDATE_USER_ID, ORIGINAL_OFFER_ID, LAST_STATUS, MERCHANT_ID, VALID_BEGIN, VALID_END, COND_ID, SCHEME_TYPE)
values (2420, 2260, null, '50003520', '201', null, 15, 28800, 199900, 15, 13000, 4900, 300000, '参与活动手机号码必须在绑定的手机内每月至少产生5M省内流量，共6个月。月返还话费130元，返还期内月最低消费288元，共返还15个月。', to_timestamp('07-04-2013 15:27:16.368000', 'dd-mm-yyyy hh24:mi:ss.ff'), null, 4000, null, null, 1, null, to_timestamp('07-04-2013 15:24:11.000000', 'dd-mm-yyyy hh24:mi:ss.ff'), to_timestamp('30-06-2013 15:24:15.000000', 'dd-mm-yyyy hh24:mi:ss.ff'), '111200032758', 1);
insert into EB_OFFER (OFFER_ID, OFFER_GROUP_ID, OFFER_NAME, OFFER_NO, SHORT_NAME, OFFER_SORT, OFFER_TERM, COMMIT_MONTHLY, PREPAID, PERIOD, REFUND_MONTHLY, REFUND_1ST_MONTH, REFUND_LAST_MONTH, NOTES, CREATE_TIME, UPDATE_TIME, CREATE_USER_ID, UPDATE_USER_ID, ORIGINAL_OFFER_ID, LAST_STATUS, MERCHANT_ID, VALID_BEGIN, VALID_END, COND_ID, SCHEME_TYPE)
values (2426, 2260, null, '50003526', '206', null, 18, 15800, 119900, 18, 6500, 2900, 380000, '参与活动手机号码必须在绑定的手机内每月至少产生5M省内流量，共6个月。月返还话费65元，返还期内月最低消费158元，共返还18个月。', to_timestamp('07-04-2013 15:55:11.057000', 'dd-mm-yyyy hh24:mi:ss.ff'), null, 4000, null, null, 1, null, to_timestamp('07-04-2013 15:52:10.000000', 'dd-mm-yyyy hh24:mi:ss.ff'), to_timestamp('30-06-2013 15:52:12.000000', 'dd-mm-yyyy hh24:mi:ss.ff'), '111200032771', 1);
insert into EB_OFFER (OFFER_ID, OFFER_GROUP_ID, OFFER_NAME, OFFER_NO, SHORT_NAME, OFFER_SORT, OFFER_TERM, COMMIT_MONTHLY, PREPAID, PERIOD, REFUND_MONTHLY, REFUND_1ST_MONTH, REFUND_LAST_MONTH, NOTES, CREATE_TIME, UPDATE_TIME, CREATE_USER_ID, UPDATE_USER_ID, ORIGINAL_OFFER_ID, LAST_STATUS, MERCHANT_ID, VALID_BEGIN, VALID_END, COND_ID, SCHEME_TYPE)
values (2428, 2260, null, '50003528', '208', null, 30, 8800, 119900, 30, 3800, 5900, 380000, '参与活动手机号码必须在绑定的手机内每月至少产生5M省内流量，共6个月。月返还话费38元，返还期内月最低消费88元，共返还30个月。', to_timestamp('07-04-2013 15:59:08.794000', 'dd-mm-yyyy hh24:mi:ss.ff'), null, 4000, null, null, 1, null, to_timestamp('07-04-2013 15:55:34.000000', 'dd-mm-yyyy hh24:mi:ss.ff'), to_timestamp('30-06-2013 15:55:36.000000', 'dd-mm-yyyy hh24:mi:ss.ff'), '111200032773', 1);
insert into EB_OFFER (OFFER_ID, OFFER_GROUP_ID, OFFER_NAME, OFFER_NO, SHORT_NAME, OFFER_SORT, OFFER_TERM, COMMIT_MONTHLY, PREPAID, PERIOD, REFUND_MONTHLY, REFUND_1ST_MONTH, REFUND_LAST_MONTH, NOTES, CREATE_TIME, UPDATE_TIME, CREATE_USER_ID, UPDATE_USER_ID, ORIGINAL_OFFER_ID, LAST_STATUS, MERCHANT_ID, VALID_BEGIN, VALID_END, COND_ID, SCHEME_TYPE)
values (2429, 2260, null, '50003529', '209', null, 15, 15800, 99900, 15, 6000, 9900, 400000, '参与活动手机号码必须在绑定的手机内每月至少产生5M省内流量，共6个月。月返还话费60元，返还期内月最低消费158元，共返还15个月。', to_timestamp('07-04-2013 16:00:59.194000', 'dd-mm-yyyy hh24:mi:ss.ff'), null, 4000, null, null, 1, null, to_timestamp('07-04-2013 15:57:46.000000', 'dd-mm-yyyy hh24:mi:ss.ff'), to_timestamp('30-06-2013 15:57:48.000000', 'dd-mm-yyyy hh24:mi:ss.ff'), '111200032780', 1);
insert into EB_OFFER (OFFER_ID, OFFER_GROUP_ID, OFFER_NAME, OFFER_NO, SHORT_NAME, OFFER_SORT, OFFER_TERM, COMMIT_MONTHLY, PREPAID, PERIOD, REFUND_MONTHLY, REFUND_1ST_MONTH, REFUND_LAST_MONTH, NOTES, CREATE_TIME, UPDATE_TIME, CREATE_USER_ID, UPDATE_USER_ID, ORIGINAL_OFFER_ID, LAST_STATUS, MERCHANT_ID, VALID_BEGIN, VALID_END, COND_ID, SCHEME_TYPE)
values (2432, 2260, null, '50003540', '179', null, 15, 28800, 199900, 15, 13000, 4900, 230000, '参与活动手机号码必须在绑定的手机内每月至少产生5M省内流量，共6个月。月返还话费130元，返还期内月最低消费288元，共返还15个月。', to_timestamp('07-04-2013 16:17:43.904000', 'dd-mm-yyyy hh24:mi:ss.ff'), null, 4000, null, null, 1, null, to_timestamp('07-04-2013 16:14:15.000000', 'dd-mm-yyyy hh24:mi:ss.ff'), to_timestamp('30-06-2013 16:14:17.000000', 'dd-mm-yyyy hh24:mi:ss.ff'), '111200032758', 1);
insert into EB_OFFER (OFFER_ID, OFFER_GROUP_ID, OFFER_NAME, OFFER_NO, SHORT_NAME, OFFER_SORT, OFFER_TERM, COMMIT_MONTHLY, PREPAID, PERIOD, REFUND_MONTHLY, REFUND_1ST_MONTH, REFUND_LAST_MONTH, NOTES, CREATE_TIME, UPDATE_TIME, CREATE_USER_ID, UPDATE_USER_ID, ORIGINAL_OFFER_ID, LAST_STATUS, MERCHANT_ID, VALID_BEGIN, VALID_END, COND_ID, SCHEME_TYPE)
values (2433, 2260, null, '50003541', '180', null, 24, 18800, 199900, 24, 8000, 7900, 230000, '参与活动手机号码必须在绑定的手机内每月至少产生5M省内流量，共6个月。月返还话费80元，返还期内月最低消费188元，共返还24个月。', to_timestamp('07-04-2013 16:19:08.356000', 'dd-mm-yyyy hh24:mi:ss.ff'), null, 4000, null, null, 1, null, to_timestamp('07-04-2013 16:16:30.000000', 'dd-mm-yyyy hh24:mi:ss.ff'), to_timestamp('30-06-2013 16:16:32.000000', 'dd-mm-yyyy hh24:mi:ss.ff'), '111200032759', 1);
insert into EB_OFFER (OFFER_ID, OFFER_GROUP_ID, OFFER_NAME, OFFER_NO, SHORT_NAME, OFFER_SORT, OFFER_TERM, COMMIT_MONTHLY, PREPAID, PERIOD, REFUND_MONTHLY, REFUND_1ST_MONTH, REFUND_LAST_MONTH, NOTES, CREATE_TIME, UPDATE_TIME, CREATE_USER_ID, UPDATE_USER_ID, ORIGINAL_OFFER_ID, LAST_STATUS, MERCHANT_ID, VALID_BEGIN, VALID_END, COND_ID, SCHEME_TYPE)
values (2434, 2260, null, '50003542', '9', null, 15, 10800, 74900, 15, 4800, 2900, 5000, '参与活动手机号码必须在绑定的手机内每月至少产生5M省内流量，共6个月。' || chr(10) || '月返还话费48元，返还期内月最低消费108元，共返还15个月。', to_timestamp('07-04-2013 16:21:07.367000', 'dd-mm-yyyy hh24:mi:ss.ff'), null, 1, null, null, 1, null, to_timestamp('07-04-2013 16:15:03.000000', 'dd-mm-yyyy hh24:mi:ss.ff'), to_timestamp('30-06-2013 16:15:06.000000', 'dd-mm-yyyy hh24:mi:ss.ff'), '111200032786', 1);
insert into EB_OFFER (OFFER_ID, OFFER_GROUP_ID, OFFER_NAME, OFFER_NO, SHORT_NAME, OFFER_SORT, OFFER_TERM, COMMIT_MONTHLY, PREPAID, PERIOD, REFUND_MONTHLY, REFUND_1ST_MONTH, REFUND_LAST_MONTH, NOTES, CREATE_TIME, UPDATE_TIME, CREATE_USER_ID, UPDATE_USER_ID, ORIGINAL_OFFER_ID, LAST_STATUS, MERCHANT_ID, VALID_BEGIN, VALID_END, COND_ID, SCHEME_TYPE)
values (2435, 2260, null, '50003543', '181', null, 30, 15800, 199900, 30, 6500, 4900, 230000, '参与活动手机号码必须在绑定的手机内每月至少产生5M省内流量，共6个月。月返还话费65元，返还期内月最低消费158元，共返还30个月。', to_timestamp('07-04-2013 16:22:24.299000', 'dd-mm-yyyy hh24:mi:ss.ff'), null, 4000, null, null, 1, null, to_timestamp('07-04-2013 16:17:52.000000', 'dd-mm-yyyy hh24:mi:ss.ff'), to_timestamp('30-06-2013 16:17:54.000000', 'dd-mm-yyyy hh24:mi:ss.ff'), '111200032760', 1);
insert into EB_OFFER (OFFER_ID, OFFER_GROUP_ID, OFFER_NAME, OFFER_NO, SHORT_NAME, OFFER_SORT, OFFER_TERM, COMMIT_MONTHLY, PREPAID, PERIOD, REFUND_MONTHLY, REFUND_1ST_MONTH, REFUND_LAST_MONTH, NOTES, CREATE_TIME, UPDATE_TIME, CREATE_USER_ID, UPDATE_USER_ID, ORIGINAL_OFFER_ID, LAST_STATUS, MERCHANT_ID, VALID_BEGIN, VALID_END, COND_ID, SCHEME_TYPE)
values (2437, 2260, null, '50003545', '11', null, 24, 6800, 74900, 24, 3000, 2900, 5000, '参与活动手机号码必须在绑定的手机内每月至少产生5M省内流量，共6个月。' || chr(10) || '月返还话费30元，返还期内月最低消费68元，共返还24个月。', to_timestamp('07-04-2013 16:28:49.890000', 'dd-mm-yyyy hh24:mi:ss.ff'), null, 1, null, null, 1, null, to_timestamp('07-04-2013 16:27:27.000000', 'dd-mm-yyyy hh24:mi:ss.ff'), to_timestamp('30-06-2013 16:27:29.000000', 'dd-mm-yyyy hh24:mi:ss.ff'), '111200032788', 1);
insert into EB_OFFER (OFFER_ID, OFFER_GROUP_ID, OFFER_NAME, OFFER_NO, SHORT_NAME, OFFER_SORT, OFFER_TERM, COMMIT_MONTHLY, PREPAID, PERIOD, REFUND_MONTHLY, REFUND_1ST_MONTH, REFUND_LAST_MONTH, NOTES, CREATE_TIME, UPDATE_TIME, CREATE_USER_ID, UPDATE_USER_ID, ORIGINAL_OFFER_ID, LAST_STATUS, MERCHANT_ID, VALID_BEGIN, VALID_END, COND_ID, SCHEME_TYPE)
values (2440, 2260, null, '50003548', '184', null, 18, 15800, 119900, 18, 6500, 2900, 310000, '参与活动手机号码必须在绑定的手机内每月至少产生5M省内流量，共6个月。月返还话费65元，返还期内月最低消费158元，共返还18个月。', to_timestamp('07-04-2013 16:32:06.393000', 'dd-mm-yyyy hh24:mi:ss.ff'), null, 4000, null, null, 1, null, to_timestamp('07-04-2013 16:29:31.000000', 'dd-mm-yyyy hh24:mi:ss.ff'), to_timestamp('30-06-2013 16:29:33.000000', 'dd-mm-yyyy hh24:mi:ss.ff'), '111200032771', 1);
insert into EB_OFFER (OFFER_ID, OFFER_GROUP_ID, OFFER_NAME, OFFER_NO, SHORT_NAME, OFFER_SORT, OFFER_TERM, COMMIT_MONTHLY, PREPAID, PERIOD, REFUND_MONTHLY, REFUND_1ST_MONTH, REFUND_LAST_MONTH, NOTES, CREATE_TIME, UPDATE_TIME, CREATE_USER_ID, UPDATE_USER_ID, ORIGINAL_OFFER_ID, LAST_STATUS, MERCHANT_ID, VALID_BEGIN, VALID_END, COND_ID, SCHEME_TYPE)
values (2446, 2260, null, '50003554', '187', null, 15, 15800, 99900, 15, 6000, 9900, 330000, '参与活动手机号码必须在绑定的手机内每月至少产生5M省内流量，共6个月。月返还话费60元，返还期内月最低消费158元，共返还15个月。', to_timestamp('07-04-2013 16:38:17.626000', 'dd-mm-yyyy hh24:mi:ss.ff'), null, 4000, null, null, 1, null, to_timestamp('07-04-2013 16:35:38.000000', 'dd-mm-yyyy hh24:mi:ss.ff'), to_timestamp('30-06-2013 16:35:40.000000', 'dd-mm-yyyy hh24:mi:ss.ff'), '111200032780', 1);
insert into EB_OFFER (OFFER_ID, OFFER_GROUP_ID, OFFER_NAME, OFFER_NO, SHORT_NAME, OFFER_SORT, OFFER_TERM, COMMIT_MONTHLY, PREPAID, PERIOD, REFUND_MONTHLY, REFUND_1ST_MONTH, REFUND_LAST_MONTH, NOTES, CREATE_TIME, UPDATE_TIME, CREATE_USER_ID, UPDATE_USER_ID, ORIGINAL_OFFER_ID, LAST_STATUS, MERCHANT_ID, VALID_BEGIN, VALID_END, COND_ID, SCHEME_TYPE)
values (2447, 2260, null, '50003555', '188', null, 18, 12800, 99900, 18, 5000, 9900, 330000, '参与活动手机号码必须在绑定的手机内每月至少产生5M省内流量，共6个月。月返还话费50元，返还期内月最低消费128元，共返还18个月。', to_timestamp('07-04-2013 16:39:30.747000', 'dd-mm-yyyy hh24:mi:ss.ff'), null, 4000, null, null, 1, null, to_timestamp('07-04-2013 16:36:55.000000', 'dd-mm-yyyy hh24:mi:ss.ff'), to_timestamp('30-06-2013 16:36:57.000000', 'dd-mm-yyyy hh24:mi:ss.ff'), '111200032781', 1);
insert into EB_OFFER (OFFER_ID, OFFER_GROUP_ID, OFFER_NAME, OFFER_NO, SHORT_NAME, OFFER_SORT, OFFER_TERM, COMMIT_MONTHLY, PREPAID, PERIOD, REFUND_MONTHLY, REFUND_1ST_MONTH, REFUND_LAST_MONTH, NOTES, CREATE_TIME, UPDATE_TIME, CREATE_USER_ID, UPDATE_USER_ID, ORIGINAL_OFFER_ID, LAST_STATUS, MERCHANT_ID, VALID_BEGIN, VALID_END, COND_ID, SCHEME_TYPE)
values (2448, 2260, null, '50003556', '189', null, 25, 8800, 99900, 25, 3800, 4900, 330000, '参与活动手机号码必须在绑定的手机内每月至少产生5M省内流量，共6个月。月返还话费38元，返还期内月最低消费88元，共返还25个月。', to_timestamp('07-04-2013 16:40:36.924000', 'dd-mm-yyyy hh24:mi:ss.ff'), null, 4000, null, null, 1, null, to_timestamp('07-04-2013 16:38:20.000000', 'dd-mm-yyyy hh24:mi:ss.ff'), to_timestamp('30-06-2013 16:38:22.000000', 'dd-mm-yyyy hh24:mi:ss.ff'), '111200032782', 1);
insert into EB_OFFER (OFFER_ID, OFFER_GROUP_ID, OFFER_NAME, OFFER_NO, SHORT_NAME, OFFER_SORT, OFFER_TERM, COMMIT_MONTHLY, PREPAID, PERIOD, REFUND_MONTHLY, REFUND_1ST_MONTH, REFUND_LAST_MONTH, NOTES, CREATE_TIME, UPDATE_TIME, CREATE_USER_ID, UPDATE_USER_ID, ORIGINAL_OFFER_ID, LAST_STATUS, MERCHANT_ID, VALID_BEGIN, VALID_END, COND_ID, SCHEME_TYPE)
values (2458, 2260, null, '50003566', '162', null, 18, 15800, 119900, 18, 6500, 2900, 180000, '参与活动手机号码必须在绑定的手机内每月至少产生5M省内流量，共6个月。月返还话费65元，返还期内月最低消费158元，共返还18个月。', to_timestamp('07-04-2013 16:54:20.335000', 'dd-mm-yyyy hh24:mi:ss.ff'), null, 4000, null, null, 1, null, to_timestamp('07-04-2013 16:50:23.000000', 'dd-mm-yyyy hh24:mi:ss.ff'), to_timestamp('30-06-2013 16:50:25.000000', 'dd-mm-yyyy hh24:mi:ss.ff'), '111200032771', 1);
insert into EB_OFFER (OFFER_ID, OFFER_GROUP_ID, OFFER_NAME, OFFER_NO, SHORT_NAME, OFFER_SORT, OFFER_TERM, COMMIT_MONTHLY, PREPAID, PERIOD, REFUND_MONTHLY, REFUND_1ST_MONTH, REFUND_LAST_MONTH, NOTES, CREATE_TIME, UPDATE_TIME, CREATE_USER_ID, UPDATE_USER_ID, ORIGINAL_OFFER_ID, LAST_STATUS, MERCHANT_ID, VALID_BEGIN, VALID_END, COND_ID, SCHEME_TYPE)
values (2460, 2260, null, '50003568', '17', null, 15, 10800, 74900, 15, 4800, 2900, 5000, '参与活动手机号码必须在绑定的手机内每月至少产生5M省内流量，共6个月。' || chr(10) || '月返还话费48元，返还期内月最低消费108元，共返还15个月。', to_timestamp('07-04-2013 16:55:50.291000', 'dd-mm-yyyy hh24:mi:ss.ff'), null, 1, null, null, 1, null, to_timestamp('07-04-2013 16:54:44.000000', 'dd-mm-yyyy hh24:mi:ss.ff'), to_timestamp('30-06-2013 16:54:47.000000', 'dd-mm-yyyy hh24:mi:ss.ff'), '111200032786', 1);
insert into EB_OFFER (OFFER_ID, OFFER_GROUP_ID, OFFER_NAME, OFFER_NO, SHORT_NAME, OFFER_SORT, OFFER_TERM, COMMIT_MONTHLY, PREPAID, PERIOD, REFUND_MONTHLY, REFUND_1ST_MONTH, REFUND_LAST_MONTH, NOTES, CREATE_TIME, UPDATE_TIME, CREATE_USER_ID, UPDATE_USER_ID, ORIGINAL_OFFER_ID, LAST_STATUS, MERCHANT_ID, VALID_BEGIN, VALID_END, COND_ID, SCHEME_TYPE)
values (2466, 2260, null, '50003574', '19', null, 24, 6800, 74900, 24, 3000, 2900, 5000, '参与活动手机号码必须在绑定的手机内每月至少产生5M省内流量，共6个月。' || chr(10) || '月返还话费30元，返还期内月最低消费68元，共返还24个月。', to_timestamp('07-04-2013 17:04:19.685000', 'dd-mm-yyyy hh24:mi:ss.ff'), null, 1, null, null, 1, null, to_timestamp('07-04-2013 17:03:07.000000', 'dd-mm-yyyy hh24:mi:ss.ff'), to_timestamp('30-06-2013 17:03:09.000000', 'dd-mm-yyyy hh24:mi:ss.ff'), '111200032788', 1);
insert into EB_OFFER (OFFER_ID, OFFER_GROUP_ID, OFFER_NAME, OFFER_NO, SHORT_NAME, OFFER_SORT, OFFER_TERM, COMMIT_MONTHLY, PREPAID, PERIOD, REFUND_MONTHLY, REFUND_1ST_MONTH, REFUND_LAST_MONTH, NOTES, CREATE_TIME, UPDATE_TIME, CREATE_USER_ID, UPDATE_USER_ID, ORIGINAL_OFFER_ID, LAST_STATUS, MERCHANT_ID, VALID_BEGIN, VALID_END, COND_ID, SCHEME_TYPE)
values (2469, 2260, null, '50003577', '147', null, 24, 18800, 199900, 24, 8000, 7900, 100000, '参与活动手机号码必须在绑定的手机内每月至少产生5M省内流量，共6个月。月返还话费80元，返还期内月最低消费188元，共返还24个月。', to_timestamp('07-04-2013 17:06:34.469000', 'dd-mm-yyyy hh24:mi:ss.ff'), null, 4000, null, null, 1, null, to_timestamp('07-04-2013 17:03:40.000000', 'dd-mm-yyyy hh24:mi:ss.ff'), to_timestamp('30-06-2013 17:03:43.000000', 'dd-mm-yyyy hh24:mi:ss.ff'), '111200032758', 1);
insert into EB_OFFER (OFFER_ID, OFFER_GROUP_ID, OFFER_NAME, OFFER_NO, SHORT_NAME, OFFER_SORT, OFFER_TERM, COMMIT_MONTHLY, PREPAID, PERIOD, REFUND_MONTHLY, REFUND_1ST_MONTH, REFUND_LAST_MONTH, NOTES, CREATE_TIME, UPDATE_TIME, CREATE_USER_ID, UPDATE_USER_ID, ORIGINAL_OFFER_ID, LAST_STATUS, MERCHANT_ID, VALID_BEGIN, VALID_END, COND_ID, SCHEME_TYPE)
values (2470, 2260, null, '50003578', '148', null, 30, 15800, 199900, 30, 6500, 4900, 100000, '参与活动手机号码必须在绑定的手机内每月至少产生5M省内流量，共6个月。月返还话费65元，返还期内月最低消费158元，共返还30个月。', to_timestamp('07-04-2013 17:08:05.469000', 'dd-mm-yyyy hh24:mi:ss.ff'), null, 4000, null, null, 1, null, to_timestamp('07-04-2013 17:05:22.000000', 'dd-mm-yyyy hh24:mi:ss.ff'), to_timestamp('30-06-2013 17:05:24.000000', 'dd-mm-yyyy hh24:mi:ss.ff'), '111200032760', 1);
insert into EB_OFFER (OFFER_ID, OFFER_GROUP_ID, OFFER_NAME, OFFER_NO, SHORT_NAME, OFFER_SORT, OFFER_TERM, COMMIT_MONTHLY, PREPAID, PERIOD, REFUND_MONTHLY, REFUND_1ST_MONTH, REFUND_LAST_MONTH, NOTES, CREATE_TIME, UPDATE_TIME, CREATE_USER_ID, UPDATE_USER_ID, ORIGINAL_OFFER_ID, LAST_STATUS, MERCHANT_ID, VALID_BEGIN, VALID_END, COND_ID, SCHEME_TYPE)
values (2480, 2260, null, '50003588', '155', null, 18, 12800, 99900, 18, 5000, 9900, 200000, '参与活动手机号码必须在绑定的手机内每月至少产生5M省内流量，共6个月。月返还话费50元，返还期内月最低消费128元，共返还18个月。', to_timestamp('07-04-2013 17:18:38.692000', 'dd-mm-yyyy hh24:mi:ss.ff'), null, 4000, null, null, 1, null, to_timestamp('07-04-2013 17:16:13.000000', 'dd-mm-yyyy hh24:mi:ss.ff'), to_timestamp('30-06-2013 17:16:15.000000', 'dd-mm-yyyy hh24:mi:ss.ff'), '111200032781', 1);
insert into EB_OFFER (OFFER_ID, OFFER_GROUP_ID, OFFER_NAME, OFFER_NO, SHORT_NAME, OFFER_SORT, OFFER_TERM, COMMIT_MONTHLY, PREPAID, PERIOD, REFUND_MONTHLY, REFUND_1ST_MONTH, REFUND_LAST_MONTH, NOTES, CREATE_TIME, UPDATE_TIME, CREATE_USER_ID, UPDATE_USER_ID, ORIGINAL_OFFER_ID, LAST_STATUS, MERCHANT_ID, VALID_BEGIN, VALID_END, COND_ID, SCHEME_TYPE)
values (2483, 2260, null, '50003591', '136', null, 24, 18800, 199900, 24, 8000, 7900, 0, '参与活动手机号码必须在绑定的手机内每月至少产生5M省内流量，共6个月。月返还话费80元，返还期内月最低消费188元，共返还24个月。', to_timestamp('07-04-2013 17:25:58.777000', 'dd-mm-yyyy hh24:mi:ss.ff'), null, 4000, null, null, 1, null, to_timestamp('07-04-2013 17:23:30.000000', 'dd-mm-yyyy hh24:mi:ss.ff'), to_timestamp('30-06-2013 17:23:33.000000', 'dd-mm-yyyy hh24:mi:ss.ff'), '111200032759', 1);
insert into EB_OFFER (OFFER_ID, OFFER_GROUP_ID, OFFER_NAME, OFFER_NO, SHORT_NAME, OFFER_SORT, OFFER_TERM, COMMIT_MONTHLY, PREPAID, PERIOD, REFUND_MONTHLY, REFUND_1ST_MONTH, REFUND_LAST_MONTH, NOTES, CREATE_TIME, UPDATE_TIME, CREATE_USER_ID, UPDATE_USER_ID, ORIGINAL_OFFER_ID, LAST_STATUS, MERCHANT_ID, VALID_BEGIN, VALID_END, COND_ID, SCHEME_TYPE)
values (2485, 2260, null, '50003593', '138', null, 36, 12800, 199900, 36, 5500, 1900, 0, '参与活动手机号码必须在绑定的手机内每月至少产生5M省内流量，共6个月。月返还话费55元，返还期内月最低消费128元，共返还36个月。', to_timestamp('07-04-2013 17:28:23.476000', 'dd-mm-yyyy hh24:mi:ss.ff'), null, 4000, null, null, 1, null, to_timestamp('07-04-2013 17:26:00.000000', 'dd-mm-yyyy hh24:mi:ss.ff'), to_timestamp('30-06-2013 17:26:02.000000', 'dd-mm-yyyy hh24:mi:ss.ff'), '111200032761', 1);
insert into EB_OFFER (OFFER_ID, OFFER_GROUP_ID, OFFER_NAME, OFFER_NO, SHORT_NAME, OFFER_SORT, OFFER_TERM, COMMIT_MONTHLY, PREPAID, PERIOD, REFUND_MONTHLY, REFUND_1ST_MONTH, REFUND_LAST_MONTH, NOTES, CREATE_TIME, UPDATE_TIME, CREATE_USER_ID, UPDATE_USER_ID, ORIGINAL_OFFER_ID, LAST_STATUS, MERCHANT_ID, VALID_BEGIN, VALID_END, COND_ID, SCHEME_TYPE)
values (2500, 2260, null, '50003608', '191', null, 24, 18800, 199900, 24, 8000, 7900, 260000, '参与活动手机号码必须在绑定的手机内每月至少产生5M省内流量，共6个月。月返还话费80元，返还期内月最低消费188元，共返还24个月。', to_timestamp('07-04-2013 17:42:54.898000', 'dd-mm-yyyy hh24:mi:ss.ff'), null, 4000, null, null, 1, null, to_timestamp('07-04-2013 17:40:20.000000', 'dd-mm-yyyy hh24:mi:ss.ff'), to_timestamp('30-06-2013 17:40:22.000000', 'dd-mm-yyyy hh24:mi:ss.ff'), '111200032759', 1);
insert into EB_OFFER (OFFER_ID, OFFER_GROUP_ID, OFFER_NAME, OFFER_NO, SHORT_NAME, OFFER_SORT, OFFER_TERM, COMMIT_MONTHLY, PREPAID, PERIOD, REFUND_MONTHLY, REFUND_1ST_MONTH, REFUND_LAST_MONTH, NOTES, CREATE_TIME, UPDATE_TIME, CREATE_USER_ID, UPDATE_USER_ID, ORIGINAL_OFFER_ID, LAST_STATUS, MERCHANT_ID, VALID_BEGIN, VALID_END, COND_ID, SCHEME_TYPE)
values (2502, 2260, null, '50003610', '192', null, 30, 15800, 199900, 30, 6500, 4900, 260000, '参与活动手机号码必须在绑定的手机内每月至少产生5M省内流量，共6个月。月返还话费65元，返还期内月最低消费158元，共返还30个月。', to_timestamp('07-04-2013 17:44:09.934000', 'dd-mm-yyyy hh24:mi:ss.ff'), null, 4000, null, null, 1, null, to_timestamp('07-04-2013 17:41:44.000000', 'dd-mm-yyyy hh24:mi:ss.ff'), to_timestamp('30-06-2013 17:41:47.000000', 'dd-mm-yyyy hh24:mi:ss.ff'), '111200032760', 1);
insert into EB_OFFER (OFFER_ID, OFFER_GROUP_ID, OFFER_NAME, OFFER_NO, SHORT_NAME, OFFER_SORT, OFFER_TERM, COMMIT_MONTHLY, PREPAID, PERIOD, REFUND_MONTHLY, REFUND_1ST_MONTH, REFUND_LAST_MONTH, NOTES, CREATE_TIME, UPDATE_TIME, CREATE_USER_ID, UPDATE_USER_ID, ORIGINAL_OFFER_ID, LAST_STATUS, MERCHANT_ID, VALID_BEGIN, VALID_END, COND_ID, SCHEME_TYPE)
values (2503, 2260, null, '50003611', '193', null, 36, 12800, 199900, 36, 5500, 1900, 260000, '参与活动手机号码必须在绑定的手机内每月至少产生5M省内流量，共6个月。月返还话费55元，返还期内月最低消费128元，共返还36个月。', to_timestamp('07-04-2013 17:45:16.743000', 'dd-mm-yyyy hh24:mi:ss.ff'), null, 4000, null, null, 1, null, to_timestamp('07-04-2013 17:43:00.000000', 'dd-mm-yyyy hh24:mi:ss.ff'), to_timestamp('30-06-2013 17:43:02.000000', 'dd-mm-yyyy hh24:mi:ss.ff'), '111200032761', 1);
insert into EB_OFFER (OFFER_ID, OFFER_GROUP_ID, OFFER_NAME, OFFER_NO, SHORT_NAME, OFFER_SORT, OFFER_TERM, COMMIT_MONTHLY, PREPAID, PERIOD, REFUND_MONTHLY, REFUND_1ST_MONTH, REFUND_LAST_MONTH, NOTES, CREATE_TIME, UPDATE_TIME, CREATE_USER_ID, UPDATE_USER_ID, ORIGINAL_OFFER_ID, LAST_STATUS, MERCHANT_ID, VALID_BEGIN, VALID_END, COND_ID, SCHEME_TYPE)
values (2509, 2260, null, '50003617', '197', null, 30, 8800, 119900, 30, 3800, 5900, 340000, '参与活动手机号码必须在绑定的手机内每月至少产生5M省内流量，共6个月。月返还话费38元，返还期内月最低消费88元，共返还30个月。', to_timestamp('07-04-2013 17:52:42.329000', 'dd-mm-yyyy hh24:mi:ss.ff'), null, 4000, null, null, 1, null, to_timestamp('07-04-2013 17:50:22.000000', 'dd-mm-yyyy hh24:mi:ss.ff'), to_timestamp('30-06-2013 17:50:24.000000', 'dd-mm-yyyy hh24:mi:ss.ff'), '111200032773', 1);
insert into EB_OFFER (OFFER_ID, OFFER_GROUP_ID, OFFER_NAME, OFFER_NO, SHORT_NAME, OFFER_SORT, OFFER_TERM, COMMIT_MONTHLY, PREPAID, PERIOD, REFUND_MONTHLY, REFUND_1ST_MONTH, REFUND_LAST_MONTH, NOTES, CREATE_TIME, UPDATE_TIME, CREATE_USER_ID, UPDATE_USER_ID, ORIGINAL_OFFER_ID, LAST_STATUS, MERCHANT_ID, VALID_BEGIN, VALID_END, COND_ID, SCHEME_TYPE)
values (2510, 2260, null, '50003618', '35', null, 24, 163200, 74900, 24, 3000, 2900, 8000, '参与活动手机号码必须在绑定的手机内每月至少产生5M省内流量，共6个月。' || chr(10) || '月返还话费30元，返还期内月最低消费68元，共返还24个月。', to_timestamp('07-04-2013 17:53:39.500000', 'dd-mm-yyyy hh24:mi:ss.ff'), null, 1, null, null, 1, null, to_timestamp('07-04-2013 17:51:49.000000', 'dd-mm-yyyy hh24:mi:ss.ff'), to_timestamp('30-06-2013 17:51:49.000000', 'dd-mm-yyyy hh24:mi:ss.ff'), '111200032788', 1);
insert into EB_OFFER (OFFER_ID, OFFER_GROUP_ID, OFFER_NAME, OFFER_NO, SHORT_NAME, OFFER_SORT, OFFER_TERM, COMMIT_MONTHLY, PREPAID, PERIOD, REFUND_MONTHLY, REFUND_1ST_MONTH, REFUND_LAST_MONTH, NOTES, CREATE_TIME, UPDATE_TIME, CREATE_USER_ID, UPDATE_USER_ID, ORIGINAL_OFFER_ID, LAST_STATUS, MERCHANT_ID, VALID_BEGIN, VALID_END, COND_ID, SCHEME_TYPE)
values (2523, 2260, null, '50003623', '168', null, 15, 28800, 199900, 15, 13000, 4900, 200000, '参与活动手机号码必须在绑定的手机内每月至少产生5M省内流量，共6个月。月返还话费130元，返还期内月最低消费288元，共返还15个月。', to_timestamp('07-04-2013 18:01:27.677000', 'dd-mm-yyyy hh24:mi:ss.ff'), null, 4000, null, null, 1, null, to_timestamp('07-04-2013 17:59:03.000000', 'dd-mm-yyyy hh24:mi:ss.ff'), to_timestamp('30-06-2013 17:59:05.000000', 'dd-mm-yyyy hh24:mi:ss.ff'), '111200032758', 1);
insert into EB_OFFER (OFFER_ID, OFFER_GROUP_ID, OFFER_NAME, OFFER_NO, SHORT_NAME, OFFER_SORT, OFFER_TERM, COMMIT_MONTHLY, PREPAID, PERIOD, REFUND_MONTHLY, REFUND_1ST_MONTH, REFUND_LAST_MONTH, NOTES, CREATE_TIME, UPDATE_TIME, CREATE_USER_ID, UPDATE_USER_ID, ORIGINAL_OFFER_ID, LAST_STATUS, MERCHANT_ID, VALID_BEGIN, VALID_END, COND_ID, SCHEME_TYPE)
values (2542, 2260, null, '50003642', '43', null, 24, 163200, 74900, 24, 3000, 2900, 9000, '参与活动手机号码必须在绑定的手机内每月至少产生5M省内流量，共6个月。' || chr(10) || '' || chr(10) || '月返还话费30元，返还期内月最低消费68元，共返还24个月。', to_timestamp('07-04-2013 18:26:05.755000', 'dd-mm-yyyy hh24:mi:ss.ff'), null, 1, null, null, 1, null, to_timestamp('07-04-2013 18:24:32.000000', 'dd-mm-yyyy hh24:mi:ss.ff'), to_timestamp('30-06-2013 18:24:33.000000', 'dd-mm-yyyy hh24:mi:ss.ff'), '111200032788', 1);
insert into EB_OFFER (OFFER_ID, OFFER_GROUP_ID, OFFER_NAME, OFFER_NO, SHORT_NAME, OFFER_SORT, OFFER_TERM, COMMIT_MONTHLY, PREPAID, PERIOD, REFUND_MONTHLY, REFUND_1ST_MONTH, REFUND_LAST_MONTH, NOTES, CREATE_TIME, UPDATE_TIME, CREATE_USER_ID, UPDATE_USER_ID, ORIGINAL_OFFER_ID, LAST_STATUS, MERCHANT_ID, VALID_BEGIN, VALID_END, COND_ID, SCHEME_TYPE)
values (2543, 2260, null, '50003643', '44', null, 15, 132000, 59900, 15, 3600, 5900, 24000, '参与活动手机号码必须在绑定的手机内每月至少产生5M省内流量，共6个月。' || chr(10) || '' || chr(10) || '月返还话费36元，返还期内月最低消费88元，共返还15个月。', to_timestamp('07-04-2013 18:28:00.341000', 'dd-mm-yyyy hh24:mi:ss.ff'), null, 1, null, null, 1, null, to_timestamp('07-04-2013 18:26:23.000000', 'dd-mm-yyyy hh24:mi:ss.ff'), to_timestamp('30-06-2013 18:26:24.000000', 'dd-mm-yyyy hh24:mi:ss.ff'), '111200032792', 1);
insert into EB_OFFER (OFFER_ID, OFFER_GROUP_ID, OFFER_NAME, OFFER_NO, SHORT_NAME, OFFER_SORT, OFFER_TERM, COMMIT_MONTHLY, PREPAID, PERIOD, REFUND_MONTHLY, REFUND_1ST_MONTH, REFUND_LAST_MONTH, NOTES, CREATE_TIME, UPDATE_TIME, CREATE_USER_ID, UPDATE_USER_ID, ORIGINAL_OFFER_ID, LAST_STATUS, MERCHANT_ID, VALID_BEGIN, VALID_END, COND_ID, SCHEME_TYPE)
values (2544, 2260, null, '50003644', '128', null, 25, 8800, 99900, 25, 3800, 4900, 80000, '参与活动手机号码必须在绑定的手机内每月至少产生5M省内流量，共6个月。月返还话费38元，返还期内月最低消费88元，共返还25个月。', to_timestamp('07-04-2013 18:28:41.023000', 'dd-mm-yyyy hh24:mi:ss.ff'), null, 1, null, null, 1, null, to_timestamp('07-04-2013 18:27:29.000000', 'dd-mm-yyyy hh24:mi:ss.ff'), to_timestamp('30-06-2013 18:27:30.000000', 'dd-mm-yyyy hh24:mi:ss.ff'), '111200032782', 1);
insert into EB_OFFER (OFFER_ID, OFFER_GROUP_ID, OFFER_NAME, OFFER_NO, SHORT_NAME, OFFER_SORT, OFFER_TERM, COMMIT_MONTHLY, PREPAID, PERIOD, REFUND_MONTHLY, REFUND_1ST_MONTH, REFUND_LAST_MONTH, NOTES, CREATE_TIME, UPDATE_TIME, CREATE_USER_ID, UPDATE_USER_ID, ORIGINAL_OFFER_ID, LAST_STATUS, MERCHANT_ID, VALID_BEGIN, VALID_END, COND_ID, SCHEME_TYPE)
values (2548, 2260, null, '50003648', '130', null, 20, 8800, 74900, 20, 3500, 4900, 105000, '参与活动手机号码必须在绑定的手机内每月至少产生5M省内流量，共6个月。月返还话费35元，返还期内月最低消费88元，共返还20个月。', to_timestamp('07-04-2013 18:34:04.404000', 'dd-mm-yyyy hh24:mi:ss.ff'), null, 1, null, null, 1, null, to_timestamp('07-04-2013 18:31:26.000000', 'dd-mm-yyyy hh24:mi:ss.ff'), to_timestamp('30-06-2013 18:31:28.000000', 'dd-mm-yyyy hh24:mi:ss.ff'), '111200032787', 1);
insert into EB_OFFER (OFFER_ID, OFFER_GROUP_ID, OFFER_NAME, OFFER_NO, SHORT_NAME, OFFER_SORT, OFFER_TERM, COMMIT_MONTHLY, PREPAID, PERIOD, REFUND_MONTHLY, REFUND_1ST_MONTH, REFUND_LAST_MONTH, NOTES, CREATE_TIME, UPDATE_TIME, CREATE_USER_ID, UPDATE_USER_ID, ORIGINAL_OFFER_ID, LAST_STATUS, MERCHANT_ID, VALID_BEGIN, VALID_END, COND_ID, SCHEME_TYPE)
values (2556, 2260, null, '50003656', '51', null, 24, 8800, 89900, 24, 3500, 5900, 5000, '参与活动手机号码必须在绑定的手机内每月至少产生5M省内流量，共6个月。' || chr(10) || '' || chr(10) || '月返还话费35元，返还期内月最低消费88元，共返还24个月。', to_timestamp('07-04-2013 18:56:43.837000', 'dd-mm-yyyy hh24:mi:ss.ff'), null, 1, null, null, 1, null, to_timestamp('07-04-2013 18:55:09.000000', 'dd-mm-yyyy hh24:mi:ss.ff'), to_timestamp('30-06-2013 18:55:12.000000', 'dd-mm-yyyy hh24:mi:ss.ff'), '111200032785', 1);
insert into EB_OFFER (OFFER_ID, OFFER_GROUP_ID, OFFER_NAME, OFFER_NO, SHORT_NAME, OFFER_SORT, OFFER_TERM, COMMIT_MONTHLY, PREPAID, PERIOD, REFUND_MONTHLY, REFUND_1ST_MONTH, REFUND_LAST_MONTH, NOTES, CREATE_TIME, UPDATE_TIME, CREATE_USER_ID, UPDATE_USER_ID, ORIGINAL_OFFER_ID, LAST_STATUS, MERCHANT_ID, VALID_BEGIN, VALID_END, COND_ID, SCHEME_TYPE)
values (2139, 2120, '酷派8150', '50003180', '2', null, 18, 8000, 89900, 18, 4500, 8900, 0, '活动期内每月至少产生5M省内流量（不含彩信、手机视频等不计费流量），共6个月。月返还话费45元，共返还18个月，活动期内总计最低消费为1440元。', to_timestamp('08-11-2012 15:01:40.167000', 'dd-mm-yyyy hh24:mi:ss.ff'), null, 1, null, null, 1, null, to_timestamp('01-10-2012 00:00:00.000000', 'dd-mm-yyyy hh24:mi:ss.ff'), to_timestamp('25-03-2013 23:59:59.000000', 'dd-mm-yyyy hh24:mi:ss.ff'), '111200027194', 1);
insert into EB_OFFER (OFFER_ID, OFFER_GROUP_ID, OFFER_NAME, OFFER_NO, SHORT_NAME, OFFER_SORT, OFFER_TERM, COMMIT_MONTHLY, PREPAID, PERIOD, REFUND_MONTHLY, REFUND_1ST_MONTH, REFUND_LAST_MONTH, NOTES, CREATE_TIME, UPDATE_TIME, CREATE_USER_ID, UPDATE_USER_ID, ORIGINAL_OFFER_ID, LAST_STATUS, MERCHANT_ID, VALID_BEGIN, VALID_END, COND_ID, SCHEME_TYPE)
values (2200, 2160, '锦州T9D1', '50003260', '91', null, 12, 2500, 19900, 12, 1500, 1900, 0, '活动期内每个周期（从购机日至下月返还日前一日为一个周期）最少产生1次以上在本省通话（不含免费通话，如10086、V网内部通话、呼叫转移、移动总机通话等）共6个月。月返还话费15元，共返还12个月，活动总计最低消费为300元。', to_timestamp('20-11-2012 10:57:30.457000', 'dd-mm-yyyy hh24:mi:ss.ff'), null, 1, null, null, 1, null, to_timestamp('01-10-2012 10:16:05.000000', 'dd-mm-yyyy hh24:mi:ss.ff'), to_timestamp('20-03-2013 23:59:59.000000', 'dd-mm-yyyy hh24:mi:ss.ff'), '111200026675', 1);
insert into EB_OFFER (OFFER_ID, OFFER_GROUP_ID, OFFER_NAME, OFFER_NO, SHORT_NAME, OFFER_SORT, OFFER_TERM, COMMIT_MONTHLY, PREPAID, PERIOD, REFUND_MONTHLY, REFUND_1ST_MONTH, REFUND_LAST_MONTH, NOTES, CREATE_TIME, UPDATE_TIME, CREATE_USER_ID, UPDATE_USER_ID, ORIGINAL_OFFER_ID, LAST_STATUS, MERCHANT_ID, VALID_BEGIN, VALID_END, COND_ID, SCHEME_TYPE)
values (2201, 2160, '锦州T9D2', '50003261', '92', null, 18, 2000, 19900, 18, 1000, 1900, 0, '活动期内每个周期（从购机日至下月返还日前一日为一个周期）最少产生1次以上在本省通话（不含免费通话，如10086、V网内部通话、呼叫转移、移动总机通话等）共18个月。月返还话费10元，共返还18个月，活动总计最低消费为360元。', to_timestamp('20-11-2012 11:04:28.571000', 'dd-mm-yyyy hh24:mi:ss.ff'), null, 1, null, null, 1, null, to_timestamp('01-10-2012 11:00:19.000000', 'dd-mm-yyyy hh24:mi:ss.ff'), to_timestamp('20-03-2013 23:55:50.000000', 'dd-mm-yyyy hh24:mi:ss.ff'), '111200026675', 1);
insert into EB_OFFER (OFFER_ID, OFFER_GROUP_ID, OFFER_NAME, OFFER_NO, SHORT_NAME, OFFER_SORT, OFFER_TERM, COMMIT_MONTHLY, PREPAID, PERIOD, REFUND_MONTHLY, REFUND_1ST_MONTH, REFUND_LAST_MONTH, NOTES, CREATE_TIME, UPDATE_TIME, CREATE_USER_ID, UPDATE_USER_ID, ORIGINAL_OFFER_ID, LAST_STATUS, MERCHANT_ID, VALID_BEGIN, VALID_END, COND_ID, SCHEME_TYPE)
values (2202, 2160, '锦州HW2002D1', '50003262', '2', null, 18, 2000, 19900, 18, 1000, 1900, 0, '活动期内每个周期（从购机日至下月返还日前一日为一个周期）最少产生1次以上在本省通话（不含免费通话，如10086、V网内部通话、呼叫转移、移动总机通话等）共18个月。月返还话费10元，共返还18个月，活动总计最低消费为360元。', to_timestamp('20-11-2012 11:12:20.520000', 'dd-mm-yyyy hh24:mi:ss.ff'), null, 1, null, null, 1, null, to_timestamp('01-10-2012 11:05:37.000000', 'dd-mm-yyyy hh24:mi:ss.ff'), to_timestamp('20-03-2013 23:55:50.000000', 'dd-mm-yyyy hh24:mi:ss.ff'), '111200026673', 1);
insert into EB_OFFER (OFFER_ID, OFFER_GROUP_ID, OFFER_NAME, OFFER_NO, SHORT_NAME, OFFER_SORT, OFFER_TERM, COMMIT_MONTHLY, PREPAID, PERIOD, REFUND_MONTHLY, REFUND_1ST_MONTH, REFUND_LAST_MONTH, NOTES, CREATE_TIME, UPDATE_TIME, CREATE_USER_ID, UPDATE_USER_ID, ORIGINAL_OFFER_ID, LAST_STATUS, MERCHANT_ID, VALID_BEGIN, VALID_END, COND_ID, SCHEME_TYPE)
values (2205, 2160, '锦州三星E1228', '50003282', '122', null, 12, 2500, 19900, 12, 1500, 1900, 0, '活动期内每个周期（从购机日至下月返还日前一日为一个周期）最少产生1次以上在本省通话（不含免费通话，如10086、V网内部通话、呼叫转移、移动总机通话等）共6个月。月返还话费15元，共返还12个月，活动总计最低消费为300元。', to_timestamp('20-11-2012 11:30:25.951000', 'dd-mm-yyyy hh24:mi:ss.ff'), null, 1, null, null, 1, null, to_timestamp('01-10-2012 11:28:18.000000', 'dd-mm-yyyy hh24:mi:ss.ff'), to_timestamp('25-03-2013 23:55:50.000000', 'dd-mm-yyyy hh24:mi:ss.ff'), '111200026665', 1);
insert into EB_OFFER (OFFER_ID, OFFER_GROUP_ID, OFFER_NAME, OFFER_NO, SHORT_NAME, OFFER_SORT, OFFER_TERM, COMMIT_MONTHLY, PREPAID, PERIOD, REFUND_MONTHLY, REFUND_1ST_MONTH, REFUND_LAST_MONTH, NOTES, CREATE_TIME, UPDATE_TIME, CREATE_USER_ID, UPDATE_USER_ID, ORIGINAL_OFFER_ID, LAST_STATUS, MERCHANT_ID, VALID_BEGIN, VALID_END, COND_ID, SCHEME_TYPE)
values (2208, 2180, '联想 TD100 ', '50003302', '3', null, 12, 2500, 19900, 12, 1500, 1900, 0, '活动期内每个周期（从购机日至下月返还日前一日为一个周期）最少产生1次以上在本省通话（不含免费通话，如10086、V网内部通话、呼叫转移、移动总机通话等）共6个月。月返还话费15元，共返还12个月，活动总计最低消费为300元。', to_timestamp('20-11-2012 12:03:39.187000', 'dd-mm-yyyy hh24:mi:ss.ff'), null, 1, null, null, 1, null, to_timestamp('01-10-2012 12:01:24.000000', 'dd-mm-yyyy hh24:mi:ss.ff'), to_timestamp('25-03-2013 23:55:50.000000', 'dd-mm-yyyy hh24:mi:ss.ff'), '111200026669', 1);
insert into EB_OFFER (OFFER_ID, OFFER_GROUP_ID, OFFER_NAME, OFFER_NO, SHORT_NAME, OFFER_SORT, OFFER_TERM, COMMIT_MONTHLY, PREPAID, PERIOD, REFUND_MONTHLY, REFUND_1ST_MONTH, REFUND_LAST_MONTH, NOTES, CREATE_TIME, UPDATE_TIME, CREATE_USER_ID, UPDATE_USER_ID, ORIGINAL_OFFER_ID, LAST_STATUS, MERCHANT_ID, VALID_BEGIN, VALID_END, COND_ID, SCHEME_TYPE)
values (2220, 2160, '锦州中兴U805', '50003340', '805', null, 15, 2500, 29900, 15, 1800, 2900, 0, '活动期内每月至少产生5M省内流量（不含彩信、手机视频等不计费流量），共6个月。月返还话费18元，共返还15个月，活动总计最低消费为375元。', to_timestamp('20-11-2012 13:40:47.077000', 'dd-mm-yyyy hh24:mi:ss.ff'), null, 1, null, null, 1, null, to_timestamp('01-10-2012 13:36:28.000000', 'dd-mm-yyyy hh24:mi:ss.ff'), to_timestamp('25-03-2013 23:55:50.000000', 'dd-mm-yyyy hh24:mi:ss.ff'), '111200026703', 1);
insert into EB_OFFER (OFFER_ID, OFFER_GROUP_ID, OFFER_NAME, OFFER_NO, SHORT_NAME, OFFER_SORT, OFFER_TERM, COMMIT_MONTHLY, PREPAID, PERIOD, REFUND_MONTHLY, REFUND_1ST_MONTH, REFUND_LAST_MONTH, NOTES, CREATE_TIME, UPDATE_TIME, CREATE_USER_ID, UPDATE_USER_ID, ORIGINAL_OFFER_ID, LAST_STATUS, MERCHANT_ID, VALID_BEGIN, VALID_END, COND_ID, SCHEME_TYPE)
values (2221, 2160, '锦州中兴U880S', '50003341', '881', null, 18, 4500, 54900, 18, 3000, 900, 0, '活动期内每月至少产生5M省内流量（不含彩信、手机视频等不计费流量），共6个月。月返还话费30元，共返还18个月，活动总计最低消费为810元。', to_timestamp('20-11-2012 13:45:29.991000', 'dd-mm-yyyy hh24:mi:ss.ff'), null, 1, null, null, 1, null, to_timestamp('01-10-2012 13:41:58.000000', 'dd-mm-yyyy hh24:mi:ss.ff'), to_timestamp('25-03-2013 23:56:50.000000', 'dd-mm-yyyy hh24:mi:ss.ff'), '111200026695', 1);
insert into EB_OFFER (OFFER_ID, OFFER_GROUP_ID, OFFER_NAME, OFFER_NO, SHORT_NAME, OFFER_SORT, OFFER_TERM, COMMIT_MONTHLY, PREPAID, PERIOD, REFUND_MONTHLY, REFUND_1ST_MONTH, REFUND_LAST_MONTH, NOTES, CREATE_TIME, UPDATE_TIME, CREATE_USER_ID, UPDATE_USER_ID, ORIGINAL_OFFER_ID, LAST_STATUS, MERCHANT_ID, VALID_BEGIN, VALID_END, COND_ID, SCHEME_TYPE)
values (2222, 2160, '锦州中兴U880SD2', '50003342', '882', null, 24, 3800, 54900, 24, 2200, 2100, 0, '活动期内每月至少产生5M省内流量（不含彩信、手机视频等不计费流量），共6个月。月返还话费22元，共返还24个月，活动总计最低消费为912元。', to_timestamp('20-11-2012 13:48:29.081000', 'dd-mm-yyyy hh24:mi:ss.ff'), null, 1, null, null, 1, null, to_timestamp('01-10-2012 13:45:57.000000', 'dd-mm-yyyy hh24:mi:ss.ff'), to_timestamp('25-03-2013 23:55:50.000000', 'dd-mm-yyyy hh24:mi:ss.ff'), '111200026695', 1);
insert into EB_OFFER (OFFER_ID, OFFER_GROUP_ID, OFFER_NAME, OFFER_NO, SHORT_NAME, OFFER_SORT, OFFER_TERM, COMMIT_MONTHLY, PREPAID, PERIOD, REFUND_MONTHLY, REFUND_1ST_MONTH, REFUND_LAST_MONTH, NOTES, CREATE_TIME, UPDATE_TIME, CREATE_USER_ID, UPDATE_USER_ID, ORIGINAL_OFFER_ID, LAST_STATUS, MERCHANT_ID, VALID_BEGIN, VALID_END, COND_ID, SCHEME_TYPE)
values (2224, 2200, '朝阳中兴U805', '50003344', '805', null, 15, 2500, 29900, 15, 1800, 2900, 0, '活动期内每月至少产生5M省内流量（不含彩信、手机视频等不计费流量），共6个月。月返还话费18元，共返还15个月，活动总计最低消费为375元。', to_timestamp('20-11-2012 14:03:35.001000', 'dd-mm-yyyy hh24:mi:ss.ff'), null, 1, null, null, 1, null, to_timestamp('01-10-2012 13:56:16.000000', 'dd-mm-yyyy hh24:mi:ss.ff'), to_timestamp('20-03-2013 23:56:50.000000', 'dd-mm-yyyy hh24:mi:ss.ff'), '111200026703', 1);
insert into EB_OFFER (OFFER_ID, OFFER_GROUP_ID, OFFER_NAME, OFFER_NO, SHORT_NAME, OFFER_SORT, OFFER_TERM, COMMIT_MONTHLY, PREPAID, PERIOD, REFUND_MONTHLY, REFUND_1ST_MONTH, REFUND_LAST_MONTH, NOTES, CREATE_TIME, UPDATE_TIME, CREATE_USER_ID, UPDATE_USER_ID, ORIGINAL_OFFER_ID, LAST_STATUS, MERCHANT_ID, VALID_BEGIN, VALID_END, COND_ID, SCHEME_TYPE)
values (2225, 2200, '朝阳中兴U880S', '50003345', '880', null, 18, 4500, 54900, 18, 3000, 900, 0, '活动期内每月至少产生5M省内流量（不含彩信、手机视频等不计费流量），共6个月。月返还话费30元，共返还18个月，活动总计最低消费为675元。', to_timestamp('20-11-2012 14:08:16.828000', 'dd-mm-yyyy hh24:mi:ss.ff'), null, 1, null, null, 1, null, to_timestamp('01-10-2012 14:05:04.000000', 'dd-mm-yyyy hh24:mi:ss.ff'), to_timestamp('25-03-2013 23:55:50.000000', 'dd-mm-yyyy hh24:mi:ss.ff'), '111200026695', 1);
insert into EB_OFFER (OFFER_ID, OFFER_GROUP_ID, OFFER_NAME, OFFER_NO, SHORT_NAME, OFFER_SORT, OFFER_TERM, COMMIT_MONTHLY, PREPAID, PERIOD, REFUND_MONTHLY, REFUND_1ST_MONTH, REFUND_LAST_MONTH, NOTES, CREATE_TIME, UPDATE_TIME, CREATE_USER_ID, UPDATE_USER_ID, ORIGINAL_OFFER_ID, LAST_STATUS, MERCHANT_ID, VALID_BEGIN, VALID_END, COND_ID, SCHEME_TYPE)
values (2226, 2180, '天语 T580 ', '50003346', '7', null, 18, 4500, 54900, 18, 3000, 900, 0, '活动期内每月至少产生5M省内流量（不含彩信、手机视频等不计费流量），共6个月。月返还话费30元，共返还18个月，活动总计最低消费为810元。', to_timestamp('20-11-2012 14:08:22.159000', 'dd-mm-yyyy hh24:mi:ss.ff'), null, 1, null, null, 1, null, to_timestamp('01-10-2012 14:06:06.000000', 'dd-mm-yyyy hh24:mi:ss.ff'), to_timestamp('25-03-2013 23:55:50.000000', 'dd-mm-yyyy hh24:mi:ss.ff'), '111200026697', 1);
insert into EB_OFFER (OFFER_ID, OFFER_GROUP_ID, OFFER_NAME, OFFER_NO, SHORT_NAME, OFFER_SORT, OFFER_TERM, COMMIT_MONTHLY, PREPAID, PERIOD, REFUND_MONTHLY, REFUND_1ST_MONTH, REFUND_LAST_MONTH, NOTES, CREATE_TIME, UPDATE_TIME, CREATE_USER_ID, UPDATE_USER_ID, ORIGINAL_OFFER_ID, LAST_STATUS, MERCHANT_ID, VALID_BEGIN, VALID_END, COND_ID, SCHEME_TYPE)
values (2228, 2180, '三星 S5368 ', '50003348', '9', null, 18, 6500, 79900, 18, 4200, 4300, 0, '流量放拆包：活动期内每月至少产生5M省内流量（不含彩信、手机视频等不计费流量），共6个月。月返还话费42元，共返还18个月，活动总计最低消费为1170元。', to_timestamp('20-11-2012 14:17:53.666000', 'dd-mm-yyyy hh24:mi:ss.ff'), null, 1, null, null, 1, null, to_timestamp('01-10-2012 14:15:06.000000', 'dd-mm-yyyy hh24:mi:ss.ff'), to_timestamp('20-03-2013 23:55:50.000000', 'dd-mm-yyyy hh24:mi:ss.ff'), '111200026662', 1);
insert into EB_OFFER (OFFER_ID, OFFER_GROUP_ID, OFFER_NAME, OFFER_NO, SHORT_NAME, OFFER_SORT, OFFER_TERM, COMMIT_MONTHLY, PREPAID, PERIOD, REFUND_MONTHLY, REFUND_1ST_MONTH, REFUND_LAST_MONTH, NOTES, CREATE_TIME, UPDATE_TIME, CREATE_USER_ID, UPDATE_USER_ID, ORIGINAL_OFFER_ID, LAST_STATUS, MERCHANT_ID, VALID_BEGIN, VALID_END, COND_ID, SCHEME_TYPE)
values (2243, 2180, '华为 T8830', '50003353', '13', null, 18, 7500, 89900, 18, 4800, 3500, 0, '活动期内每月至少产生5M省内流量（不含彩信、手机视频等不计费流量），共6个月。月返还话费48元，共返还18个月，活动期内总计最低消费为1350元。', to_timestamp('20-11-2012 14:33:24.053000', 'dd-mm-yyyy hh24:mi:ss.ff'), null, 1, null, null, 1, null, to_timestamp('01-10-2012 14:31:07.000000', 'dd-mm-yyyy hh24:mi:ss.ff'), to_timestamp('20-03-2013 23:55:50.000000', 'dd-mm-yyyy hh24:mi:ss.ff'), '111200026652', 1);
insert into EB_OFFER (OFFER_ID, OFFER_GROUP_ID, OFFER_NAME, OFFER_NO, SHORT_NAME, OFFER_SORT, OFFER_TERM, COMMIT_MONTHLY, PREPAID, PERIOD, REFUND_MONTHLY, REFUND_1ST_MONTH, REFUND_LAST_MONTH, NOTES, CREATE_TIME, UPDATE_TIME, CREATE_USER_ID, UPDATE_USER_ID, ORIGINAL_OFFER_ID, LAST_STATUS, MERCHANT_ID, VALID_BEGIN, VALID_END, COND_ID, SCHEME_TYPE)
values (2260, 2180, '三星 S6358 ', '50003359', '19', null, 18, 11000, 129900, 18, 7000, 3900, 0, '活动期内每月至少产生5M省内流量（不含彩信、手机视频等不计费流量），共6个月。月返还话费70元，共返还18个月，活动期内总计最低消费为1980元。', to_timestamp('20-11-2012 15:01:44.004000', 'dd-mm-yyyy hh24:mi:ss.ff'), null, 1, null, null, 1, null, to_timestamp('01-10-2012 14:56:40.000000', 'dd-mm-yyyy hh24:mi:ss.ff'), to_timestamp('20-03-2013 23:56:50.000000', 'dd-mm-yyyy hh24:mi:ss.ff'), '111200026616', 1);
insert into EB_OFFER (OFFER_ID, OFFER_GROUP_ID, OFFER_NAME, OFFER_NO, SHORT_NAME, OFFER_SORT, OFFER_TERM, COMMIT_MONTHLY, PREPAID, PERIOD, REFUND_MONTHLY, REFUND_1ST_MONTH, REFUND_LAST_MONTH, NOTES, CREATE_TIME, UPDATE_TIME, CREATE_USER_ID, UPDATE_USER_ID, ORIGINAL_OFFER_ID, LAST_STATUS, MERCHANT_ID, VALID_BEGIN, VALID_END, COND_ID, SCHEME_TYPE)
values (2261, 2180, '摩托罗拉 MT680 ', '50003360', '20', null, 18, 14000, 169900, 18, 9000, 7900, 0, '活动期内每月至少产生5M省内流量（不含彩信、手机视频等不计费流量），共6个月。月返还话费90元，共返还18个月，活动期内总计最低消费为2520元。', to_timestamp('20-11-2012 15:05:32.904000', 'dd-mm-yyyy hh24:mi:ss.ff'), null, 1, null, null, 1, null, to_timestamp('01-10-2012 15:03:23.000000', 'dd-mm-yyyy hh24:mi:ss.ff'), to_timestamp('25-03-2013 23:55:50.000000', 'dd-mm-yyyy hh24:mi:ss.ff'), '111200026733', 1);
insert into EB_OFFER (OFFER_ID, OFFER_GROUP_ID, OFFER_NAME, OFFER_NO, SHORT_NAME, OFFER_SORT, OFFER_TERM, COMMIT_MONTHLY, PREPAID, PERIOD, REFUND_MONTHLY, REFUND_1ST_MONTH, REFUND_LAST_MONTH, NOTES, CREATE_TIME, UPDATE_TIME, CREATE_USER_ID, UPDATE_USER_ID, ORIGINAL_OFFER_ID, LAST_STATUS, MERCHANT_ID, VALID_BEGIN, VALID_END, COND_ID, SCHEME_TYPE)
values (2262, 2200, '朝阳华为T8830', '50003361', '830', null, 18, 7500, 89900, 18, 4800, 3500, 0, '活动期内每月至少产生5M省内流量（不含彩信、手机视频等不计费流量），共6个月。月返还话费48元，共返还18个月，活动期内总计最低消费为1350元。', to_timestamp('20-11-2012 15:06:45.981000', 'dd-mm-yyyy hh24:mi:ss.ff'), null, 1, null, null, 1, null, to_timestamp('01-10-2012 15:04:48.000000', 'dd-mm-yyyy hh24:mi:ss.ff'), to_timestamp('20-03-2013 23:55:50.000000', 'dd-mm-yyyy hh24:mi:ss.ff'), '111200026652', 1);
commit;
prompt 293 records loaded
prompt Loading EB_OFFER_GROUP...
insert into EB_OFFER_GROUP (OFFER_GROUP_ID, OFFER_GROUP_NAME, OFFER_TYPE, VALID_BEGIN, VALID_END, MARK, SHORT_NAME, OFFER_GROUP_SORT, KEYWORDS, DEFAULT_IMG, PAGE_DESC, WEBSITE, OFFER_GROUP_INTRO, CREATE_TIME, CHECK_TIME, UPDATE_TIME, ON_SALE_TIME, CREATE_USER_ID, CHECKER_USER_ID, UPDATE_USER_ID, AUDIT_STATUS, SHOW_STATUS, FULL_PATH_DEPLOY, ORIGINAL_OFFER_GROUP_ID, LAST_STATUS, MERCHANT_ID, OFFER_GROUP_NO, PROMO_TYPE, CATALOG_ID)
values (3002, 'asdf', 2, to_timestamp('08-05-2013 18:10:34.000000', 'dd-mm-yyyy hh24:mi:ss.ff'), to_timestamp('31-05-2013 18:10:36.000000', 'dd-mm-yyyy hh24:mi:ss.ff'), 'SS', 'SS', null, null, '/upload/ecps/resource/1369906039852101086146.jpg', null, null, null, to_timestamp('30-05-2013 17:27:26.319000', 'dd-mm-yyyy hh24:mi:ss.ff'), null, to_timestamp('30-05-2013 17:27:26.319000', 'dd-mm-yyyy hh24:mi:ss.ff'), null, 1, null, 1, 0, 1, null, null, null, null, '50003002', null, null);
insert into EB_OFFER_GROUP (OFFER_GROUP_ID, OFFER_GROUP_NAME, OFFER_TYPE, VALID_BEGIN, VALID_END, MARK, SHORT_NAME, OFFER_GROUP_SORT, KEYWORDS, DEFAULT_IMG, PAGE_DESC, WEBSITE, OFFER_GROUP_INTRO, CREATE_TIME, CHECK_TIME, UPDATE_TIME, ON_SALE_TIME, CREATE_USER_ID, CHECKER_USER_ID, UPDATE_USER_ID, AUDIT_STATUS, SHOW_STATUS, FULL_PATH_DEPLOY, ORIGINAL_OFFER_GROUP_ID, LAST_STATUS, MERCHANT_ID, OFFER_GROUP_NO, PROMO_TYPE, CATALOG_ID)
values (3004, 'as', 2, to_timestamp('16-05-2013 18:10:05.000000', 'dd-mm-yyyy hh24:mi:ss.ff'), to_timestamp('31-05-2013 18:10:08.000000', 'dd-mm-yyyy hh24:mi:ss.ff'), 'W', 'W', null, null, '/upload/ecps/resource/1369906221314151900996.jpg', null, null, null, to_timestamp('30-05-2013 17:30:39.423000', 'dd-mm-yyyy hh24:mi:ss.ff'), null, to_timestamp('30-05-2013 17:30:39.423000', 'dd-mm-yyyy hh24:mi:ss.ff'), null, 1, null, 1, 0, 1, null, null, null, null, '50003004', null, null);
insert into EB_OFFER_GROUP (OFFER_GROUP_ID, OFFER_GROUP_NAME, OFFER_TYPE, VALID_BEGIN, VALID_END, MARK, SHORT_NAME, OFFER_GROUP_SORT, KEYWORDS, DEFAULT_IMG, PAGE_DESC, WEBSITE, OFFER_GROUP_INTRO, CREATE_TIME, CHECK_TIME, UPDATE_TIME, ON_SALE_TIME, CREATE_USER_ID, CHECKER_USER_ID, UPDATE_USER_ID, AUDIT_STATUS, SHOW_STATUS, FULL_PATH_DEPLOY, ORIGINAL_OFFER_GROUP_ID, LAST_STATUS, MERCHANT_ID, OFFER_GROUP_NO, PROMO_TYPE, CATALOG_ID)
values (3001, 'adsf', 2, to_timestamp('30-05-2013 14:10:30.670000', 'dd-mm-yyyy hh24:mi:ss.ff'), to_timestamp('30-05-2013 14:10:30.670000', 'dd-mm-yyyy hh24:mi:ss.ff'), 'A', 'A', null, null, '/upload/ecps/resource/1369894227152188054562.jpg', null, null, null, to_timestamp('30-05-2013 14:10:30.670000', 'dd-mm-yyyy hh24:mi:ss.ff'), null, to_timestamp('30-05-2013 14:10:30.670000', 'dd-mm-yyyy hh24:mi:ss.ff'), null, 1, null, 1, 2, 1, null, null, null, null, '50003001', null, null);
insert into EB_OFFER_GROUP (OFFER_GROUP_ID, OFFER_GROUP_NAME, OFFER_TYPE, VALID_BEGIN, VALID_END, MARK, SHORT_NAME, OFFER_GROUP_SORT, KEYWORDS, DEFAULT_IMG, PAGE_DESC, WEBSITE, OFFER_GROUP_INTRO, CREATE_TIME, CHECK_TIME, UPDATE_TIME, ON_SALE_TIME, CREATE_USER_ID, CHECKER_USER_ID, UPDATE_USER_ID, AUDIT_STATUS, SHOW_STATUS, FULL_PATH_DEPLOY, ORIGINAL_OFFER_GROUP_ID, LAST_STATUS, MERCHANT_ID, OFFER_GROUP_NO, PROMO_TYPE, CATALOG_ID)
values (2100, '2012年4季度终端营销活动', 2, to_timestamp('01-10-2012 00:00:00.000000', 'dd-mm-yyyy hh24:mi:ss.ff'), to_timestamp('30-06-2013 16:46:34.000000', 'dd-mm-yyyy hh24:mi:ss.ff'), 'SZH', 'SZH', null, '存话费送手机', '/upload/ecps/resource/1353472432191101942351.jpg', '2012年4季度终端营销活动', null, '2012年4季度终端营销活动', to_timestamp('08-11-2012 09:30:43.134000', 'dd-mm-yyyy hh24:mi:ss.ff'), null, to_timestamp('30-01-2013 14:12:21.469000', 'dd-mm-yyyy hh24:mi:ss.ff'), null, 1, null, 1, 1, 1, null, null, null, null, null, null, null);
insert into EB_OFFER_GROUP (OFFER_GROUP_ID, OFFER_GROUP_NAME, OFFER_TYPE, VALID_BEGIN, VALID_END, MARK, SHORT_NAME, OFFER_GROUP_SORT, KEYWORDS, DEFAULT_IMG, PAGE_DESC, WEBSITE, OFFER_GROUP_INTRO, CREATE_TIME, CHECK_TIME, UPDATE_TIME, ON_SALE_TIME, CREATE_USER_ID, CHECKER_USER_ID, UPDATE_USER_ID, AUDIT_STATUS, SHOW_STATUS, FULL_PATH_DEPLOY, ORIGINAL_OFFER_GROUP_ID, LAST_STATUS, MERCHANT_ID, OFFER_GROUP_NO, PROMO_TYPE, CATALOG_ID)
values (2120, '大连2012年G3智能手机营销', 2, to_timestamp('01-10-2012 00:00:00.000000', 'dd-mm-yyyy hh24:mi:ss.ff'), to_timestamp('25-03-2013 23:59:59.000000', 'dd-mm-yyyy hh24:mi:ss.ff'), 'DGY', 'DGY', null, null, '/upload/ecps/resource/1352357580389162008972.jpg', null, null, '大连2012年G3智能手机营销', to_timestamp('08-11-2012 14:53:19.382000', 'dd-mm-yyyy hh24:mi:ss.ff'), null, to_timestamp('08-11-2012 14:53:19.382000', 'dd-mm-yyyy hh24:mi:ss.ff'), null, 1, null, 1, 1, 1, null, null, null, null, null, null, null);
insert into EB_OFFER_GROUP (OFFER_GROUP_ID, OFFER_GROUP_NAME, OFFER_TYPE, VALID_BEGIN, VALID_END, MARK, SHORT_NAME, OFFER_GROUP_SORT, KEYWORDS, DEFAULT_IMG, PAGE_DESC, WEBSITE, OFFER_GROUP_INTRO, CREATE_TIME, CHECK_TIME, UPDATE_TIME, ON_SALE_TIME, CREATE_USER_ID, CHECKER_USER_ID, UPDATE_USER_ID, AUDIT_STATUS, SHOW_STATUS, FULL_PATH_DEPLOY, ORIGINAL_OFFER_GROUP_ID, LAST_STATUS, MERCHANT_ID, OFFER_GROUP_NO, PROMO_TYPE, CATALOG_ID)
values (2200, '2012年4季度终端营销活动4', 2, to_timestamp('01-10-2012 08:20:00.000000', 'dd-mm-yyyy hh24:mi:ss.ff'), to_timestamp('25-03-2013 23:59:50.000000', 'dd-mm-yyyy hh24:mi:ss.ff'), 'CY', 'CY', null, '朝阳2012年4季度终端营销活动', '/upload/ecps/resource/1353390904920191824874.jpg', '朝阳2012年4季度终端营销活动', null, '朝阳2012年4季度终端营销活动', to_timestamp('20-11-2012 13:55:11.226000', 'dd-mm-yyyy hh24:mi:ss.ff'), null, to_timestamp('23-11-2012 09:19:19.899000', 'dd-mm-yyyy hh24:mi:ss.ff'), null, 1, null, 4000, 1, 1, null, null, null, null, null, null, null);
insert into EB_OFFER_GROUP (OFFER_GROUP_ID, OFFER_GROUP_NAME, OFFER_TYPE, VALID_BEGIN, VALID_END, MARK, SHORT_NAME, OFFER_GROUP_SORT, KEYWORDS, DEFAULT_IMG, PAGE_DESC, WEBSITE, OFFER_GROUP_INTRO, CREATE_TIME, CHECK_TIME, UPDATE_TIME, ON_SALE_TIME, CREATE_USER_ID, CHECKER_USER_ID, UPDATE_USER_ID, AUDIT_STATUS, SHOW_STATUS, FULL_PATH_DEPLOY, ORIGINAL_OFFER_GROUP_ID, LAST_STATUS, MERCHANT_ID, OFFER_GROUP_NO, PROMO_TYPE, CATALOG_ID)
values (2201, '兰博基尼测试', 2, to_timestamp('12-11-2012 14:29:30.000000', 'dd-mm-yyyy hh24:mi:ss.ff'), to_timestamp('31-12-2012 14:29:34.000000', 'dd-mm-yyyy hh24:mi:ss.ff'), 'AAA', 'AAA', 1, '兰博基尼测试', '/upload/ecps/resource/1353392913628169696690.jpg', '兰博基尼测试', null, '兰博基尼测试', to_timestamp('20-11-2012 14:28:42.530000', 'dd-mm-yyyy hh24:mi:ss.ff'), null, to_timestamp('20-11-2012 14:59:55.328000', 'dd-mm-yyyy hh24:mi:ss.ff'), null, 1, null, 1, 1, 1, null, null, null, null, null, null, null);
insert into EB_OFFER_GROUP (OFFER_GROUP_ID, OFFER_GROUP_NAME, OFFER_TYPE, VALID_BEGIN, VALID_END, MARK, SHORT_NAME, OFFER_GROUP_SORT, KEYWORDS, DEFAULT_IMG, PAGE_DESC, WEBSITE, OFFER_GROUP_INTRO, CREATE_TIME, CHECK_TIME, UPDATE_TIME, ON_SALE_TIME, CREATE_USER_ID, CHECKER_USER_ID, UPDATE_USER_ID, AUDIT_STATUS, SHOW_STATUS, FULL_PATH_DEPLOY, ORIGINAL_OFFER_GROUP_ID, LAST_STATUS, MERCHANT_ID, OFFER_GROUP_NO, PROMO_TYPE, CATALOG_ID)
values (2160, '2012年4季度终端营销活动6', 2, to_timestamp('01-10-2012 10:16:05.000000', 'dd-mm-yyyy hh24:mi:ss.ff'), to_timestamp('25-03-2013 23:56:50.000000', 'dd-mm-yyyy hh24:mi:ss.ff'), 'JZ', 'JZ', null, '锦州2012年4季度终端营销活动', '/upload/ecps/resource/1353377666078105257462.jpg', '锦州2012年4季度终端营销活动', null, '锦州2012年4季度终端营销活动', to_timestamp('20-11-2012 10:14:34.346000', 'dd-mm-yyyy hh24:mi:ss.ff'), null, to_timestamp('23-11-2012 09:20:16.310000', 'dd-mm-yyyy hh24:mi:ss.ff'), null, 1, null, 4000, 1, 1, null, null, null, null, null, null, null);
insert into EB_OFFER_GROUP (OFFER_GROUP_ID, OFFER_GROUP_NAME, OFFER_TYPE, VALID_BEGIN, VALID_END, MARK, SHORT_NAME, OFFER_GROUP_SORT, KEYWORDS, DEFAULT_IMG, PAGE_DESC, WEBSITE, OFFER_GROUP_INTRO, CREATE_TIME, CHECK_TIME, UPDATE_TIME, ON_SALE_TIME, CREATE_USER_ID, CHECKER_USER_ID, UPDATE_USER_ID, AUDIT_STATUS, SHOW_STATUS, FULL_PATH_DEPLOY, ORIGINAL_OFFER_GROUP_ID, LAST_STATUS, MERCHANT_ID, OFFER_GROUP_NO, PROMO_TYPE, CATALOG_ID)
values (2280, '2013年2季度裸机销售1', 2, to_timestamp('14-05-2013 13:36:51.000000', 'dd-mm-yyyy hh24:mi:ss.ff'), to_timestamp('31-05-2013 13:36:55.000000', 'dd-mm-yyyy hh24:mi:ss.ff'), 'LJA', 'LJA', null, '2013年2季度裸机销售', '/upload/ecps/resource/1365397923138400083883587.jpg', null, null, '2013年2季度裸机销售', to_timestamp('08-04-2013 13:12:15.009000', 'dd-mm-yyyy hh24:mi:ss.ff'), null, to_timestamp('30-05-2013 14:00:01.705000', 'dd-mm-yyyy hh24:mi:ss.ff'), null, 4000, null, 1, 1, 1, null, null, null, null, null, null, null);
insert into EB_OFFER_GROUP (OFFER_GROUP_ID, OFFER_GROUP_NAME, OFFER_TYPE, VALID_BEGIN, VALID_END, MARK, SHORT_NAME, OFFER_GROUP_SORT, KEYWORDS, DEFAULT_IMG, PAGE_DESC, WEBSITE, OFFER_GROUP_INTRO, CREATE_TIME, CHECK_TIME, UPDATE_TIME, ON_SALE_TIME, CREATE_USER_ID, CHECKER_USER_ID, UPDATE_USER_ID, AUDIT_STATUS, SHOW_STATUS, FULL_PATH_DEPLOY, ORIGINAL_OFFER_GROUP_ID, LAST_STATUS, MERCHANT_ID, OFFER_GROUP_NO, PROMO_TYPE, CATALOG_ID)
values (2140, '2012年4季度终端营销活动华为T8828', 2, to_timestamp('01-10-2012 12:44:53.000000', 'dd-mm-yyyy hh24:mi:ss.ff'), to_timestamp('31-12-2012 23:59:59.000000', 'dd-mm-yyyy hh24:mi:ss.ff'), 'SZW', 'SZW', null, '2012年4季度终端营销活动', '/upload/ecps/resource/1352868014470134334674.jpg', '2012年4季度终端营销活动', null, '2012年4季度终端营销活动', to_timestamp('14-11-2012 12:44:13.454000', 'dd-mm-yyyy hh24:mi:ss.ff'), null, to_timestamp('08-12-2012 16:03:44.289000', 'dd-mm-yyyy hh24:mi:ss.ff'), null, 1, null, 4040, 1, 1, null, null, null, null, null, null, null);
insert into EB_OFFER_GROUP (OFFER_GROUP_ID, OFFER_GROUP_NAME, OFFER_TYPE, VALID_BEGIN, VALID_END, MARK, SHORT_NAME, OFFER_GROUP_SORT, KEYWORDS, DEFAULT_IMG, PAGE_DESC, WEBSITE, OFFER_GROUP_INTRO, CREATE_TIME, CHECK_TIME, UPDATE_TIME, ON_SALE_TIME, CREATE_USER_ID, CHECKER_USER_ID, UPDATE_USER_ID, AUDIT_STATUS, SHOW_STATUS, FULL_PATH_DEPLOY, ORIGINAL_OFFER_GROUP_ID, LAST_STATUS, MERCHANT_ID, OFFER_GROUP_NO, PROMO_TYPE, CATALOG_ID)
values (2240, '2012年4季度终端营销活动1', 2, to_timestamp('01-10-2012 12:51:17.000000', 'dd-mm-yyyy hh24:mi:ss.ff'), to_timestamp('25-03-2013 23:55:50.000000', 'dd-mm-yyyy hh24:mi:ss.ff'), 'TL', 'TL', null, '铁岭2012年4季度终端营销活动', '/upload/ecps/resource/1353472221483135204638.jpg', '铁岭2012年4季度终端营销活动', null, '铁岭2012年4季度终端营销活动', to_timestamp('21-11-2012 12:30:34.261000', 'dd-mm-yyyy hh24:mi:ss.ff'), null, to_timestamp('23-11-2012 09:18:37.669000', 'dd-mm-yyyy hh24:mi:ss.ff'), null, 1, null, 4000, 1, 1, null, null, null, null, null, null, null);
insert into EB_OFFER_GROUP (OFFER_GROUP_ID, OFFER_GROUP_NAME, OFFER_TYPE, VALID_BEGIN, VALID_END, MARK, SHORT_NAME, OFFER_GROUP_SORT, KEYWORDS, DEFAULT_IMG, PAGE_DESC, WEBSITE, OFFER_GROUP_INTRO, CREATE_TIME, CHECK_TIME, UPDATE_TIME, ON_SALE_TIME, CREATE_USER_ID, CHECKER_USER_ID, UPDATE_USER_ID, AUDIT_STATUS, SHOW_STATUS, FULL_PATH_DEPLOY, ORIGINAL_OFFER_GROUP_ID, LAST_STATUS, MERCHANT_ID, OFFER_GROUP_NO, PROMO_TYPE, CATALOG_ID)
values (2260, '2013年2季度终端营销活动', 2, to_timestamp('07-04-2013 15:24:11.000000', 'dd-mm-yyyy hh24:mi:ss.ff'), to_timestamp('30-07-2013 21:01:33.000000', 'dd-mm-yyyy hh24:mi:ss.ff'), 'EJD', 'EJD', null, '2013年2季度终端营销活动', '/upload/ecps/resource/1365401729951400013648600.jpg', '2013年2季度终端营销活动', null, '2013年2季度终端营销活动', to_timestamp('07-04-2013 14:48:52.720000', 'dd-mm-yyyy hh24:mi:ss.ff'), null, to_timestamp('08-04-2013 14:15:33.272000', 'dd-mm-yyyy hh24:mi:ss.ff'), to_timestamp('09-04-2013 17:01:40.397000', 'dd-mm-yyyy hh24:mi:ss.ff'), 4000, null, 4000, 1, 0, null, null, null, null, null, null, null);
insert into EB_OFFER_GROUP (OFFER_GROUP_ID, OFFER_GROUP_NAME, OFFER_TYPE, VALID_BEGIN, VALID_END, MARK, SHORT_NAME, OFFER_GROUP_SORT, KEYWORDS, DEFAULT_IMG, PAGE_DESC, WEBSITE, OFFER_GROUP_INTRO, CREATE_TIME, CHECK_TIME, UPDATE_TIME, ON_SALE_TIME, CREATE_USER_ID, CHECKER_USER_ID, UPDATE_USER_ID, AUDIT_STATUS, SHOW_STATUS, FULL_PATH_DEPLOY, ORIGINAL_OFFER_GROUP_ID, LAST_STATUS, MERCHANT_ID, OFFER_GROUP_NO, PROMO_TYPE, CATALOG_ID)
values (2180, '2012年4季度终端营销活动5', 2, to_timestamp('01-10-2012 11:47:48.000000', 'dd-mm-yyyy hh24:mi:ss.ff'), to_timestamp('25-03-2013 23:55:50.000000', 'dd-mm-yyyy hh24:mi:ss.ff'), 'LY', 'LY', null, null, '/upload/ecps/resource/1353380686017115937516.jpg', null, null, '辽阳2012年4季度终端营销活动', to_timestamp('20-11-2012 11:05:09.325000', 'dd-mm-yyyy hh24:mi:ss.ff'), null, to_timestamp('23-11-2012 09:20:04.160000', 'dd-mm-yyyy hh24:mi:ss.ff'), null, 1, null, 4000, 1, 1, null, null, null, null, null, null, null);
insert into EB_OFFER_GROUP (OFFER_GROUP_ID, OFFER_GROUP_NAME, OFFER_TYPE, VALID_BEGIN, VALID_END, MARK, SHORT_NAME, OFFER_GROUP_SORT, KEYWORDS, DEFAULT_IMG, PAGE_DESC, WEBSITE, OFFER_GROUP_INTRO, CREATE_TIME, CHECK_TIME, UPDATE_TIME, ON_SALE_TIME, CREATE_USER_ID, CHECKER_USER_ID, UPDATE_USER_ID, AUDIT_STATUS, SHOW_STATUS, FULL_PATH_DEPLOY, ORIGINAL_OFFER_GROUP_ID, LAST_STATUS, MERCHANT_ID, OFFER_GROUP_NO, PROMO_TYPE, CATALOG_ID)
values (2220, '2012年4季度终端营销活动3', 2, to_timestamp('01-10-2012 11:42:55.000000', 'dd-mm-yyyy hh24:mi:ss.ff'), to_timestamp('25-03-2013 23:58:50.000000', 'dd-mm-yyyy hh24:mi:ss.ff'), 'FS', 'FS', null, '抚顺2012年4季度终端营销活动', '/upload/ecps/resource/1353463290574124618248.jpg', '抚顺2012年4季度终端营销活动', null, '抚顺2012年4季度终端营销活动', to_timestamp('21-11-2012 10:01:50.350000', 'dd-mm-yyyy hh24:mi:ss.ff'), null, to_timestamp('23-11-2012 09:19:04.339000', 'dd-mm-yyyy hh24:mi:ss.ff'), null, 1, null, 4000, 1, 1, null, null, null, null, null, null, null);
insert into EB_OFFER_GROUP (OFFER_GROUP_ID, OFFER_GROUP_NAME, OFFER_TYPE, VALID_BEGIN, VALID_END, MARK, SHORT_NAME, OFFER_GROUP_SORT, KEYWORDS, DEFAULT_IMG, PAGE_DESC, WEBSITE, OFFER_GROUP_INTRO, CREATE_TIME, CHECK_TIME, UPDATE_TIME, ON_SALE_TIME, CREATE_USER_ID, CHECKER_USER_ID, UPDATE_USER_ID, AUDIT_STATUS, SHOW_STATUS, FULL_PATH_DEPLOY, ORIGINAL_OFFER_GROUP_ID, LAST_STATUS, MERCHANT_ID, OFFER_GROUP_NO, PROMO_TYPE, CATALOG_ID)
values (2221, '2012年4季度终端营销活动2', 2, to_timestamp('01-10-2012 00:00:00.000000', 'dd-mm-yyyy hh24:mi:ss.ff'), to_timestamp('25-03-2013 23:59:59.000000', 'dd-mm-yyyy hh24:mi:ss.ff'), 'PJ', 'PJ', null, '盘锦2012年4季度终端营销活动', '/upload/ecps/resource/1353463960761118615248.jpg', '盘锦2012年4季度终端营销活动', null, '盘锦2012年4季度终端营销活动', to_timestamp('21-11-2012 10:12:49.400000', 'dd-mm-yyyy hh24:mi:ss.ff'), null, to_timestamp('23-11-2012 09:18:51.188000', 'dd-mm-yyyy hh24:mi:ss.ff'), null, 1, null, 4000, 1, 1, null, null, null, null, null, null, null);
commit;
prompt 15 records loaded
prompt Loading EB_OFFER_GROUP_AREA...
insert into EB_OFFER_GROUP_AREA (AREA_ID, OFFER_GROUP_ID)
values (10010, 3002);
insert into EB_OFFER_GROUP_AREA (AREA_ID, OFFER_GROUP_ID)
values (10011, 3002);
insert into EB_OFFER_GROUP_AREA (AREA_ID, OFFER_GROUP_ID)
values (10012, 3002);
insert into EB_OFFER_GROUP_AREA (AREA_ID, OFFER_GROUP_ID)
values (10006, 3004);
insert into EB_OFFER_GROUP_AREA (AREA_ID, OFFER_GROUP_ID)
values (10010, 3020);
insert into EB_OFFER_GROUP_AREA (AREA_ID, OFFER_GROUP_ID)
values (10011, 3020);
insert into EB_OFFER_GROUP_AREA (AREA_ID, OFFER_GROUP_ID)
values (10012, 3020);
insert into EB_OFFER_GROUP_AREA (AREA_ID, OFFER_GROUP_ID)
values (10010, 2280);
insert into EB_OFFER_GROUP_AREA (AREA_ID, OFFER_GROUP_ID)
values (10011, 2280);
insert into EB_OFFER_GROUP_AREA (AREA_ID, OFFER_GROUP_ID)
values (10012, 2280);
insert into EB_OFFER_GROUP_AREA (AREA_ID, OFFER_GROUP_ID)
values (10013, 2280);
insert into EB_OFFER_GROUP_AREA (AREA_ID, OFFER_GROUP_ID)
values (10014, 2280);
insert into EB_OFFER_GROUP_AREA (AREA_ID, OFFER_GROUP_ID)
values (10001, 2280);
insert into EB_OFFER_GROUP_AREA (AREA_ID, OFFER_GROUP_ID)
values (10002, 2280);
insert into EB_OFFER_GROUP_AREA (AREA_ID, OFFER_GROUP_ID)
values (10003, 2280);
insert into EB_OFFER_GROUP_AREA (AREA_ID, OFFER_GROUP_ID)
values (10004, 2280);
insert into EB_OFFER_GROUP_AREA (AREA_ID, OFFER_GROUP_ID)
values (10005, 2280);
insert into EB_OFFER_GROUP_AREA (AREA_ID, OFFER_GROUP_ID)
values (10006, 2280);
insert into EB_OFFER_GROUP_AREA (AREA_ID, OFFER_GROUP_ID)
values (10007, 2280);
insert into EB_OFFER_GROUP_AREA (AREA_ID, OFFER_GROUP_ID)
values (10008, 2280);
insert into EB_OFFER_GROUP_AREA (AREA_ID, OFFER_GROUP_ID)
values (10009, 2280);
insert into EB_OFFER_GROUP_AREA (AREA_ID, OFFER_GROUP_ID)
values (10010, 3000);
insert into EB_OFFER_GROUP_AREA (AREA_ID, OFFER_GROUP_ID)
values (10008, 3001);
insert into EB_OFFER_GROUP_AREA (AREA_ID, OFFER_GROUP_ID)
values (10003, 2120);
insert into EB_OFFER_GROUP_AREA (AREA_ID, OFFER_GROUP_ID)
values (10001, 2060);
insert into EB_OFFER_GROUP_AREA (AREA_ID, OFFER_GROUP_ID)
values (10004, 2020);
insert into EB_OFFER_GROUP_AREA (AREA_ID, OFFER_GROUP_ID)
values (10003, 2040);
insert into EB_OFFER_GROUP_AREA (AREA_ID, OFFER_GROUP_ID)
values (10005, 2080);
insert into EB_OFFER_GROUP_AREA (AREA_ID, OFFER_GROUP_ID)
values (10006, 2081);
insert into EB_OFFER_GROUP_AREA (AREA_ID, OFFER_GROUP_ID)
values (10007, 2082);
insert into EB_OFFER_GROUP_AREA (AREA_ID, OFFER_GROUP_ID)
values (10008, 2083);
insert into EB_OFFER_GROUP_AREA (AREA_ID, OFFER_GROUP_ID)
values (10009, 2084);
insert into EB_OFFER_GROUP_AREA (AREA_ID, OFFER_GROUP_ID)
values (10010, 2085);
insert into EB_OFFER_GROUP_AREA (AREA_ID, OFFER_GROUP_ID)
values (10011, 2086);
insert into EB_OFFER_GROUP_AREA (AREA_ID, OFFER_GROUP_ID)
values (10002, 2087);
insert into EB_OFFER_GROUP_AREA (AREA_ID, OFFER_GROUP_ID)
values (10012, 2088);
insert into EB_OFFER_GROUP_AREA (AREA_ID, OFFER_GROUP_ID)
values (10013, 2089);
insert into EB_OFFER_GROUP_AREA (AREA_ID, OFFER_GROUP_ID)
values (10014, 2090);
insert into EB_OFFER_GROUP_AREA (AREA_ID, OFFER_GROUP_ID)
values (10001, 2100);
insert into EB_OFFER_GROUP_AREA (AREA_ID, OFFER_GROUP_ID)
values (10003, 2100);
insert into EB_OFFER_GROUP_AREA (AREA_ID, OFFER_GROUP_ID)
values (10004, 2100);
insert into EB_OFFER_GROUP_AREA (AREA_ID, OFFER_GROUP_ID)
values (10006, 2100);
insert into EB_OFFER_GROUP_AREA (AREA_ID, OFFER_GROUP_ID)
values (10007, 2100);
insert into EB_OFFER_GROUP_AREA (AREA_ID, OFFER_GROUP_ID)
values (10009, 2100);
insert into EB_OFFER_GROUP_AREA (AREA_ID, OFFER_GROUP_ID)
values (10010, 2100);
insert into EB_OFFER_GROUP_AREA (AREA_ID, OFFER_GROUP_ID)
values (10014, 2100);
insert into EB_OFFER_GROUP_AREA (AREA_ID, OFFER_GROUP_ID)
values (10001, 2260);
insert into EB_OFFER_GROUP_AREA (AREA_ID, OFFER_GROUP_ID)
values (10002, 2260);
insert into EB_OFFER_GROUP_AREA (AREA_ID, OFFER_GROUP_ID)
values (10003, 2260);
insert into EB_OFFER_GROUP_AREA (AREA_ID, OFFER_GROUP_ID)
values (10004, 2260);
insert into EB_OFFER_GROUP_AREA (AREA_ID, OFFER_GROUP_ID)
values (10005, 2260);
insert into EB_OFFER_GROUP_AREA (AREA_ID, OFFER_GROUP_ID)
values (10006, 2260);
insert into EB_OFFER_GROUP_AREA (AREA_ID, OFFER_GROUP_ID)
values (10007, 2260);
insert into EB_OFFER_GROUP_AREA (AREA_ID, OFFER_GROUP_ID)
values (10008, 2260);
insert into EB_OFFER_GROUP_AREA (AREA_ID, OFFER_GROUP_ID)
values (10009, 2260);
insert into EB_OFFER_GROUP_AREA (AREA_ID, OFFER_GROUP_ID)
values (10010, 2260);
insert into EB_OFFER_GROUP_AREA (AREA_ID, OFFER_GROUP_ID)
values (10011, 2260);
insert into EB_OFFER_GROUP_AREA (AREA_ID, OFFER_GROUP_ID)
values (10012, 2260);
insert into EB_OFFER_GROUP_AREA (AREA_ID, OFFER_GROUP_ID)
values (10013, 2260);
insert into EB_OFFER_GROUP_AREA (AREA_ID, OFFER_GROUP_ID)
values (10014, 2260);
insert into EB_OFFER_GROUP_AREA (AREA_ID, OFFER_GROUP_ID)
values (10001, 2000);
insert into EB_OFFER_GROUP_AREA (AREA_ID, OFFER_GROUP_ID)
values (10001, 2140);
insert into EB_OFFER_GROUP_AREA (AREA_ID, OFFER_GROUP_ID)
values (10004, 2140);
insert into EB_OFFER_GROUP_AREA (AREA_ID, OFFER_GROUP_ID)
values (10007, 2140);
insert into EB_OFFER_GROUP_AREA (AREA_ID, OFFER_GROUP_ID)
values (10009, 2140);
insert into EB_OFFER_GROUP_AREA (AREA_ID, OFFER_GROUP_ID)
values (10012, 2140);
insert into EB_OFFER_GROUP_AREA (AREA_ID, OFFER_GROUP_ID)
values (10013, 2140);
insert into EB_OFFER_GROUP_AREA (AREA_ID, OFFER_GROUP_ID)
values (10014, 2140);
insert into EB_OFFER_GROUP_AREA (AREA_ID, OFFER_GROUP_ID)
values (10011, 2180);
insert into EB_OFFER_GROUP_AREA (AREA_ID, OFFER_GROUP_ID)
values (10002, 2240);
insert into EB_OFFER_GROUP_AREA (AREA_ID, OFFER_GROUP_ID)
values (10013, 2221);
insert into EB_OFFER_GROUP_AREA (AREA_ID, OFFER_GROUP_ID)
values (10005, 2220);
insert into EB_OFFER_GROUP_AREA (AREA_ID, OFFER_GROUP_ID)
values (10012, 2200);
insert into EB_OFFER_GROUP_AREA (AREA_ID, OFFER_GROUP_ID)
values (10008, 2160);
insert into EB_OFFER_GROUP_AREA (AREA_ID, OFFER_GROUP_ID)
values (10001, 2201);
commit;
prompt 75 records loaded
prompt Loading EB_OFFER_PRODUCT...
prompt Table is empty
prompt Loading EB_ORDER...
insert into EB_ORDER (ORDER_ID, PTL_USER_ID, USERNAME, ORDER_NUM, PAYMENT, PAY_PLATFORM, DELIVERY, IS_CONFIRM, ORDER_SUM, SHIP_FEE, IS_PAID, ORDER_STATE, PAYMENT_CASH, DISTRI_ID, DELIVERY_METHOD, PAYMENT_NO, ORDER_TIME, PAY_TIME, DEPOSIT_TIME, SUCCESS_TIME, UPDATE_TIME, SRV_TYPE, SELF_COLLECT_SITE, SELF_COLLECT_SITE_ID, IS_DELETED, IS_DISPLAY, NOTES, SHIP_NAME, PROVINCE, CITY, DISTRICT, ZIP_CODE, ADDR, PHONE, PAYABLE, COMPANY, CONTENTS, IS_CALL, DELIVERY_NO, AREA_CODE, AREA_NAME, IS_PRINT, CRM_CALLS_TIME, IS_OFFER_RELEASE, JOB_NUM, ORDER_TYPE, FIXED_PHONE, ATTACH_FILE, RETURN_TYPE, SECKILL_ID, ORDER_SOURCE, ORDER_EXT1, ORDER_EXT2, ORDER_EXT3, ORDER_EXT4, ORDER_EXT5)
values (3004, 3003, 'shaoh', '20130528003004', 1, 1, 1, 0, 3300, 0, 1, 1, 0, null, 1, '1369733385980109', to_timestamp('28-05-2013 17:29:32.090000', 'dd-mm-yyyy hh24:mi:ss.ff'), to_timestamp('28-05-2013 17:29:46.000000', 'dd-mm-yyyy hh24:mi:ss.ff'), to_timestamp('28-05-2013 17:29:51.216000', 'dd-mm-yyyy hh24:mi:ss.ff'), null, to_timestamp('28-05-2013 17:29:51.678000', 'dd-mm-yyyy hh24:mi:ss.ff'), 0, null, 0, 0, null, null, 'a', '北京市', '市辖区', '东城区', null, 'a', '18710053109', 0, null, 1, 0, null, null, null, 0, null, 0, null, 1, null, null, null, null, null, null, null, null, null, null);
insert into EB_ORDER (ORDER_ID, PTL_USER_ID, USERNAME, ORDER_NUM, PAYMENT, PAY_PLATFORM, DELIVERY, IS_CONFIRM, ORDER_SUM, SHIP_FEE, IS_PAID, ORDER_STATE, PAYMENT_CASH, DISTRI_ID, DELIVERY_METHOD, PAYMENT_NO, ORDER_TIME, PAY_TIME, DEPOSIT_TIME, SUCCESS_TIME, UPDATE_TIME, SRV_TYPE, SELF_COLLECT_SITE, SELF_COLLECT_SITE_ID, IS_DELETED, IS_DISPLAY, NOTES, SHIP_NAME, PROVINCE, CITY, DISTRICT, ZIP_CODE, ADDR, PHONE, PAYABLE, COMPANY, CONTENTS, IS_CALL, DELIVERY_NO, AREA_CODE, AREA_NAME, IS_PRINT, CRM_CALLS_TIME, IS_OFFER_RELEASE, JOB_NUM, ORDER_TYPE, FIXED_PHONE, ATTACH_FILE, RETURN_TYPE, SECKILL_ID, ORDER_SOURCE, ORDER_EXT1, ORDER_EXT2, ORDER_EXT3, ORDER_EXT4, ORDER_EXT5)
values (3005, 3007, '13678987898', '20130530003005', 1, 1, 1, 0, 94900, 0, 1, 6, 0, 2001, 1, '1369880714089460', to_timestamp('30-05-2013 10:23:29.465000', 'dd-mm-yyyy hh24:mi:ss.ff'), to_timestamp('30-05-2013 10:25:14.089000', 'dd-mm-yyyy hh24:mi:ss.ff'), to_timestamp('30-05-2013 10:25:16.770000', 'dd-mm-yyyy hh24:mi:ss.ff'), null, to_timestamp('30-05-2013 10:27:25.788000', 'dd-mm-yyyy hh24:mi:ss.ff'), 2, null, 0, 0, null, null, 'ccvv', '云南省', '昆明市', '盘龙区', null, 'ccvv', '13688888888', 0, null, 1, 0, '123456', '240', '沈阳', 0, to_timestamp('30-05-2013 10:27:00.979000', 'dd-mm-yyyy hh24:mi:ss.ff'), 2, 'orderNum', 3, null, null, null, null, null, null, null, null, null, null);
insert into EB_ORDER (ORDER_ID, PTL_USER_ID, USERNAME, ORDER_NUM, PAYMENT, PAY_PLATFORM, DELIVERY, IS_CONFIRM, ORDER_SUM, SHIP_FEE, IS_PAID, ORDER_STATE, PAYMENT_CASH, DISTRI_ID, DELIVERY_METHOD, PAYMENT_NO, ORDER_TIME, PAY_TIME, DEPOSIT_TIME, SUCCESS_TIME, UPDATE_TIME, SRV_TYPE, SELF_COLLECT_SITE, SELF_COLLECT_SITE_ID, IS_DELETED, IS_DISPLAY, NOTES, SHIP_NAME, PROVINCE, CITY, DISTRICT, ZIP_CODE, ADDR, PHONE, PAYABLE, COMPANY, CONTENTS, IS_CALL, DELIVERY_NO, AREA_CODE, AREA_NAME, IS_PRINT, CRM_CALLS_TIME, IS_OFFER_RELEASE, JOB_NUM, ORDER_TYPE, FIXED_PHONE, ATTACH_FILE, RETURN_TYPE, SECKILL_ID, ORDER_SOURCE, ORDER_EXT1, ORDER_EXT2, ORDER_EXT3, ORDER_EXT4, ORDER_EXT5)
values (3043, 3002, '13888888888', '20130618003050', 2, 1, 1, 1, 399900, 0, 0, 1, 1, null, 1, null, to_timestamp('18-06-2013 14:34:35.263000', 'dd-mm-yyyy hh24:mi:ss.ff'), null, null, null, null, 0, null, 0, 0, null, null, '代理商', '辽宁省', '沈阳', '沈河区', null, '代理商', '13888888888', 1, null, 1, 0, null, null, null, 0, null, 0, null, 1, null, null, null, null, 1, null, null, null, null, 'admin');
insert into EB_ORDER (ORDER_ID, PTL_USER_ID, USERNAME, ORDER_NUM, PAYMENT, PAY_PLATFORM, DELIVERY, IS_CONFIRM, ORDER_SUM, SHIP_FEE, IS_PAID, ORDER_STATE, PAYMENT_CASH, DISTRI_ID, DELIVERY_METHOD, PAYMENT_NO, ORDER_TIME, PAY_TIME, DEPOSIT_TIME, SUCCESS_TIME, UPDATE_TIME, SRV_TYPE, SELF_COLLECT_SITE, SELF_COLLECT_SITE_ID, IS_DELETED, IS_DISPLAY, NOTES, SHIP_NAME, PROVINCE, CITY, DISTRICT, ZIP_CODE, ADDR, PHONE, PAYABLE, COMPANY, CONTENTS, IS_CALL, DELIVERY_NO, AREA_CODE, AREA_NAME, IS_PRINT, CRM_CALLS_TIME, IS_OFFER_RELEASE, JOB_NUM, ORDER_TYPE, FIXED_PHONE, ATTACH_FILE, RETURN_TYPE, SECKILL_ID, ORDER_SOURCE, ORDER_EXT1, ORDER_EXT2, ORDER_EXT3, ORDER_EXT4, ORDER_EXT5)
values (3002, 3004, '13688888888', '20130527003002', 1, 1, 1, 0, 100, 0, 1, 1, 0, null, 1, null, to_timestamp('27-05-2013 10:34:38.502000', 'dd-mm-yyyy hh24:mi:ss.ff'), to_timestamp('18-06-2013 16:22:23.564000', 'dd-mm-yyyy hh24:mi:ss.ff'), null, null, to_timestamp('18-06-2013 16:22:23.583000', 'dd-mm-yyyy hh24:mi:ss.ff'), 0, null, 0, 0, null, '订单备注', 'ccvv', '云南省', '昆明市', '盘龙区', null, 'ccvv', '13688888888', 2, 'cagfsdfas', 1, 0, null, null, null, 0, null, 0, null, 1, null, null, null, null, null, null, null, null, null, null);
insert into EB_ORDER (ORDER_ID, PTL_USER_ID, USERNAME, ORDER_NUM, PAYMENT, PAY_PLATFORM, DELIVERY, IS_CONFIRM, ORDER_SUM, SHIP_FEE, IS_PAID, ORDER_STATE, PAYMENT_CASH, DISTRI_ID, DELIVERY_METHOD, PAYMENT_NO, ORDER_TIME, PAY_TIME, DEPOSIT_TIME, SUCCESS_TIME, UPDATE_TIME, SRV_TYPE, SELF_COLLECT_SITE, SELF_COLLECT_SITE_ID, IS_DELETED, IS_DISPLAY, NOTES, SHIP_NAME, PROVINCE, CITY, DISTRICT, ZIP_CODE, ADDR, PHONE, PAYABLE, COMPANY, CONTENTS, IS_CALL, DELIVERY_NO, AREA_CODE, AREA_NAME, IS_PRINT, CRM_CALLS_TIME, IS_OFFER_RELEASE, JOB_NUM, ORDER_TYPE, FIXED_PHONE, ATTACH_FILE, RETURN_TYPE, SECKILL_ID, ORDER_SOURCE, ORDER_EXT1, ORDER_EXT2, ORDER_EXT3, ORDER_EXT4, ORDER_EXT5)
values (3003, 3004, '13688888888', '20130527003003', 1, 1, 1, 0, 399900, 0, 1, 1, 0, null, 1, null, to_timestamp('27-05-2013 10:41:57.460000', 'dd-mm-yyyy hh24:mi:ss.ff'), to_timestamp('14-06-2013 14:11:33.250000', 'dd-mm-yyyy hh24:mi:ss.ff'), null, null, to_timestamp('14-06-2013 14:11:33.265000', 'dd-mm-yyyy hh24:mi:ss.ff'), 2, null, 0, 0, null, null, 'ccvv', '云南省', '昆明市', '盘龙区', null, 'ccvv', '13688888888', 0, null, 1, 0, null, '240', '沈阳', 0, null, 0, null, 3, null, null, null, null, null, null, null, null, null, null);
insert into EB_ORDER (ORDER_ID, PTL_USER_ID, USERNAME, ORDER_NUM, PAYMENT, PAY_PLATFORM, DELIVERY, IS_CONFIRM, ORDER_SUM, SHIP_FEE, IS_PAID, ORDER_STATE, PAYMENT_CASH, DISTRI_ID, DELIVERY_METHOD, PAYMENT_NO, ORDER_TIME, PAY_TIME, DEPOSIT_TIME, SUCCESS_TIME, UPDATE_TIME, SRV_TYPE, SELF_COLLECT_SITE, SELF_COLLECT_SITE_ID, IS_DELETED, IS_DISPLAY, NOTES, SHIP_NAME, PROVINCE, CITY, DISTRICT, ZIP_CODE, ADDR, PHONE, PAYABLE, COMPANY, CONTENTS, IS_CALL, DELIVERY_NO, AREA_CODE, AREA_NAME, IS_PRINT, CRM_CALLS_TIME, IS_OFFER_RELEASE, JOB_NUM, ORDER_TYPE, FIXED_PHONE, ATTACH_FILE, RETURN_TYPE, SECKILL_ID, ORDER_SOURCE, ORDER_EXT1, ORDER_EXT2, ORDER_EXT3, ORDER_EXT4, ORDER_EXT5)
values (3060, 3104, 'miaofc', '20130628003060', 1, 1, 1, 0, 100, 0, 1, 1, 0, null, 1, '1372410201850700', to_timestamp('28-06-2013 17:03:13.761000', 'dd-mm-yyyy hh24:mi:ss.ff'), to_timestamp('28-06-2013 17:03:21.851000', 'dd-mm-yyyy hh24:mi:ss.ff'), to_timestamp('28-06-2013 17:03:23.891000', 'dd-mm-yyyy hh24:mi:ss.ff'), null, to_timestamp('28-06-2013 17:03:24.167000', 'dd-mm-yyyy hh24:mi:ss.ff'), 0, null, 0, 0, null, null, 'mfc', '北京市', '市辖区', '东城区', null, '123', '12312312312', 0, null, 1, 0, null, null, null, 0, null, 0, null, 1, null, null, null, null, null, null, null, null, null, null);
insert into EB_ORDER (ORDER_ID, PTL_USER_ID, USERNAME, ORDER_NUM, PAYMENT, PAY_PLATFORM, DELIVERY, IS_CONFIRM, ORDER_SUM, SHIP_FEE, IS_PAID, ORDER_STATE, PAYMENT_CASH, DISTRI_ID, DELIVERY_METHOD, PAYMENT_NO, ORDER_TIME, PAY_TIME, DEPOSIT_TIME, SUCCESS_TIME, UPDATE_TIME, SRV_TYPE, SELF_COLLECT_SITE, SELF_COLLECT_SITE_ID, IS_DELETED, IS_DISPLAY, NOTES, SHIP_NAME, PROVINCE, CITY, DISTRICT, ZIP_CODE, ADDR, PHONE, PAYABLE, COMPANY, CONTENTS, IS_CALL, DELIVERY_NO, AREA_CODE, AREA_NAME, IS_PRINT, CRM_CALLS_TIME, IS_OFFER_RELEASE, JOB_NUM, ORDER_TYPE, FIXED_PHONE, ATTACH_FILE, RETURN_TYPE, SECKILL_ID, ORDER_SOURCE, ORDER_EXT1, ORDER_EXT2, ORDER_EXT3, ORDER_EXT4, ORDER_EXT5)
values (3061, 3104, 'miaofc', '20130628003061', 1, 1, 1, 0, 200, 0, 1, 1, 0, null, 1, '1372410234467165', to_timestamp('28-06-2013 17:03:47.424000', 'dd-mm-yyyy hh24:mi:ss.ff'), to_timestamp('28-06-2013 17:03:54.467000', 'dd-mm-yyyy hh24:mi:ss.ff'), to_timestamp('28-06-2013 17:03:56.261000', 'dd-mm-yyyy hh24:mi:ss.ff'), null, to_timestamp('28-06-2013 17:03:56.460000', 'dd-mm-yyyy hh24:mi:ss.ff'), 0, null, 0, 0, null, null, 'mfc', '北京市', '市辖区', '东城区', null, '123', '12312312312', 0, null, 1, 0, null, null, null, 0, null, 0, null, 1, null, null, null, null, null, null, null, null, null, null);
insert into EB_ORDER (ORDER_ID, PTL_USER_ID, USERNAME, ORDER_NUM, PAYMENT, PAY_PLATFORM, DELIVERY, IS_CONFIRM, ORDER_SUM, SHIP_FEE, IS_PAID, ORDER_STATE, PAYMENT_CASH, DISTRI_ID, DELIVERY_METHOD, PAYMENT_NO, ORDER_TIME, PAY_TIME, DEPOSIT_TIME, SUCCESS_TIME, UPDATE_TIME, SRV_TYPE, SELF_COLLECT_SITE, SELF_COLLECT_SITE_ID, IS_DELETED, IS_DISPLAY, NOTES, SHIP_NAME, PROVINCE, CITY, DISTRICT, ZIP_CODE, ADDR, PHONE, PAYABLE, COMPANY, CONTENTS, IS_CALL, DELIVERY_NO, AREA_CODE, AREA_NAME, IS_PRINT, CRM_CALLS_TIME, IS_OFFER_RELEASE, JOB_NUM, ORDER_TYPE, FIXED_PHONE, ATTACH_FILE, RETURN_TYPE, SECKILL_ID, ORDER_SOURCE, ORDER_EXT1, ORDER_EXT2, ORDER_EXT3, ORDER_EXT4, ORDER_EXT5)
values (3020, 3061, '15811274382', '20130613003020', 1, 1, 1, 0, 94900, 0, 1, 1, 0, null, 1, null, to_timestamp('13-06-2013 14:39:23.894000', 'dd-mm-yyyy hh24:mi:ss.ff'), to_timestamp('18-06-2013 10:09:22.028000', 'dd-mm-yyyy hh24:mi:ss.ff'), null, null, to_timestamp('18-06-2013 10:09:22.056000', 'dd-mm-yyyy hh24:mi:ss.ff'), 2, null, 0, 0, null, null, '马俊', '北京市', '市辖区', '东城区', '100086', '中关村6号中电信息大厦', '13333333333', 0, null, 1, 0, null, '240', '沈阳', 0, null, 0, null, 3, '13333333333', null, null, null, null, null, null, null, null, null);
insert into EB_ORDER (ORDER_ID, PTL_USER_ID, USERNAME, ORDER_NUM, PAYMENT, PAY_PLATFORM, DELIVERY, IS_CONFIRM, ORDER_SUM, SHIP_FEE, IS_PAID, ORDER_STATE, PAYMENT_CASH, DISTRI_ID, DELIVERY_METHOD, PAYMENT_NO, ORDER_TIME, PAY_TIME, DEPOSIT_TIME, SUCCESS_TIME, UPDATE_TIME, SRV_TYPE, SELF_COLLECT_SITE, SELF_COLLECT_SITE_ID, IS_DELETED, IS_DISPLAY, NOTES, SHIP_NAME, PROVINCE, CITY, DISTRICT, ZIP_CODE, ADDR, PHONE, PAYABLE, COMPANY, CONTENTS, IS_CALL, DELIVERY_NO, AREA_CODE, AREA_NAME, IS_PRINT, CRM_CALLS_TIME, IS_OFFER_RELEASE, JOB_NUM, ORDER_TYPE, FIXED_PHONE, ATTACH_FILE, RETURN_TYPE, SECKILL_ID, ORDER_SOURCE, ORDER_EXT1, ORDER_EXT2, ORDER_EXT3, ORDER_EXT4, ORDER_EXT5)
values (3040, 3009, '11111111111', '20130618003047', 1, 1, 1, 0, 2120000, 0, 7, 17, 0, null, 1, null, to_timestamp('18-06-2013 09:21:58.643000', 'dd-mm-yyyy hh24:mi:ss.ff'), to_timestamp('18-06-2013 09:52:37.340000', 'dd-mm-yyyy hh24:mi:ss.ff'), null, null, to_timestamp('21-06-2013 09:25:00.846000', 'dd-mm-yyyy hh24:mi:ss.ff'), 0, null, 0, 0, null, null, 'test', '辽宁省', '沈阳市', '沈河区', null, 'test', '11111111111', 0, null, 1, 0, null, null, null, 0, null, 0, null, 1, null, null, null, null, null, null, null, null, null, null);
insert into EB_ORDER (ORDER_ID, PTL_USER_ID, USERNAME, ORDER_NUM, PAYMENT, PAY_PLATFORM, DELIVERY, IS_CONFIRM, ORDER_SUM, SHIP_FEE, IS_PAID, ORDER_STATE, PAYMENT_CASH, DISTRI_ID, DELIVERY_METHOD, PAYMENT_NO, ORDER_TIME, PAY_TIME, DEPOSIT_TIME, SUCCESS_TIME, UPDATE_TIME, SRV_TYPE, SELF_COLLECT_SITE, SELF_COLLECT_SITE_ID, IS_DELETED, IS_DISPLAY, NOTES, SHIP_NAME, PROVINCE, CITY, DISTRICT, ZIP_CODE, ADDR, PHONE, PAYABLE, COMPANY, CONTENTS, IS_CALL, DELIVERY_NO, AREA_CODE, AREA_NAME, IS_PRINT, CRM_CALLS_TIME, IS_OFFER_RELEASE, JOB_NUM, ORDER_TYPE, FIXED_PHONE, ATTACH_FILE, RETURN_TYPE, SECKILL_ID, ORDER_SOURCE, ORDER_EXT1, ORDER_EXT2, ORDER_EXT3, ORDER_EXT4, ORDER_EXT5)
values (3041, 3080, 'ccvv', '20130618003048', 1, 1, 1, 0, 2120000, 0, 7, 17, 0, null, 1, null, to_timestamp('18-06-2013 09:34:28.857000', 'dd-mm-yyyy hh24:mi:ss.ff'), to_timestamp('18-06-2013 09:35:27.365000', 'dd-mm-yyyy hh24:mi:ss.ff'), null, null, to_timestamp('21-06-2013 09:35:00.131000', 'dd-mm-yyyy hh24:mi:ss.ff'), 0, null, 0, 0, null, null, 'ccvv', '云南省', '昆明市', '五华区', null, 'ccvv', '13566666666', 0, null, 1, 0, null, null, null, 0, null, 0, null, 1, null, null, null, null, null, null, null, null, null, null);
insert into EB_ORDER (ORDER_ID, PTL_USER_ID, USERNAME, ORDER_NUM, PAYMENT, PAY_PLATFORM, DELIVERY, IS_CONFIRM, ORDER_SUM, SHIP_FEE, IS_PAID, ORDER_STATE, PAYMENT_CASH, DISTRI_ID, DELIVERY_METHOD, PAYMENT_NO, ORDER_TIME, PAY_TIME, DEPOSIT_TIME, SUCCESS_TIME, UPDATE_TIME, SRV_TYPE, SELF_COLLECT_SITE, SELF_COLLECT_SITE_ID, IS_DELETED, IS_DISPLAY, NOTES, SHIP_NAME, PROVINCE, CITY, DISTRICT, ZIP_CODE, ADDR, PHONE, PAYABLE, COMPANY, CONTENTS, IS_CALL, DELIVERY_NO, AREA_CODE, AREA_NAME, IS_PRINT, CRM_CALLS_TIME, IS_OFFER_RELEASE, JOB_NUM, ORDER_TYPE, FIXED_PHONE, ATTACH_FILE, RETURN_TYPE, SECKILL_ID, ORDER_SOURCE, ORDER_EXT1, ORDER_EXT2, ORDER_EXT3, ORDER_EXT4, ORDER_EXT5)
values (3042, 3083, 'dailishang', '20130618003049', 1, 1, 1, 0, 1100, 0, 7, 17, 0, null, 1, null, to_timestamp('18-06-2013 14:30:05.741000', 'dd-mm-yyyy hh24:mi:ss.ff'), null, null, null, to_timestamp('21-06-2013 14:35:00.164000', 'dd-mm-yyyy hh24:mi:ss.ff'), 0, null, 0, 0, null, '这里是订单备注', 'dailiren', '甘肃省', '兰州市', '城关区', null, 'dailiren', '13688888888', 0, null, 1, 0, null, null, null, 0, null, 0, null, 1, null, null, null, null, null, null, null, null, null, null);
insert into EB_ORDER (ORDER_ID, PTL_USER_ID, USERNAME, ORDER_NUM, PAYMENT, PAY_PLATFORM, DELIVERY, IS_CONFIRM, ORDER_SUM, SHIP_FEE, IS_PAID, ORDER_STATE, PAYMENT_CASH, DISTRI_ID, DELIVERY_METHOD, PAYMENT_NO, ORDER_TIME, PAY_TIME, DEPOSIT_TIME, SUCCESS_TIME, UPDATE_TIME, SRV_TYPE, SELF_COLLECT_SITE, SELF_COLLECT_SITE_ID, IS_DELETED, IS_DISPLAY, NOTES, SHIP_NAME, PROVINCE, CITY, DISTRICT, ZIP_CODE, ADDR, PHONE, PAYABLE, COMPANY, CONTENTS, IS_CALL, DELIVERY_NO, AREA_CODE, AREA_NAME, IS_PRINT, CRM_CALLS_TIME, IS_OFFER_RELEASE, JOB_NUM, ORDER_TYPE, FIXED_PHONE, ATTACH_FILE, RETURN_TYPE, SECKILL_ID, ORDER_SOURCE, ORDER_EXT1, ORDER_EXT2, ORDER_EXT3, ORDER_EXT4, ORDER_EXT5)
values (3080, 3009, '11111111111', '20130703003080', 1, 1, 1, 0, 2120000, 0, 7, 17, 0, null, 1, null, to_timestamp('03-07-2013 15:41:05.365000', 'dd-mm-yyyy hh24:mi:ss.ff'), to_timestamp('03-07-2013 15:41:13.671000', 'dd-mm-yyyy hh24:mi:ss.ff'), null, null, to_timestamp('06-07-2013 15:45:01.006000', 'dd-mm-yyyy hh24:mi:ss.ff'), 0, null, 0, 0, null, null, 'test', '辽宁省', '沈阳市', '沈河区', null, 'test', '11111111111', 0, null, 1, 0, null, null, null, 0, null, 0, null, 1, null, null, null, null, null, null, null, null, null, null);
insert into EB_ORDER (ORDER_ID, PTL_USER_ID, USERNAME, ORDER_NUM, PAYMENT, PAY_PLATFORM, DELIVERY, IS_CONFIRM, ORDER_SUM, SHIP_FEE, IS_PAID, ORDER_STATE, PAYMENT_CASH, DISTRI_ID, DELIVERY_METHOD, PAYMENT_NO, ORDER_TIME, PAY_TIME, DEPOSIT_TIME, SUCCESS_TIME, UPDATE_TIME, SRV_TYPE, SELF_COLLECT_SITE, SELF_COLLECT_SITE_ID, IS_DELETED, IS_DISPLAY, NOTES, SHIP_NAME, PROVINCE, CITY, DISTRICT, ZIP_CODE, ADDR, PHONE, PAYABLE, COMPANY, CONTENTS, IS_CALL, DELIVERY_NO, AREA_CODE, AREA_NAME, IS_PRINT, CRM_CALLS_TIME, IS_OFFER_RELEASE, JOB_NUM, ORDER_TYPE, FIXED_PHONE, ATTACH_FILE, RETURN_TYPE, SECKILL_ID, ORDER_SOURCE, ORDER_EXT1, ORDER_EXT2, ORDER_EXT3, ORDER_EXT4, ORDER_EXT5)
values (3081, 3009, '11111111111', '20130703003081', 1, 1, 1, 0, 100, 0, 7, 17, 0, null, 1, null, to_timestamp('03-07-2013 15:51:03.552000', 'dd-mm-yyyy hh24:mi:ss.ff'), to_timestamp('03-07-2013 17:11:54.328000', 'dd-mm-yyyy hh24:mi:ss.ff'), null, null, to_timestamp('06-07-2013 15:55:00.111000', 'dd-mm-yyyy hh24:mi:ss.ff'), 0, null, 0, 0, null, null, 'test', '辽宁省', '沈阳市', '沈河区', null, 'test', '11111111111', 0, null, 1, 0, null, null, null, 0, null, 0, null, 1, null, null, null, null, null, null, null, null, null, null);
insert into EB_ORDER (ORDER_ID, PTL_USER_ID, USERNAME, ORDER_NUM, PAYMENT, PAY_PLATFORM, DELIVERY, IS_CONFIRM, ORDER_SUM, SHIP_FEE, IS_PAID, ORDER_STATE, PAYMENT_CASH, DISTRI_ID, DELIVERY_METHOD, PAYMENT_NO, ORDER_TIME, PAY_TIME, DEPOSIT_TIME, SUCCESS_TIME, UPDATE_TIME, SRV_TYPE, SELF_COLLECT_SITE, SELF_COLLECT_SITE_ID, IS_DELETED, IS_DISPLAY, NOTES, SHIP_NAME, PROVINCE, CITY, DISTRICT, ZIP_CODE, ADDR, PHONE, PAYABLE, COMPANY, CONTENTS, IS_CALL, DELIVERY_NO, AREA_CODE, AREA_NAME, IS_PRINT, CRM_CALLS_TIME, IS_OFFER_RELEASE, JOB_NUM, ORDER_TYPE, FIXED_PHONE, ATTACH_FILE, RETURN_TYPE, SECKILL_ID, ORDER_SOURCE, ORDER_EXT1, ORDER_EXT2, ORDER_EXT3, ORDER_EXT4, ORDER_EXT5)
values (3082, 3120, 'senlinpopo', '20130708003082', 2, 1, 1, 0, 49900, 0, 2, 22, 2, 2001, 1, null, to_timestamp('08-07-2013 13:55:36.295000', 'dd-mm-yyyy hh24:mi:ss.ff'), null, null, null, to_timestamp('08-07-2013 14:35:16.918000', 'dd-mm-yyyy hh24:mi:ss.ff'), 0, null, 0, 0, null, null, 'fgg', '辽宁省', '沈阳市', '和平区', null, 'fgfdg', '12311112222', 0, null, 1, 0, '1223434324', null, null, 0, null, 1, null, 1, null, null, 0, null, null, null, null, null, null, null);
insert into EB_ORDER (ORDER_ID, PTL_USER_ID, USERNAME, ORDER_NUM, PAYMENT, PAY_PLATFORM, DELIVERY, IS_CONFIRM, ORDER_SUM, SHIP_FEE, IS_PAID, ORDER_STATE, PAYMENT_CASH, DISTRI_ID, DELIVERY_METHOD, PAYMENT_NO, ORDER_TIME, PAY_TIME, DEPOSIT_TIME, SUCCESS_TIME, UPDATE_TIME, SRV_TYPE, SELF_COLLECT_SITE, SELF_COLLECT_SITE_ID, IS_DELETED, IS_DISPLAY, NOTES, SHIP_NAME, PROVINCE, CITY, DISTRICT, ZIP_CODE, ADDR, PHONE, PAYABLE, COMPANY, CONTENTS, IS_CALL, DELIVERY_NO, AREA_CODE, AREA_NAME, IS_PRINT, CRM_CALLS_TIME, IS_OFFER_RELEASE, JOB_NUM, ORDER_TYPE, FIXED_PHONE, ATTACH_FILE, RETURN_TYPE, SECKILL_ID, ORDER_SOURCE, ORDER_EXT1, ORDER_EXT2, ORDER_EXT3, ORDER_EXT4, ORDER_EXT5)
values (3083, 3120, 'senlinpopo', '20130708003083', 1, 1, 1, 0, 49900, 0, 0, 29, 0, null, 1, null, to_timestamp('08-07-2013 14:12:23.581000', 'dd-mm-yyyy hh24:mi:ss.ff'), to_timestamp('08-07-2013 14:34:20.929000', 'dd-mm-yyyy hh24:mi:ss.ff'), null, null, null, 0, null, 0, 0, null, null, 'fgg', '辽宁省', '沈阳市', '和平区', null, 'fgfdg', '12311112222', 0, null, 1, 0, null, null, null, 0, null, 0, null, 1, null, null, null, null, null, null, null, null, null, null);
insert into EB_ORDER (ORDER_ID, PTL_USER_ID, USERNAME, ORDER_NUM, PAYMENT, PAY_PLATFORM, DELIVERY, IS_CONFIRM, ORDER_SUM, SHIP_FEE, IS_PAID, ORDER_STATE, PAYMENT_CASH, DISTRI_ID, DELIVERY_METHOD, PAYMENT_NO, ORDER_TIME, PAY_TIME, DEPOSIT_TIME, SUCCESS_TIME, UPDATE_TIME, SRV_TYPE, SELF_COLLECT_SITE, SELF_COLLECT_SITE_ID, IS_DELETED, IS_DISPLAY, NOTES, SHIP_NAME, PROVINCE, CITY, DISTRICT, ZIP_CODE, ADDR, PHONE, PAYABLE, COMPANY, CONTENTS, IS_CALL, DELIVERY_NO, AREA_CODE, AREA_NAME, IS_PRINT, CRM_CALLS_TIME, IS_OFFER_RELEASE, JOB_NUM, ORDER_TYPE, FIXED_PHONE, ATTACH_FILE, RETURN_TYPE, SECKILL_ID, ORDER_SOURCE, ORDER_EXT1, ORDER_EXT2, ORDER_EXT3, ORDER_EXT4, ORDER_EXT5)
values (3084, 3120, 'senlinpopo', '20130708003084', 2, 1, 1, 0, 49900, 0, 0, 37, 1, 2001, 1, null, to_timestamp('08-07-2013 14:34:50.035000', 'dd-mm-yyyy hh24:mi:ss.ff'), null, null, null, to_timestamp('08-07-2013 14:41:42.412000', 'dd-mm-yyyy hh24:mi:ss.ff'), 0, null, 0, 0, null, null, 'fgg', '辽宁省', '沈阳市', '和平区', null, 'fgfdg', '12311112222', 0, null, 1, 0, '323', null, null, 0, null, 0, null, 1, null, null, 1, null, null, null, null, null, null, null);
commit;
prompt 16 records loaded
prompt Loading EB_ORDER_DETAIL...
insert into EB_ORDER_DETAIL (ORDER_DETAIL_ID, ORDER_ID, ITEM_ID, ITEM_NAME, ITEM_NO, SKU_ID, SKU, SKU_IMG, SKU_NAME, SKU_CAT_TYPE, SKU_SPEC, MARKET_PRICE, SKU_DISCOUNT, SKU_PRICE, OFFER_GROUP_ID, OFFER_GROUP_NAME, OFFER_TYPE, SHORT_NAME, OFFER_ID, OFFER_NAME, OFFER_NO, SHORT_NAME2, OFFER_TERM, COMMIT_MONTHLY, PREPAID, PERIOD, REFUND_MONTHLY, REFUND_1ST_MONTH, REFUND_LAST_MONTH, ORDER_DETAIL_TYPE, MERCHANT_ID, QUANTITY, PRICE, SERIESCODE, OFFER_GROUP_NO, PROMO_TYPE, COND_ID, PRODUCT_ID, PAYMENT_PRICE, PURCHASE_PRICE, SIMCARD_SUIT_ID, SIMCARD_PACKAGE_ID)
values (3004, 3004, 3008, 'aaaaa', '10003008', 3008, null, null, 'sku值将来统一修改', 1, '{"aaa":"1"}', 0, null, 3300, null, null, null, null, null, null, null, null, null, null, null, null, null, null, null, 1, null, 1, 3300, null, null, null, null, null, null, null, null, null);
insert into EB_ORDER_DETAIL (ORDER_DETAIL_ID, ORDER_ID, ITEM_ID, ITEM_NAME, ITEM_NO, SKU_ID, SKU, SKU_IMG, SKU_NAME, SKU_CAT_TYPE, SKU_SPEC, MARKET_PRICE, SKU_DISCOUNT, SKU_PRICE, OFFER_GROUP_ID, OFFER_GROUP_NAME, OFFER_TYPE, SHORT_NAME, OFFER_ID, OFFER_NAME, OFFER_NO, SHORT_NAME2, OFFER_TERM, COMMIT_MONTHLY, PREPAID, PERIOD, REFUND_MONTHLY, REFUND_1ST_MONTH, REFUND_LAST_MONTH, ORDER_DETAIL_TYPE, MERCHANT_ID, QUANTITY, PRICE, SERIESCODE, OFFER_GROUP_NO, PROMO_TYPE, COND_ID, PRODUCT_ID, PAYMENT_PRICE, PURCHASE_PRICE, SIMCARD_SUIT_ID, SIMCARD_PACKAGE_ID)
values (3005, 3005, 2424, '三星SAMSUNG S6358', '10002382', 2444, null, null, 'sku值将来统一修改', 5, '{"外观颜色":"现有库存颜色请咨询在线客服"}', 0, 89900, 94900, 2260, '2013年2季度终端营销活动', 2, 'EJD', 2554, null, '50003654', '49', 15, 12800, 89900, 15, 5500, 7400, 5000, 3, null, 1, 94900, '123456789123456', null, null, '111200032783', null, 94900, 5000, null, null);
insert into EB_ORDER_DETAIL (ORDER_DETAIL_ID, ORDER_ID, ITEM_ID, ITEM_NAME, ITEM_NO, SKU_ID, SKU, SKU_IMG, SKU_NAME, SKU_CAT_TYPE, SKU_SPEC, MARKET_PRICE, SKU_DISCOUNT, SKU_PRICE, OFFER_GROUP_ID, OFFER_GROUP_NAME, OFFER_TYPE, SHORT_NAME, OFFER_ID, OFFER_NAME, OFFER_NO, SHORT_NAME2, OFFER_TERM, COMMIT_MONTHLY, PREPAID, PERIOD, REFUND_MONTHLY, REFUND_1ST_MONTH, REFUND_LAST_MONTH, ORDER_DETAIL_TYPE, MERCHANT_ID, QUANTITY, PRICE, SERIESCODE, OFFER_GROUP_NO, PROMO_TYPE, COND_ID, PRODUCT_ID, PAYMENT_PRICE, PURCHASE_PRICE, SIMCARD_SUIT_ID, SIMCARD_PACKAGE_ID)
values (3043, 3043, 3009, 'htc one ', '10003009', 3011, null, null, 'sku值将来统一修改', 1, '{"外观颜色":"现有库存颜色请咨询在线客服"}', 459900, null, 399900, null, null, null, null, null, null, null, null, null, null, null, null, null, null, null, 1, null, 1, 399900, null, null, null, null, null, null, null, null, null);
insert into EB_ORDER_DETAIL (ORDER_DETAIL_ID, ORDER_ID, ITEM_ID, ITEM_NAME, ITEM_NO, SKU_ID, SKU, SKU_IMG, SKU_NAME, SKU_CAT_TYPE, SKU_SPEC, MARKET_PRICE, SKU_DISCOUNT, SKU_PRICE, OFFER_GROUP_ID, OFFER_GROUP_NAME, OFFER_TYPE, SHORT_NAME, OFFER_ID, OFFER_NAME, OFFER_NO, SHORT_NAME2, OFFER_TERM, COMMIT_MONTHLY, PREPAID, PERIOD, REFUND_MONTHLY, REFUND_1ST_MONTH, REFUND_LAST_MONTH, ORDER_DETAIL_TYPE, MERCHANT_ID, QUANTITY, PRICE, SERIESCODE, OFFER_GROUP_NO, PROMO_TYPE, COND_ID, PRODUCT_ID, PAYMENT_PRICE, PURCHASE_PRICE, SIMCARD_SUIT_ID, SIMCARD_PACKAGE_ID)
values (3002, 3002, 3001, '测试裸机', '10003001', 3001, null, null, 'sku值将来统一修改', 1, '{"外观颜色":"现有库存颜色请咨询在线客服"}', 0, null, 100, null, null, null, null, null, null, null, null, null, null, null, null, null, null, null, 1, null, 1, 100, null, null, null, null, null, null, null, null, null);
insert into EB_ORDER_DETAIL (ORDER_DETAIL_ID, ORDER_ID, ITEM_ID, ITEM_NAME, ITEM_NO, SKU_ID, SKU, SKU_IMG, SKU_NAME, SKU_CAT_TYPE, SKU_SPEC, MARKET_PRICE, SKU_DISCOUNT, SKU_PRICE, OFFER_GROUP_ID, OFFER_GROUP_NAME, OFFER_TYPE, SHORT_NAME, OFFER_ID, OFFER_NAME, OFFER_NO, SHORT_NAME2, OFFER_TERM, COMMIT_MONTHLY, PREPAID, PERIOD, REFUND_MONTHLY, REFUND_1ST_MONTH, REFUND_LAST_MONTH, ORDER_DETAIL_TYPE, MERCHANT_ID, QUANTITY, PRICE, SERIESCODE, OFFER_GROUP_NO, PROMO_TYPE, COND_ID, PRODUCT_ID, PAYMENT_PRICE, PURCHASE_PRICE, SIMCARD_SUIT_ID, SIMCARD_PACKAGE_ID)
values (3003, 3003, 2422, 'HTC 8X', '10002380', 2442, null, null, 'sku值将来统一修改', 5, '{"外观颜色":"现有库存颜色请咨询在线客服"}', 0, 199900, 399900, 2260, '2013年2季度终端营销活动', 2, 'EJD', 2526, null, '50003626', '170', 30, 15800, 199900, 30, 6500, 4900, 200000, 3, null, 1, 399900, null, null, null, '111200032760', null, 399900, 200000, null, null);
insert into EB_ORDER_DETAIL (ORDER_DETAIL_ID, ORDER_ID, ITEM_ID, ITEM_NAME, ITEM_NO, SKU_ID, SKU, SKU_IMG, SKU_NAME, SKU_CAT_TYPE, SKU_SPEC, MARKET_PRICE, SKU_DISCOUNT, SKU_PRICE, OFFER_GROUP_ID, OFFER_GROUP_NAME, OFFER_TYPE, SHORT_NAME, OFFER_ID, OFFER_NAME, OFFER_NO, SHORT_NAME2, OFFER_TERM, COMMIT_MONTHLY, PREPAID, PERIOD, REFUND_MONTHLY, REFUND_1ST_MONTH, REFUND_LAST_MONTH, ORDER_DETAIL_TYPE, MERCHANT_ID, QUANTITY, PRICE, SERIESCODE, OFFER_GROUP_NO, PROMO_TYPE, COND_ID, PRODUCT_ID, PAYMENT_PRICE, PURCHASE_PRICE, SIMCARD_SUIT_ID, SIMCARD_PACKAGE_ID)
values (3060, 3060, 3040, '测试购买上限', '10003040', 3040, null, null, 'sku值将来统一修改', 1, '{"外观颜色":"现有库存颜色请咨询在线客服"}', 0, null, 100, null, null, null, null, null, null, null, null, null, null, null, null, null, null, null, 1, null, 1, 100, null, null, null, null, null, null, null, null, null);
insert into EB_ORDER_DETAIL (ORDER_DETAIL_ID, ORDER_ID, ITEM_ID, ITEM_NAME, ITEM_NO, SKU_ID, SKU, SKU_IMG, SKU_NAME, SKU_CAT_TYPE, SKU_SPEC, MARKET_PRICE, SKU_DISCOUNT, SKU_PRICE, OFFER_GROUP_ID, OFFER_GROUP_NAME, OFFER_TYPE, SHORT_NAME, OFFER_ID, OFFER_NAME, OFFER_NO, SHORT_NAME2, OFFER_TERM, COMMIT_MONTHLY, PREPAID, PERIOD, REFUND_MONTHLY, REFUND_1ST_MONTH, REFUND_LAST_MONTH, ORDER_DETAIL_TYPE, MERCHANT_ID, QUANTITY, PRICE, SERIESCODE, OFFER_GROUP_NO, PROMO_TYPE, COND_ID, PRODUCT_ID, PAYMENT_PRICE, PURCHASE_PRICE, SIMCARD_SUIT_ID, SIMCARD_PACKAGE_ID)
values (3061, 3061, 3040, '测试购买上限', '10003040', 3040, null, null, 'sku值将来统一修改', 1, '{"外观颜色":"现有库存颜色请咨询在线客服"}', 0, null, 100, null, null, null, null, null, null, null, null, null, null, null, null, null, null, null, 1, null, 2, 100, null, null, null, null, null, null, null, null, null);
insert into EB_ORDER_DETAIL (ORDER_DETAIL_ID, ORDER_ID, ITEM_ID, ITEM_NAME, ITEM_NO, SKU_ID, SKU, SKU_IMG, SKU_NAME, SKU_CAT_TYPE, SKU_SPEC, MARKET_PRICE, SKU_DISCOUNT, SKU_PRICE, OFFER_GROUP_ID, OFFER_GROUP_NAME, OFFER_TYPE, SHORT_NAME, OFFER_ID, OFFER_NAME, OFFER_NO, SHORT_NAME2, OFFER_TERM, COMMIT_MONTHLY, PREPAID, PERIOD, REFUND_MONTHLY, REFUND_1ST_MONTH, REFUND_LAST_MONTH, ORDER_DETAIL_TYPE, MERCHANT_ID, QUANTITY, PRICE, SERIESCODE, OFFER_GROUP_NO, PROMO_TYPE, COND_ID, PRODUCT_ID, PAYMENT_PRICE, PURCHASE_PRICE, SIMCARD_SUIT_ID, SIMCARD_PACKAGE_ID)
values (3020, 3020, 2424, '三星SAMSUNG S6358', '10002382', 2444, null, null, 'sku值将来统一修改', 5, '{"外观颜色":"现有库存颜色请咨询在线客服"}', 0, 89900, 94900, 2260, '2013年2季度终端营销活动', 2, 'EJD', 2555, null, '50003655', '50', 18, 10800, 89900, 18, 4500, 8900, 5000, 3, null, 1, 94900, null, null, null, '111200032784', null, 94900, 5000, null, null);
insert into EB_ORDER_DETAIL (ORDER_DETAIL_ID, ORDER_ID, ITEM_ID, ITEM_NAME, ITEM_NO, SKU_ID, SKU, SKU_IMG, SKU_NAME, SKU_CAT_TYPE, SKU_SPEC, MARKET_PRICE, SKU_DISCOUNT, SKU_PRICE, OFFER_GROUP_ID, OFFER_GROUP_NAME, OFFER_TYPE, SHORT_NAME, OFFER_ID, OFFER_NAME, OFFER_NO, SHORT_NAME2, OFFER_TERM, COMMIT_MONTHLY, PREPAID, PERIOD, REFUND_MONTHLY, REFUND_1ST_MONTH, REFUND_LAST_MONTH, ORDER_DETAIL_TYPE, MERCHANT_ID, QUANTITY, PRICE, SERIESCODE, OFFER_GROUP_NO, PROMO_TYPE, COND_ID, PRODUCT_ID, PAYMENT_PRICE, PURCHASE_PRICE, SIMCARD_SUIT_ID, SIMCARD_PACKAGE_ID)
values (3040, 3040, 3008, 'shaochTest1', '10003008', 3010, null, null, 'sku值将来统一修改', 1, '{"aaa":"4"}', 0, null, 2120000, null, null, null, null, null, null, null, null, null, null, null, null, null, null, null, 1, null, 1, 2120000, null, null, null, null, null, null, null, null, null);
insert into EB_ORDER_DETAIL (ORDER_DETAIL_ID, ORDER_ID, ITEM_ID, ITEM_NAME, ITEM_NO, SKU_ID, SKU, SKU_IMG, SKU_NAME, SKU_CAT_TYPE, SKU_SPEC, MARKET_PRICE, SKU_DISCOUNT, SKU_PRICE, OFFER_GROUP_ID, OFFER_GROUP_NAME, OFFER_TYPE, SHORT_NAME, OFFER_ID, OFFER_NAME, OFFER_NO, SHORT_NAME2, OFFER_TERM, COMMIT_MONTHLY, PREPAID, PERIOD, REFUND_MONTHLY, REFUND_1ST_MONTH, REFUND_LAST_MONTH, ORDER_DETAIL_TYPE, MERCHANT_ID, QUANTITY, PRICE, SERIESCODE, OFFER_GROUP_NO, PROMO_TYPE, COND_ID, PRODUCT_ID, PAYMENT_PRICE, PURCHASE_PRICE, SIMCARD_SUIT_ID, SIMCARD_PACKAGE_ID)
values (3041, 3041, 3008, 'shaochTest1', '10003008', 3010, null, null, 'sku值将来统一修改', 1, '{"aaa":"4"}', 0, null, 2120000, null, null, null, null, null, null, null, null, null, null, null, null, null, null, null, 1, null, 1, 2120000, null, null, null, null, null, null, null, null, null);
insert into EB_ORDER_DETAIL (ORDER_DETAIL_ID, ORDER_ID, ITEM_ID, ITEM_NAME, ITEM_NO, SKU_ID, SKU, SKU_IMG, SKU_NAME, SKU_CAT_TYPE, SKU_SPEC, MARKET_PRICE, SKU_DISCOUNT, SKU_PRICE, OFFER_GROUP_ID, OFFER_GROUP_NAME, OFFER_TYPE, SHORT_NAME, OFFER_ID, OFFER_NAME, OFFER_NO, SHORT_NAME2, OFFER_TERM, COMMIT_MONTHLY, PREPAID, PERIOD, REFUND_MONTHLY, REFUND_1ST_MONTH, REFUND_LAST_MONTH, ORDER_DETAIL_TYPE, MERCHANT_ID, QUANTITY, PRICE, SERIESCODE, OFFER_GROUP_NO, PROMO_TYPE, COND_ID, PRODUCT_ID, PAYMENT_PRICE, PURCHASE_PRICE, SIMCARD_SUIT_ID, SIMCARD_PACKAGE_ID)
values (3042, 3042, 3010, '@@@', '10003010', 3012, null, null, 'sku值将来统一修改', 1, '{"aaa":"2"}', 0, null, 1100, null, null, null, null, null, null, null, null, null, null, null, null, null, null, null, 1, null, 1, 1100, null, null, null, null, null, null, null, null, null);
insert into EB_ORDER_DETAIL (ORDER_DETAIL_ID, ORDER_ID, ITEM_ID, ITEM_NAME, ITEM_NO, SKU_ID, SKU, SKU_IMG, SKU_NAME, SKU_CAT_TYPE, SKU_SPEC, MARKET_PRICE, SKU_DISCOUNT, SKU_PRICE, OFFER_GROUP_ID, OFFER_GROUP_NAME, OFFER_TYPE, SHORT_NAME, OFFER_ID, OFFER_NAME, OFFER_NO, SHORT_NAME2, OFFER_TERM, COMMIT_MONTHLY, PREPAID, PERIOD, REFUND_MONTHLY, REFUND_1ST_MONTH, REFUND_LAST_MONTH, ORDER_DETAIL_TYPE, MERCHANT_ID, QUANTITY, PRICE, SERIESCODE, OFFER_GROUP_NO, PROMO_TYPE, COND_ID, PRODUCT_ID, PAYMENT_PRICE, PURCHASE_PRICE, SIMCARD_SUIT_ID, SIMCARD_PACKAGE_ID)
values (3080, 3080, 3008, 'shaochTest1', '10003008', 3010, null, null, 'sku值将来统一修改', 1, '{"aaa":"4"}', 0, null, 2120000, null, null, null, null, null, null, null, null, null, null, null, null, null, null, null, 1, null, 1, 2120000, null, null, null, null, null, null, null, null, null);
insert into EB_ORDER_DETAIL (ORDER_DETAIL_ID, ORDER_ID, ITEM_ID, ITEM_NAME, ITEM_NO, SKU_ID, SKU, SKU_IMG, SKU_NAME, SKU_CAT_TYPE, SKU_SPEC, MARKET_PRICE, SKU_DISCOUNT, SKU_PRICE, OFFER_GROUP_ID, OFFER_GROUP_NAME, OFFER_TYPE, SHORT_NAME, OFFER_ID, OFFER_NAME, OFFER_NO, SHORT_NAME2, OFFER_TERM, COMMIT_MONTHLY, PREPAID, PERIOD, REFUND_MONTHLY, REFUND_1ST_MONTH, REFUND_LAST_MONTH, ORDER_DETAIL_TYPE, MERCHANT_ID, QUANTITY, PRICE, SERIESCODE, OFFER_GROUP_NO, PROMO_TYPE, COND_ID, PRODUCT_ID, PAYMENT_PRICE, PURCHASE_PRICE, SIMCARD_SUIT_ID, SIMCARD_PACKAGE_ID)
values (3081, 3081, 3040, '测试购买上限', '10003040', 3040, null, null, 'sku值将来统一修改', 1, '{"外观颜色":"现有库存颜色请咨询在线客服"}', 0, null, 100, null, null, null, null, null, null, null, null, null, null, null, null, null, null, null, 1, null, 1, 100, null, null, null, null, null, null, null, null, null);
insert into EB_ORDER_DETAIL (ORDER_DETAIL_ID, ORDER_ID, ITEM_ID, ITEM_NAME, ITEM_NO, SKU_ID, SKU, SKU_IMG, SKU_NAME, SKU_CAT_TYPE, SKU_SPEC, MARKET_PRICE, SKU_DISCOUNT, SKU_PRICE, OFFER_GROUP_ID, OFFER_GROUP_NAME, OFFER_TYPE, SHORT_NAME, OFFER_ID, OFFER_NAME, OFFER_NO, SHORT_NAME2, OFFER_TERM, COMMIT_MONTHLY, PREPAID, PERIOD, REFUND_MONTHLY, REFUND_1ST_MONTH, REFUND_LAST_MONTH, ORDER_DETAIL_TYPE, MERCHANT_ID, QUANTITY, PRICE, SERIESCODE, OFFER_GROUP_NO, PROMO_TYPE, COND_ID, PRODUCT_ID, PAYMENT_PRICE, PURCHASE_PRICE, SIMCARD_SUIT_ID, SIMCARD_PACKAGE_ID)
values (3082, 3082, 3007, '中兴（ZTE） U817', '10003007', 3007, null, null, 'sku值将来统一修改', 1, '{"外观颜色":"现有库存颜色请咨询在线客服"}', 59900, null, 49900, null, null, null, null, null, null, null, null, null, null, null, null, null, null, null, 1, null, 1, 49900, '123456789012345', null, null, null, null, null, null, null, null);
insert into EB_ORDER_DETAIL (ORDER_DETAIL_ID, ORDER_ID, ITEM_ID, ITEM_NAME, ITEM_NO, SKU_ID, SKU, SKU_IMG, SKU_NAME, SKU_CAT_TYPE, SKU_SPEC, MARKET_PRICE, SKU_DISCOUNT, SKU_PRICE, OFFER_GROUP_ID, OFFER_GROUP_NAME, OFFER_TYPE, SHORT_NAME, OFFER_ID, OFFER_NAME, OFFER_NO, SHORT_NAME2, OFFER_TERM, COMMIT_MONTHLY, PREPAID, PERIOD, REFUND_MONTHLY, REFUND_1ST_MONTH, REFUND_LAST_MONTH, ORDER_DETAIL_TYPE, MERCHANT_ID, QUANTITY, PRICE, SERIESCODE, OFFER_GROUP_NO, PROMO_TYPE, COND_ID, PRODUCT_ID, PAYMENT_PRICE, PURCHASE_PRICE, SIMCARD_SUIT_ID, SIMCARD_PACKAGE_ID)
values (3083, 3083, 3007, '中兴（ZTE） U817', '10003007', 3007, null, null, 'sku值将来统一修改', 1, '{"外观颜色":"现有库存颜色请咨询在线客服"}', 59900, null, 49900, null, null, null, null, null, null, null, null, null, null, null, null, null, null, null, 1, null, 1, 49900, null, null, null, null, null, null, null, null, null);
insert into EB_ORDER_DETAIL (ORDER_DETAIL_ID, ORDER_ID, ITEM_ID, ITEM_NAME, ITEM_NO, SKU_ID, SKU, SKU_IMG, SKU_NAME, SKU_CAT_TYPE, SKU_SPEC, MARKET_PRICE, SKU_DISCOUNT, SKU_PRICE, OFFER_GROUP_ID, OFFER_GROUP_NAME, OFFER_TYPE, SHORT_NAME, OFFER_ID, OFFER_NAME, OFFER_NO, SHORT_NAME2, OFFER_TERM, COMMIT_MONTHLY, PREPAID, PERIOD, REFUND_MONTHLY, REFUND_1ST_MONTH, REFUND_LAST_MONTH, ORDER_DETAIL_TYPE, MERCHANT_ID, QUANTITY, PRICE, SERIESCODE, OFFER_GROUP_NO, PROMO_TYPE, COND_ID, PRODUCT_ID, PAYMENT_PRICE, PURCHASE_PRICE, SIMCARD_SUIT_ID, SIMCARD_PACKAGE_ID)
values (3084, 3084, 3007, '中兴（ZTE） U817', '10003007', 3007, null, null, 'sku值将来统一修改', 1, '{"外观颜色":"现有库存颜色请咨询在线客服"}', 59900, null, 49900, null, null, null, null, null, null, null, null, null, null, null, null, null, null, null, 1, null, 1, 49900, '123456789987655', null, null, null, null, null, null, null, null);
commit;
prompt 16 records loaded
prompt Loading EB_ORDER_EXECUTION...
insert into EB_ORDER_EXECUTION (ID, ORDER_NUM, EXECUTION_ID, EXECUTION, IS_NOW)
values (3002, 20130528003004, 10013, 'ebizGuiZhou.10013', 1);
insert into EB_ORDER_EXECUTION (ID, ORDER_NUM, EXECUTION_ID, EXECUTION, IS_NOW)
values (3003, 20130530003005, 10021, 'ebizGuiZhou.10021', 1);
insert into EB_ORDER_EXECUTION (ID, ORDER_NUM, EXECUTION_ID, EXECUTION, IS_NOW)
values (3043, 20130618003050, 90001, 'ebizGuiZhou.90001', 1);
insert into EB_ORDER_EXECUTION (ID, ORDER_NUM, EXECUTION_ID, EXECUTION, IS_NOW)
values (3000, 20130527003002, 10001, 'ebizGuiZhou.10001', 1);
insert into EB_ORDER_EXECUTION (ID, ORDER_NUM, EXECUTION_ID, EXECUTION, IS_NOW)
values (3001, 20130527003003, 10007, 'ebizGuiZhou.10007', 1);
insert into EB_ORDER_EXECUTION (ID, ORDER_NUM, EXECUTION_ID, EXECUTION, IS_NOW)
values (3060, 20130628003060, 110001, 'ebizGuiZhou.110001', 1);
insert into EB_ORDER_EXECUTION (ID, ORDER_NUM, EXECUTION_ID, EXECUTION, IS_NOW)
values (3061, 20130628003061, 110009, 'ebizGuiZhou.110009', 1);
insert into EB_ORDER_EXECUTION (ID, ORDER_NUM, EXECUTION_ID, EXECUTION, IS_NOW)
values (3020, 20130613003020, 30001, 'ebizGuiZhou.30001', 1);
insert into EB_ORDER_EXECUTION (ID, ORDER_NUM, EXECUTION_ID, EXECUTION, IS_NOW)
values (3040, 20130618003047, 70001, 'ebizGuiZhou.70001', 1);
insert into EB_ORDER_EXECUTION (ID, ORDER_NUM, EXECUTION_ID, EXECUTION, IS_NOW)
values (3041, 20130618003048, 70007, 'ebizGuiZhou.70007', 1);
insert into EB_ORDER_EXECUTION (ID, ORDER_NUM, EXECUTION_ID, EXECUTION, IS_NOW)
values (3042, 20130618003049, 80001, 'ebizGuiZhou.80001', 1);
insert into EB_ORDER_EXECUTION (ID, ORDER_NUM, EXECUTION_ID, EXECUTION, IS_NOW)
values (3080, 20130703003080, 120001, 'ebizGuiZhou.120001', 1);
insert into EB_ORDER_EXECUTION (ID, ORDER_NUM, EXECUTION_ID, EXECUTION, IS_NOW)
values (3081, 20130703003081, 120007, 'ebizGuiZhou.120007', 1);
insert into EB_ORDER_EXECUTION (ID, ORDER_NUM, EXECUTION_ID, EXECUTION, IS_NOW)
values (3082, 20130708003082, 120013, 'ebizGuiZhou.120013', 1);
insert into EB_ORDER_EXECUTION (ID, ORDER_NUM, EXECUTION_ID, EXECUTION, IS_NOW)
values (3083, 20130708003083, 120019, 'ebizGuiZhou.120019', 1);
insert into EB_ORDER_EXECUTION (ID, ORDER_NUM, EXECUTION_ID, EXECUTION, IS_NOW)
values (3084, 20130708003084, 120025, 'ebizGuiZhou.120025', 1);
commit;
prompt 16 records loaded
prompt Loading EB_ORDER_LOG...
prompt Table is empty
prompt Loading EB_ORDER_REMIND_LOG...
prompt Table is empty
prompt Loading EB_ORDER_REMIND_PHONE...
prompt Table is empty
prompt Loading EB_PARA_VALUE...
insert into EB_PARA_VALUE (PARA_ID, ITEM_ID, FEATURE_ID, PARA_VALUE)
values (4461, 2201, 2060, '支持');
insert into EB_PARA_VALUE (PARA_ID, ITEM_ID, FEATURE_ID, PARA_VALUE)
values (4462, 2201, 2061, '2.4英寸');
insert into EB_PARA_VALUE (PARA_ID, ITEM_ID, FEATURE_ID, PARA_VALUE)
values (4463, 2201, 2062, 'TD-SCDMA 2010-2025,GSM 900/1800,');
insert into EB_PARA_VALUE (PARA_ID, ITEM_ID, FEATURE_ID, PARA_VALUE)
values (4464, 2201, 2080, '240×320像素');
insert into EB_PARA_VALUE (PARA_ID, ITEM_ID, FEATURE_ID, PARA_VALUE)
values (4465, 2201, 2040, '直板');
insert into EB_PARA_VALUE (PARA_ID, ITEM_ID, FEATURE_ID, PARA_VALUE)
values (4466, 2201, 2041, '标准键盘');
insert into EB_PARA_VALUE (PARA_ID, ITEM_ID, FEATURE_ID, PARA_VALUE)
values (4467, 2201, 2063, '26万色');
insert into EB_PARA_VALUE (PARA_ID, ITEM_ID, FEATURE_ID, PARA_VALUE)
values (4468, 2201, 2100, '锂电池');
insert into EB_PARA_VALUE (PARA_ID, ITEM_ID, FEATURE_ID, PARA_VALUE)
values (4469, 2180, 2020, 'Android');
insert into EB_PARA_VALUE (PARA_ID, ITEM_ID, FEATURE_ID, PARA_VALUE)
values (4470, 2180, 2101, '2011年');
insert into EB_PARA_VALUE (PARA_ID, ITEM_ID, FEATURE_ID, PARA_VALUE)
values (4471, 2180, 2043, 'GSM,TD-SCDMA,GPRS,EDGE,');
insert into EB_PARA_VALUE (PARA_ID, ITEM_ID, FEATURE_ID, PARA_VALUE)
values (4472, 2180, 2044, '512MB');
insert into EB_PARA_VALUE (PARA_ID, ITEM_ID, FEATURE_ID, PARA_VALUE)
values (4473, 2180, 2045, '512MB');
insert into EB_PARA_VALUE (PARA_ID, ITEM_ID, FEATURE_ID, PARA_VALUE)
values (4474, 2180, 2060, '支持');
insert into EB_PARA_VALUE (PARA_ID, ITEM_ID, FEATURE_ID, PARA_VALUE)
values (4475, 2180, 2061, '4.0英寸');
insert into EB_PARA_VALUE (PARA_ID, ITEM_ID, FEATURE_ID, PARA_VALUE)
values (4476, 2180, 2062, 'GSM 900/1800/1900,TD-SCDMA 2010-2025,GSM 900/1800,');
insert into EB_PARA_VALUE (PARA_ID, ITEM_ID, FEATURE_ID, PARA_VALUE)
values (4477, 2180, 2080, '480×800像素');
insert into EB_PARA_VALUE (PARA_ID, ITEM_ID, FEATURE_ID, PARA_VALUE)
values (4478, 2180, 2040, '直板');
insert into EB_PARA_VALUE (PARA_ID, ITEM_ID, FEATURE_ID, PARA_VALUE)
values (4479, 2180, 2041, '触摸屏');
insert into EB_PARA_VALUE (PARA_ID, ITEM_ID, FEATURE_ID, PARA_VALUE)
values (4480, 2180, 2063, '26万色');
insert into EB_PARA_VALUE (PARA_ID, ITEM_ID, FEATURE_ID, PARA_VALUE)
values (4481, 2180, 2081, '88CP920');
insert into EB_PARA_VALUE (PARA_ID, ITEM_ID, FEATURE_ID, PARA_VALUE)
values (4482, 2180, 2100, '锂离子电池');
insert into EB_PARA_VALUE (PARA_ID, ITEM_ID, FEATURE_ID, PARA_VALUE)
values (4483, 2160, 2020, 'Android');
insert into EB_PARA_VALUE (PARA_ID, ITEM_ID, FEATURE_ID, PARA_VALUE)
values (4484, 2160, 2101, '2012年');
insert into EB_PARA_VALUE (PARA_ID, ITEM_ID, FEATURE_ID, PARA_VALUE)
values (4485, 2160, 2043, 'GSM,TD-SCDMA,GPRS,EDGE,');
insert into EB_PARA_VALUE (PARA_ID, ITEM_ID, FEATURE_ID, PARA_VALUE)
values (4486, 2160, 2045, '512MB');
insert into EB_PARA_VALUE (PARA_ID, ITEM_ID, FEATURE_ID, PARA_VALUE)
values (4487, 2160, 2060, '支持');
insert into EB_PARA_VALUE (PARA_ID, ITEM_ID, FEATURE_ID, PARA_VALUE)
values (4488, 2160, 2061, '3.5英寸');
insert into EB_PARA_VALUE (PARA_ID, ITEM_ID, FEATURE_ID, PARA_VALUE)
values (4489, 2160, 2062, 'TD-SCDMA 2010-2025,');
insert into EB_PARA_VALUE (PARA_ID, ITEM_ID, FEATURE_ID, PARA_VALUE)
values (4490, 2160, 2080, '320×480像素');
insert into EB_PARA_VALUE (PARA_ID, ITEM_ID, FEATURE_ID, PARA_VALUE)
values (4491, 2160, 2040, '直板');
insert into EB_PARA_VALUE (PARA_ID, ITEM_ID, FEATURE_ID, PARA_VALUE)
values (4492, 2160, 2041, '触摸屏');
insert into EB_PARA_VALUE (PARA_ID, ITEM_ID, FEATURE_ID, PARA_VALUE)
values (4493, 2160, 2063, '26万色');
insert into EB_PARA_VALUE (PARA_ID, ITEM_ID, FEATURE_ID, PARA_VALUE)
values (4494, 2160, 2100, '锂离子电池');
insert into EB_PARA_VALUE (PARA_ID, ITEM_ID, FEATURE_ID, PARA_VALUE)
values (4495, 2141, 2020, 'Android');
insert into EB_PARA_VALUE (PARA_ID, ITEM_ID, FEATURE_ID, PARA_VALUE)
values (4496, 2141, 2101, '2012年');
insert into EB_PARA_VALUE (PARA_ID, ITEM_ID, FEATURE_ID, PARA_VALUE)
values (4497, 2141, 2043, 'GSM,TD-SCDMA,GPRS,EDGE,');
insert into EB_PARA_VALUE (PARA_ID, ITEM_ID, FEATURE_ID, PARA_VALUE)
values (4498, 2141, 2044, '512MB');
insert into EB_PARA_VALUE (PARA_ID, ITEM_ID, FEATURE_ID, PARA_VALUE)
values (4499, 2141, 2045, '512MB');
insert into EB_PARA_VALUE (PARA_ID, ITEM_ID, FEATURE_ID, PARA_VALUE)
values (4500, 2141, 2060, '支持');
insert into EB_PARA_VALUE (PARA_ID, ITEM_ID, FEATURE_ID, PARA_VALUE)
values (4501, 2141, 2061, '3.5英寸');
insert into EB_PARA_VALUE (PARA_ID, ITEM_ID, FEATURE_ID, PARA_VALUE)
values (4502, 2141, 2062, 'TD-SCDMA 2010-2025,');
insert into EB_PARA_VALUE (PARA_ID, ITEM_ID, FEATURE_ID, PARA_VALUE)
values (4503, 2141, 2080, '320×480像素');
insert into EB_PARA_VALUE (PARA_ID, ITEM_ID, FEATURE_ID, PARA_VALUE)
values (4504, 2141, 2040, '直板');
insert into EB_PARA_VALUE (PARA_ID, ITEM_ID, FEATURE_ID, PARA_VALUE)
values (4505, 2141, 2041, '触摸屏');
insert into EB_PARA_VALUE (PARA_ID, ITEM_ID, FEATURE_ID, PARA_VALUE)
values (4506, 2141, 2063, '26万色');
insert into EB_PARA_VALUE (PARA_ID, ITEM_ID, FEATURE_ID, PARA_VALUE)
values (4507, 2141, 2100, '锂离子电池');
insert into EB_PARA_VALUE (PARA_ID, ITEM_ID, FEATURE_ID, PARA_VALUE)
values (4508, 2141, 2042, '单核');
insert into EB_PARA_VALUE (PARA_ID, ITEM_ID, FEATURE_ID, PARA_VALUE)
values (4509, 2140, 2020, 'Android');
insert into EB_PARA_VALUE (PARA_ID, ITEM_ID, FEATURE_ID, PARA_VALUE)
values (4510, 2140, 2101, '2011年');
insert into EB_PARA_VALUE (PARA_ID, ITEM_ID, FEATURE_ID, PARA_VALUE)
values (4511, 2140, 2043, 'GSM,TD-SCDMA,GPRS,EDGE,');
insert into EB_PARA_VALUE (PARA_ID, ITEM_ID, FEATURE_ID, PARA_VALUE)
values (4512, 2140, 2045, '256MB');
insert into EB_PARA_VALUE (PARA_ID, ITEM_ID, FEATURE_ID, PARA_VALUE)
values (4513, 2140, 2060, '支持');
insert into EB_PARA_VALUE (PARA_ID, ITEM_ID, FEATURE_ID, PARA_VALUE)
values (4514, 2140, 2062, 'TD-SCDMA 2010-2025,');
insert into EB_PARA_VALUE (PARA_ID, ITEM_ID, FEATURE_ID, PARA_VALUE)
values (4515, 2140, 2040, '直板');
insert into EB_PARA_VALUE (PARA_ID, ITEM_ID, FEATURE_ID, PARA_VALUE)
values (4516, 2140, 2041, '触摸屏');
insert into EB_PARA_VALUE (PARA_ID, ITEM_ID, FEATURE_ID, PARA_VALUE)
values (4517, 2140, 2063, '26万色');
insert into EB_PARA_VALUE (PARA_ID, ITEM_ID, FEATURE_ID, PARA_VALUE)
values (4518, 2140, 2081, '88PM8607');
insert into EB_PARA_VALUE (PARA_ID, ITEM_ID, FEATURE_ID, PARA_VALUE)
values (4519, 2120, 2043, 'GSM,TD-SCDMA,');
insert into EB_PARA_VALUE (PARA_ID, ITEM_ID, FEATURE_ID, PARA_VALUE)
values (4520, 2120, 2044, '512MB');
insert into EB_PARA_VALUE (PARA_ID, ITEM_ID, FEATURE_ID, PARA_VALUE)
values (4521, 2120, 2045, '256MB');
insert into EB_PARA_VALUE (PARA_ID, ITEM_ID, FEATURE_ID, PARA_VALUE)
values (4522, 2120, 2060, '支持');
insert into EB_PARA_VALUE (PARA_ID, ITEM_ID, FEATURE_ID, PARA_VALUE)
values (4523, 2120, 2061, '2.8英寸');
insert into EB_PARA_VALUE (PARA_ID, ITEM_ID, FEATURE_ID, PARA_VALUE)
values (4524, 2120, 2080, '240×320像素');
insert into EB_PARA_VALUE (PARA_ID, ITEM_ID, FEATURE_ID, PARA_VALUE)
values (4525, 2120, 2040, '直板');
insert into EB_PARA_VALUE (PARA_ID, ITEM_ID, FEATURE_ID, PARA_VALUE)
values (4526, 2120, 2041, '触摸屏');
insert into EB_PARA_VALUE (PARA_ID, ITEM_ID, FEATURE_ID, PARA_VALUE)
values (4527, 2120, 2063, '26万色');
insert into EB_PARA_VALUE (PARA_ID, ITEM_ID, FEATURE_ID, PARA_VALUE)
values (4528, 2080, 2101, '2011年01月');
insert into EB_PARA_VALUE (PARA_ID, ITEM_ID, FEATURE_ID, PARA_VALUE)
values (4529, 2080, 2043, 'GSM,TD-SCDMA,');
insert into EB_PARA_VALUE (PARA_ID, ITEM_ID, FEATURE_ID, PARA_VALUE)
values (4530, 2080, 2060, '支持');
insert into EB_PARA_VALUE (PARA_ID, ITEM_ID, FEATURE_ID, PARA_VALUE)
values (4531, 2080, 2061, '2.2英寸');
insert into EB_PARA_VALUE (PARA_ID, ITEM_ID, FEATURE_ID, PARA_VALUE)
values (4532, 2080, 2062, 'TD-SCDMA 2010-2025,');
insert into EB_PARA_VALUE (PARA_ID, ITEM_ID, FEATURE_ID, PARA_VALUE)
values (4533, 2080, 2080, '176×220像素');
insert into EB_PARA_VALUE (PARA_ID, ITEM_ID, FEATURE_ID, PARA_VALUE)
values (4534, 2080, 2040, '滑盖');
insert into EB_PARA_VALUE (PARA_ID, ITEM_ID, FEATURE_ID, PARA_VALUE)
values (4535, 2080, 2041, '标准键盘');
insert into EB_PARA_VALUE (PARA_ID, ITEM_ID, FEATURE_ID, PARA_VALUE)
values (4536, 2080, 2063, '26万色');
insert into EB_PARA_VALUE (PARA_ID, ITEM_ID, FEATURE_ID, PARA_VALUE)
values (4537, 2080, 2100, '锂离子电池');
insert into EB_PARA_VALUE (PARA_ID, ITEM_ID, FEATURE_ID, PARA_VALUE)
values (4538, 2061, 2020, 'Android');
insert into EB_PARA_VALUE (PARA_ID, ITEM_ID, FEATURE_ID, PARA_VALUE)
values (4539, 2061, 2101, '2012年');
insert into EB_PARA_VALUE (PARA_ID, ITEM_ID, FEATURE_ID, PARA_VALUE)
values (4540, 2061, 2043, 'GSM,TD-SCDMA,GPRS,EDGE,');
insert into EB_PARA_VALUE (PARA_ID, ITEM_ID, FEATURE_ID, PARA_VALUE)
values (4541, 2061, 2044, '1GB');
insert into EB_PARA_VALUE (PARA_ID, ITEM_ID, FEATURE_ID, PARA_VALUE)
values (4542, 2061, 2045, '512MB');
insert into EB_PARA_VALUE (PARA_ID, ITEM_ID, FEATURE_ID, PARA_VALUE)
values (4543, 2061, 2060, '支持');
insert into EB_PARA_VALUE (PARA_ID, ITEM_ID, FEATURE_ID, PARA_VALUE)
values (4544, 2061, 2061, '4.0英寸');
insert into EB_PARA_VALUE (PARA_ID, ITEM_ID, FEATURE_ID, PARA_VALUE)
values (4545, 2061, 2062, 'GSM 900/1800/1900,TD-SCDMA 2010-2025,GSM 900/1800,');
insert into EB_PARA_VALUE (PARA_ID, ITEM_ID, FEATURE_ID, PARA_VALUE)
values (4546, 2061, 2080, '480×800像素');
insert into EB_PARA_VALUE (PARA_ID, ITEM_ID, FEATURE_ID, PARA_VALUE)
values (4547, 2061, 2040, '直板');
insert into EB_PARA_VALUE (PARA_ID, ITEM_ID, FEATURE_ID, PARA_VALUE)
values (4548, 2061, 2041, '触摸屏');
insert into EB_PARA_VALUE (PARA_ID, ITEM_ID, FEATURE_ID, PARA_VALUE)
values (4549, 2061, 2063, '1600万色');
insert into EB_PARA_VALUE (PARA_ID, ITEM_ID, FEATURE_ID, PARA_VALUE)
values (4550, 2061, 2081, 'MSM 7627T');
insert into EB_PARA_VALUE (PARA_ID, ITEM_ID, FEATURE_ID, PARA_VALUE)
values (4551, 2061, 2100, '锂离子电池');
insert into EB_PARA_VALUE (PARA_ID, ITEM_ID, FEATURE_ID, PARA_VALUE)
values (4552, 2061, 2042, '单核');
insert into EB_PARA_VALUE (PARA_ID, ITEM_ID, FEATURE_ID, PARA_VALUE)
values (4235, 2424, 2020, 'Android2.3');
insert into EB_PARA_VALUE (PARA_ID, ITEM_ID, FEATURE_ID, PARA_VALUE)
values (4865, 2401, 2020, 'Android4.1');
insert into EB_PARA_VALUE (PARA_ID, ITEM_ID, FEATURE_ID, PARA_VALUE)
values (4866, 2401, 2101, '2013年');
insert into EB_PARA_VALUE (PARA_ID, ITEM_ID, FEATURE_ID, PARA_VALUE)
values (4867, 2401, 2043, 'TD-HSDPA,GPRS,EDGE,');
insert into EB_PARA_VALUE (PARA_ID, ITEM_ID, FEATURE_ID, PARA_VALUE)
values (4868, 2401, 2044, '8GB');
insert into EB_PARA_VALUE (PARA_ID, ITEM_ID, FEATURE_ID, PARA_VALUE)
values (4869, 2401, 2045, '1GB');
insert into EB_PARA_VALUE (PARA_ID, ITEM_ID, FEATURE_ID, PARA_VALUE)
values (4870, 2401, 2060, '最大支持32GB MicroSD扩展卡');
insert into EB_PARA_VALUE (PARA_ID, ITEM_ID, FEATURE_ID, PARA_VALUE)
values (4871, 2401, 2061, '4.65英寸');
commit;
prompt 100 records committed...
insert into EB_PARA_VALUE (PARA_ID, ITEM_ID, FEATURE_ID, PARA_VALUE)
values (4872, 2401, 2062, 'GPRS 900/1800/1900,TD-HSDPA 1880/2010,EDGE900/1800/1900MHz,');
insert into EB_PARA_VALUE (PARA_ID, ITEM_ID, FEATURE_ID, PARA_VALUE)
values (4873, 2401, 2080, '1280×720像素');
insert into EB_PARA_VALUE (PARA_ID, ITEM_ID, FEATURE_ID, PARA_VALUE)
values (4874, 2401, 2040, '直板');
insert into EB_PARA_VALUE (PARA_ID, ITEM_ID, FEATURE_ID, PARA_VALUE)
values (4875, 2401, 2041, '触摸屏');
insert into EB_PARA_VALUE (PARA_ID, ITEM_ID, FEATURE_ID, PARA_VALUE)
values (4876, 2401, 2100, '锂电池（2100mAh）');
insert into EB_PARA_VALUE (PARA_ID, ITEM_ID, FEATURE_ID, PARA_VALUE)
values (4877, 2401, 2042, '双核');
insert into EB_PARA_VALUE (PARA_ID, ITEM_ID, FEATURE_ID, PARA_VALUE)
values (5236, 2424, 2101, '2012年');
insert into EB_PARA_VALUE (PARA_ID, ITEM_ID, FEATURE_ID, PARA_VALUE)
values (5237, 2424, 2043, 'TD-HSDPA,GSM,GPRS,');
insert into EB_PARA_VALUE (PARA_ID, ITEM_ID, FEATURE_ID, PARA_VALUE)
values (5238, 2424, 2044, '4GB');
insert into EB_PARA_VALUE (PARA_ID, ITEM_ID, FEATURE_ID, PARA_VALUE)
values (5239, 2424, 2045, '512MB');
insert into EB_PARA_VALUE (PARA_ID, ITEM_ID, FEATURE_ID, PARA_VALUE)
values (5240, 2424, 2060, '最大支持32GB MicroSD扩展卡');
insert into EB_PARA_VALUE (PARA_ID, ITEM_ID, FEATURE_ID, PARA_VALUE)
values (5241, 2424, 2042, '单核');
insert into EB_PARA_VALUE (PARA_ID, ITEM_ID, FEATURE_ID, PARA_VALUE)
values (5242, 2424, 2100, '锂电池（1300mAh）');
insert into EB_PARA_VALUE (PARA_ID, ITEM_ID, FEATURE_ID, PARA_VALUE)
values (5243, 2424, 2062, 'GPRS 900/1800/1900,TD-HSDPA 1880/2010,EDGE900/1800/1900MHz,');
insert into EB_PARA_VALUE (PARA_ID, ITEM_ID, FEATURE_ID, PARA_VALUE)
values (5244, 2424, 2040, '直板');
insert into EB_PARA_VALUE (PARA_ID, ITEM_ID, FEATURE_ID, PARA_VALUE)
values (5245, 2424, 2041, '触摸屏');
insert into EB_PARA_VALUE (PARA_ID, ITEM_ID, FEATURE_ID, PARA_VALUE)
values (5246, 2424, 2080, '320×480像素');
insert into EB_PARA_VALUE (PARA_ID, ITEM_ID, FEATURE_ID, PARA_VALUE)
values (5247, 2424, 2061, '3.5英寸');
insert into EB_PARA_VALUE (PARA_ID, ITEM_ID, FEATURE_ID, PARA_VALUE)
values (3165, 2161, 2020, 'Android');
insert into EB_PARA_VALUE (PARA_ID, ITEM_ID, FEATURE_ID, PARA_VALUE)
values (3166, 2161, 2101, '2012年');
insert into EB_PARA_VALUE (PARA_ID, ITEM_ID, FEATURE_ID, PARA_VALUE)
values (3167, 2161, 2043, 'GSM,TD-SCDMA,GPRS,EDGE,');
insert into EB_PARA_VALUE (PARA_ID, ITEM_ID, FEATURE_ID, PARA_VALUE)
values (3168, 2161, 2045, '512MB');
insert into EB_PARA_VALUE (PARA_ID, ITEM_ID, FEATURE_ID, PARA_VALUE)
values (3169, 2161, 2060, '支持');
insert into EB_PARA_VALUE (PARA_ID, ITEM_ID, FEATURE_ID, PARA_VALUE)
values (3170, 2161, 2061, '4.3英寸');
insert into EB_PARA_VALUE (PARA_ID, ITEM_ID, FEATURE_ID, PARA_VALUE)
values (3171, 2161, 2062, 'TD-SCDMA 2010-2025,GSM900/1800MHZ,TD-SCDMA 1880-1920,');
insert into EB_PARA_VALUE (PARA_ID, ITEM_ID, FEATURE_ID, PARA_VALUE)
values (3172, 2161, 2080, '480×800像素');
insert into EB_PARA_VALUE (PARA_ID, ITEM_ID, FEATURE_ID, PARA_VALUE)
values (3173, 2161, 2040, '直板');
insert into EB_PARA_VALUE (PARA_ID, ITEM_ID, FEATURE_ID, PARA_VALUE)
values (3174, 2161, 2041, '触摸屏');
insert into EB_PARA_VALUE (PARA_ID, ITEM_ID, FEATURE_ID, PARA_VALUE)
values (3175, 2161, 2063, '26万色');
insert into EB_PARA_VALUE (PARA_ID, ITEM_ID, FEATURE_ID, PARA_VALUE)
values (3176, 2161, 2081, 'MARVELL 920H');
insert into EB_PARA_VALUE (PARA_ID, ITEM_ID, FEATURE_ID, PARA_VALUE)
values (3177, 2161, 2100, '锂离子电池');
insert into EB_PARA_VALUE (PARA_ID, ITEM_ID, FEATURE_ID, PARA_VALUE)
values (3178, 2161, 2042, '单核');
insert into EB_PARA_VALUE (PARA_ID, ITEM_ID, FEATURE_ID, PARA_VALUE)
values (3226, 2200, 2101, '2010年');
insert into EB_PARA_VALUE (PARA_ID, ITEM_ID, FEATURE_ID, PARA_VALUE)
values (3227, 2200, 2043, 'GSM,TD-SCDMA,GPRS,EDGE,');
insert into EB_PARA_VALUE (PARA_ID, ITEM_ID, FEATURE_ID, PARA_VALUE)
values (3228, 2200, 2062, 'GSM 900/1800/1900,TD-SCDMA 2010-2025,GSM 900/1800,');
insert into EB_PARA_VALUE (PARA_ID, ITEM_ID, FEATURE_ID, PARA_VALUE)
values (3229, 2200, 2080, '240×320像素');
insert into EB_PARA_VALUE (PARA_ID, ITEM_ID, FEATURE_ID, PARA_VALUE)
values (3230, 2200, 2040, '直板');
insert into EB_PARA_VALUE (PARA_ID, ITEM_ID, FEATURE_ID, PARA_VALUE)
values (3231, 2200, 2041, '标准键盘');
insert into EB_PARA_VALUE (PARA_ID, ITEM_ID, FEATURE_ID, PARA_VALUE)
values (3232, 2200, 2063, '26万色');
insert into EB_PARA_VALUE (PARA_ID, ITEM_ID, FEATURE_ID, PARA_VALUE)
values (4568, 2020, 2020, 'Android');
insert into EB_PARA_VALUE (PARA_ID, ITEM_ID, FEATURE_ID, PARA_VALUE)
values (4569, 2020, 2101, '2011年');
insert into EB_PARA_VALUE (PARA_ID, ITEM_ID, FEATURE_ID, PARA_VALUE)
values (4570, 2020, 2043, 'GSM,TD-SCDMA,GPRS,EDGE,');
insert into EB_PARA_VALUE (PARA_ID, ITEM_ID, FEATURE_ID, PARA_VALUE)
values (4571, 2020, 2044, '512MB');
insert into EB_PARA_VALUE (PARA_ID, ITEM_ID, FEATURE_ID, PARA_VALUE)
values (4572, 2020, 2045, '512MB');
insert into EB_PARA_VALUE (PARA_ID, ITEM_ID, FEATURE_ID, PARA_VALUE)
values (4573, 2020, 2060, '支持');
insert into EB_PARA_VALUE (PARA_ID, ITEM_ID, FEATURE_ID, PARA_VALUE)
values (4574, 2020, 2061, '3.14英寸');
insert into EB_PARA_VALUE (PARA_ID, ITEM_ID, FEATURE_ID, PARA_VALUE)
values (4575, 2020, 2062, 'GSM 900/1800/1900,TD-SCDMA 2010-2025,GSM 900/1800,');
insert into EB_PARA_VALUE (PARA_ID, ITEM_ID, FEATURE_ID, PARA_VALUE)
values (4576, 2020, 2080, '240×320像素');
insert into EB_PARA_VALUE (PARA_ID, ITEM_ID, FEATURE_ID, PARA_VALUE)
values (4577, 2020, 2040, '直板');
insert into EB_PARA_VALUE (PARA_ID, ITEM_ID, FEATURE_ID, PARA_VALUE)
values (4578, 2020, 2041, '触摸屏');
insert into EB_PARA_VALUE (PARA_ID, ITEM_ID, FEATURE_ID, PARA_VALUE)
values (4579, 2020, 2063, '26万色');
insert into EB_PARA_VALUE (PARA_ID, ITEM_ID, FEATURE_ID, PARA_VALUE)
values (4580, 2020, 2100, '锂电池');
insert into EB_PARA_VALUE (PARA_ID, ITEM_ID, FEATURE_ID, PARA_VALUE)
values (5200, 2220, 2020, 'Android');
insert into EB_PARA_VALUE (PARA_ID, ITEM_ID, FEATURE_ID, PARA_VALUE)
values (5201, 2220, 2101, '2012年');
insert into EB_PARA_VALUE (PARA_ID, ITEM_ID, FEATURE_ID, PARA_VALUE)
values (5202, 2220, 2043, 'GSM,TD-SCDMA,GPRS,EDGE,');
insert into EB_PARA_VALUE (PARA_ID, ITEM_ID, FEATURE_ID, PARA_VALUE)
values (5203, 2220, 2044, '512MB');
insert into EB_PARA_VALUE (PARA_ID, ITEM_ID, FEATURE_ID, PARA_VALUE)
values (5204, 2220, 2045, '512MB');
insert into EB_PARA_VALUE (PARA_ID, ITEM_ID, FEATURE_ID, PARA_VALUE)
values (5205, 2220, 2060, '支持');
insert into EB_PARA_VALUE (PARA_ID, ITEM_ID, FEATURE_ID, PARA_VALUE)
values (5206, 2220, 2061, '3.5英寸');
insert into EB_PARA_VALUE (PARA_ID, ITEM_ID, FEATURE_ID, PARA_VALUE)
values (5207, 2220, 2062, 'GSM 900/1800/1900,TD-SCDMA 2010-2025,GSM 900/1800,');
insert into EB_PARA_VALUE (PARA_ID, ITEM_ID, FEATURE_ID, PARA_VALUE)
values (5208, 2220, 2080, '320×480像素');
insert into EB_PARA_VALUE (PARA_ID, ITEM_ID, FEATURE_ID, PARA_VALUE)
values (5209, 2220, 2040, '直板');
insert into EB_PARA_VALUE (PARA_ID, ITEM_ID, FEATURE_ID, PARA_VALUE)
values (5210, 2220, 2041, '触摸屏');
insert into EB_PARA_VALUE (PARA_ID, ITEM_ID, FEATURE_ID, PARA_VALUE)
values (5211, 2220, 2063, '26万色');
insert into EB_PARA_VALUE (PARA_ID, ITEM_ID, FEATURE_ID, PARA_VALUE)
values (5212, 2220, 2081, 'Marvell920');
insert into EB_PARA_VALUE (PARA_ID, ITEM_ID, FEATURE_ID, PARA_VALUE)
values (5213, 2220, 2100, '锂离子电池');
insert into EB_PARA_VALUE (PARA_ID, ITEM_ID, FEATURE_ID, PARA_VALUE)
values (5214, 2220, 2042, '单核');
insert into EB_PARA_VALUE (PARA_ID, ITEM_ID, FEATURE_ID, PARA_VALUE)
values (5100, 2382, 2020, 'Android4.0');
insert into EB_PARA_VALUE (PARA_ID, ITEM_ID, FEATURE_ID, PARA_VALUE)
values (5101, 2382, 2101, '2012年');
insert into EB_PARA_VALUE (PARA_ID, ITEM_ID, FEATURE_ID, PARA_VALUE)
values (5102, 2382, 2043, 'GSM,TD-SCDMA,');
insert into EB_PARA_VALUE (PARA_ID, ITEM_ID, FEATURE_ID, PARA_VALUE)
values (5103, 2382, 2044, '4GB');
insert into EB_PARA_VALUE (PARA_ID, ITEM_ID, FEATURE_ID, PARA_VALUE)
values (5104, 2382, 2061, '4.5英寸');
insert into EB_PARA_VALUE (PARA_ID, ITEM_ID, FEATURE_ID, PARA_VALUE)
values (5105, 2382, 2062, 'TDSCDMA 1900/2000MHz,HSDPA 1900/2000MHz,HSUPA 1900/2000MHz,GSM 900/1800/1900,GSM 900/1800,');
insert into EB_PARA_VALUE (PARA_ID, ITEM_ID, FEATURE_ID, PARA_VALUE)
values (5106, 2382, 2080, '940x540像素');
insert into EB_PARA_VALUE (PARA_ID, ITEM_ID, FEATURE_ID, PARA_VALUE)
values (5107, 2382, 2040, '直板');
insert into EB_PARA_VALUE (PARA_ID, ITEM_ID, FEATURE_ID, PARA_VALUE)
values (5108, 2382, 2041, '触摸屏');
insert into EB_PARA_VALUE (PARA_ID, ITEM_ID, FEATURE_ID, PARA_VALUE)
values (5109, 2382, 2100, '锂电池（1800mAh）');
insert into EB_PARA_VALUE (PARA_ID, ITEM_ID, FEATURE_ID, PARA_VALUE)
values (5110, 2382, 2042, '双核');
insert into EB_PARA_VALUE (PARA_ID, ITEM_ID, FEATURE_ID, PARA_VALUE)
values (3832, 2100, 2101, '2011年12月');
insert into EB_PARA_VALUE (PARA_ID, ITEM_ID, FEATURE_ID, PARA_VALUE)
values (3833, 2100, 2043, 'GSM,GPRS,EDGE,');
insert into EB_PARA_VALUE (PARA_ID, ITEM_ID, FEATURE_ID, PARA_VALUE)
values (3834, 2100, 2060, '支持');
insert into EB_PARA_VALUE (PARA_ID, ITEM_ID, FEATURE_ID, PARA_VALUE)
values (3835, 2100, 2061, '1.8英寸');
insert into EB_PARA_VALUE (PARA_ID, ITEM_ID, FEATURE_ID, PARA_VALUE)
values (3836, 2100, 2062, 'GSM 900/1800,');
insert into EB_PARA_VALUE (PARA_ID, ITEM_ID, FEATURE_ID, PARA_VALUE)
values (3837, 2100, 2080, '128×160像素');
insert into EB_PARA_VALUE (PARA_ID, ITEM_ID, FEATURE_ID, PARA_VALUE)
values (3838, 2100, 2040, '直板');
insert into EB_PARA_VALUE (PARA_ID, ITEM_ID, FEATURE_ID, PARA_VALUE)
values (3839, 2100, 2041, '标准键盘');
insert into EB_PARA_VALUE (PARA_ID, ITEM_ID, FEATURE_ID, PARA_VALUE)
values (3840, 2100, 2063, '65536色');
insert into EB_PARA_VALUE (PARA_ID, ITEM_ID, FEATURE_ID, PARA_VALUE)
values (3841, 2100, 2100, '锂电池（800mAh）');
insert into EB_PARA_VALUE (PARA_ID, ITEM_ID, FEATURE_ID, PARA_VALUE)
values (4775, 2385, 2020, 'Android4.0');
insert into EB_PARA_VALUE (PARA_ID, ITEM_ID, FEATURE_ID, PARA_VALUE)
values (4776, 2385, 2101, '2012年');
insert into EB_PARA_VALUE (PARA_ID, ITEM_ID, FEATURE_ID, PARA_VALUE)
values (4777, 2385, 2043, 'GSM,TD-SCDMA,');
insert into EB_PARA_VALUE (PARA_ID, ITEM_ID, FEATURE_ID, PARA_VALUE)
values (4778, 2385, 2044, '4GB');
insert into EB_PARA_VALUE (PARA_ID, ITEM_ID, FEATURE_ID, PARA_VALUE)
values (4779, 2385, 2045, '512MB');
insert into EB_PARA_VALUE (PARA_ID, ITEM_ID, FEATURE_ID, PARA_VALUE)
values (4780, 2385, 2060, '最大支持32GB MicroSD扩展卡');
insert into EB_PARA_VALUE (PARA_ID, ITEM_ID, FEATURE_ID, PARA_VALUE)
values (4781, 2385, 2061, '4.5英寸');
insert into EB_PARA_VALUE (PARA_ID, ITEM_ID, FEATURE_ID, PARA_VALUE)
values (4782, 2385, 2062, 'GSM 900/1800/1900,TD-SCDMA 2010-2025,TD-SCDMA 1880-1920,');
insert into EB_PARA_VALUE (PARA_ID, ITEM_ID, FEATURE_ID, PARA_VALUE)
values (4783, 2385, 2080, '480×854像素');
insert into EB_PARA_VALUE (PARA_ID, ITEM_ID, FEATURE_ID, PARA_VALUE)
values (4784, 2385, 2040, '直板');
insert into EB_PARA_VALUE (PARA_ID, ITEM_ID, FEATURE_ID, PARA_VALUE)
values (4785, 2385, 2041, '触摸屏');
insert into EB_PARA_VALUE (PARA_ID, ITEM_ID, FEATURE_ID, PARA_VALUE)
values (4786, 2385, 2081, '联发科 MT6517');
commit;
prompt 200 records committed...
insert into EB_PARA_VALUE (PARA_ID, ITEM_ID, FEATURE_ID, PARA_VALUE)
values (4787, 2385, 2100, '锂电池（2000mAh）');
insert into EB_PARA_VALUE (PARA_ID, ITEM_ID, FEATURE_ID, PARA_VALUE)
values (4788, 2385, 2042, '四核');
insert into EB_PARA_VALUE (PARA_ID, ITEM_ID, FEATURE_ID, PARA_VALUE)
values (4789, 2386, 2020, 'Android4.0');
insert into EB_PARA_VALUE (PARA_ID, ITEM_ID, FEATURE_ID, PARA_VALUE)
values (4790, 2386, 2101, '2013年');
insert into EB_PARA_VALUE (PARA_ID, ITEM_ID, FEATURE_ID, PARA_VALUE)
values (4791, 2386, 2043, 'GSM,TD-SCDMA,');
insert into EB_PARA_VALUE (PARA_ID, ITEM_ID, FEATURE_ID, PARA_VALUE)
values (4792, 2386, 2044, '4GB');
insert into EB_PARA_VALUE (PARA_ID, ITEM_ID, FEATURE_ID, PARA_VALUE)
values (4793, 2386, 2045, '512MB');
insert into EB_PARA_VALUE (PARA_ID, ITEM_ID, FEATURE_ID, PARA_VALUE)
values (4794, 2386, 2060, '最大支持32GB MicroSD扩展卡');
insert into EB_PARA_VALUE (PARA_ID, ITEM_ID, FEATURE_ID, PARA_VALUE)
values (4795, 2386, 2061, '4.3英寸');
insert into EB_PARA_VALUE (PARA_ID, ITEM_ID, FEATURE_ID, PARA_VALUE)
values (4796, 2386, 2062, 'EDGE 850/900/1900,GSM 850/900/1900,TD-SCDMA1900/2100,');
insert into EB_PARA_VALUE (PARA_ID, ITEM_ID, FEATURE_ID, PARA_VALUE)
values (4797, 2386, 2080, '480×800像素');
insert into EB_PARA_VALUE (PARA_ID, ITEM_ID, FEATURE_ID, PARA_VALUE)
values (4798, 2386, 2040, '直板');
insert into EB_PARA_VALUE (PARA_ID, ITEM_ID, FEATURE_ID, PARA_VALUE)
values (4799, 2386, 2041, '触摸屏');
insert into EB_PARA_VALUE (PARA_ID, ITEM_ID, FEATURE_ID, PARA_VALUE)
values (4800, 2386, 2063, '1600万色');
insert into EB_PARA_VALUE (PARA_ID, ITEM_ID, FEATURE_ID, PARA_VALUE)
values (4801, 2386, 2081, '双核Tiger ');
insert into EB_PARA_VALUE (PARA_ID, ITEM_ID, FEATURE_ID, PARA_VALUE)
values (4802, 2386, 2100, '锂电池（1730mAh）');
insert into EB_PARA_VALUE (PARA_ID, ITEM_ID, FEATURE_ID, PARA_VALUE)
values (4803, 2386, 2042, '双核');
insert into EB_PARA_VALUE (PARA_ID, ITEM_ID, FEATURE_ID, PARA_VALUE)
values (4760, 2384, 2020, 'Android4.0');
insert into EB_PARA_VALUE (PARA_ID, ITEM_ID, FEATURE_ID, PARA_VALUE)
values (4761, 2384, 2101, '2013年');
insert into EB_PARA_VALUE (PARA_ID, ITEM_ID, FEATURE_ID, PARA_VALUE)
values (4762, 2384, 2043, 'GSM,TD-SCDMA,');
insert into EB_PARA_VALUE (PARA_ID, ITEM_ID, FEATURE_ID, PARA_VALUE)
values (4763, 2384, 2044, '4GB');
insert into EB_PARA_VALUE (PARA_ID, ITEM_ID, FEATURE_ID, PARA_VALUE)
values (4764, 2384, 2045, '512MB');
insert into EB_PARA_VALUE (PARA_ID, ITEM_ID, FEATURE_ID, PARA_VALUE)
values (4765, 2384, 2060, '最大支持32GB MicroSD扩展卡');
insert into EB_PARA_VALUE (PARA_ID, ITEM_ID, FEATURE_ID, PARA_VALUE)
values (4766, 2384, 2061, '4.5英寸');
insert into EB_PARA_VALUE (PARA_ID, ITEM_ID, FEATURE_ID, PARA_VALUE)
values (4767, 2384, 2062, 'GSM 900/1800/1900,TD-SCDMA 2010-2025,TD-SCDMA 1880-1920,');
insert into EB_PARA_VALUE (PARA_ID, ITEM_ID, FEATURE_ID, PARA_VALUE)
values (4768, 2384, 2080, '480×854像素');
insert into EB_PARA_VALUE (PARA_ID, ITEM_ID, FEATURE_ID, PARA_VALUE)
values (4769, 2384, 2040, '直板');
insert into EB_PARA_VALUE (PARA_ID, ITEM_ID, FEATURE_ID, PARA_VALUE)
values (4770, 2384, 2041, '触摸屏');
insert into EB_PARA_VALUE (PARA_ID, ITEM_ID, FEATURE_ID, PARA_VALUE)
values (4771, 2384, 2063, '1600万色');
insert into EB_PARA_VALUE (PARA_ID, ITEM_ID, FEATURE_ID, PARA_VALUE)
values (4772, 2384, 2081, 'MTK MT6517A');
insert into EB_PARA_VALUE (PARA_ID, ITEM_ID, FEATURE_ID, PARA_VALUE)
values (4773, 2384, 2100, '锂电池（1600mAh）');
insert into EB_PARA_VALUE (PARA_ID, ITEM_ID, FEATURE_ID, PARA_VALUE)
values (4774, 2384, 2042, '双核');
insert into EB_PARA_VALUE (PARA_ID, ITEM_ID, FEATURE_ID, PARA_VALUE)
values (5180, 2400, 2020, 'Android');
insert into EB_PARA_VALUE (PARA_ID, ITEM_ID, FEATURE_ID, PARA_VALUE)
values (5181, 2400, 2101, '2012年');
insert into EB_PARA_VALUE (PARA_ID, ITEM_ID, FEATURE_ID, PARA_VALUE)
values (5182, 2400, 2043, 'GSM,TD-SCDMA,GPRS,EDGE,');
insert into EB_PARA_VALUE (PARA_ID, ITEM_ID, FEATURE_ID, PARA_VALUE)
values (5183, 2400, 2044, '16G');
insert into EB_PARA_VALUE (PARA_ID, ITEM_ID, FEATURE_ID, PARA_VALUE)
values (5184, 2400, 2045, '1GB');
insert into EB_PARA_VALUE (PARA_ID, ITEM_ID, FEATURE_ID, PARA_VALUE)
values (5185, 2400, 2061, '4.8英寸');
insert into EB_PARA_VALUE (PARA_ID, ITEM_ID, FEATURE_ID, PARA_VALUE)
values (5186, 2400, 2062, 'GSM 900/1800/1900,TD-SCDMA 2010-2025,GSM 900/1800,');
insert into EB_PARA_VALUE (PARA_ID, ITEM_ID, FEATURE_ID, PARA_VALUE)
values (5187, 2400, 2080, '1280×720像素');
insert into EB_PARA_VALUE (PARA_ID, ITEM_ID, FEATURE_ID, PARA_VALUE)
values (5188, 2400, 2040, '直板');
insert into EB_PARA_VALUE (PARA_ID, ITEM_ID, FEATURE_ID, PARA_VALUE)
values (5189, 2400, 2041, '触摸屏');
insert into EB_PARA_VALUE (PARA_ID, ITEM_ID, FEATURE_ID, PARA_VALUE)
values (5190, 2400, 2063, '1600万色');
insert into EB_PARA_VALUE (PARA_ID, ITEM_ID, FEATURE_ID, PARA_VALUE)
values (5191, 2400, 2081, 'Exynos 4412');
insert into EB_PARA_VALUE (PARA_ID, ITEM_ID, FEATURE_ID, PARA_VALUE)
values (5192, 2400, 2100, '锂离子电池');
insert into EB_PARA_VALUE (PARA_ID, ITEM_ID, FEATURE_ID, PARA_VALUE)
values (5193, 2400, 2042, '四核');
insert into EB_PARA_VALUE (PARA_ID, ITEM_ID, FEATURE_ID, PARA_VALUE)
values (5220, 2300, 2020, 'Android');
insert into EB_PARA_VALUE (PARA_ID, ITEM_ID, FEATURE_ID, PARA_VALUE)
values (5221, 2300, 2101, '2012年');
insert into EB_PARA_VALUE (PARA_ID, ITEM_ID, FEATURE_ID, PARA_VALUE)
values (5222, 2300, 2043, 'GSM,TD-SCDMA,GPRS,EDGE,');
insert into EB_PARA_VALUE (PARA_ID, ITEM_ID, FEATURE_ID, PARA_VALUE)
values (5223, 2300, 2044, '4GB');
insert into EB_PARA_VALUE (PARA_ID, ITEM_ID, FEATURE_ID, PARA_VALUE)
values (5224, 2300, 2045, '512MB');
insert into EB_PARA_VALUE (PARA_ID, ITEM_ID, FEATURE_ID, PARA_VALUE)
values (5225, 2300, 2060, '支持');
insert into EB_PARA_VALUE (PARA_ID, ITEM_ID, FEATURE_ID, PARA_VALUE)
values (5226, 2300, 2042, '单核');
insert into EB_PARA_VALUE (PARA_ID, ITEM_ID, FEATURE_ID, PARA_VALUE)
values (5227, 2300, 2100, '锂离子电池');
insert into EB_PARA_VALUE (PARA_ID, ITEM_ID, FEATURE_ID, PARA_VALUE)
values (5228, 2300, 2062, 'GSM 900/1800/1900,TD-SCDMA 2010-2025,GSM 900/1800,');
insert into EB_PARA_VALUE (PARA_ID, ITEM_ID, FEATURE_ID, PARA_VALUE)
values (5229, 2300, 2040, '直板');
insert into EB_PARA_VALUE (PARA_ID, ITEM_ID, FEATURE_ID, PARA_VALUE)
values (5230, 2300, 2041, '触摸屏');
insert into EB_PARA_VALUE (PARA_ID, ITEM_ID, FEATURE_ID, PARA_VALUE)
values (5231, 2300, 2063, '26万色');
insert into EB_PARA_VALUE (PARA_ID, ITEM_ID, FEATURE_ID, PARA_VALUE)
values (5232, 2300, 2081, 'PXA920');
insert into EB_PARA_VALUE (PARA_ID, ITEM_ID, FEATURE_ID, PARA_VALUE)
values (5233, 2300, 2080, '320×480像素');
insert into EB_PARA_VALUE (PARA_ID, ITEM_ID, FEATURE_ID, PARA_VALUE)
values (5234, 2300, 2061, '3.5英寸');
insert into EB_PARA_VALUE (PARA_ID, ITEM_ID, FEATURE_ID, PARA_VALUE)
values (3800, 2320, 2020, 'Android');
insert into EB_PARA_VALUE (PARA_ID, ITEM_ID, FEATURE_ID, PARA_VALUE)
values (3801, 2320, 2044, '512MB');
insert into EB_PARA_VALUE (PARA_ID, ITEM_ID, FEATURE_ID, PARA_VALUE)
values (3802, 2320, 2040, '直板');
insert into EB_PARA_VALUE (PARA_ID, ITEM_ID, FEATURE_ID, PARA_VALUE)
values (5111, 2381, 2020, 'Android4.0');
insert into EB_PARA_VALUE (PARA_ID, ITEM_ID, FEATURE_ID, PARA_VALUE)
values (5112, 2381, 2101, '2013年');
insert into EB_PARA_VALUE (PARA_ID, ITEM_ID, FEATURE_ID, PARA_VALUE)
values (5113, 2381, 2043, 'GSM,TD-SCDMA,');
insert into EB_PARA_VALUE (PARA_ID, ITEM_ID, FEATURE_ID, PARA_VALUE)
values (5114, 2381, 2044, '4GB');
insert into EB_PARA_VALUE (PARA_ID, ITEM_ID, FEATURE_ID, PARA_VALUE)
values (5115, 2381, 2045, '512MB');
insert into EB_PARA_VALUE (PARA_ID, ITEM_ID, FEATURE_ID, PARA_VALUE)
values (5116, 2381, 2060, '最大支持16GB MicroSD扩展卡');
insert into EB_PARA_VALUE (PARA_ID, ITEM_ID, FEATURE_ID, PARA_VALUE)
values (5117, 2381, 2061, '4.5英寸');
insert into EB_PARA_VALUE (PARA_ID, ITEM_ID, FEATURE_ID, PARA_VALUE)
values (5118, 2381, 2062, 'GSM 900/1800/1900,TD-SCDMA 2010-2025,GSM 900/1800,TD-SCDMA 1880-1920,');
insert into EB_PARA_VALUE (PARA_ID, ITEM_ID, FEATURE_ID, PARA_VALUE)
values (5119, 2381, 2080, '480×854像素');
insert into EB_PARA_VALUE (PARA_ID, ITEM_ID, FEATURE_ID, PARA_VALUE)
values (5120, 2381, 2040, '直板');
insert into EB_PARA_VALUE (PARA_ID, ITEM_ID, FEATURE_ID, PARA_VALUE)
values (5121, 2381, 2041, '触摸屏');
insert into EB_PARA_VALUE (PARA_ID, ITEM_ID, FEATURE_ID, PARA_VALUE)
values (5122, 2381, 2063, '26万色');
insert into EB_PARA_VALUE (PARA_ID, ITEM_ID, FEATURE_ID, PARA_VALUE)
values (5123, 2381, 2081, '联发科 MT6517');
insert into EB_PARA_VALUE (PARA_ID, ITEM_ID, FEATURE_ID, PARA_VALUE)
values (5124, 2381, 2100, '锂电池（1700mAh）');
insert into EB_PARA_VALUE (PARA_ID, ITEM_ID, FEATURE_ID, PARA_VALUE)
values (5125, 2381, 2042, '双核');
insert into EB_PARA_VALUE (PARA_ID, ITEM_ID, FEATURE_ID, PARA_VALUE)
values (5168, 2422, 2020, 'Windows8');
insert into EB_PARA_VALUE (PARA_ID, ITEM_ID, FEATURE_ID, PARA_VALUE)
values (5169, 2422, 2101, '2013年');
insert into EB_PARA_VALUE (PARA_ID, ITEM_ID, FEATURE_ID, PARA_VALUE)
values (5170, 2422, 2043, 'GSM,TD-SCDMA,');
insert into EB_PARA_VALUE (PARA_ID, ITEM_ID, FEATURE_ID, PARA_VALUE)
values (5171, 2422, 2044, '16G');
insert into EB_PARA_VALUE (PARA_ID, ITEM_ID, FEATURE_ID, PARA_VALUE)
values (5172, 2422, 2045, '1GB');
insert into EB_PARA_VALUE (PARA_ID, ITEM_ID, FEATURE_ID, PARA_VALUE)
values (5173, 2422, 2061, '4.3英寸');
insert into EB_PARA_VALUE (PARA_ID, ITEM_ID, FEATURE_ID, PARA_VALUE)
values (5174, 2422, 2080, '1280×720像素');
insert into EB_PARA_VALUE (PARA_ID, ITEM_ID, FEATURE_ID, PARA_VALUE)
values (5175, 2422, 2040, '直板');
insert into EB_PARA_VALUE (PARA_ID, ITEM_ID, FEATURE_ID, PARA_VALUE)
values (5176, 2422, 2041, '触摸屏');
insert into EB_PARA_VALUE (PARA_ID, ITEM_ID, FEATURE_ID, PARA_VALUE)
values (5177, 2422, 2063, '1600万色');
insert into EB_PARA_VALUE (PARA_ID, ITEM_ID, FEATURE_ID, PARA_VALUE)
values (5178, 2422, 2100, '锂电池（1700mAh）');
insert into EB_PARA_VALUE (PARA_ID, ITEM_ID, FEATURE_ID, PARA_VALUE)
values (5179, 2422, 2042, '双核');
insert into EB_PARA_VALUE (PARA_ID, ITEM_ID, FEATURE_ID, PARA_VALUE)
values (6060, 3000, 3020, '11');
insert into EB_PARA_VALUE (PARA_ID, ITEM_ID, FEATURE_ID, PARA_VALUE)
values (6000, 3002, 2145, '151.1x80.5x9.4mm');
insert into EB_PARA_VALUE (PARA_ID, ITEM_ID, FEATURE_ID, PARA_VALUE)
values (6001, 3002, 2141, '多点触控 ,');
insert into EB_PARA_VALUE (PARA_ID, ITEM_ID, FEATURE_ID, PARA_VALUE)
values (6002, 3002, 2147, 'NFC功能,');
insert into EB_PARA_VALUE (PARA_ID, ITEM_ID, FEATURE_ID, PARA_VALUE)
values (6003, 3002, 2148, 'Touch Wiz 5.0');
insert into EB_PARA_VALUE (PARA_ID, ITEM_ID, FEATURE_ID, PARA_VALUE)
values (6004, 3002, 2149, '1638MHz ');
insert into EB_PARA_VALUE (PARA_ID, ITEM_ID, FEATURE_ID, PARA_VALUE)
values (6005, 3002, 2150, 'Micro SIM卡');
insert into EB_PARA_VALUE (PARA_ID, ITEM_ID, FEATURE_ID, PARA_VALUE)
values (6006, 3002, 2151, '可拆卸式电池');
insert into EB_PARA_VALUE (PARA_ID, ITEM_ID, FEATURE_ID, PARA_VALUE)
values (6007, 3002, 2152, '英文输入法,');
commit;
prompt 300 records committed...
insert into EB_PARA_VALUE (PARA_ID, ITEM_ID, FEATURE_ID, PARA_VALUE)
values (6008, 3002, 2153, '手写');
insert into EB_PARA_VALUE (PARA_ID, ITEM_ID, FEATURE_ID, PARA_VALUE)
values (6009, 3002, 2154, '已接+已拨+未接电话');
insert into EB_PARA_VALUE (PARA_ID, ITEM_ID, FEATURE_ID, PARA_VALUE)
values (6010, 3002, 2020, 'Android2.3');
insert into EB_PARA_VALUE (PARA_ID, ITEM_ID, FEATURE_ID, PARA_VALUE)
values (6011, 3002, 2160, '支持A-GPS,');
insert into EB_PARA_VALUE (PARA_ID, ITEM_ID, FEATURE_ID, PARA_VALUE)
values (6012, 3002, 2161, '重力感应器,加速传感器,光线传感器,距离传感器,');
insert into EB_PARA_VALUE (PARA_ID, ITEM_ID, FEATURE_ID, PARA_VALUE)
values (6013, 3002, 2162, '双摄像头(前后)');
insert into EB_PARA_VALUE (PARA_ID, ITEM_ID, FEATURE_ID, PARA_VALUE)
values (6014, 3002, 2163, '190万像素');
insert into EB_PARA_VALUE (PARA_ID, ITEM_ID, FEATURE_ID, PARA_VALUE)
values (6015, 3002, 2164, '800万像素');
insert into EB_PARA_VALUE (PARA_ID, ITEM_ID, FEATURE_ID, PARA_VALUE)
values (6016, 3002, 2165, 'LED补光灯');
insert into EB_PARA_VALUE (PARA_ID, ITEM_ID, FEATURE_ID, PARA_VALUE)
values (6017, 3002, 2166, '支持');
insert into EB_PARA_VALUE (PARA_ID, ITEM_ID, FEATURE_ID, PARA_VALUE)
values (6018, 3002, 2167, '名片式存储');
insert into EB_PARA_VALUE (PARA_ID, ITEM_ID, FEATURE_ID, PARA_VALUE)
values (6019, 3002, 2168, '支持3D地图');
insert into EB_PARA_VALUE (PARA_ID, ITEM_ID, FEATURE_ID, PARA_VALUE)
values (6020, 3002, 2169, '支持数字罗盘');
insert into EB_PARA_VALUE (PARA_ID, ITEM_ID, FEATURE_ID, PARA_VALUE)
values (6021, 3002, 2170, '内置');
insert into EB_PARA_VALUE (PARA_ID, ITEM_ID, FEATURE_ID, PARA_VALUE)
values (6022, 3002, 2171, 'CMOS');
insert into EB_PARA_VALUE (PARA_ID, ITEM_ID, FEATURE_ID, PARA_VALUE)
values (6023, 3002, 2172, '最大支持3264×2448像素照片拍摄');
insert into EB_PARA_VALUE (PARA_ID, ITEM_ID, FEATURE_ID, PARA_VALUE)
values (6024, 3002, 2173, '1080p视频录制(1920×1080');
insert into EB_PARA_VALUE (PARA_ID, ITEM_ID, FEATURE_ID, PARA_VALUE)
values (6025, 3002, 2174, '3GP,');
insert into EB_PARA_VALUE (PARA_ID, ITEM_ID, FEATURE_ID, PARA_VALUE)
values (6026, 3002, 2175, 'MP3,');
insert into EB_PARA_VALUE (PARA_ID, ITEM_ID, FEATURE_ID, PARA_VALUE)
values (6027, 3002, 2176, '支持JPEG等格式');
insert into EB_PARA_VALUE (PARA_ID, ITEM_ID, FEATURE_ID, PARA_VALUE)
values (6028, 3002, 2177, '支持RDS功能的FM收音机');
insert into EB_PARA_VALUE (PARA_ID, ITEM_ID, FEATURE_ID, PARA_VALUE)
values (6029, 3002, 2178, '内置游戏,');
insert into EB_PARA_VALUE (PARA_ID, ITEM_ID, FEATURE_ID, PARA_VALUE)
values (6030, 3002, 2179, '内置QQ,');
insert into EB_PARA_VALUE (PARA_ID, ITEM_ID, FEATURE_ID, PARA_VALUE)
values (6031, 3002, 2180, 'WikiAR,');
insert into EB_PARA_VALUE (PARA_ID, ITEM_ID, FEATURE_ID, PARA_VALUE)
values (6032, 3002, 2181, '社交圈,');
insert into EB_PARA_VALUE (PARA_ID, ITEM_ID, FEATURE_ID, PARA_VALUE)
values (6033, 3002, 2182, '支持蓝牙4.0+EDR+A2DP ');
insert into EB_PARA_VALUE (PARA_ID, ITEM_ID, FEATURE_ID, PARA_VALUE)
values (6034, 3002, 2183, 'WIFI,');
insert into EB_PARA_VALUE (PARA_ID, ITEM_ID, FEATURE_ID, PARA_VALUE)
values (6035, 3002, 2184, 'USB v2.0,');
insert into EB_PARA_VALUE (PARA_ID, ITEM_ID, FEATURE_ID, PARA_VALUE)
values (6036, 3002, 2043, 'WCDMA,');
insert into EB_PARA_VALUE (PARA_ID, ITEM_ID, FEATURE_ID, PARA_VALUE)
values (6037, 3002, 2044, '32GB');
insert into EB_PARA_VALUE (PARA_ID, ITEM_ID, FEATURE_ID, PARA_VALUE)
values (6038, 3002, 2045, '2471KB');
insert into EB_PARA_VALUE (PARA_ID, ITEM_ID, FEATURE_ID, PARA_VALUE)
values (6039, 3002, 2060, '可支持32GB以上');
insert into EB_PARA_VALUE (PARA_ID, ITEM_ID, FEATURE_ID, PARA_VALUE)
values (6040, 3002, 2146, '180g ');
insert into EB_PARA_VALUE (PARA_ID, ITEM_ID, FEATURE_ID, PARA_VALUE)
values (6041, 3002, 2140, '无,');
insert into EB_PARA_VALUE (PARA_ID, ITEM_ID, FEATURE_ID, PARA_VALUE)
values (6042, 3002, 2062, 'TD-HSPA 1880-1920,TD-SCDMA1900/2100,');
insert into EB_PARA_VALUE (PARA_ID, ITEM_ID, FEATURE_ID, PARA_VALUE)
values (6043, 3002, 2142, 'HD Super AMOLED ');
insert into EB_PARA_VALUE (PARA_ID, ITEM_ID, FEATURE_ID, PARA_VALUE)
values (6044, 3002, 2143, '单卡双模');
insert into EB_PARA_VALUE (PARA_ID, ITEM_ID, FEATURE_ID, PARA_VALUE)
values (6045, 3002, 2144, 'HSDPA：21Mbps,');
insert into EB_PARA_VALUE (PARA_ID, ITEM_ID, FEATURE_ID, PARA_VALUE)
values (6046, 3002, 2040, '直板');
insert into EB_PARA_VALUE (PARA_ID, ITEM_ID, FEATURE_ID, PARA_VALUE)
values (6047, 3002, 2041, '触摸屏');
insert into EB_PARA_VALUE (PARA_ID, ITEM_ID, FEATURE_ID, PARA_VALUE)
values (6048, 3002, 2063, '65536色');
insert into EB_PARA_VALUE (PARA_ID, ITEM_ID, FEATURE_ID, PARA_VALUE)
values (6049, 3002, 2081, 'Marvell920');
insert into EB_PARA_VALUE (PARA_ID, ITEM_ID, FEATURE_ID, PARA_VALUE)
values (6050, 3002, 2100, '锂离子电池');
insert into EB_PARA_VALUE (PARA_ID, ITEM_ID, FEATURE_ID, PARA_VALUE)
values (6051, 3002, 2101, '2010年');
insert into EB_PARA_VALUE (PARA_ID, ITEM_ID, FEATURE_ID, PARA_VALUE)
values (6052, 3002, 2080, '940x540像素');
insert into EB_PARA_VALUE (PARA_ID, ITEM_ID, FEATURE_ID, PARA_VALUE)
values (6053, 3002, 2061, '2.8英寸');
insert into EB_PARA_VALUE (PARA_ID, ITEM_ID, FEATURE_ID, PARA_VALUE)
values (4713, 2440, 2020, 'Android4.1');
insert into EB_PARA_VALUE (PARA_ID, ITEM_ID, FEATURE_ID, PARA_VALUE)
values (4714, 2440, 2101, '2013年');
insert into EB_PARA_VALUE (PARA_ID, ITEM_ID, FEATURE_ID, PARA_VALUE)
values (4715, 2440, 2043, 'GSM,TD-SCDMA,');
insert into EB_PARA_VALUE (PARA_ID, ITEM_ID, FEATURE_ID, PARA_VALUE)
values (4716, 2440, 2044, '4GB');
insert into EB_PARA_VALUE (PARA_ID, ITEM_ID, FEATURE_ID, PARA_VALUE)
values (4717, 2440, 2045, '1GB');
insert into EB_PARA_VALUE (PARA_ID, ITEM_ID, FEATURE_ID, PARA_VALUE)
values (4718, 2440, 2060, '可支持32GB以上');
insert into EB_PARA_VALUE (PARA_ID, ITEM_ID, FEATURE_ID, PARA_VALUE)
values (4719, 2440, 2061, '4.5英寸');
insert into EB_PARA_VALUE (PARA_ID, ITEM_ID, FEATURE_ID, PARA_VALUE)
values (4720, 2440, 2062, '2G 900/1800/1900MHz,TD-SCDMA 2010-2025,');
insert into EB_PARA_VALUE (PARA_ID, ITEM_ID, FEATURE_ID, PARA_VALUE)
values (4721, 2440, 2080, '960×540像素');
insert into EB_PARA_VALUE (PARA_ID, ITEM_ID, FEATURE_ID, PARA_VALUE)
values (4722, 2440, 2040, '直板');
insert into EB_PARA_VALUE (PARA_ID, ITEM_ID, FEATURE_ID, PARA_VALUE)
values (4723, 2440, 2041, '触摸屏');
insert into EB_PARA_VALUE (PARA_ID, ITEM_ID, FEATURE_ID, PARA_VALUE)
values (4724, 2440, 2081, '联发科 MT6589');
insert into EB_PARA_VALUE (PARA_ID, ITEM_ID, FEATURE_ID, PARA_VALUE)
values (4725, 2440, 2100, '锂电池（2000mAh）');
insert into EB_PARA_VALUE (PARA_ID, ITEM_ID, FEATURE_ID, PARA_VALUE)
values (4726, 2440, 2042, '四核');
insert into EB_PARA_VALUE (PARA_ID, ITEM_ID, FEATURE_ID, PARA_VALUE)
values (4840, 2442, 2020, 'Android4.0');
insert into EB_PARA_VALUE (PARA_ID, ITEM_ID, FEATURE_ID, PARA_VALUE)
values (4841, 2442, 2101, '2012年');
insert into EB_PARA_VALUE (PARA_ID, ITEM_ID, FEATURE_ID, PARA_VALUE)
values (4842, 2442, 2043, 'GSM,TD-SCDMA,EDGE,');
insert into EB_PARA_VALUE (PARA_ID, ITEM_ID, FEATURE_ID, PARA_VALUE)
values (4843, 2442, 2044, '4GB');
insert into EB_PARA_VALUE (PARA_ID, ITEM_ID, FEATURE_ID, PARA_VALUE)
values (4844, 2442, 2045, '768MB');
insert into EB_PARA_VALUE (PARA_ID, ITEM_ID, FEATURE_ID, PARA_VALUE)
values (4845, 2442, 2060, '最大支持32GB MicroSD扩展卡');
insert into EB_PARA_VALUE (PARA_ID, ITEM_ID, FEATURE_ID, PARA_VALUE)
values (4846, 2442, 2061, '4.0英寸');
insert into EB_PARA_VALUE (PARA_ID, ITEM_ID, FEATURE_ID, PARA_VALUE)
values (4847, 2442, 2062, 'GPRS 900/1800/1900,TD-HSDPA 1880/2010,EDGE900/1800/1900MHz,');
insert into EB_PARA_VALUE (PARA_ID, ITEM_ID, FEATURE_ID, PARA_VALUE)
values (4848, 2442, 2080, '480×800像素');
insert into EB_PARA_VALUE (PARA_ID, ITEM_ID, FEATURE_ID, PARA_VALUE)
values (4849, 2442, 2040, '直板');
insert into EB_PARA_VALUE (PARA_ID, ITEM_ID, FEATURE_ID, PARA_VALUE)
values (4850, 2442, 2041, '触摸屏');
insert into EB_PARA_VALUE (PARA_ID, ITEM_ID, FEATURE_ID, PARA_VALUE)
values (4851, 2442, 2100, '锂电池（1500mAh）');
insert into EB_PARA_VALUE (PARA_ID, ITEM_ID, FEATURE_ID, PARA_VALUE)
values (4852, 2442, 2042, '单核');
insert into EB_PARA_VALUE (PARA_ID, ITEM_ID, FEATURE_ID, PARA_VALUE)
values (4853, 2402, 2020, 'Android4.1');
insert into EB_PARA_VALUE (PARA_ID, ITEM_ID, FEATURE_ID, PARA_VALUE)
values (4854, 2402, 2043, 'WCDMA,TD-HSDPA,GSM,');
insert into EB_PARA_VALUE (PARA_ID, ITEM_ID, FEATURE_ID, PARA_VALUE)
values (4855, 2402, 2044, '8GB');
insert into EB_PARA_VALUE (PARA_ID, ITEM_ID, FEATURE_ID, PARA_VALUE)
values (4856, 2402, 2045, '1GB');
insert into EB_PARA_VALUE (PARA_ID, ITEM_ID, FEATURE_ID, PARA_VALUE)
values (4857, 2402, 2060, '最高可支持64GB mircoSD');
insert into EB_PARA_VALUE (PARA_ID, ITEM_ID, FEATURE_ID, PARA_VALUE)
values (4858, 2402, 2061, '5英寸');
insert into EB_PARA_VALUE (PARA_ID, ITEM_ID, FEATURE_ID, PARA_VALUE)
values (4859, 2402, 2062, 'WCDMA,TD-HSDPA 1880/2010,GSM 900/1800,');
insert into EB_PARA_VALUE (PARA_ID, ITEM_ID, FEATURE_ID, PARA_VALUE)
values (4860, 2402, 2080, '480×800像素');
insert into EB_PARA_VALUE (PARA_ID, ITEM_ID, FEATURE_ID, PARA_VALUE)
values (4861, 2402, 2040, '直板');
insert into EB_PARA_VALUE (PARA_ID, ITEM_ID, FEATURE_ID, PARA_VALUE)
values (4862, 2402, 2041, '触摸屏');
insert into EB_PARA_VALUE (PARA_ID, ITEM_ID, FEATURE_ID, PARA_VALUE)
values (4863, 2402, 2100, '锂电池（2100mAh）');
insert into EB_PARA_VALUE (PARA_ID, ITEM_ID, FEATURE_ID, PARA_VALUE)
values (4864, 2402, 2042, '双核');
insert into EB_PARA_VALUE (PARA_ID, ITEM_ID, FEATURE_ID, PARA_VALUE)
values (4878, 2423, 2020, 'Android2.3');
insert into EB_PARA_VALUE (PARA_ID, ITEM_ID, FEATURE_ID, PARA_VALUE)
values (4879, 2423, 2101, '2012年');
insert into EB_PARA_VALUE (PARA_ID, ITEM_ID, FEATURE_ID, PARA_VALUE)
values (4880, 2423, 2043, 'GSM,TD-SCDMA,GPRS,EDGE,');
insert into EB_PARA_VALUE (PARA_ID, ITEM_ID, FEATURE_ID, PARA_VALUE)
values (4881, 2423, 2044, '4GB');
insert into EB_PARA_VALUE (PARA_ID, ITEM_ID, FEATURE_ID, PARA_VALUE)
values (4882, 2423, 2045, '512MB');
insert into EB_PARA_VALUE (PARA_ID, ITEM_ID, FEATURE_ID, PARA_VALUE)
values (4883, 2423, 2060, '最大支持32GB MicroSD扩展卡');
insert into EB_PARA_VALUE (PARA_ID, ITEM_ID, FEATURE_ID, PARA_VALUE)
values (4884, 2423, 2061, '4.0英寸');
insert into EB_PARA_VALUE (PARA_ID, ITEM_ID, FEATURE_ID, PARA_VALUE)
values (4885, 2423, 2062, 'GPRS 900/1800/1900,TD-HSDPA 1880/2010,EDGE900/1800/1900MHz,');
insert into EB_PARA_VALUE (PARA_ID, ITEM_ID, FEATURE_ID, PARA_VALUE)
values (4886, 2423, 2080, '480×800像素');
insert into EB_PARA_VALUE (PARA_ID, ITEM_ID, FEATURE_ID, PARA_VALUE)
values (4887, 2423, 2040, '直板');
insert into EB_PARA_VALUE (PARA_ID, ITEM_ID, FEATURE_ID, PARA_VALUE)
values (4888, 2423, 2041, '触摸屏');
insert into EB_PARA_VALUE (PARA_ID, ITEM_ID, FEATURE_ID, PARA_VALUE)
values (4889, 2423, 2100, '锂电池（1650mAh）');
insert into EB_PARA_VALUE (PARA_ID, ITEM_ID, FEATURE_ID, PARA_VALUE)
values (4890, 2423, 2042, '单核');
insert into EB_PARA_VALUE (PARA_ID, ITEM_ID, FEATURE_ID, PARA_VALUE)
values (4900, 2380, 2020, 'Android4.1');
insert into EB_PARA_VALUE (PARA_ID, ITEM_ID, FEATURE_ID, PARA_VALUE)
values (4901, 2380, 2101, '2012年');
commit;
prompt 400 records committed...
insert into EB_PARA_VALUE (PARA_ID, ITEM_ID, FEATURE_ID, PARA_VALUE)
values (4902, 2380, 2044, '16G');
insert into EB_PARA_VALUE (PARA_ID, ITEM_ID, FEATURE_ID, PARA_VALUE)
values (4903, 2380, 2045, '2GB');
insert into EB_PARA_VALUE (PARA_ID, ITEM_ID, FEATURE_ID, PARA_VALUE)
values (4904, 2380, 2060, '最高可支持64GB mircoSD');
insert into EB_PARA_VALUE (PARA_ID, ITEM_ID, FEATURE_ID, PARA_VALUE)
values (4905, 2380, 2061, '5.5英寸');
insert into EB_PARA_VALUE (PARA_ID, ITEM_ID, FEATURE_ID, PARA_VALUE)
values (4906, 2380, 2062, 'EDGE900/1800/1900MHz,TD 1880/2010,');
insert into EB_PARA_VALUE (PARA_ID, ITEM_ID, FEATURE_ID, PARA_VALUE)
values (4907, 2380, 2080, '1280×720像素');
insert into EB_PARA_VALUE (PARA_ID, ITEM_ID, FEATURE_ID, PARA_VALUE)
values (4908, 2380, 2040, '直板');
insert into EB_PARA_VALUE (PARA_ID, ITEM_ID, FEATURE_ID, PARA_VALUE)
values (4909, 2380, 2041, '触摸屏');
insert into EB_PARA_VALUE (PARA_ID, ITEM_ID, FEATURE_ID, PARA_VALUE)
values (4910, 2380, 2100, '锂电池（3100mAh）');
insert into EB_PARA_VALUE (PARA_ID, ITEM_ID, FEATURE_ID, PARA_VALUE)
values (4911, 2380, 2042, '四核');
insert into EB_PARA_VALUE (PARA_ID, ITEM_ID, FEATURE_ID, PARA_VALUE)
values (4912, 2383, 2020, 'Android4.1');
insert into EB_PARA_VALUE (PARA_ID, ITEM_ID, FEATURE_ID, PARA_VALUE)
values (4913, 2383, 2101, '2013年');
insert into EB_PARA_VALUE (PARA_ID, ITEM_ID, FEATURE_ID, PARA_VALUE)
values (4914, 2383, 2043, 'TD-HSDPA,GSM,');
insert into EB_PARA_VALUE (PARA_ID, ITEM_ID, FEATURE_ID, PARA_VALUE)
values (4915, 2383, 2044, '4GB');
insert into EB_PARA_VALUE (PARA_ID, ITEM_ID, FEATURE_ID, PARA_VALUE)
values (4916, 2383, 2045, '1GB');
insert into EB_PARA_VALUE (PARA_ID, ITEM_ID, FEATURE_ID, PARA_VALUE)
values (4917, 2383, 2060, '最大支持32GB MicroSD扩展卡');
insert into EB_PARA_VALUE (PARA_ID, ITEM_ID, FEATURE_ID, PARA_VALUE)
values (4918, 2383, 2061, '4.3英寸');
insert into EB_PARA_VALUE (PARA_ID, ITEM_ID, FEATURE_ID, PARA_VALUE)
values (4919, 2383, 2062, 'TD-HSDPA 1880/2010,GSM 900/1800/1900,');
insert into EB_PARA_VALUE (PARA_ID, ITEM_ID, FEATURE_ID, PARA_VALUE)
values (4920, 2383, 2080, '480×800像素');
insert into EB_PARA_VALUE (PARA_ID, ITEM_ID, FEATURE_ID, PARA_VALUE)
values (4921, 2383, 2040, '直板');
insert into EB_PARA_VALUE (PARA_ID, ITEM_ID, FEATURE_ID, PARA_VALUE)
values (4922, 2383, 2041, '触摸屏');
insert into EB_PARA_VALUE (PARA_ID, ITEM_ID, FEATURE_ID, PARA_VALUE)
values (4923, 2383, 2100, '锂电池（1700mAh）');
insert into EB_PARA_VALUE (PARA_ID, ITEM_ID, FEATURE_ID, PARA_VALUE)
values (4924, 2383, 2042, '双核');
insert into EB_PARA_VALUE (PARA_ID, ITEM_ID, FEATURE_ID, PARA_VALUE)
values (4960, 2421, 2020, 'Windows8');
insert into EB_PARA_VALUE (PARA_ID, ITEM_ID, FEATURE_ID, PARA_VALUE)
values (4961, 2421, 2043, 'TD-SCDMA,');
insert into EB_PARA_VALUE (PARA_ID, ITEM_ID, FEATURE_ID, PARA_VALUE)
values (4962, 2421, 2044, '32GB');
insert into EB_PARA_VALUE (PARA_ID, ITEM_ID, FEATURE_ID, PARA_VALUE)
values (4963, 2421, 2045, '1GB');
insert into EB_PARA_VALUE (PARA_ID, ITEM_ID, FEATURE_ID, PARA_VALUE)
values (4964, 2421, 2062, 'GSM 850/900/1900,');
insert into EB_PARA_VALUE (PARA_ID, ITEM_ID, FEATURE_ID, PARA_VALUE)
values (4965, 2421, 2040, '直板');
insert into EB_PARA_VALUE (PARA_ID, ITEM_ID, FEATURE_ID, PARA_VALUE)
values (4966, 2421, 2041, '触摸屏');
insert into EB_PARA_VALUE (PARA_ID, ITEM_ID, FEATURE_ID, PARA_VALUE)
values (4967, 2421, 2081, '高通骁龙S4');
insert into EB_PARA_VALUE (PARA_ID, ITEM_ID, FEATURE_ID, PARA_VALUE)
values (4968, 2421, 2100, '锂电池（2000mAh）');
insert into EB_PARA_VALUE (PARA_ID, ITEM_ID, FEATURE_ID, PARA_VALUE)
values (4969, 2421, 2042, '双核');
insert into EB_PARA_VALUE (PARA_ID, ITEM_ID, FEATURE_ID, PARA_VALUE)
values (4970, 2420, 2020, 'Android4.0');
insert into EB_PARA_VALUE (PARA_ID, ITEM_ID, FEATURE_ID, PARA_VALUE)
values (4971, 2420, 2101, '2012年');
insert into EB_PARA_VALUE (PARA_ID, ITEM_ID, FEATURE_ID, PARA_VALUE)
values (4972, 2420, 2043, 'GSM,TD-SCDMA,GPRS,EDGE,');
insert into EB_PARA_VALUE (PARA_ID, ITEM_ID, FEATURE_ID, PARA_VALUE)
values (4973, 2420, 2044, '4GB');
insert into EB_PARA_VALUE (PARA_ID, ITEM_ID, FEATURE_ID, PARA_VALUE)
values (4974, 2420, 2045, '1GB');
insert into EB_PARA_VALUE (PARA_ID, ITEM_ID, FEATURE_ID, PARA_VALUE)
values (4975, 2420, 2060, '最大支持32GB MicroSD扩展卡');
insert into EB_PARA_VALUE (PARA_ID, ITEM_ID, FEATURE_ID, PARA_VALUE)
values (4976, 2420, 2061, '4.0英寸');
insert into EB_PARA_VALUE (PARA_ID, ITEM_ID, FEATURE_ID, PARA_VALUE)
values (4977, 2420, 2062, 'TD-HSPA 1880-1920,EDGE900/1800/1900MHz,TD-SCDMA 2010-2025,');
insert into EB_PARA_VALUE (PARA_ID, ITEM_ID, FEATURE_ID, PARA_VALUE)
values (4978, 2420, 2080, '480×800像素');
insert into EB_PARA_VALUE (PARA_ID, ITEM_ID, FEATURE_ID, PARA_VALUE)
values (4979, 2420, 2040, '直板');
insert into EB_PARA_VALUE (PARA_ID, ITEM_ID, FEATURE_ID, PARA_VALUE)
values (4980, 2420, 2041, '触摸屏');
insert into EB_PARA_VALUE (PARA_ID, ITEM_ID, FEATURE_ID, PARA_VALUE)
values (4981, 2420, 2063, '1600万色');
insert into EB_PARA_VALUE (PARA_ID, ITEM_ID, FEATURE_ID, PARA_VALUE)
values (4982, 2420, 2100, '锂电池（1650mAh）');
insert into EB_PARA_VALUE (PARA_ID, ITEM_ID, FEATURE_ID, PARA_VALUE)
values (4983, 2420, 2042, '双核');
insert into EB_PARA_VALUE (PARA_ID, ITEM_ID, FEATURE_ID, PARA_VALUE)
values (4014, 2060, 2020, 'Android');
insert into EB_PARA_VALUE (PARA_ID, ITEM_ID, FEATURE_ID, PARA_VALUE)
values (4015, 2060, 2101, '2012年');
insert into EB_PARA_VALUE (PARA_ID, ITEM_ID, FEATURE_ID, PARA_VALUE)
values (4016, 2060, 2043, 'GSM,TD-SCDMA,GPRS,EDGE,');
insert into EB_PARA_VALUE (PARA_ID, ITEM_ID, FEATURE_ID, PARA_VALUE)
values (4017, 2060, 2044, '16G');
insert into EB_PARA_VALUE (PARA_ID, ITEM_ID, FEATURE_ID, PARA_VALUE)
values (4018, 2060, 2045, '1GB');
insert into EB_PARA_VALUE (PARA_ID, ITEM_ID, FEATURE_ID, PARA_VALUE)
values (4019, 2060, 2060, '支持');
insert into EB_PARA_VALUE (PARA_ID, ITEM_ID, FEATURE_ID, PARA_VALUE)
values (4020, 2060, 2061, '4.8英寸');
insert into EB_PARA_VALUE (PARA_ID, ITEM_ID, FEATURE_ID, PARA_VALUE)
values (4021, 2060, 2062, 'GSM 900/1800/1900,TD-SCDMA 2010-2025,GSM 900/1800,');
insert into EB_PARA_VALUE (PARA_ID, ITEM_ID, FEATURE_ID, PARA_VALUE)
values (4022, 2060, 2080, '1280×720像素');
insert into EB_PARA_VALUE (PARA_ID, ITEM_ID, FEATURE_ID, PARA_VALUE)
values (4023, 2060, 2040, '直板');
insert into EB_PARA_VALUE (PARA_ID, ITEM_ID, FEATURE_ID, PARA_VALUE)
values (4024, 2060, 2041, '触摸屏');
insert into EB_PARA_VALUE (PARA_ID, ITEM_ID, FEATURE_ID, PARA_VALUE)
values (4025, 2060, 2063, '1600万色');
insert into EB_PARA_VALUE (PARA_ID, ITEM_ID, FEATURE_ID, PARA_VALUE)
values (4026, 2060, 2081, 'Exynos 4412');
insert into EB_PARA_VALUE (PARA_ID, ITEM_ID, FEATURE_ID, PARA_VALUE)
values (4027, 2060, 2100, '锂离子电池');
insert into EB_PARA_VALUE (PARA_ID, ITEM_ID, FEATURE_ID, PARA_VALUE)
values (4028, 2060, 2042, '四核');
insert into EB_PARA_VALUE (PARA_ID, ITEM_ID, FEATURE_ID, PARA_VALUE)
values (4040, 2360, 2020, 'Android2.3.5');
insert into EB_PARA_VALUE (PARA_ID, ITEM_ID, FEATURE_ID, PARA_VALUE)
values (4041, 2360, 2101, '2012年');
insert into EB_PARA_VALUE (PARA_ID, ITEM_ID, FEATURE_ID, PARA_VALUE)
values (4042, 2360, 2043, 'GSM,TD-SCDMA,');
insert into EB_PARA_VALUE (PARA_ID, ITEM_ID, FEATURE_ID, PARA_VALUE)
values (4043, 2360, 2044, '512MB');
insert into EB_PARA_VALUE (PARA_ID, ITEM_ID, FEATURE_ID, PARA_VALUE)
values (4044, 2360, 2045, '512MB');
insert into EB_PARA_VALUE (PARA_ID, ITEM_ID, FEATURE_ID, PARA_VALUE)
values (4045, 2360, 2060, '最大支持32GB MicroSD扩展卡');
insert into EB_PARA_VALUE (PARA_ID, ITEM_ID, FEATURE_ID, PARA_VALUE)
values (4046, 2360, 2061, '4.0英寸');
insert into EB_PARA_VALUE (PARA_ID, ITEM_ID, FEATURE_ID, PARA_VALUE)
values (4047, 2360, 2062, 'GSM 900/1800/1900,TD-SCDMA 2010-2025,GSM 900/1800,');
insert into EB_PARA_VALUE (PARA_ID, ITEM_ID, FEATURE_ID, PARA_VALUE)
values (4048, 2360, 2080, '480×800像素');
insert into EB_PARA_VALUE (PARA_ID, ITEM_ID, FEATURE_ID, PARA_VALUE)
values (4049, 2360, 2040, '直板');
insert into EB_PARA_VALUE (PARA_ID, ITEM_ID, FEATURE_ID, PARA_VALUE)
values (4050, 2360, 2041, '触摸屏');
insert into EB_PARA_VALUE (PARA_ID, ITEM_ID, FEATURE_ID, PARA_VALUE)
values (4051, 2360, 2063, '1600万色');
insert into EB_PARA_VALUE (PARA_ID, ITEM_ID, FEATURE_ID, PARA_VALUE)
values (4052, 2360, 2081, '展讯SC8810T 1GHz');
insert into EB_PARA_VALUE (PARA_ID, ITEM_ID, FEATURE_ID, PARA_VALUE)
values (4053, 2360, 2100, '锂电池（1500mAh）');
insert into EB_PARA_VALUE (PARA_ID, ITEM_ID, FEATURE_ID, PARA_VALUE)
values (4054, 2360, 2042, '单核');
insert into EB_PARA_VALUE (PARA_ID, ITEM_ID, FEATURE_ID, PARA_VALUE)
values (4600, 2040, 2020, 'Android');
insert into EB_PARA_VALUE (PARA_ID, ITEM_ID, FEATURE_ID, PARA_VALUE)
values (4601, 2040, 2101, '2012年');
insert into EB_PARA_VALUE (PARA_ID, ITEM_ID, FEATURE_ID, PARA_VALUE)
values (4602, 2040, 2043, 'GSM,TD-SCDMA,GPRS,EDGE,');
insert into EB_PARA_VALUE (PARA_ID, ITEM_ID, FEATURE_ID, PARA_VALUE)
values (4603, 2040, 2044, '4GB');
insert into EB_PARA_VALUE (PARA_ID, ITEM_ID, FEATURE_ID, PARA_VALUE)
values (4604, 2040, 2045, '512MB');
insert into EB_PARA_VALUE (PARA_ID, ITEM_ID, FEATURE_ID, PARA_VALUE)
values (4605, 2040, 2060, '支持');
insert into EB_PARA_VALUE (PARA_ID, ITEM_ID, FEATURE_ID, PARA_VALUE)
values (4606, 2040, 2062, 'GSM 900/1800/1900,TD-SCDMA 2010-2025,');
insert into EB_PARA_VALUE (PARA_ID, ITEM_ID, FEATURE_ID, PARA_VALUE)
values (4607, 2040, 2080, '480×800像素');
insert into EB_PARA_VALUE (PARA_ID, ITEM_ID, FEATURE_ID, PARA_VALUE)
values (4608, 2040, 2040, '直板');
insert into EB_PARA_VALUE (PARA_ID, ITEM_ID, FEATURE_ID, PARA_VALUE)
values (4609, 2040, 2041, '触摸屏');
insert into EB_PARA_VALUE (PARA_ID, ITEM_ID, FEATURE_ID, PARA_VALUE)
values (4610, 2040, 2063, '1600万色');
insert into EB_PARA_VALUE (PARA_ID, ITEM_ID, FEATURE_ID, PARA_VALUE)
values (4611, 2040, 2100, '锂离子电池');
insert into EB_PARA_VALUE (PARA_ID, ITEM_ID, FEATURE_ID, PARA_VALUE)
values (4612, 2040, 2042, '单核');
insert into EB_PARA_VALUE (PARA_ID, ITEM_ID, FEATURE_ID, PARA_VALUE)
values (4355, 2281, 2020, 'Android');
insert into EB_PARA_VALUE (PARA_ID, ITEM_ID, FEATURE_ID, PARA_VALUE)
values (4356, 2281, 2101, '2012年');
insert into EB_PARA_VALUE (PARA_ID, ITEM_ID, FEATURE_ID, PARA_VALUE)
values (4357, 2281, 2043, 'GSM,TD-SCDMA,GPRS,EDGE,');
insert into EB_PARA_VALUE (PARA_ID, ITEM_ID, FEATURE_ID, PARA_VALUE)
values (4358, 2281, 2044, '4GB');
insert into EB_PARA_VALUE (PARA_ID, ITEM_ID, FEATURE_ID, PARA_VALUE)
values (4359, 2281, 2045, '1GB');
insert into EB_PARA_VALUE (PARA_ID, ITEM_ID, FEATURE_ID, PARA_VALUE)
values (4360, 2281, 2060, '支持');
insert into EB_PARA_VALUE (PARA_ID, ITEM_ID, FEATURE_ID, PARA_VALUE)
values (4361, 2281, 2061, '4.5英寸');
insert into EB_PARA_VALUE (PARA_ID, ITEM_ID, FEATURE_ID, PARA_VALUE)
values (4362, 2281, 2062, 'GSM 900/1800/1900,TD-SCDMA 2010-2025,GSM 900/1800,');
insert into EB_PARA_VALUE (PARA_ID, ITEM_ID, FEATURE_ID, PARA_VALUE)
values (4363, 2281, 2080, '960×540像素');
insert into EB_PARA_VALUE (PARA_ID, ITEM_ID, FEATURE_ID, PARA_VALUE)
values (4364, 2281, 2040, '直板');
commit;
prompt 500 records committed...
insert into EB_PARA_VALUE (PARA_ID, ITEM_ID, FEATURE_ID, PARA_VALUE)
values (4365, 2281, 2041, '触摸屏');
insert into EB_PARA_VALUE (PARA_ID, ITEM_ID, FEATURE_ID, PARA_VALUE)
values (4366, 2281, 2063, '1600万色');
insert into EB_PARA_VALUE (PARA_ID, ITEM_ID, FEATURE_ID, PARA_VALUE)
values (4367, 2281, 2081, 'ST-Ericsson 9500');
insert into EB_PARA_VALUE (PARA_ID, ITEM_ID, FEATURE_ID, PARA_VALUE)
values (4368, 2281, 2100, '锂离子电池');
insert into EB_PARA_VALUE (PARA_ID, ITEM_ID, FEATURE_ID, PARA_VALUE)
values (4369, 2281, 2042, '双核');
insert into EB_PARA_VALUE (PARA_ID, ITEM_ID, FEATURE_ID, PARA_VALUE)
values (4370, 2280, 2020, 'Android');
insert into EB_PARA_VALUE (PARA_ID, ITEM_ID, FEATURE_ID, PARA_VALUE)
values (4371, 2280, 2101, '2012年');
insert into EB_PARA_VALUE (PARA_ID, ITEM_ID, FEATURE_ID, PARA_VALUE)
values (4372, 2280, 2043, 'GSM,TD-SCDMA,GPRS,EDGE,');
insert into EB_PARA_VALUE (PARA_ID, ITEM_ID, FEATURE_ID, PARA_VALUE)
values (4373, 2280, 2044, '512MB');
insert into EB_PARA_VALUE (PARA_ID, ITEM_ID, FEATURE_ID, PARA_VALUE)
values (4374, 2280, 2045, '512MB');
insert into EB_PARA_VALUE (PARA_ID, ITEM_ID, FEATURE_ID, PARA_VALUE)
values (4375, 2280, 2060, '支持');
insert into EB_PARA_VALUE (PARA_ID, ITEM_ID, FEATURE_ID, PARA_VALUE)
values (4376, 2280, 2061, '3.75英寸');
insert into EB_PARA_VALUE (PARA_ID, ITEM_ID, FEATURE_ID, PARA_VALUE)
values (4377, 2280, 2062, 'GSM 900/1800/1900,TD-SCDMA 2010-2025,GSM 900/1800,TD-SCDMA 1880-1920,');
insert into EB_PARA_VALUE (PARA_ID, ITEM_ID, FEATURE_ID, PARA_VALUE)
values (4378, 2280, 2080, '320×480像素');
insert into EB_PARA_VALUE (PARA_ID, ITEM_ID, FEATURE_ID, PARA_VALUE)
values (4379, 2280, 2040, '直板');
insert into EB_PARA_VALUE (PARA_ID, ITEM_ID, FEATURE_ID, PARA_VALUE)
values (4380, 2280, 2041, '触摸屏');
insert into EB_PARA_VALUE (PARA_ID, ITEM_ID, FEATURE_ID, PARA_VALUE)
values (4381, 2280, 2081, 'PXA920');
insert into EB_PARA_VALUE (PARA_ID, ITEM_ID, FEATURE_ID, PARA_VALUE)
values (4382, 2280, 2100, '锂离子电池');
insert into EB_PARA_VALUE (PARA_ID, ITEM_ID, FEATURE_ID, PARA_VALUE)
values (4383, 2260, 2020, 'Android');
insert into EB_PARA_VALUE (PARA_ID, ITEM_ID, FEATURE_ID, PARA_VALUE)
values (4384, 2260, 2101, '2012年');
insert into EB_PARA_VALUE (PARA_ID, ITEM_ID, FEATURE_ID, PARA_VALUE)
values (4385, 2260, 2043, 'GSM,TD-SCDMA,GPRS,EDGE,');
insert into EB_PARA_VALUE (PARA_ID, ITEM_ID, FEATURE_ID, PARA_VALUE)
values (4386, 2260, 2044, '4GB');
insert into EB_PARA_VALUE (PARA_ID, ITEM_ID, FEATURE_ID, PARA_VALUE)
values (4387, 2260, 2045, '512MB');
insert into EB_PARA_VALUE (PARA_ID, ITEM_ID, FEATURE_ID, PARA_VALUE)
values (4388, 2260, 2060, '支持');
insert into EB_PARA_VALUE (PARA_ID, ITEM_ID, FEATURE_ID, PARA_VALUE)
values (4389, 2260, 2061, '4.0英寸');
insert into EB_PARA_VALUE (PARA_ID, ITEM_ID, FEATURE_ID, PARA_VALUE)
values (4390, 2260, 2062, 'GSM 900/1800/1900,TD-SCDMA 2010-2025,GSM 900/1800,');
insert into EB_PARA_VALUE (PARA_ID, ITEM_ID, FEATURE_ID, PARA_VALUE)
values (4391, 2260, 2080, '480×800像素');
insert into EB_PARA_VALUE (PARA_ID, ITEM_ID, FEATURE_ID, PARA_VALUE)
values (4392, 2260, 2040, '直板');
insert into EB_PARA_VALUE (PARA_ID, ITEM_ID, FEATURE_ID, PARA_VALUE)
values (4393, 2260, 2041, '触摸屏');
insert into EB_PARA_VALUE (PARA_ID, ITEM_ID, FEATURE_ID, PARA_VALUE)
values (4394, 2260, 2063, '26万色');
insert into EB_PARA_VALUE (PARA_ID, ITEM_ID, FEATURE_ID, PARA_VALUE)
values (4395, 2260, 2100, '锂离子电池');
insert into EB_PARA_VALUE (PARA_ID, ITEM_ID, FEATURE_ID, PARA_VALUE)
values (4396, 2260, 2042, '单核');
insert into EB_PARA_VALUE (PARA_ID, ITEM_ID, FEATURE_ID, PARA_VALUE)
values (4397, 2240, 2020, 'Android');
insert into EB_PARA_VALUE (PARA_ID, ITEM_ID, FEATURE_ID, PARA_VALUE)
values (4398, 2240, 2101, '2011年');
insert into EB_PARA_VALUE (PARA_ID, ITEM_ID, FEATURE_ID, PARA_VALUE)
values (4399, 2240, 2043, 'GSM,TD-SCDMA,GPRS,EDGE,');
insert into EB_PARA_VALUE (PARA_ID, ITEM_ID, FEATURE_ID, PARA_VALUE)
values (4400, 2240, 2044, '512MB');
insert into EB_PARA_VALUE (PARA_ID, ITEM_ID, FEATURE_ID, PARA_VALUE)
values (4401, 2240, 2045, '512MB');
insert into EB_PARA_VALUE (PARA_ID, ITEM_ID, FEATURE_ID, PARA_VALUE)
values (4402, 2240, 2060, '支持');
insert into EB_PARA_VALUE (PARA_ID, ITEM_ID, FEATURE_ID, PARA_VALUE)
values (4403, 2240, 2061, '4.3英寸');
insert into EB_PARA_VALUE (PARA_ID, ITEM_ID, FEATURE_ID, PARA_VALUE)
values (4404, 2240, 2062, 'GSM 900/1800/1900,TD-SCDMA 2010-2025,GSM 900/1800,');
insert into EB_PARA_VALUE (PARA_ID, ITEM_ID, FEATURE_ID, PARA_VALUE)
values (4405, 2240, 2080, '480×800像素');
insert into EB_PARA_VALUE (PARA_ID, ITEM_ID, FEATURE_ID, PARA_VALUE)
values (4406, 2240, 2040, '直板');
insert into EB_PARA_VALUE (PARA_ID, ITEM_ID, FEATURE_ID, PARA_VALUE)
values (4407, 2240, 2041, '触摸屏');
insert into EB_PARA_VALUE (PARA_ID, ITEM_ID, FEATURE_ID, PARA_VALUE)
values (4408, 2240, 2063, '1600万色');
insert into EB_PARA_VALUE (PARA_ID, ITEM_ID, FEATURE_ID, PARA_VALUE)
values (4409, 2240, 2081, 'PXA920');
insert into EB_PARA_VALUE (PARA_ID, ITEM_ID, FEATURE_ID, PARA_VALUE)
values (4410, 2240, 2100, '锂离子电池');
insert into EB_PARA_VALUE (PARA_ID, ITEM_ID, FEATURE_ID, PARA_VALUE)
values (4411, 2240, 2042, '单核');
insert into EB_PARA_VALUE (PARA_ID, ITEM_ID, FEATURE_ID, PARA_VALUE)
values (4412, 2222, 2020, 'Android');
insert into EB_PARA_VALUE (PARA_ID, ITEM_ID, FEATURE_ID, PARA_VALUE)
values (4413, 2222, 2101, '2012年');
insert into EB_PARA_VALUE (PARA_ID, ITEM_ID, FEATURE_ID, PARA_VALUE)
values (4414, 2222, 2043, 'GSM,TD-SCDMA,GPRS,EDGE,');
insert into EB_PARA_VALUE (PARA_ID, ITEM_ID, FEATURE_ID, PARA_VALUE)
values (4415, 2222, 2044, '512MB');
insert into EB_PARA_VALUE (PARA_ID, ITEM_ID, FEATURE_ID, PARA_VALUE)
values (4416, 2222, 2045, '512MB');
insert into EB_PARA_VALUE (PARA_ID, ITEM_ID, FEATURE_ID, PARA_VALUE)
values (4417, 2222, 2060, '支持');
insert into EB_PARA_VALUE (PARA_ID, ITEM_ID, FEATURE_ID, PARA_VALUE)
values (4418, 2222, 2061, '4.0英寸');
insert into EB_PARA_VALUE (PARA_ID, ITEM_ID, FEATURE_ID, PARA_VALUE)
values (4419, 2222, 2062, 'GSM 900/1800/1900,TD-SCDMA 2010-2025,GSM 900/1800,');
insert into EB_PARA_VALUE (PARA_ID, ITEM_ID, FEATURE_ID, PARA_VALUE)
values (4420, 2222, 2080, '480×800像素');
insert into EB_PARA_VALUE (PARA_ID, ITEM_ID, FEATURE_ID, PARA_VALUE)
values (4421, 2222, 2040, '直板');
insert into EB_PARA_VALUE (PARA_ID, ITEM_ID, FEATURE_ID, PARA_VALUE)
values (4422, 2222, 2041, '触摸屏');
insert into EB_PARA_VALUE (PARA_ID, ITEM_ID, FEATURE_ID, PARA_VALUE)
values (4423, 2222, 2063, '26万色');
insert into EB_PARA_VALUE (PARA_ID, ITEM_ID, FEATURE_ID, PARA_VALUE)
values (4424, 2222, 2081, 'PXA920');
insert into EB_PARA_VALUE (PARA_ID, ITEM_ID, FEATURE_ID, PARA_VALUE)
values (4425, 2222, 2100, '锂离子电池');
insert into EB_PARA_VALUE (PARA_ID, ITEM_ID, FEATURE_ID, PARA_VALUE)
values (4426, 2222, 2042, '单核');
insert into EB_PARA_VALUE (PARA_ID, ITEM_ID, FEATURE_ID, PARA_VALUE)
values (4427, 2221, 2020, 'Android');
insert into EB_PARA_VALUE (PARA_ID, ITEM_ID, FEATURE_ID, PARA_VALUE)
values (4428, 2221, 2101, '2012年');
insert into EB_PARA_VALUE (PARA_ID, ITEM_ID, FEATURE_ID, PARA_VALUE)
values (4429, 2221, 2043, 'GSM,TD-SCDMA,GPRS,EDGE,');
insert into EB_PARA_VALUE (PARA_ID, ITEM_ID, FEATURE_ID, PARA_VALUE)
values (4430, 2221, 2044, '4GB');
insert into EB_PARA_VALUE (PARA_ID, ITEM_ID, FEATURE_ID, PARA_VALUE)
values (4431, 2221, 2045, '512MB');
insert into EB_PARA_VALUE (PARA_ID, ITEM_ID, FEATURE_ID, PARA_VALUE)
values (4432, 2221, 2060, '支持');
insert into EB_PARA_VALUE (PARA_ID, ITEM_ID, FEATURE_ID, PARA_VALUE)
values (4433, 2221, 2061, '4.0英寸');
insert into EB_PARA_VALUE (PARA_ID, ITEM_ID, FEATURE_ID, PARA_VALUE)
values (4434, 2221, 2062, 'GSM 900/1800/1900,TD-SCDMA 2010-2025,GSM 900/1800,');
insert into EB_PARA_VALUE (PARA_ID, ITEM_ID, FEATURE_ID, PARA_VALUE)
values (4435, 2221, 2080, '480×800像素');
insert into EB_PARA_VALUE (PARA_ID, ITEM_ID, FEATURE_ID, PARA_VALUE)
values (4436, 2221, 2040, '直板');
insert into EB_PARA_VALUE (PARA_ID, ITEM_ID, FEATURE_ID, PARA_VALUE)
values (4437, 2221, 2041, '触摸屏');
insert into EB_PARA_VALUE (PARA_ID, ITEM_ID, FEATURE_ID, PARA_VALUE)
values (4438, 2221, 2063, '1600万色');
insert into EB_PARA_VALUE (PARA_ID, ITEM_ID, FEATURE_ID, PARA_VALUE)
values (4439, 2221, 2081, 'MARVELL 920H');
insert into EB_PARA_VALUE (PARA_ID, ITEM_ID, FEATURE_ID, PARA_VALUE)
values (4440, 2221, 2100, '锂离子电池');
insert into EB_PARA_VALUE (PARA_ID, ITEM_ID, FEATURE_ID, PARA_VALUE)
values (4441, 2221, 2042, '单核');
insert into EB_PARA_VALUE (PARA_ID, ITEM_ID, FEATURE_ID, PARA_VALUE)
values (4457, 2201, 2101, '2012年');
insert into EB_PARA_VALUE (PARA_ID, ITEM_ID, FEATURE_ID, PARA_VALUE)
values (4458, 2201, 2043, 'GSM,TD-SCDMA,GPRS,EDGE,');
insert into EB_PARA_VALUE (PARA_ID, ITEM_ID, FEATURE_ID, PARA_VALUE)
values (4459, 2201, 2044, '53.9MB');
insert into EB_PARA_VALUE (PARA_ID, ITEM_ID, FEATURE_ID, PARA_VALUE)
values (4460, 2201, 2045, '2471KB');
commit;
prompt 581 records loaded
prompt Loading EB_PAYMENT_ORG...
insert into EB_PAYMENT_ORG (PO_ID, PO_NAME, ACCOUNT_CODE, ACCOUNT_KEY, IS_OLBANK, PO_LOGO, PO_DESC_TYPE, PO_DESC, PO_DESC_URL, PO_SORT, IS_SHOW)
values (1, '湖南手机支付', '888009947220016', '8s7CswirNT4zH0efdtwBVtMvB2EwBPxc2DI1Uu26VzTzEcK64Y3LCr0T6FPvRrcx', 1, '/upload/ecps/resource/admin13355761244841.JPG', 2, '湖南手机支付', 'http://www.sina.com', 1, 0);
insert into EB_PAYMENT_ORG (PO_ID, PO_NAME, ACCOUNT_CODE, ACCOUNT_KEY, IS_OLBANK, PO_LOGO, PO_DESC_TYPE, PO_DESC, PO_DESC_URL, PO_SORT, IS_SHOW)
values (2, '银行卡支付', '888009947220016', '8s7CswirNT4zH0efdtwBVtMvB2EwBPxc2DI1Uu26VzTzEcK64Y3LCr0T6FPvRrcx', 1, '/upload/ecps/resource/admin13355188998901.JPG', 1, '银行卡支付', null, null, 1);
insert into EB_PAYMENT_ORG (PO_ID, PO_NAME, ACCOUNT_CODE, ACCOUNT_KEY, IS_OLBANK, PO_LOGO, PO_DESC_TYPE, PO_DESC, PO_DESC_URL, PO_SORT, IS_SHOW)
values (3, '新大陆', '888002042150002', 'xf4ti81j', 1, null, 1, '新大陆', null, 0, 0);
insert into EB_PAYMENT_ORG (PO_ID, PO_NAME, ACCOUNT_CODE, ACCOUNT_KEY, IS_OLBANK, PO_LOGO, PO_DESC_TYPE, PO_DESC, PO_DESC_URL, PO_SORT, IS_SHOW)
values (4, '财付通', '1900000109', '8934e7d15453e97507ef794cf7b0519d', 1, null, 1, '财付通', null, 0, 0);
insert into EB_PAYMENT_ORG (PO_ID, PO_NAME, ACCOUNT_CODE, ACCOUNT_KEY, IS_OLBANK, PO_LOGO, PO_DESC_TYPE, PO_DESC, PO_DESC_URL, PO_SORT, IS_SHOW)
values (5, '支付宝', null, null, 1, null, 1, '支付宝', null, 0, 0);
commit;
prompt 5 records loaded
prompt Loading EB_PAYMENT_WAY...
insert into EB_PAYMENT_WAY (PW_ID, PW_NAME, PW_TEXT, PW_URL, PW_MEMO, PW_CODE)
values (1, '在线支付', null, null, '即时到帐，支持绝大数银行借记卡及部分银行信用卡', null);
insert into EB_PAYMENT_WAY (PW_ID, PW_NAME, PW_TEXT, PW_URL, PW_MEMO, PW_CODE)
values (2, '货到付款', null, null, '货到付款 送货上门后再收款，支持现金、POS机刷卡、支票支付', null);
commit;
prompt 2 records loaded
prompt Loading EB_PAY_CHECK...
prompt Table is empty
prompt Loading EB_PAY_CHECK_DIFF...
prompt Table is empty
prompt Loading EB_PAY_OLBANK...
insert into EB_PAY_OLBANK (OLBANK_ID, PO_ID, OLBANK_CODE, OLBANK_NAME, OLBANK_LOGO, OLBANK_DESC_TYPE, OLBANK_DESC, OLBANK_DESC_URL, OLBANK_SORT, IS_SHOW)
values (3000, 2, '101', '工商银行', '/upload/ecps/resource/1371438156742114128482.jpg', null, null, null, null, 0);
insert into EB_PAY_OLBANK (OLBANK_ID, PO_ID, OLBANK_CODE, OLBANK_NAME, OLBANK_LOGO, OLBANK_DESC_TYPE, OLBANK_DESC, OLBANK_DESC_URL, OLBANK_SORT, IS_SHOW)
values (3001, 2, '102', '建设银行', '/upload/ecps/resource/1371438214211180069602.jpg', null, null, null, null, 0);
commit;
prompt 2 records loaded
prompt Loading EB_PAY_RECORD...
insert into EB_PAY_RECORD (PAY_RECODE_ID, PAY_RECODE_NUM, ORDER_ID, ORDER_NUM, PO_ID, OLBANK_ID, USER_ID, OPERATOR_NAME, PTL_USER_ID, TRADE_NUM, BUZI_TYPE, TRADE_STATUS, ORDER_TIME, TRADE_CREATEDATE, TRADE_RESPDATE, TRADE_DATE, TRADE_CURRENCY, TRADE_AMOUNT, SETTLE_DATE, RET_CODE, RET_MSG, NOTIFY_CODE, NOTIFY_MSG, PAY_NOTICE_URL, PAY_RET_URL, CELLPHONE, IP_ADDRESS, EMAIL, MEMO)
values (3103, '1372840977218429', 3081, '20130703003081', 2, null, null, null, 3009, null, 1, 1, to_timestamp('03-07-2013 15:51:03.552000', 'dd-mm-yyyy hh24:mi:ss.ff'), to_timestamp('03-07-2013 16:42:57.218000', 'dd-mm-yyyy hh24:mi:ss.ff'), null, null, 'rmb', 100, null, null, null, null, null, null, null, '11111111111', null, '11111111111', null);
insert into EB_PAY_RECORD (PAY_RECODE_ID, PAY_RECODE_NUM, ORDER_ID, ORDER_NUM, PO_ID, OLBANK_ID, USER_ID, OPERATOR_NAME, PTL_USER_ID, TRADE_NUM, BUZI_TYPE, TRADE_STATUS, ORDER_TIME, TRADE_CREATEDATE, TRADE_RESPDATE, TRADE_DATE, TRADE_CURRENCY, TRADE_AMOUNT, SETTLE_DATE, RET_CODE, RET_MSG, NOTIFY_CODE, NOTIFY_MSG, PAY_NOTICE_URL, PAY_RET_URL, CELLPHONE, IP_ADDRESS, EMAIL, MEMO)
values (3105, '1372841276187096', 3081, '20130703003081', 2, null, null, null, 3009, null, 1, 1, to_timestamp('03-07-2013 15:51:03.552000', 'dd-mm-yyyy hh24:mi:ss.ff'), to_timestamp('03-07-2013 16:47:56.187000', 'dd-mm-yyyy hh24:mi:ss.ff'), null, null, 'rmb', 100, null, null, null, null, null, null, null, '11111111111', null, '11111111111', null);
insert into EB_PAY_RECORD (PAY_RECODE_ID, PAY_RECODE_NUM, ORDER_ID, ORDER_NUM, PO_ID, OLBANK_ID, USER_ID, OPERATOR_NAME, PTL_USER_ID, TRADE_NUM, BUZI_TYPE, TRADE_STATUS, ORDER_TIME, TRADE_CREATEDATE, TRADE_RESPDATE, TRADE_DATE, TRADE_CURRENCY, TRADE_AMOUNT, SETTLE_DATE, RET_CODE, RET_MSG, NOTIFY_CODE, NOTIFY_MSG, PAY_NOTICE_URL, PAY_RET_URL, CELLPHONE, IP_ADDRESS, EMAIL, MEMO)
values (3040, '1371190293250348', 3003, '20130527003003', null, null, null, null, null, null, 1, 2, to_timestamp('27-05-2013 10:41:57.460000', 'dd-mm-yyyy hh24:mi:ss.ff'), to_timestamp('14-06-2013 14:11:33.250000', 'dd-mm-yyyy hh24:mi:ss.ff'), null, null, 'rmb', 399900, null, null, null, null, null, null, null, null, null, null, null);
insert into EB_PAY_RECORD (PAY_RECODE_ID, PAY_RECODE_NUM, ORDER_ID, ORDER_NUM, PO_ID, OLBANK_ID, USER_ID, OPERATOR_NAME, PTL_USER_ID, TRADE_NUM, BUZI_TYPE, TRADE_STATUS, ORDER_TIME, TRADE_CREATEDATE, TRADE_RESPDATE, TRADE_DATE, TRADE_CURRENCY, TRADE_AMOUNT, SETTLE_DATE, RET_CODE, RET_MSG, NOTIFY_CODE, NOTIFY_MSG, PAY_NOTICE_URL, PAY_RET_URL, CELLPHONE, IP_ADDRESS, EMAIL, MEMO)
values (3062, '1371521362027860', 3020, '20130613003020', null, null, null, null, null, null, 1, 2, to_timestamp('13-06-2013 14:39:23.894000', 'dd-mm-yyyy hh24:mi:ss.ff'), to_timestamp('18-06-2013 10:09:22.028000', 'dd-mm-yyyy hh24:mi:ss.ff'), null, null, 'rmb', 94900, null, null, null, null, null, null, null, null, null, null, null);
insert into EB_PAY_RECORD (PAY_RECODE_ID, PAY_RECODE_NUM, ORDER_ID, ORDER_NUM, PO_ID, OLBANK_ID, USER_ID, OPERATOR_NAME, PTL_USER_ID, TRADE_NUM, BUZI_TYPE, TRADE_STATUS, ORDER_TIME, TRADE_CREATEDATE, TRADE_RESPDATE, TRADE_DATE, TRADE_CURRENCY, TRADE_AMOUNT, SETTLE_DATE, RET_CODE, RET_MSG, NOTIFY_CODE, NOTIFY_MSG, PAY_NOTICE_URL, PAY_RET_URL, CELLPHONE, IP_ADDRESS, EMAIL, MEMO)
values (3102, '1372840130359205', 3081, '20130703003081', 2, null, null, null, 3009, null, 1, 1, to_timestamp('03-07-2013 15:51:03.552000', 'dd-mm-yyyy hh24:mi:ss.ff'), to_timestamp('03-07-2013 16:28:50.375000', 'dd-mm-yyyy hh24:mi:ss.ff'), null, null, 'rmb', 100, null, null, null, null, null, null, null, '11111111111', null, '11111111111', null);
insert into EB_PAY_RECORD (PAY_RECODE_ID, PAY_RECODE_NUM, ORDER_ID, ORDER_NUM, PO_ID, OLBANK_ID, USER_ID, OPERATOR_NAME, PTL_USER_ID, TRADE_NUM, BUZI_TYPE, TRADE_STATUS, ORDER_TIME, TRADE_CREATEDATE, TRADE_RESPDATE, TRADE_DATE, TRADE_CURRENCY, TRADE_AMOUNT, SETTLE_DATE, RET_CODE, RET_MSG, NOTIFY_CODE, NOTIFY_MSG, PAY_NOTICE_URL, PAY_RET_URL, CELLPHONE, IP_ADDRESS, EMAIL, MEMO)
values (3104, '1372841093937966', 3081, '20130703003081', 2, null, null, null, 3009, null, 1, 1, to_timestamp('03-07-2013 15:51:03.552000', 'dd-mm-yyyy hh24:mi:ss.ff'), to_timestamp('03-07-2013 16:44:53.953000', 'dd-mm-yyyy hh24:mi:ss.ff'), null, null, 'rmb', 100, null, null, null, null, null, null, null, '11111111111', null, '11111111111', null);
insert into EB_PAY_RECORD (PAY_RECODE_ID, PAY_RECODE_NUM, ORDER_ID, ORDER_NUM, PO_ID, OLBANK_ID, USER_ID, OPERATOR_NAME, PTL_USER_ID, TRADE_NUM, BUZI_TYPE, TRADE_STATUS, ORDER_TIME, TRADE_CREATEDATE, TRADE_RESPDATE, TRADE_DATE, TRADE_CURRENCY, TRADE_AMOUNT, SETTLE_DATE, RET_CODE, RET_MSG, NOTIFY_CODE, NOTIFY_MSG, PAY_NOTICE_URL, PAY_RET_URL, CELLPHONE, IP_ADDRESS, EMAIL, MEMO)
values (3106, '1372841484828020', 3081, '20130703003081', 2, null, null, null, 3009, null, 1, 1, to_timestamp('03-07-2013 15:51:03.552000', 'dd-mm-yyyy hh24:mi:ss.ff'), to_timestamp('03-07-2013 16:51:24.843000', 'dd-mm-yyyy hh24:mi:ss.ff'), null, null, 'rmb', 100, null, null, null, null, null, null, null, '11111111111', null, '11111111111', null);
insert into EB_PAY_RECORD (PAY_RECODE_ID, PAY_RECODE_NUM, ORDER_ID, ORDER_NUM, PO_ID, OLBANK_ID, USER_ID, OPERATOR_NAME, PTL_USER_ID, TRADE_NUM, BUZI_TYPE, TRADE_STATUS, ORDER_TIME, TRADE_CREATEDATE, TRADE_RESPDATE, TRADE_DATE, TRADE_CURRENCY, TRADE_AMOUNT, SETTLE_DATE, RET_CODE, RET_MSG, NOTIFY_CODE, NOTIFY_MSG, PAY_NOTICE_URL, PAY_RET_URL, CELLPHONE, IP_ADDRESS, EMAIL, MEMO)
values (3107, '1372841700718324', 3081, '20130703003081', 2, null, null, null, 3009, null, 1, 1, to_timestamp('03-07-2013 15:51:03.552000', 'dd-mm-yyyy hh24:mi:ss.ff'), to_timestamp('03-07-2013 16:55:00.734000', 'dd-mm-yyyy hh24:mi:ss.ff'), null, null, 'rmb', 100, null, null, null, null, null, null, null, '11111111111', null, '11111111111', null);
insert into EB_PAY_RECORD (PAY_RECODE_ID, PAY_RECODE_NUM, ORDER_ID, ORDER_NUM, PO_ID, OLBANK_ID, USER_ID, OPERATOR_NAME, PTL_USER_ID, TRADE_NUM, BUZI_TYPE, TRADE_STATUS, ORDER_TIME, TRADE_CREATEDATE, TRADE_RESPDATE, TRADE_DATE, TRADE_CURRENCY, TRADE_AMOUNT, SETTLE_DATE, RET_CODE, RET_MSG, NOTIFY_CODE, NOTIFY_MSG, PAY_NOTICE_URL, PAY_RET_URL, CELLPHONE, IP_ADDRESS, EMAIL, MEMO)
values (3108, '1372841795812196', 3081, '20130703003081', 2, null, null, null, 3009, null, 1, 1, to_timestamp('03-07-2013 15:51:03.552000', 'dd-mm-yyyy hh24:mi:ss.ff'), to_timestamp('03-07-2013 16:56:35.812000', 'dd-mm-yyyy hh24:mi:ss.ff'), null, null, 'rmb', 100, null, null, null, null, null, null, null, '11111111111', null, '11111111111', null);
insert into EB_PAY_RECORD (PAY_RECODE_ID, PAY_RECODE_NUM, ORDER_ID, ORDER_NUM, PO_ID, OLBANK_ID, USER_ID, OPERATOR_NAME, PTL_USER_ID, TRADE_NUM, BUZI_TYPE, TRADE_STATUS, ORDER_TIME, TRADE_CREATEDATE, TRADE_RESPDATE, TRADE_DATE, TRADE_CURRENCY, TRADE_AMOUNT, SETTLE_DATE, RET_CODE, RET_MSG, NOTIFY_CODE, NOTIFY_MSG, PAY_NOTICE_URL, PAY_RET_URL, CELLPHONE, IP_ADDRESS, EMAIL, MEMO)
values (3109, '1372842714328572', 3081, '20130703003081', 2, null, null, null, 3009, null, 1, 1, to_timestamp('03-07-2013 15:51:03.552000', 'dd-mm-yyyy hh24:mi:ss.ff'), to_timestamp('03-07-2013 17:11:54.328000', 'dd-mm-yyyy hh24:mi:ss.ff'), null, null, 'rmb', 100, null, null, null, null, null, null, null, '11111111111', null, '11111111111', null);
insert into EB_PAY_RECORD (PAY_RECODE_ID, PAY_RECODE_NUM, ORDER_ID, ORDER_NUM, PO_ID, OLBANK_ID, USER_ID, OPERATOR_NAME, PTL_USER_ID, TRADE_NUM, BUZI_TYPE, TRADE_STATUS, ORDER_TIME, TRADE_CREATEDATE, TRADE_RESPDATE, TRADE_DATE, TRADE_CURRENCY, TRADE_AMOUNT, SETTLE_DATE, RET_CODE, RET_MSG, NOTIFY_CODE, NOTIFY_MSG, PAY_NOTICE_URL, PAY_RET_URL, CELLPHONE, IP_ADDRESS, EMAIL, MEMO)
values (3000, '1369733385980109', 3004, '20130528003004', 2, null, null, null, 3003, null, 1, 2, to_timestamp('28-05-2013 17:29:32.090000', 'dd-mm-yyyy hh24:mi:ss.ff'), to_timestamp('28-05-2013 17:29:46.000000', 'dd-mm-yyyy hh24:mi:ss.ff'), to_timestamp('28-05-2013 17:29:51.235000', 'dd-mm-yyyy hh24:mi:ss.ff'), null, 'rmb', 3300, to_timestamp('28-05-2013 17:29:51.216000', 'dd-mm-yyyy hh24:mi:ss.ff'), null, null, null, null, null, null, null, null, 'shaoh', null);
insert into EB_PAY_RECORD (PAY_RECODE_ID, PAY_RECODE_NUM, ORDER_ID, ORDER_NUM, PO_ID, OLBANK_ID, USER_ID, OPERATOR_NAME, PTL_USER_ID, TRADE_NUM, BUZI_TYPE, TRADE_STATUS, ORDER_TIME, TRADE_CREATEDATE, TRADE_RESPDATE, TRADE_DATE, TRADE_CURRENCY, TRADE_AMOUNT, SETTLE_DATE, RET_CODE, RET_MSG, NOTIFY_CODE, NOTIFY_MSG, PAY_NOTICE_URL, PAY_RET_URL, CELLPHONE, IP_ADDRESS, EMAIL, MEMO)
values (3001, '1369880714089460', 3005, '20130530003005', 2, null, null, null, 3007, null, 1, 2, to_timestamp('30-05-2013 10:23:29.465000', 'dd-mm-yyyy hh24:mi:ss.ff'), to_timestamp('30-05-2013 10:25:14.089000', 'dd-mm-yyyy hh24:mi:ss.ff'), to_timestamp('30-05-2013 10:25:16.772000', 'dd-mm-yyyy hh24:mi:ss.ff'), null, 'rmb', 94900, to_timestamp('30-05-2013 10:25:16.770000', 'dd-mm-yyyy hh24:mi:ss.ff'), null, null, null, null, null, null, '13678987898', null, '13678987898', null);
insert into EB_PAY_RECORD (PAY_RECODE_ID, PAY_RECODE_NUM, ORDER_ID, ORDER_NUM, PO_ID, OLBANK_ID, USER_ID, OPERATOR_NAME, PTL_USER_ID, TRADE_NUM, BUZI_TYPE, TRADE_STATUS, ORDER_TIME, TRADE_CREATEDATE, TRADE_RESPDATE, TRADE_DATE, TRADE_CURRENCY, TRADE_AMOUNT, SETTLE_DATE, RET_CODE, RET_MSG, NOTIFY_CODE, NOTIFY_MSG, PAY_NOTICE_URL, PAY_RET_URL, CELLPHONE, IP_ADDRESS, EMAIL, MEMO)
values (3063, '1371543743563028', 3002, '20130527003002', null, null, null, null, null, null, 1, 2, to_timestamp('27-05-2013 10:34:38.502000', 'dd-mm-yyyy hh24:mi:ss.ff'), to_timestamp('18-06-2013 16:22:23.564000', 'dd-mm-yyyy hh24:mi:ss.ff'), null, null, 'rmb', 100, null, null, null, null, null, null, null, null, null, null, null);
insert into EB_PAY_RECORD (PAY_RECODE_ID, PAY_RECODE_NUM, ORDER_ID, ORDER_NUM, PO_ID, OLBANK_ID, USER_ID, OPERATOR_NAME, PTL_USER_ID, TRADE_NUM, BUZI_TYPE, TRADE_STATUS, ORDER_TIME, TRADE_CREATEDATE, TRADE_RESPDATE, TRADE_DATE, TRADE_CURRENCY, TRADE_AMOUNT, SETTLE_DATE, RET_CODE, RET_MSG, NOTIFY_CODE, NOTIFY_MSG, PAY_NOTICE_URL, PAY_RET_URL, CELLPHONE, IP_ADDRESS, EMAIL, MEMO)
values (3080, '1372410201850700', 3060, '20130628003060', 2, null, null, null, 3104, null, 1, 2, to_timestamp('28-06-2013 17:03:13.761000', 'dd-mm-yyyy hh24:mi:ss.ff'), to_timestamp('28-06-2013 17:03:21.851000', 'dd-mm-yyyy hh24:mi:ss.ff'), to_timestamp('28-06-2013 17:03:23.922000', 'dd-mm-yyyy hh24:mi:ss.ff'), null, 'rmb', 100, to_timestamp('28-06-2013 17:03:23.891000', 'dd-mm-yyyy hh24:mi:ss.ff'), null, null, null, null, null, null, null, null, 'miaofc', null);
insert into EB_PAY_RECORD (PAY_RECODE_ID, PAY_RECODE_NUM, ORDER_ID, ORDER_NUM, PO_ID, OLBANK_ID, USER_ID, OPERATOR_NAME, PTL_USER_ID, TRADE_NUM, BUZI_TYPE, TRADE_STATUS, ORDER_TIME, TRADE_CREATEDATE, TRADE_RESPDATE, TRADE_DATE, TRADE_CURRENCY, TRADE_AMOUNT, SETTLE_DATE, RET_CODE, RET_MSG, NOTIFY_CODE, NOTIFY_MSG, PAY_NOTICE_URL, PAY_RET_URL, CELLPHONE, IP_ADDRESS, EMAIL, MEMO)
values (3081, '1372410234467165', 3061, '20130628003061', 2, null, null, null, 3104, null, 1, 2, to_timestamp('28-06-2013 17:03:47.424000', 'dd-mm-yyyy hh24:mi:ss.ff'), to_timestamp('28-06-2013 17:03:54.467000', 'dd-mm-yyyy hh24:mi:ss.ff'), to_timestamp('28-06-2013 17:03:56.276000', 'dd-mm-yyyy hh24:mi:ss.ff'), null, 'rmb', 200, to_timestamp('28-06-2013 17:03:56.261000', 'dd-mm-yyyy hh24:mi:ss.ff'), null, null, null, null, null, null, null, null, 'miaofc', null);
insert into EB_PAY_RECORD (PAY_RECODE_ID, PAY_RECODE_NUM, ORDER_ID, ORDER_NUM, PO_ID, OLBANK_ID, USER_ID, OPERATOR_NAME, PTL_USER_ID, TRADE_NUM, BUZI_TYPE, TRADE_STATUS, ORDER_TIME, TRADE_CREATEDATE, TRADE_RESPDATE, TRADE_DATE, TRADE_CURRENCY, TRADE_AMOUNT, SETTLE_DATE, RET_CODE, RET_MSG, NOTIFY_CODE, NOTIFY_MSG, PAY_NOTICE_URL, PAY_RET_URL, CELLPHONE, IP_ADDRESS, EMAIL, MEMO)
values (3020, '1371105591243535', 3020, '20130613003020', 2, null, null, null, 3061, null, 1, 1, to_timestamp('13-06-2013 14:39:23.894000', 'dd-mm-yyyy hh24:mi:ss.ff'), to_timestamp('13-06-2013 14:39:51.245000', 'dd-mm-yyyy hh24:mi:ss.ff'), null, null, 'rmb', 94900, null, null, null, null, null, null, null, '15811274382', null, '15811274382', null);
insert into EB_PAY_RECORD (PAY_RECODE_ID, PAY_RECODE_NUM, ORDER_ID, ORDER_NUM, PO_ID, OLBANK_ID, USER_ID, OPERATOR_NAME, PTL_USER_ID, TRADE_NUM, BUZI_TYPE, TRADE_STATUS, ORDER_TIME, TRADE_CREATEDATE, TRADE_RESPDATE, TRADE_DATE, TRADE_CURRENCY, TRADE_AMOUNT, SETTLE_DATE, RET_CODE, RET_MSG, NOTIFY_CODE, NOTIFY_MSG, PAY_NOTICE_URL, PAY_RET_URL, CELLPHONE, IP_ADDRESS, EMAIL, MEMO)
values (3060, '1371519327363463', 3041, '20130618003048', 2, null, null, null, 3080, null, 1, 1, to_timestamp('18-06-2013 09:34:28.857000', 'dd-mm-yyyy hh24:mi:ss.ff'), to_timestamp('18-06-2013 09:35:27.365000', 'dd-mm-yyyy hh24:mi:ss.ff'), null, null, 'rmb', 2120000, null, null, null, null, null, null, null, null, null, 'ccvv', null);
insert into EB_PAY_RECORD (PAY_RECODE_ID, PAY_RECODE_NUM, ORDER_ID, ORDER_NUM, PO_ID, OLBANK_ID, USER_ID, OPERATOR_NAME, PTL_USER_ID, TRADE_NUM, BUZI_TYPE, TRADE_STATUS, ORDER_TIME, TRADE_CREATEDATE, TRADE_RESPDATE, TRADE_DATE, TRADE_CURRENCY, TRADE_AMOUNT, SETTLE_DATE, RET_CODE, RET_MSG, NOTIFY_CODE, NOTIFY_MSG, PAY_NOTICE_URL, PAY_RET_URL, CELLPHONE, IP_ADDRESS, EMAIL, MEMO)
values (3061, '1371520357340344', 3040, '20130618003047', 2, null, null, null, 3009, null, 1, 1, to_timestamp('18-06-2013 09:21:58.643000', 'dd-mm-yyyy hh24:mi:ss.ff'), to_timestamp('18-06-2013 09:52:37.340000', 'dd-mm-yyyy hh24:mi:ss.ff'), null, null, 'rmb', 2120000, null, null, null, null, null, null, null, '11111111111', null, '11111111111', null);
insert into EB_PAY_RECORD (PAY_RECODE_ID, PAY_RECODE_NUM, ORDER_ID, ORDER_NUM, PO_ID, OLBANK_ID, USER_ID, OPERATOR_NAME, PTL_USER_ID, TRADE_NUM, BUZI_TYPE, TRADE_STATUS, ORDER_TIME, TRADE_CREATEDATE, TRADE_RESPDATE, TRADE_DATE, TRADE_CURRENCY, TRADE_AMOUNT, SETTLE_DATE, RET_CODE, RET_MSG, NOTIFY_CODE, NOTIFY_MSG, PAY_NOTICE_URL, PAY_RET_URL, CELLPHONE, IP_ADDRESS, EMAIL, MEMO)
values (3100, '1372837273670617', 3080, '20130703003080', 2, null, null, null, 3009, null, 1, 1, to_timestamp('03-07-2013 15:41:05.365000', 'dd-mm-yyyy hh24:mi:ss.ff'), to_timestamp('03-07-2013 15:41:13.671000', 'dd-mm-yyyy hh24:mi:ss.ff'), null, null, 'rmb', 2120000, null, null, null, null, null, null, null, '11111111111', null, '11111111111', null);
insert into EB_PAY_RECORD (PAY_RECODE_ID, PAY_RECODE_NUM, ORDER_ID, ORDER_NUM, PO_ID, OLBANK_ID, USER_ID, OPERATOR_NAME, PTL_USER_ID, TRADE_NUM, BUZI_TYPE, TRADE_STATUS, ORDER_TIME, TRADE_CREATEDATE, TRADE_RESPDATE, TRADE_DATE, TRADE_CURRENCY, TRADE_AMOUNT, SETTLE_DATE, RET_CODE, RET_MSG, NOTIFY_CODE, NOTIFY_MSG, PAY_NOTICE_URL, PAY_RET_URL, CELLPHONE, IP_ADDRESS, EMAIL, MEMO)
values (3101, '1372837893292627', 3081, '20130703003081', 2, null, null, null, 3009, null, 1, 1, to_timestamp('03-07-2013 15:51:03.552000', 'dd-mm-yyyy hh24:mi:ss.ff'), to_timestamp('03-07-2013 15:51:33.292000', 'dd-mm-yyyy hh24:mi:ss.ff'), null, null, 'rmb', 100, null, null, null, null, null, null, null, '11111111111', null, '11111111111', null);
insert into EB_PAY_RECORD (PAY_RECODE_ID, PAY_RECODE_NUM, ORDER_ID, ORDER_NUM, PO_ID, OLBANK_ID, USER_ID, OPERATOR_NAME, PTL_USER_ID, TRADE_NUM, BUZI_TYPE, TRADE_STATUS, ORDER_TIME, TRADE_CREATEDATE, TRADE_RESPDATE, TRADE_DATE, TRADE_CURRENCY, TRADE_AMOUNT, SETTLE_DATE, RET_CODE, RET_MSG, NOTIFY_CODE, NOTIFY_MSG, PAY_NOTICE_URL, PAY_RET_URL, CELLPHONE, IP_ADDRESS, EMAIL, MEMO)
values (3110, '1373263949716487', 3083, '20130708003083', 2, null, null, null, 3120, null, 1, 1, to_timestamp('08-07-2013 14:12:23.581000', 'dd-mm-yyyy hh24:mi:ss.ff'), to_timestamp('08-07-2013 14:12:29.716000', 'dd-mm-yyyy hh24:mi:ss.ff'), null, null, 'rmb', 49900, null, null, null, null, null, null, null, null, null, 'senlinpopo', null);
insert into EB_PAY_RECORD (PAY_RECODE_ID, PAY_RECODE_NUM, ORDER_ID, ORDER_NUM, PO_ID, OLBANK_ID, USER_ID, OPERATOR_NAME, PTL_USER_ID, TRADE_NUM, BUZI_TYPE, TRADE_STATUS, ORDER_TIME, TRADE_CREATEDATE, TRADE_RESPDATE, TRADE_DATE, TRADE_CURRENCY, TRADE_AMOUNT, SETTLE_DATE, RET_CODE, RET_MSG, NOTIFY_CODE, NOTIFY_MSG, PAY_NOTICE_URL, PAY_RET_URL, CELLPHONE, IP_ADDRESS, EMAIL, MEMO)
values (3111, '1373265251340151', 3083, '20130708003083', 2, null, null, null, 3120, null, 1, 1, to_timestamp('08-07-2013 14:12:23.581000', 'dd-mm-yyyy hh24:mi:ss.ff'), to_timestamp('08-07-2013 14:34:11.341000', 'dd-mm-yyyy hh24:mi:ss.ff'), null, null, 'rmb', 49900, null, null, null, null, null, null, null, null, null, 'senlinpopo', null);
insert into EB_PAY_RECORD (PAY_RECODE_ID, PAY_RECODE_NUM, ORDER_ID, ORDER_NUM, PO_ID, OLBANK_ID, USER_ID, OPERATOR_NAME, PTL_USER_ID, TRADE_NUM, BUZI_TYPE, TRADE_STATUS, ORDER_TIME, TRADE_CREATEDATE, TRADE_RESPDATE, TRADE_DATE, TRADE_CURRENCY, TRADE_AMOUNT, SETTLE_DATE, RET_CODE, RET_MSG, NOTIFY_CODE, NOTIFY_MSG, PAY_NOTICE_URL, PAY_RET_URL, CELLPHONE, IP_ADDRESS, EMAIL, MEMO)
values (3112, '1373265260929171', 3083, '20130708003083', 2, null, null, null, 3120, null, 1, 1, to_timestamp('08-07-2013 14:12:23.581000', 'dd-mm-yyyy hh24:mi:ss.ff'), to_timestamp('08-07-2013 14:34:20.929000', 'dd-mm-yyyy hh24:mi:ss.ff'), null, null, 'rmb', 49900, null, null, null, null, null, null, null, null, null, 'senlinpopo', null);
commit;
prompt 23 records loaded
prompt Loading EB_PAY_TOTAL...
prompt Table is empty
prompt Loading EB_PERMISSION...
insert into EB_PERMISSION (PERM_ID, PERM_UPID, PERM_TYPE, PERM_NAME, PERM_URL, DEPENDENT_URL, PERM_USE, PERM_ORDER, PERM_NOTE)
values (123, 50, 0, '用户管理', '/ecps/console/permission/user/listUser.do', null, 1, 0, '用户管理');
insert into EB_PERMISSION (PERM_ID, PERM_UPID, PERM_TYPE, PERM_NAME, PERM_URL, DEPENDENT_URL, PERM_USE, PERM_ORDER, PERM_NOTE)
values (132, 50, 0, '角色管理', '/ecps/console/permission/role/listRole.do', null, 1, 0, '角色管理');
insert into EB_PERMISSION (PERM_ID, PERM_UPID, PERM_TYPE, PERM_NAME, PERM_URL, DEPENDENT_URL, PERM_USE, PERM_ORDER, PERM_NOTE)
values (51, 50, 0, '权限配置', '/ecps/console/permission/perm/listPerm.do', '/ecps/console/permission/index.do', 1, 0, '权限配置');
insert into EB_PERMISSION (PERM_ID, PERM_UPID, PERM_TYPE, PERM_NAME, PERM_URL, DEPENDENT_URL, PERM_USE, PERM_ORDER, PERM_NOTE)
values (125, 123, 0, '删除管理员', '/ecps/console/permission/user/deleteUserById.do', '/ecps/console/permission/user/batchDelUserById.do', 1, 2, '删除管理员');
insert into EB_PERMISSION (PERM_ID, PERM_UPID, PERM_TYPE, PERM_NAME, PERM_URL, DEPENDENT_URL, PERM_USE, PERM_ORDER, PERM_NOTE)
values (129, 123, 0, '编辑管理员', '/ecps/console/permission/user/updateUser.do', '/ecps/console/permission/user/updateUserStatus.do|/ecps/console/permission/user/batchUpdateUserStatus.do|/ecps/console/permission/user/getUser.do', 1, 1, '编辑管理员');
insert into EB_PERMISSION (PERM_ID, PERM_UPID, PERM_TYPE, PERM_NAME, PERM_URL, DEPENDENT_URL, PERM_USE, PERM_ORDER, PERM_NOTE)
values (130, 123, 0, '添加管理员', '/ecps/console/permission/user/addUser.do', '/ecps/console/permission/user/forwarduser.do', 1, 0, '添加管理员');
insert into EB_PERMISSION (PERM_ID, PERM_UPID, PERM_TYPE, PERM_NAME, PERM_URL, DEPENDENT_URL, PERM_USE, PERM_ORDER, PERM_NOTE)
values (133, 132, 0, '删除角色', '/ecps/console/permission/role/deleteRoleById.do', '/ecps/console/permission/role/batchDelRoleById.do', 1, 3, '删除角色');
insert into EB_PERMISSION (PERM_ID, PERM_UPID, PERM_TYPE, PERM_NAME, PERM_URL, DEPENDENT_URL, PERM_USE, PERM_ORDER, PERM_NOTE)
values (137, 132, 0, '编辑角色', '/ecps/console/permission/role/updateRole.do', '/ecps/console/permission/role/updateRoleStatus.do|/ecps/console/permission/role/batchUpdateRoleStatus.do|/ecps/console/permission/role/getRole.do', 1, 1, '编辑角色');
insert into EB_PERMISSION (PERM_ID, PERM_UPID, PERM_TYPE, PERM_NAME, PERM_URL, DEPENDENT_URL, PERM_USE, PERM_ORDER, PERM_NOTE)
values (52, 51, 0, '添加权限', '/ecps/console/permission/perm/addPerm.do', '/ecps/console/permission/perm/forwardperm.do', 1, 0, '添加权限');
insert into EB_PERMISSION (PERM_ID, PERM_UPID, PERM_TYPE, PERM_NAME, PERM_URL, DEPENDENT_URL, PERM_USE, PERM_ORDER, PERM_NOTE)
values (138, 132, 0, '分配权限', '/ecps/console/permission/perm/forwardPermission.do', '/ecps/console/permission/perm/assignPermForRole.do', 1, 2, '分配权限');
insert into EB_PERMISSION (PERM_ID, PERM_UPID, PERM_TYPE, PERM_NAME, PERM_URL, DEPENDENT_URL, PERM_USE, PERM_ORDER, PERM_NOTE)
values (139, 51, 0, '删除权限', '/ecps/console/permission/perm/deletePermById.do', '/ecps/console/permission/perm/batchDelPermById.do', 1, 2, '删除权限');
insert into EB_PERMISSION (PERM_ID, PERM_UPID, PERM_TYPE, PERM_NAME, PERM_URL, DEPENDENT_URL, PERM_USE, PERM_ORDER, PERM_NOTE)
values (131, 132, 0, '添加角色', '/ecps/console/permission/role/addRole.do', '/ecps/console/permission/role/perAddRole.do', 1, 0, '添加角色');
insert into EB_PERMISSION (PERM_ID, PERM_UPID, PERM_TYPE, PERM_NAME, PERM_URL, DEPENDENT_URL, PERM_USE, PERM_ORDER, PERM_NOTE)
values (53, 51, 0, '编辑权限', '/ecps/console/permission/perm/getPerm.do', '/ecps/console/permission/perm/updatePerm.do|/ecps/console/permission/perm/updatePermStatus.do|/ecps/console/permission/perm/batchUpdatePermStatus.do', 1, 1, '编辑权限');
insert into EB_PERMISSION (PERM_ID, PERM_UPID, PERM_TYPE, PERM_NAME, PERM_URL, DEPENDENT_URL, PERM_USE, PERM_ORDER, PERM_NOTE)
values (33, 0, 0, '系统配置', '/ecps/console/contentset/index.do', null, 1, 12, '系统配置');
insert into EB_PERMISSION (PERM_ID, PERM_UPID, PERM_TYPE, PERM_NAME, PERM_URL, DEPENDENT_URL, PERM_USE, PERM_ORDER, PERM_NOTE)
values (112, 33, 0, '敏感词管理', '/ecps/console/contentset/sensitive/listSensitive.do', null, 1, 0, '敏感词管理');
insert into EB_PERMISSION (PERM_ID, PERM_UPID, PERM_TYPE, PERM_NAME, PERM_URL, DEPENDENT_URL, PERM_USE, PERM_ORDER, PERM_NOTE)
values (113, 112, 0, '添加敏感词', '/ecps/console/contentset/sensitive/addSensitive.do', '/ecps/console/contentset/sensitive/addsensitive.do', 1, 0, '添加敏感词');
insert into EB_PERMISSION (PERM_ID, PERM_UPID, PERM_TYPE, PERM_NAME, PERM_URL, DEPENDENT_URL, PERM_USE, PERM_ORDER, PERM_NOTE)
values (114, 112, 0, '删除敏感词', '/ecps/console/contentset/sensitive/deleteSensitiveById.do', '/ecps/console/contentset/sensitive/batchDelSensitiveById.do', 1, 2, '删除敏感词');
insert into EB_PERMISSION (PERM_ID, PERM_UPID, PERM_TYPE, PERM_NAME, PERM_URL, DEPENDENT_URL, PERM_USE, PERM_ORDER, PERM_NOTE)
values (116, 112, 0, '编辑敏感词', '/ecps/console/contentset/sensitive/updateSensitive.do', '/ecps/console/contentset/sensitive/getSensitive.do', 1, 1, '编辑敏感词');
insert into EB_PERMISSION (PERM_ID, PERM_UPID, PERM_TYPE, PERM_NAME, PERM_URL, DEPENDENT_URL, PERM_USE, PERM_ORDER, PERM_NOTE)
values (6007, 112, 0, '启用/停用敏感词', '/ecps/console/contentset/sensitive/updateSensitiveStatus.do', '/ecps/console/contentset/sensitive/batchUpdateSensitiveStatus.do', 1, 3, '启用/停用敏感词');
insert into EB_PERMISSION (PERM_ID, PERM_UPID, PERM_TYPE, PERM_NAME, PERM_URL, DEPENDENT_URL, PERM_USE, PERM_ORDER, PERM_NOTE)
values (119, 33, 0, '后台登录日志管理', '/ecps/console/log/login/listBackLog.do', null, 1, 0, '后台登录日志管理');
insert into EB_PERMISSION (PERM_ID, PERM_UPID, PERM_TYPE, PERM_NAME, PERM_URL, DEPENDENT_URL, PERM_USE, PERM_ORDER, PERM_NOTE)
values (120, 119, 0, '删除登录日志', '/ecps/console/log/login/deleteBackLandLogById.do', '/ecps/console/log/login/batchDelBackLandLogById.do', 1, 0, '删除登录日志');
insert into EB_PERMISSION (PERM_ID, PERM_UPID, PERM_TYPE, PERM_NAME, PERM_URL, DEPENDENT_URL, PERM_USE, PERM_ORDER, PERM_NOTE)
values (122, 119, 0, '登录日志导出', '/ecps/console/log/login/exportBackLandLog.do', null, 1, 1, '登录日志导出');
insert into EB_PERMISSION (PERM_ID, PERM_UPID, PERM_TYPE, PERM_NAME, PERM_URL, DEPENDENT_URL, PERM_USE, PERM_ORDER, PERM_NOTE)
values (161, 33, 0, '全局设置', '/ecps/console/system/site/index.do', null, 1, 0, '全局设置');
insert into EB_PERMISSION (PERM_ID, PERM_UPID, PERM_TYPE, PERM_NAME, PERM_URL, DEPENDENT_URL, PERM_USE, PERM_ORDER, PERM_NOTE)
values (162, 161, 0, '编辑全局设置', '/ecps/console/system/site/site_edit.do', '/ecps/console/system/site/site_update.do', 1, 0, '编辑全局设置');
insert into EB_PERMISSION (PERM_ID, PERM_UPID, PERM_TYPE, PERM_NAME, PERM_URL, DEPENDENT_URL, PERM_USE, PERM_ORDER, PERM_NOTE)
values (2148, 33, 0, '静态化', '/ecps/console/static/toPublishJsp.do', null, 1, 0, '静态化');
insert into EB_PERMISSION (PERM_ID, PERM_UPID, PERM_TYPE, PERM_NAME, PERM_URL, DEPENDENT_URL, PERM_USE, PERM_ORDER, PERM_NOTE)
values (6032, 2148, 0, '发布操作', '/ecps/console/static/toPublishJsp.do', '/ecps/console/static4ebiz/static/publishAll.do', 1, 0, '发布操作');
insert into EB_PERMISSION (PERM_ID, PERM_UPID, PERM_TYPE, PERM_NAME, PERM_URL, DEPENDENT_URL, PERM_USE, PERM_ORDER, PERM_NOTE)
values (186, 0, 0, '订单管理', '/ecps/console/order/index.do', null, 1, 3, '订单管理');
insert into EB_PERMISSION (PERM_ID, PERM_UPID, PERM_TYPE, PERM_NAME, PERM_URL, DEPENDENT_URL, PERM_USE, PERM_ORDER, PERM_NOTE)
values (187, 186, 0, '订单总览查看', '/ecps/console/order/orderSummary.do', '/ecps/console/order/orderSummary/detail.do|/ecps/console/order/detail.do|/ecps/console/order/orderExport.do|/ecps/console/order/index.do|/ecps/console/order/preview.do|/ecps/console/order/packetAjaxList.do', 1, 0, '订单总览查看');
insert into EB_PERMISSION (PERM_ID, PERM_UPID, PERM_TYPE, PERM_NAME, PERM_URL, DEPENDENT_URL, PERM_USE, PERM_ORDER, PERM_NOTE)
values (188, 186, 0, '有效订单查看', '/ecps/console/order/orderValid.do', '/ecps/console/order/orderExport.do|/ecps/console/order/detail.do|/ecps/console/order/orderValid/detail.do|/ecps/console/order/index.do|/ecps/console/order/checkAjaxStatus.do|/ecps/console/order/preview.do|/ecps/console/order/packetAjaxList.do' || chr(10) || '', 1, 1, '有效订单查看');
insert into EB_PERMISSION (PERM_ID, PERM_UPID, PERM_TYPE, PERM_NAME, PERM_URL, DEPENDENT_URL, PERM_USE, PERM_ORDER, PERM_NOTE)
values (190, 186, 0, '待付款单查看', '/ecps/console/order/orderPay.do', '/ecps/console/order/orderPay/detail.do|/ecps/console/order/detail.do|/ecps/console/order/orderExport.do|/ecps/console/order/index.do|/ecps/console/order/preview.do|/ecps/console/order/packetAjaxList.do', 1, 2, '待付款单查看');
insert into EB_PERMISSION (PERM_ID, PERM_UPID, PERM_TYPE, PERM_NAME, PERM_URL, DEPENDENT_URL, PERM_USE, PERM_ORDER, PERM_NOTE)
values (191, 186, 0, '外呼单查看', '/ecps/console/order/orderCall.do', '/ecps/console/order/detail.do|/ecps/console/order/orderExport.do|/ecps/console/order/orderCall/detail.do|/ecps/console/order/index.do|/ecps/console/order/preview.do|/ecps/console/order/packetAjaxList.do', 1, 3, '外呼单查看');
insert into EB_PERMISSION (PERM_ID, PERM_UPID, PERM_TYPE, PERM_NAME, PERM_URL, DEPENDENT_URL, PERM_USE, PERM_ORDER, PERM_NOTE)
values (227, 186, 0, 'CRM单查看', '/ecps/console/order/orderCrm.do', '/ecps/console/order/orderExport.do|/ecps/console/order/detail.do|/ecps/console/order/orderCrm/detail.do|/ecps/console/order/index.do|/ecps/console/order/preview.do|/ecps/console/order/packetAjaxList.do', 1, 5, 'CRM单查看');
insert into EB_PERMISSION (PERM_ID, PERM_UPID, PERM_TYPE, PERM_NAME, PERM_URL, DEPENDENT_URL, PERM_USE, PERM_ORDER, PERM_NOTE)
values (228, 186, 0, '备货单查看', '/ecps/console/order/orderStock.do', '/ecps/console/order/orderExport.do|/ecps/console/order/detail.do|/ecps/console/order/orderStock/detail.do|/ecps/console/order/index.do|/ecps/console/order/checkAjaxStatus.do|/ecps/console/order/preview.do|/ecps/console/order/packetAjaxList.do', 1, 4, '备货单查看');
insert into EB_PERMISSION (PERM_ID, PERM_UPID, PERM_TYPE, PERM_NAME, PERM_URL, DEPENDENT_URL, PERM_USE, PERM_ORDER, PERM_NOTE)
values (229, 186, 0, '配送单查看', '/ecps/console/order/orderDelivery1.do', '/ecps/console/order/orderExport.do|/ecps/console/order/detail.do|/ecps/console/order/orderDelivery1/detail.do|/ecps/console/order/index.do|/ecps/console/order/preview.do|/ecps/console/order/packetAjaxList.do', 1, 6, '配送单查看');
insert into EB_PERMISSION (PERM_ID, PERM_UPID, PERM_TYPE, PERM_NAME, PERM_URL, DEPENDENT_URL, PERM_USE, PERM_ORDER, PERM_NOTE)
values (234, 186, 0, '退库单查看', '/ecps/console/order/orderRstock.do', '/ecps/console/order/orderExport.do|/ecps/console/order/detail.do|/ecps/console/order/orderRstock/detail.do|/ecps/console/order/index.do|/ecps/console/order/preview.do|/ecps/console/order/packetAjaxList.do', 1, 8, '退库单查看');
insert into EB_PERMISSION (PERM_ID, PERM_UPID, PERM_TYPE, PERM_NAME, PERM_URL, DEPENDENT_URL, PERM_USE, PERM_ORDER, PERM_NOTE)
values (236, 186, 0, '作废单查看', '/ecps/console/order/orderInValid.do', '/ecps/console/order/orderExport.do|/ecps/console/order/detail.do|/ecps/console/order/orderInValid/detail.do|/ecps/console/order/index.do|/ecps/console/order/preview.do|/ecps/console/order/packetAjaxList.do', 1, 16, '作废单查看');
insert into EB_PERMISSION (PERM_ID, PERM_UPID, PERM_TYPE, PERM_NAME, PERM_URL, DEPENDENT_URL, PERM_USE, PERM_ORDER, PERM_NOTE)
values (288, 186, 0, '有效订单操作', '/ecps/console/order/orderValid.do', '/ecps/console/order/orderExport.do|/ecps/console/order/detail.do|/ecps/console/order/orderValid/detail.do|/ecps/console/order/index.do|/ecps/console/order/orderDelivery1/oper.do|/ecps/console/order/checkAjaxStatus.do|/ecps/console/order/orderStock/oper.do|/ecps/console/order/orderDelivery/oper.do|/ecps/console/order/orderRstock/oper.do|/ecps/console/order/orderSucess/oper.do|/ecps/console/order/orderReturn/oper.do|/ecps/console/order/orderRR/oper.do|/ecps/console/order/orderCrm/oper.do|/ecps/console/order/preview.do|/ecps/console/order/packetAjaxList.do|/ecps/console/order/doAjaxCrm.do' || chr(10) || '', 1, 17, '有效订单操作');
insert into EB_PERMISSION (PERM_ID, PERM_UPID, PERM_TYPE, PERM_NAME, PERM_URL, DEPENDENT_URL, PERM_USE, PERM_ORDER, PERM_NOTE)
values (290, 186, 0, '待付款单操作', '/ecps/console/order/orderPay.do', '/ecps/console/order/orderPay/detail.do|/ecps/console/order/detail.do|/ecps/console/order/orderExport.do|/ecps/console/order/orderPay/oper.do|/ecps/console/order/index.do|/ecps/console/order/preview.do|/ecps/console/order/packetAjaxList.do', 1, 18, '待付款单操作');
insert into EB_PERMISSION (PERM_ID, PERM_UPID, PERM_TYPE, PERM_NAME, PERM_URL, DEPENDENT_URL, PERM_USE, PERM_ORDER, PERM_NOTE)
values (291, 186, 0, '外呼单操作', '/ecps/console/order/orderCall.do', '/ecps/console/order/detail.do|/ecps/console/order/orderExport.do|/ecps/console/order/orderCall/oper.do|/ecps/console/order/orderCall/detail.do|/ecps/console/order/index.do|/ecps/console/order/preview.do|/ecps/console/order/packetAjaxList.do', 1, 19, '外呼单操作');
insert into EB_PERMISSION (PERM_ID, PERM_UPID, PERM_TYPE, PERM_NAME, PERM_URL, DEPENDENT_URL, PERM_USE, PERM_ORDER, PERM_NOTE)
values (327, 186, 0, 'CRM单操作', '/ecps/console/order/orderCrm.do', '/ecps/console/order/orderExport.do|/ecps/console/order/detail.do|/ecps/console/order/orderCrm/detail.do|/ecps/console/order/orderCrm/oper.do|/ecps/console/order/index.do|/ecps/console/order/preview.do|/ecps/console/order/packetAjaxList.do|/ecps/console/order/doAjaxCrm.do', 1, 21, 'CRM单操作');
insert into EB_PERMISSION (PERM_ID, PERM_UPID, PERM_TYPE, PERM_NAME, PERM_URL, DEPENDENT_URL, PERM_USE, PERM_ORDER, PERM_NOTE)
values (328, 186, 0, '备货单操作', '/ecps/console/order/orderStock.do', '/ecps/console/order/orderExport.do|/ecps/console/order/detail.do|/ecps/console/order/orderStock/detail.do|/ecps/console/order/orderStock/oper.do|/ecps/console/order/index.do|/ecps/console/order/checkAjaxStatus.do|/ecps/console/order/preview.do|/ecps/console/order/packetAjaxList.do|/ecps/console/order/queryAjaxSCode.do|/ecps/console/order/preemptSimCardRes.do', 1, 20, '备货单操作');
insert into EB_PERMISSION (PERM_ID, PERM_UPID, PERM_TYPE, PERM_NAME, PERM_URL, DEPENDENT_URL, PERM_USE, PERM_ORDER, PERM_NOTE)
values (329, 186, 0, '配送单操作', '/ecps/console/order/orderDelivery1.do', '/ecps/console/order/orderExport.do|/ecps/console/order/detail.do|/ecps/console/order/orderDelivery1/oper.do|/ecps/console/order/orderDelivery1/detail.do|/ecps/console/order/index.do|/ecps/console/order/preview.do|/ecps/console/order/packetAjaxList.do', 1, 22, '配送单操作');
insert into EB_PERMISSION (PERM_ID, PERM_UPID, PERM_TYPE, PERM_NAME, PERM_URL, DEPENDENT_URL, PERM_USE, PERM_ORDER, PERM_NOTE)
values (331, 186, 0, '发起退款操作', '/ecps/console/order/orderSucess.do', '/ecps/console/order/orderExport.do|/ecps/console/order/detail.do|/ecps/console/order/orderSucess/oper.do|/ecps/console/order/orderSucess/detail.do|/ecps/console/order/index.do|/ecps/console/order/preview.do|/ecps/console/order/packetAjaxList.do|/ecps/console/order/cancelAjaxCrm1.do ', 1, 27, '发起退款操作');
insert into EB_PERMISSION (PERM_ID, PERM_UPID, PERM_TYPE, PERM_NAME, PERM_URL, DEPENDENT_URL, PERM_USE, PERM_ORDER, PERM_NOTE)
values (332, 186, 0, '退款审核操作', '/ecps/console/order/orderReturn.do', '/ecps/console/order/orderExport.do|/ecps/console/order/detail.do|/ecps/console/order/orderReturn/detail.do|/ecps/console/order/orderReturn/oper.do|/ecps/console/order/index.do|/ecps/console/order/preview.do|/ecps/console/order/packetAjaxList.do', 1, 30, '退款审核操作');
insert into EB_PERMISSION (PERM_ID, PERM_UPID, PERM_TYPE, PERM_NAME, PERM_URL, DEPENDENT_URL, PERM_USE, PERM_ORDER, PERM_NOTE)
values (334, 186, 0, '退库单操作', '/ecps/console/order/orderRstock.do', '/ecps/console/order/orderExport.do|/ecps/console/order/detail.do|/ecps/console/order/orderRstock/detail.do|/ecps/console/order/orderRstock/oper.do|/ecps/console/order/index.do|/ecps/console/order/preview.do|/ecps/console/order/packetAjaxList.do|/ecps/console/order/cancelAjaxCrm.do ', 1, 26, '退库单操作');
insert into EB_PERMISSION (PERM_ID, PERM_UPID, PERM_TYPE, PERM_NAME, PERM_URL, DEPENDENT_URL, PERM_USE, PERM_ORDER, PERM_NOTE)
values (336, 186, 0, '作废单操作', '/ecps/console/order/orderInValid.do', '/ecps/console/order/orderExport.do|/ecps/console/order/detail.do|/ecps/console/order/orderInValid/detail.do|/ecps/console/order/orderInValid/oper.do|/ecps/console/order/index.do|/ecps/console/order/preview.do|/ecps/console/order/packetAjaxList.do', 1, 35, '作废单操作');
insert into EB_PERMISSION (PERM_ID, PERM_UPID, PERM_TYPE, PERM_NAME, PERM_URL, DEPENDENT_URL, PERM_USE, PERM_ORDER, PERM_NOTE)
values (235, 186, 0, 'CRM异常单查看', '/ecps/console/order/orderAbnormal.do', '/ecps/console/order/orderExport.do|/ecps/console/order/detail.do|/ecps/console/order/orderAbnormal/detail.do|/ecps/console/order/index.do|/ecps/console/order/preview.do|/ecps/console/order/packetAjaxList.do|/ecps/console/order/orderAbnormal.do?orderState=9|/ecps/console/order/orderAbnormal.do?all=all|/ecps/console/order/orderAbnormal.do?orderState=18,10,11,13,17,19,20,29,14,24,26,2,3,4,5,6,7,8,21,22,15,34,23,32,25,31,33,38', 1, 0, 'CRM异常单查看');
insert into EB_PERMISSION (PERM_ID, PERM_UPID, PERM_TYPE, PERM_NAME, PERM_URL, DEPENDENT_URL, PERM_USE, PERM_ORDER, PERM_NOTE)
values (335, 186, 0, 'CRM异常单操作', '/ecps/console/order/orderAbnormal.do', '/ecps/console/order/orderExport.do|/ecps/console/order/detail.do|/ecps/console/order/orderAbnormal/detail.do|/ecps/console/order/index.do|/ecps/console/order/preview.do|/ecps/console/order/packetAjaxList.do|/ecps/console/order/doAjaxCrm1.do|/ecps/console/order/queryAjaxCrm.do|/ecps/console/order/orderAbnormal.do?orderState=9|/ecps/console/order/checkJobNum.do|/ecps/console/order/orderAbnormal/oper.do|/ecps/console/order/preemptSimCardRes.do', 1, 0, 'CRM异常单操作');
insert into EB_PERMISSION (PERM_ID, PERM_UPID, PERM_TYPE, PERM_NAME, PERM_URL, DEPENDENT_URL, PERM_USE, PERM_ORDER, PERM_NOTE)
values (259, 186, 0, '配送失败异常查看', '/ecps/console/order/orderAbnormal.do', '/ecps/console/order/orderExport.do|/ecps/console/order/detail.do|/ecps/console/order/orderAbnormal/detail.do|/ecps/console/order/index.do|/ecps/console/order/preview.do|/ecps/console/order/packetAjaxList.do|/ecps/console/order/orderAbnormal.do?orderState=12|/ecps/console/order/orderAbnormal.do?all=all|/ecps/console/order/orderAbnormal.do?orderState=18,10,11,13,17,19,20,29,14,24,26,2,3,4,5,6,7,8,21,22,15,34,23,32,25,31,33,38', 1, 15, '配送失败异常查看');
insert into EB_PERMISSION (PERM_ID, PERM_UPID, PERM_TYPE, PERM_NAME, PERM_URL, DEPENDENT_URL, PERM_USE, PERM_ORDER, PERM_NOTE)
values (356, 186, 0, '配送失败异常操作', '/ecps/console/order/orderAbnormal.do', '/ecps/console/order/orderExport.do|/ecps/console/order/detail.do|/ecps/console/order/orderAbnormal/detail.do|/ecps/console/order/orderAbnormal/oper.do|/ecps/console/order/index.do|/ecps/console/order/preview.do|/ecps/console/order/packetAjaxList.do|/ecps/console/order/orderAbnormal.do?orderState=12', 1, 31, '配送失败异常操作');
insert into EB_PERMISSION (PERM_ID, PERM_UPID, PERM_TYPE, PERM_NAME, PERM_URL, DEPENDENT_URL, PERM_USE, PERM_ORDER, PERM_NOTE)
values (358, 186, 0, '自提单查看', '/ecps/console/order/orderSelf.do', '/ecps/console/order/orderSelf.do|/ecps/console/order/detail.do|/ecps/console/order/orderSelf/detail.do|/ecps/console/order/index.do|/ecps/console/order/preview.do|/ecps/console/order/packetAjaxList.do', 1, 7, '自提单查看');
insert into EB_PERMISSION (PERM_ID, PERM_UPID, PERM_TYPE, PERM_NAME, PERM_URL, DEPENDENT_URL, PERM_USE, PERM_ORDER, PERM_NOTE)
values (359, 186, 0, '自提单操作', '/ecps/console/order/orderSelf/oper.do', '/ecps/console/order/orderExport.do|/ecps/console/order/detail.do|/ecps/console/order/orderAbnormal/detail.do|/ecps/console/order/index.do|/ecps/console/order/preview.do|/ecps/console/order/packetAjaxList.do|/ecps/console/order/orderAbnormal.do', 1, 23, '自提单操作');
insert into EB_PERMISSION (PERM_ID, PERM_UPID, PERM_TYPE, PERM_NAME, PERM_URL, DEPENDENT_URL, PERM_USE, PERM_ORDER, PERM_NOTE)
values (6070, 186, 0, '已收货单查看', '/ecps/console/order/orderSucess.do', '/ecps/console/order/orderExport.do|/ecps/console/order/detail.do|/ecps/console/order/orderSucess/detail.do|/ecps/console/order/index.do|/ecps/console/order/preview.do|/ecps/console/order/packetAjaxList.do', 1, 23, '已收货单查看');
insert into EB_PERMISSION (PERM_ID, PERM_UPID, PERM_TYPE, PERM_NAME, PERM_URL, DEPENDENT_URL, PERM_USE, PERM_ORDER, PERM_NOTE)
values (6071, 186, 0, '退款单查看', '/ecps/console/order/orderReturn.do', '/ecps/console/order/orderExport.do|/ecps/console/order/detail.do|/ecps/console/order/orderReturn/detail.do|/ecps/console/order/index.do|/ecps/console/order/preview.do|/ecps/console/order/packetAjaxList.do', 1, 23, '退款单查看');
insert into EB_PERMISSION (PERM_ID, PERM_UPID, PERM_TYPE, PERM_NAME, PERM_URL, DEPENDENT_URL, PERM_USE, PERM_ORDER, PERM_NOTE)
values (6073, 186, 0, '修改物流编号操作', '/ecps/console/order/orderStock.do', '/ecps/console/order/orderExport.do|/ecps/console/order/detail.do|/ecps/console/order/orderRstock/detail.do|/ecps/console/order/index.do|/ecps/console/order/preview.do|/ecps/console/order/packetAjaxList.do|/ecps/console/order/orderStock/oper.do', 1, 23, '修改物流编号操作');
insert into EB_PERMISSION (PERM_ID, PERM_UPID, PERM_TYPE, PERM_NAME, PERM_URL, DEPENDENT_URL, PERM_USE, PERM_ORDER, PERM_NOTE)
values (6074, 186, 0, '待取货单查看', '/ecps/console/order/orderStock.do', '/ecps/console/order/orderExport.do|/ecps/console/order/detail.do|/ecps/console/order/orderRstock/detail.do|/ecps/console/order/index.do|/ecps/console/order/preview.do|/ecps/console/order/packetAjaxList.do', 1, 23, '待取货单查看');
insert into EB_PERMISSION (PERM_ID, PERM_UPID, PERM_TYPE, PERM_NAME, PERM_URL, DEPENDENT_URL, PERM_USE, PERM_ORDER, PERM_NOTE)
values (400, 0, 0, '代客下单', '/ecps/console/valetOrder/index.do', null, 1, 4, '代客下单管理');
insert into EB_PERMISSION (PERM_ID, PERM_UPID, PERM_TYPE, PERM_NAME, PERM_URL, DEPENDENT_URL, PERM_USE, PERM_ORDER, PERM_NOTE)
values (401, 400, 0, '主推机型', '/ecps/console/valetOrder/chiefRecommd.do', '/ecps/console/valetOrder/getRecommItemList.do|/ecps/console/valetOrder/qryFeeAndMeter.do|/ecps/console/valetOrder/getFeeAndMeter.do|/ecps/console/valetOrder/getItemParam.do|/ecps/console/valetOrder/getFeeAndMeter.do|/ecps/console/valetOrder/guestSubmitOrder.do|/ecps/console/offer/submitOrder.do|/ecps/console/valetOrder/isExcludeOfferGroup.do|/ecps/console/valetOrder/qryFeeAndMeter.do', 1, 0, '主推机型展示');
insert into EB_PERMISSION (PERM_ID, PERM_UPID, PERM_TYPE, PERM_NAME, PERM_URL, DEPENDENT_URL, PERM_USE, PERM_ORDER, PERM_NOTE)
values (402, 400, 0, '选机中心', '/ecps/console/valetOrder/guestOrder.do', '/ecps/console/valetOrder/getFrontPageList.do|/ecps/console/valetOrder/getFeeAndMeter.do|/ecps/console/valetOrder/guestSubmitOrder.do|/ecps/console/offer/submitOrder.do|/ecps/console/valetOrder/getItemParam.do|/ecps/console/order/isExcludeOfferGroup.do|/ecps/console/valetOrder/qryFeeAndMeter.do|/ecps/console/item/addItemToCart.do|/ecps/console/item/listItemOfCart.do|/ecps/console/item/delItemOfCart.do|/ecps/console/valetOrder/submitOrder.do', 1, 1, '选机中心管理');
insert into EB_PERMISSION (PERM_ID, PERM_UPID, PERM_TYPE, PERM_NAME, PERM_URL, DEPENDENT_URL, PERM_USE, PERM_ORDER, PERM_NOTE)
values (403, 400, 0, '查询修改代客单', '/ecps/console/order/listGuestOrder.do', '/ecps/console/order/valetOrderCancel.do|/ecps/console/order/updateOrder.do|/ecps/console/order/orderSummary/editOrder.do|/ecps/console/order/orderSummary/detail.do|/ecps/console/order/packetAjaxList.do', 1, 2, '查询修改代客单');
insert into EB_PERMISSION (PERM_ID, PERM_UPID, PERM_TYPE, PERM_NAME, PERM_URL, DEPENDENT_URL, PERM_USE, PERM_ORDER, PERM_NOTE)
values (404, 400, 0, '主推机型配置', '/ecps/console/valetOrder/configRecomm.do', '/ecps/console/valetOrder/saveRecommItemAjax.do|/ecps/console/valetOrder/delRecommByItemId.do|/ecps/console/valetOrder/configRecomm.do', 1, 3, '主推机型配置');
insert into EB_PERMISSION (PERM_ID, PERM_UPID, PERM_TYPE, PERM_NAME, PERM_URL, DEPENDENT_URL, PERM_USE, PERM_ORDER, PERM_NOTE)
values (405, 400, 0, '注意事项', '/ecps/console/valetOrder/initConfigNote.do', '/ecps/console/valetOrder/updateNote.do', 1, 4, '待客下单注意事项管理');
insert into EB_PERMISSION (PERM_ID, PERM_UPID, PERM_TYPE, PERM_NAME, PERM_URL, DEPENDENT_URL, PERM_USE, PERM_ORDER, PERM_NOTE)
values (2150, 0, 0, '支付管理', '/ecps/console/payment/index.do', null, 1, 5, '支付管理');
insert into EB_PERMISSION (PERM_ID, PERM_UPID, PERM_TYPE, PERM_NAME, PERM_URL, DEPENDENT_URL, PERM_USE, PERM_ORDER, PERM_NOTE)
values (2151, 2150, 0, '支付方式管理', '/ecps/console/payment/listpaymentway.do', '/ecps/console/payment/editpaymentway.do|/ecps/console/payment/updatepaymentway.do', 1, 0, '支付方式管理');
insert into EB_PERMISSION (PERM_ID, PERM_UPID, PERM_TYPE, PERM_NAME, PERM_URL, DEPENDENT_URL, PERM_USE, PERM_ORDER, PERM_NOTE)
values (2153, 2150, 0, '支付机构管理', '/ecps/console/payment/listPaymentOrg.do', null, 1, 1, '支付机构管理');
insert into EB_PERMISSION (PERM_ID, PERM_UPID, PERM_TYPE, PERM_NAME, PERM_URL, DEPENDENT_URL, PERM_USE, PERM_ORDER, PERM_NOTE)
values (2154, 2153, 0, '添加支付机构', '/ecps/console/payment/addPaymentOrg.do', '/ecps/console/payment/savePaymentOrg.do|/ecps/console/payment/validPoName.do|/ecps/console/payment/listPayOlbank.do|/ecps/console/payment/addPayOlbank.do|/ecps/console/payment/savePayOlbank.do|/ecps/console/payment/editPayOlbank.do|/ecps/console/payment/updatePayOlbank.do|/ecps/console/payment/validOlbankName.do|/ecps/console/payment/deletePayOlbank.do', 1, 0, '添加支付机构');
insert into EB_PERMISSION (PERM_ID, PERM_UPID, PERM_TYPE, PERM_NAME, PERM_URL, DEPENDENT_URL, PERM_USE, PERM_ORDER, PERM_NOTE)
values (2155, 2153, 0, '编辑支付机构', '/ecps/console/payment/editPaymentOrg.do', '/ecps/console/payment/updatePaymentOrg.do|/ecps/console/payment/validPoName.do|/ecps/console/payment/listPayOlbank.do|/ecps/console/payment/addPayOlbank.do|/ecps/console/payment/savePayOlbank.do|/ecps/console/payment/editPayOlbank.do|/ecps/console/payment/updatePayOlbank.do|/ecps/console/payment/validOlbankName.do|/ecps/console/payment/deletePayOlbank.do', 1, 1, '编辑支付机构');
insert into EB_PERMISSION (PERM_ID, PERM_UPID, PERM_TYPE, PERM_NAME, PERM_URL, DEPENDENT_URL, PERM_USE, PERM_ORDER, PERM_NOTE)
values (6001, 2153, 0, '添加网银', '/ecps/console/payment/addPayOlbank.do', '/ecps/console/payment/listPayOlbank.do|/ecps/console/payment/addPayOlbank.do|/ecps/console/payment/savePayOlbank.do|/ecps/console/payment/updatePayOlbank.do|/ecps/console/payment/validOlbankName.do', 1, 2, '添加网银');
insert into EB_PERMISSION (PERM_ID, PERM_UPID, PERM_TYPE, PERM_NAME, PERM_URL, DEPENDENT_URL, PERM_USE, PERM_ORDER, PERM_NOTE)
values (6002, 2153, 0, '编辑网银', '/ecps/console/payment/editPayOlbank.do', '/ecps/console/payment/listPayOlbank.do|/ecps/console/payment/savePayOlbank.do|/ecps/console/payment/editPayOlbank.do|/ecps/console/payment/updatePayOlbank.do|/ecps/console/payment/validOlbankName.do', 1, 3, '编辑网银');
insert into EB_PERMISSION (PERM_ID, PERM_UPID, PERM_TYPE, PERM_NAME, PERM_URL, DEPENDENT_URL, PERM_USE, PERM_ORDER, PERM_NOTE)
values (6003, 2153, 0, '删除网银', '/ecps/console/payment/deletePayOlbank.do', '/ecps/console/payment/listPayOlbank.do|/ecps/console/payment/savePayOlbank.do|/ecps/console/payment/updatePayOlbank.do|/ecps/console/payment/validOlbankName.do|/ecps/console/payment/deletePayOlbank.do', 1, 4, '删除网银');
insert into EB_PERMISSION (PERM_ID, PERM_UPID, PERM_TYPE, PERM_NAME, PERM_URL, DEPENDENT_URL, PERM_USE, PERM_ORDER, PERM_NOTE)
values (2156, 2150, 0, '支付工具管理', '/ecps/console/payment/listpaymenttool.do', '/ecps/console/payment/editpaymenttool.do|/ecps/console/payment/updatepaymenttool.do', 1, 2, '支付工具管理');
insert into EB_PERMISSION (PERM_ID, PERM_UPID, PERM_TYPE, PERM_NAME, PERM_URL, DEPENDENT_URL, PERM_USE, PERM_ORDER, PERM_NOTE)
values (2176, 2150, 0, '订单支付总览', '/ecps/console/payment/listOrderPayment.do', '/ecps/console/payment/listOrderPayRecordDetail.do|/ecps/console/payment/exportOrderPayment.do', 1, 3, '订单支付总览');
insert into EB_PERMISSION (PERM_ID, PERM_UPID, PERM_TYPE, PERM_NAME, PERM_URL, DEPENDENT_URL, PERM_USE, PERM_ORDER, PERM_NOTE)
values (2180, 2150, 0, '支付单管理', '/ecps/console/payment/listPayRecord.do', '/ecps/console/payment/exportPayRecord.do', 1, 4, '支付单管理');
insert into EB_PERMISSION (PERM_ID, PERM_UPID, PERM_TYPE, PERM_NAME, PERM_URL, DEPENDENT_URL, PERM_USE, PERM_ORDER, PERM_NOTE)
values (2181, 2150, 0, '退款单管理', '/ecps/console/payment/listRefundRecord.do', '/ecps/console/payment/exportRefundRecord.do', 1, 5, '退款单管理');
insert into EB_PERMISSION (PERM_ID, PERM_UPID, PERM_TYPE, PERM_NAME, PERM_URL, DEPENDENT_URL, PERM_USE, PERM_ORDER, PERM_NOTE)
values (2182, 2150, 0, '支付状态查询', '/ecps/console/payment/listPaymentStatus.do', '/ecps/console/payment/exportPaymentStatus.do', 1, 7, '支付状态查询');
insert into EB_PERMISSION (PERM_ID, PERM_UPID, PERM_TYPE, PERM_NAME, PERM_URL, DEPENDENT_URL, PERM_USE, PERM_ORDER, PERM_NOTE)
values (2178, 2176, 0, '订单支付退款操作', '/ecps/console/payment/refund.do', '/ecps/console/payment/listOrderPayment.do', 1, 0, '订单支付退款操作');
insert into EB_PERMISSION (PERM_ID, PERM_UPID, PERM_TYPE, PERM_NAME, PERM_URL, DEPENDENT_URL, PERM_USE, PERM_ORDER, PERM_NOTE)
values (6020, 2176, 0, '更改状态', '/ecps/console/payment/changeStatus.do', '/ecps/console/payment/listOrderPayment.do', 1, 1, '更改状态');
insert into EB_PERMISSION (PERM_ID, PERM_UPID, PERM_TYPE, PERM_NAME, PERM_URL, DEPENDENT_URL, PERM_USE, PERM_ORDER, PERM_NOTE)
values (2183, 2150, 0, '支付对账', '/ecps/console/payment/check/listPayCheckTotal.do', '/ecps/console/payment/check/downFile.do', 1, 6, '支付对账');
insert into EB_PERMISSION (PERM_ID, PERM_UPID, PERM_TYPE, PERM_NAME, PERM_URL, DEPENDENT_URL, PERM_USE, PERM_ORDER, PERM_NOTE)
values (2184, 2183, 0, '重新对账', '/ecps/console/payment/check/reCheckOperation.do', null, 1, 0, '重新对账');
insert into EB_PERMISSION (PERM_ID, PERM_UPID, PERM_TYPE, PERM_NAME, PERM_URL, DEPENDENT_URL, PERM_USE, PERM_ORDER, PERM_NOTE)
values (2187, 2150, 0, '撤销管理', '/ecps/console/payment/revocationManagement.do', '/ecps/console/payment/doRevocation.do|/ecps/console/payment/revocationCheckAjax.do|/ecps/console/payment/revocationManagement.do', 1, 8, '撤销管理');
insert into EB_PERMISSION (PERM_ID, PERM_UPID, PERM_TYPE, PERM_NAME, PERM_URL, DEPENDENT_URL, PERM_USE, PERM_ORDER, PERM_NOTE)
values (500001, 0, 0, '内容维护', '/ecps/console/contentMaintain/index.do', null, 1, 7, '内容维护');
insert into EB_PERMISSION (PERM_ID, PERM_UPID, PERM_TYPE, PERM_NAME, PERM_URL, DEPENDENT_URL, PERM_USE, PERM_ORDER, PERM_NOTE)
values (500011, 500001, 0, '内容维护', '/ecps/console/contentMaintain/conditonSearch.do', '/ecps/console/item/checkItem.do|/ecps/console/contentMaintain/sortItemOfSlot.do|/ecps/console/contentMaintain/ItemList.do', 1, 0, '内容维护');
insert into EB_PERMISSION (PERM_ID, PERM_UPID, PERM_TYPE, PERM_NAME, PERM_URL, DEPENDENT_URL, PERM_USE, PERM_ORDER, PERM_NOTE)
values (500111, 500011, 0, '添加商品', '/ecps/console/contentMaintain/appendItemToSlot.do', '/ecps/console/contentMaintain/exportListEntity.do|/ecps/console/contentMaintain/listEntity.do', 1, 0, '添加商品');
insert into EB_PERMISSION (PERM_ID, PERM_UPID, PERM_TYPE, PERM_NAME, PERM_URL, DEPENDENT_URL, PERM_USE, PERM_ORDER, PERM_NOTE)
values (500112, 500011, 0, '排序', '/ecps/console/contentMaintain/changeSaleSku.do', null, 1, 0, '排序');
insert into EB_PERMISSION (PERM_ID, PERM_UPID, PERM_TYPE, PERM_NAME, PERM_URL, DEPENDENT_URL, PERM_USE, PERM_ORDER, PERM_NOTE)
values (500113, 500011, 0, '移除商品', '/ecps/console/contentMaintain/removeItemFromSlot.do', null, 1, 2, '移除商品');
insert into EB_PERMISSION (PERM_ID, PERM_UPID, PERM_TYPE, PERM_NAME, PERM_URL, DEPENDENT_URL, PERM_USE, PERM_ORDER, PERM_NOTE)
values (500114, 500011, 0, '发布内容维护', '/ecps/console/static4ebiz/static/publishSingleOther.do', '/ecps/console/static4ebiz/static/preSingleOther.do', 1, 3, '发布内容维护');
insert into EB_PERMISSION (PERM_ID, PERM_UPID, PERM_TYPE, PERM_NAME, PERM_URL, DEPENDENT_URL, PERM_USE, PERM_ORDER, PERM_NOTE)
values (1000, 0, 0, '广告管理', '/ecps/console/advertisement/index.do', null, 1, 6, '广告管理');
insert into EB_PERMISSION (PERM_ID, PERM_UPID, PERM_TYPE, PERM_NAME, PERM_URL, DEPENDENT_URL, PERM_USE, PERM_ORDER, PERM_NOTE)
values (1001, 1000, 0, '广告管理', '/ecps/console/advertisement/advertisement.do', '/ecps/console/advertisement/checkLink.do', 1, 0, '广告管理');
insert into EB_PERMISSION (PERM_ID, PERM_UPID, PERM_TYPE, PERM_NAME, PERM_URL, DEPENDENT_URL, PERM_USE, PERM_ORDER, PERM_NOTE)
values (1002, 1000, 0, '广告位管理', '/ecps/console/adlocal/adlocal.do', '/ecps/console/adlocal/adListLink.do|/ecps/console/adlocal/deleteAdLocalByIds.do', 1, 0, '广告位管理');
insert into EB_PERMISSION (PERM_ID, PERM_UPID, PERM_TYPE, PERM_NAME, PERM_URL, DEPENDENT_URL, PERM_USE, PERM_ORDER, PERM_NOTE)
values (6009, 1002, 0, '关联广告位', '/ecps/console/adlocal/changeLink.do', null, 1, 0, '关联广告位');
insert into EB_PERMISSION (PERM_ID, PERM_UPID, PERM_TYPE, PERM_NAME, PERM_URL, DEPENDENT_URL, PERM_USE, PERM_ORDER, PERM_NOTE)
values (1005, 1001, 0, '添加广告', '/ecps/console/advertisement/saveAdvertisement.do', '/ecps/console/advertisement/addAdvertisement.do', 1, 0, '添加广告');
insert into EB_PERMISSION (PERM_ID, PERM_UPID, PERM_TYPE, PERM_NAME, PERM_URL, DEPENDENT_URL, PERM_USE, PERM_ORDER, PERM_NOTE)
values (1006, 1001, 0, '编辑广告', '/ecps/console/advertisement/updateAdvertisement.do', '/ecps/console/advertisement/editAdvertisement.do', 1, 1, '编辑广告');
insert into EB_PERMISSION (PERM_ID, PERM_UPID, PERM_TYPE, PERM_NAME, PERM_URL, DEPENDENT_URL, PERM_USE, PERM_ORDER, PERM_NOTE)
values (6008, 1001, 0, '删除广告', '/ecps/console/advertisement/delete.do', null, 1, 2, '删除广告');
insert into EB_PERMISSION (PERM_ID, PERM_UPID, PERM_TYPE, PERM_NAME, PERM_URL, DEPENDENT_URL, PERM_USE, PERM_ORDER, PERM_NOTE)
values (6011, 1001, 0, '预览广告', '/ecps/console/advertisement/preview.do', null, 1, 0, '预览广告');
insert into EB_PERMISSION (PERM_ID, PERM_UPID, PERM_TYPE, PERM_NAME, PERM_URL, DEPENDENT_URL, PERM_USE, PERM_ORDER, PERM_NOTE)
values (7000, 0, 0, '促销活动', '/ecps/console/promotion/index.do', null, 1, 8, '促销活动');
insert into EB_PERMISSION (PERM_ID, PERM_UPID, PERM_TYPE, PERM_NAME, PERM_URL, DEPENDENT_URL, PERM_USE, PERM_ORDER, PERM_NOTE)
values (7001, 7000, 0, '团购活动管理', '/ecps/console/groupon/listGroupon.do', null, 1, 0, '团购活动管理');
insert into EB_PERMISSION (PERM_ID, PERM_UPID, PERM_TYPE, PERM_NAME, PERM_URL, DEPENDENT_URL, PERM_USE, PERM_ORDER, PERM_NOTE)
values (7002, 7001, 0, '添加团购', '/ecps/console/groupon/preAddGroupon.do', '/ecps/console/groupon/listGroupon.do|/ecps/console/groupon/addGroupon.do|/ecps/console/groupon/judageSkuAvaliable.do|/ecps/console/groupon/judageGrouponTitleDouble.do|/ecps/console/activity/findItemForPromotion.do', 1, 0, '添加团购');
insert into EB_PERMISSION (PERM_ID, PERM_UPID, PERM_TYPE, PERM_NAME, PERM_URL, DEPENDENT_URL, PERM_USE, PERM_ORDER, PERM_NOTE)
values (7003, 7001, 0, '编辑团购', '/ecps/console/groupon/preEditGroupon.do', '/ecps/console/groupon/listGroupon.do|/ecps/console/groupon/editGroupon.do|/ecps/console/groupon/judageSkuAvaliable.do|/ecps/console/groupon/judageGrouponTitleDouble.do|/ecps/console/groupon/judageSkuByTime.do|/ecps/console/activity/findItemForPromotion.do', 1, 1, '编辑团购');
insert into EB_PERMISSION (PERM_ID, PERM_UPID, PERM_TYPE, PERM_NAME, PERM_URL, DEPENDENT_URL, PERM_USE, PERM_ORDER, PERM_NOTE)
values (7004, 7001, 0, '删除团购', '/ecps/console/groupon/listGroupon.do', '/ecps/console/groupon/deleteGrouponById.do|/ecps/console/groupon/isHaveOrdersAjax.do', 1, 2, '删除团购');
insert into EB_PERMISSION (PERM_ID, PERM_UPID, PERM_TYPE, PERM_NAME, PERM_URL, DEPENDENT_URL, PERM_USE, PERM_ORDER, PERM_NOTE)
values (7005, 7001, 0, '团购预告管理', '/ecps/console/groupon/heraldGroupon.do', '/ecps/console/groupon/heraldGrouponUpdate.do|/ecps/console/groupon/more.do', 1, 3, '团购预告管理');
commit;
prompt 100 records committed...
insert into EB_PERMISSION (PERM_ID, PERM_UPID, PERM_TYPE, PERM_NAME, PERM_URL, DEPENDENT_URL, PERM_USE, PERM_ORDER, PERM_NOTE)
values (9100, 7000, 0, '秒杀管理', '/ecps/console/secKill/listSecKill.do', null, 1, 1, '秒杀管理');
insert into EB_PERMISSION (PERM_ID, PERM_UPID, PERM_TYPE, PERM_NAME, PERM_URL, DEPENDENT_URL, PERM_USE, PERM_ORDER, PERM_NOTE)
values (9101, 9100, 0, '添加秒杀', '/ecps/console/secKill/addSecKill.do', '/ecps/console/secKill/checkSkuAvaliable.do|/ecps/console/secKill/preAddSecKill.do|/ecps/console/secKill/listSecKill.do|/ecps/console/activity/findItemForPromotion.do', 1, 1, '添加秒杀');
insert into EB_PERMISSION (PERM_ID, PERM_UPID, PERM_TYPE, PERM_NAME, PERM_URL, DEPENDENT_URL, PERM_USE, PERM_ORDER, PERM_NOTE)
values (9102, 9100, 0, '编辑秒杀', '/ecps/console/secKill/preEditSecKill.do', '/ecps/console/secKill/editSecKill.do|/ecps/console/secKill/listSecKill.do|/ecps/console/secKill/checkSkuAvaliable.do|/ecps/console/secKill/checkSkuByTime.do|/ecps/console/activity/findItemForPromotion.do', 1, 2, '编辑秒杀');
insert into EB_PERMISSION (PERM_ID, PERM_UPID, PERM_TYPE, PERM_NAME, PERM_URL, DEPENDENT_URL, PERM_USE, PERM_ORDER, PERM_NOTE)
values (9103, 9100, 0, '删除秒杀', '/ecps/console/secKill/deleteSecKillById.do', '/ecps/console/secKill/listSecKill.do|/ecps/console/secKill/isHaveOrdersAjax.do', 1, 3, '删除秒杀');
insert into EB_PERMISSION (PERM_ID, PERM_UPID, PERM_TYPE, PERM_NAME, PERM_URL, DEPENDENT_URL, PERM_USE, PERM_ORDER, PERM_NOTE)
values (9104, 9100, 0, '秒杀预告管理', '/ecps/console/secKill/heraldSecKill.do', '/ecps/console/secKill/heraldSecKillUpdate.do|/ecps/console/secKill/more.do|/ecps/console/consolelog/top10.do', 1, 4, '秒杀预告管理');
insert into EB_PERMISSION (PERM_ID, PERM_UPID, PERM_TYPE, PERM_NAME, PERM_URL, DEPENDENT_URL, PERM_USE, PERM_ORDER, PERM_NOTE)
values (8000, 0, 0, '号卡管理', '/ecps/console/simcard/index.do', '/ecps/console/simcard/listSimCard.do|/ecps/console/simcard/listSimCardSuit.do|/ecps/console/simcard/listSimCardPackage.do|/ecps/console/simcard/listSimCardBrand.do|/ecps/console/simcard/listSimCardLabel.do', 1, 2, '号卡管理');
insert into EB_PERMISSION (PERM_ID, PERM_UPID, PERM_TYPE, PERM_NAME, PERM_URL, DEPENDENT_URL, PERM_USE, PERM_ORDER, PERM_NOTE)
values (8001, 8000, 0, '号卡管理', '/ecps/console/simcard/listSimCard.do', '/ecps/console/simcard/getAvlLabels.do|/ecps/console/simcard/getSimCardLabel.do|/ecps/console/simcard/viewSimCard.do', 1, 0, '号卡管理');
insert into EB_PERMISSION (PERM_ID, PERM_UPID, PERM_TYPE, PERM_NAME, PERM_URL, DEPENDENT_URL, PERM_USE, PERM_ORDER, PERM_NOTE)
values (8011, 8000, 0, '号卡导入', '/ecps/console/simcard/importSimcard.do', '/ecps/console/simcard/importSimcard.do', 1, 0, '号卡导入');
insert into EB_PERMISSION (PERM_ID, PERM_UPID, PERM_TYPE, PERM_NAME, PERM_URL, DEPENDENT_URL, PERM_USE, PERM_ORDER, PERM_NOTE)
values (8002, 8000, 0, '套餐信息管理', '/ecps/console/simcard/listSimCardSuit.do', null, 1, 1, '套餐信息管理');
insert into EB_PERMISSION (PERM_ID, PERM_UPID, PERM_TYPE, PERM_NAME, PERM_URL, DEPENDENT_URL, PERM_USE, PERM_ORDER, PERM_NOTE)
values (6033, 8002, 0, '套餐信息编辑', '/ecps/console/simcard/listSimCardSuit.do', '/ecps/console/simcard/editSimCardSuit.do|/ecps/console/simcard/updateSimCardSuit.do', 1, 0, '编辑套餐信息');
insert into EB_PERMISSION (PERM_ID, PERM_UPID, PERM_TYPE, PERM_NAME, PERM_URL, DEPENDENT_URL, PERM_USE, PERM_ORDER, PERM_NOTE)
values (8012, 8002, 0, '套餐信息导入', '/ecps/console/simcard/importSimcardSuit.do', '/ecps/console/simcard/importSimcardSuit.do', 1, 0, '套餐信息导入');
insert into EB_PERMISSION (PERM_ID, PERM_UPID, PERM_TYPE, PERM_NAME, PERM_URL, DEPENDENT_URL, PERM_USE, PERM_ORDER, PERM_NOTE)
values (8003, 8000, 0, '套餐产品管理', '/ecps/console/simcard/listSuitItem.do', null, 1, 2, '套餐产品管理');
insert into EB_PERMISSION (PERM_ID, PERM_UPID, PERM_TYPE, PERM_NAME, PERM_URL, DEPENDENT_URL, PERM_USE, PERM_ORDER, PERM_NOTE)
values (6034, 8003, 0, '编辑套餐产品', '/ecps/console/simcard/listSuitItem.do', '/ecps/console/simcard/editSuitItem.do|/ecps/console/simcard/updateSuitItem.do', 1, 0, '编辑套餐产品');
insert into EB_PERMISSION (PERM_ID, PERM_UPID, PERM_TYPE, PERM_NAME, PERM_URL, DEPENDENT_URL, PERM_USE, PERM_ORDER, PERM_NOTE)
values (8004, 8000, 0, '标签管理', '/ecps/console/simcard/listSimCardLabel.do', null, 1, 3, '标签管理');
insert into EB_PERMISSION (PERM_ID, PERM_UPID, PERM_TYPE, PERM_NAME, PERM_URL, DEPENDENT_URL, PERM_USE, PERM_ORDER, PERM_NOTE)
values (6040, 8001, 0, '号卡上下架', '/ecps/console/simcard/turnShowStatus.do', null, 1, 4, '号卡上下架');
insert into EB_PERMISSION (PERM_ID, PERM_UPID, PERM_TYPE, PERM_NAME, PERM_URL, DEPENDENT_URL, PERM_USE, PERM_ORDER, PERM_NOTE)
values (6035, 8004, 0, '添加、停用启用、删除标签', '/ecps/console/simcard/listSimCardLabel.do', '/ecps/console/simcard/simCardLabel/addSimCardLabel.do|/ecps/console/simcard/simCardLabel/saveSimCardLabel.do|/ecps/console/simcard/simCardLabel/editSimCardLabel.do|/ecps/console/simcard/simCardLabel/updateSimCardLabel.do|/ecps/console/simcard/simCardLabel/deleteSimCardLabelById.do|/ecps/console/simcard/simCardLabel/deleteSimCardLabelByIds.do|/ecps/console/simcard/simCardLabel/stopUseSimCardLabel.do|/ecps/console/simcard/simCardLabel/stopUseSimCardLabels.do|/ecps/console/simcard/simCardLabel/startUseSimCardLabel.do|/ecps/console/simcard/simCardLabel/startUseSimCardLabels.do|/ecps/console/simcard/simCardLabel/editSimCardLabel.do|/ecps/console/simcard/simCardLabel/editSimCardLabel.do|/ecps/console/simcard/simCardLabel/checkLabelStatus.do|/ecps/console/simcard/simCardLabel/validJSONName.do', 1, 0, '添加、停用启用、删除标签');
insert into EB_PERMISSION (PERM_ID, PERM_UPID, PERM_TYPE, PERM_NAME, PERM_URL, DEPENDENT_URL, PERM_USE, PERM_ORDER, PERM_NOTE)
values (8005, 8000, 0, '品牌管理', '/ecps/console/simcard/listSimCardBrand.do', null, 1, 4, '品牌管理');
insert into EB_PERMISSION (PERM_ID, PERM_UPID, PERM_TYPE, PERM_NAME, PERM_URL, DEPENDENT_URL, PERM_USE, PERM_ORDER, PERM_NOTE)
values (6036, 8005, 0, '编辑品牌', '/ecps/console/simcard/listSimCardBrand.do', '/ecps/console/simcard/editSimCardBrand.do|/ecps/console/simcard/updateSimCardBrand.do', 1, 0, '编辑品牌');
insert into EB_PERMISSION (PERM_ID, PERM_UPID, PERM_TYPE, PERM_NAME, PERM_URL, DEPENDENT_URL, PERM_USE, PERM_ORDER, PERM_NOTE)
values (8006, 8001, 0, '导入号卡', '/ecps/console/simcard/importSimCard.do', null, 1, 0, '导入号卡');
insert into EB_PERMISSION (PERM_ID, PERM_UPID, PERM_TYPE, PERM_NAME, PERM_URL, DEPENDENT_URL, PERM_USE, PERM_ORDER, PERM_NOTE)
values (8007, 8001, 0, '编辑号卡', '/ecps/console/simcard/editSimCard.do', '/ecps/console/simcard/updateSimCard.do', 1, 1, '编辑号卡');
insert into EB_PERMISSION (PERM_ID, PERM_UPID, PERM_TYPE, PERM_NAME, PERM_URL, DEPENDENT_URL, PERM_USE, PERM_ORDER, PERM_NOTE)
values (8009, 8001, 0, '删除号卡', '/ecps/console/simcard/deleteSimCardById.do', '/ecps/console/simcard/deleteSimCardByIds.do', 1, 2, '删除号卡');
insert into EB_PERMISSION (PERM_ID, PERM_UPID, PERM_TYPE, PERM_NAME, PERM_URL, DEPENDENT_URL, PERM_USE, PERM_ORDER, PERM_NOTE)
values (8010, 8000, 0, '套餐增值策划管理', '/ecps/console/simcard/listSuitVas.do', null, 1, 2, '套餐增值策划管理');
insert into EB_PERMISSION (PERM_ID, PERM_UPID, PERM_TYPE, PERM_NAME, PERM_URL, DEPENDENT_URL, PERM_USE, PERM_ORDER, PERM_NOTE)
values (6037, 8010, 0, '编辑套餐增值策划', '/ecps/console/simcard/listSuitVas.do', '/ecps/console/simcard/editSuitVas.do|/ecps/console/simcard/updateSuitVas.do', 1, 0, '编辑套餐增值策划');
insert into EB_PERMISSION (PERM_ID, PERM_UPID, PERM_TYPE, PERM_NAME, PERM_URL, DEPENDENT_URL, PERM_USE, PERM_ORDER, PERM_NOTE)
values (9000, 0, 0, '报表管理', '/ecps/console/report/index.do', null, 1, 20, '报表管理');
insert into EB_PERMISSION (PERM_ID, PERM_UPID, PERM_TYPE, PERM_NAME, PERM_URL, DEPENDENT_URL, PERM_USE, PERM_ORDER, PERM_NOTE)
values (9001, 9000, 0, '商品销量报表', '/ecps/console/report/getMarketSalesReport_baremachine.do', '/ecps/console/report/getMarketSalesReport_marketingcase.do|/ecps/console/report/getMarketSalesReport_simcard.do', 1, 1, '商品销量报表');
insert into EB_PERMISSION (PERM_ID, PERM_UPID, PERM_TYPE, PERM_NAME, PERM_URL, DEPENDENT_URL, PERM_USE, PERM_ORDER, PERM_NOTE)
values (9002, 9000, 0, '成交金额报表', '/ecps/console/report/amountReport.do', null, 1, 2, '成交金额报表');
insert into EB_PERMISSION (PERM_ID, PERM_UPID, PERM_TYPE, PERM_NAME, PERM_URL, DEPENDENT_URL, PERM_USE, PERM_ORDER, PERM_NOTE)
values (9003, 9000, 0, '订单总览报表', '/ecps/console/report/orderSummaryReport.do', null, 1, 3, '订单总览报表');
insert into EB_PERMISSION (PERM_ID, PERM_UPID, PERM_TYPE, PERM_NAME, PERM_URL, DEPENDENT_URL, PERM_USE, PERM_ORDER, PERM_NOTE)
values (9004, 9000, 0, '导出商品销量报表', '/ecps/console/report/exportMarketSalesReport_baremachine.do', '/ecps/console/report/exportMarketSalesReport_marketingcase.do|/ecps/console/report/exportMarketSalesReport_simcard.do', 1, 4, '导出商品销量报表');
insert into EB_PERMISSION (PERM_ID, PERM_UPID, PERM_TYPE, PERM_NAME, PERM_URL, DEPENDENT_URL, PERM_USE, PERM_ORDER, PERM_NOTE)
values (9005, 9000, 0, '导出成交金额报表', '/ecps/console/report/exportAmountReport.do', null, 1, 5, '导出成交金额报表');
insert into EB_PERMISSION (PERM_ID, PERM_UPID, PERM_TYPE, PERM_NAME, PERM_URL, DEPENDENT_URL, PERM_USE, PERM_ORDER, PERM_NOTE)
values (9006, 9000, 0, '导出订单总览报表', '/ecps/console/report/exportOrderSummaryReport.do', null, 1, 6, '导出订单总览报表');
insert into EB_PERMISSION (PERM_ID, PERM_UPID, PERM_TYPE, PERM_NAME, PERM_URL, DEPENDENT_URL, PERM_USE, PERM_ORDER, PERM_NOTE)
values (9010, 8011, 0, '号卡导入贵阳地市', '/ecps/console/simcard/importSimcard.do?areaCode=851', null, 1, 1, '号卡导入贵阳地市权限');
insert into EB_PERMISSION (PERM_ID, PERM_UPID, PERM_TYPE, PERM_NAME, PERM_URL, DEPENDENT_URL, PERM_USE, PERM_ORDER, PERM_NOTE)
values (9011, 8011, 0, '号卡导入遵义地市', '/ecps/console/simcard/importSimcard.do?areaCode=852', null, 1, 1, '号卡导入遵义地市权限');
insert into EB_PERMISSION (PERM_ID, PERM_UPID, PERM_TYPE, PERM_NAME, PERM_URL, DEPENDENT_URL, PERM_USE, PERM_ORDER, PERM_NOTE)
values (9012, 8011, 0, '号卡导入安顺地市', '/ecps/console/simcard/importSimcard.do?areaCode=853', null, 1, 1, '号卡导入安顺地市权限');
insert into EB_PERMISSION (PERM_ID, PERM_UPID, PERM_TYPE, PERM_NAME, PERM_URL, DEPENDENT_URL, PERM_USE, PERM_ORDER, PERM_NOTE)
values (9013, 8011, 0, '号卡导入都匀地市', '/ecps/console/simcard/importSimcard.do?areaCode=854', null, 1, 1, '号卡导入都匀地市权限');
insert into EB_PERMISSION (PERM_ID, PERM_UPID, PERM_TYPE, PERM_NAME, PERM_URL, DEPENDENT_URL, PERM_USE, PERM_ORDER, PERM_NOTE)
values (9014, 8011, 0, '号卡导入凯里地市', '/ecps/console/simcard/importSimcard.do?areaCode=855', null, 1, 1, '号卡导入凯里地市权限');
insert into EB_PERMISSION (PERM_ID, PERM_UPID, PERM_TYPE, PERM_NAME, PERM_URL, DEPENDENT_URL, PERM_USE, PERM_ORDER, PERM_NOTE)
values (9015, 8011, 0, '号卡导入铜仁地市', '/ecps/console/simcard/importSimcard.do?areaCode=856', null, 1, 1, '号卡导入铜仁地市权限');
insert into EB_PERMISSION (PERM_ID, PERM_UPID, PERM_TYPE, PERM_NAME, PERM_URL, DEPENDENT_URL, PERM_USE, PERM_ORDER, PERM_NOTE)
values (144, 0, 0, '商品管理', '/ecps/console/item/index.do', '/ecps/console/item/listEntity.do', 1, 0, '商品管理信息');
insert into EB_PERMISSION (PERM_ID, PERM_UPID, PERM_TYPE, PERM_NAME, PERM_URL, DEPENDENT_URL, PERM_USE, PERM_ORDER, PERM_NOTE)
values (192, 144, 0, '营销案管理', '/ecps/console/activity/listOfferGroup.do', '/ecps/console/activity/viewOfferGroup.do', 1, 2, '营销案管理');
insert into EB_PERMISSION (PERM_ID, PERM_UPID, PERM_TYPE, PERM_NAME, PERM_URL, DEPENDENT_URL, PERM_USE, PERM_ORDER, PERM_NOTE)
values (193, 192, 0, '添加营销案', '/ecps/console/activity/addOfferGroup.do', '/ecps/console/activity/forwardAddOfferGroup.do', 1, 0, '添加营销案');
insert into EB_PERMISSION (PERM_ID, PERM_UPID, PERM_TYPE, PERM_NAME, PERM_URL, DEPENDENT_URL, PERM_USE, PERM_ORDER, PERM_NOTE)
values (194, 192, 0, '删除营销案', '/ecps/console/activity/deleteOfferGroup.do', null, 1, 2, '删除营销案');
insert into EB_PERMISSION (PERM_ID, PERM_UPID, PERM_TYPE, PERM_NAME, PERM_URL, DEPENDENT_URL, PERM_USE, PERM_ORDER, PERM_NOTE)
values (195, 192, 0, '编辑营销案', '/ecps/console/activity/updateOfferGroup.do', '/ecps/console/activity/getOfferGroup.do|/ecps/console/activity/auditOfferGroup.do|/ecps/console/activity/checkOfferGroup.do', 1, 1, '编辑营销案');
insert into EB_PERMISSION (PERM_ID, PERM_UPID, PERM_TYPE, PERM_NAME, PERM_URL, DEPENDENT_URL, PERM_USE, PERM_ORDER, PERM_NOTE)
values (2141, 192, 0, '添加档次', '/ecps/console/activity/addActivity.do', '/ecps/console/activity/forwardAddactivity.do|/ecps/console/activity/listoffer.do', 1, 5, '添加档次');
insert into EB_PERMISSION (PERM_ID, PERM_UPID, PERM_TYPE, PERM_NAME, PERM_URL, DEPENDENT_URL, PERM_USE, PERM_ORDER, PERM_NOTE)
values (2147, 192, 0, '上下架营销案', '/ecps/console/activity/updateOfferGroupStatus.do', null, 1, 3, '上下架营销案');
insert into EB_PERMISSION (PERM_ID, PERM_UPID, PERM_TYPE, PERM_NAME, PERM_URL, DEPENDENT_URL, PERM_USE, PERM_ORDER, PERM_NOTE)
values (2146, 144, 0, '营销案审核', '/ecps/console/offerGroup/review.do', '/ecps/console/activity/listAudit.do', 1, 3, '营销案审核');
insert into EB_PERMISSION (PERM_ID, PERM_UPID, PERM_TYPE, PERM_NAME, PERM_URL, DEPENDENT_URL, PERM_USE, PERM_ORDER, PERM_NOTE)
values (6031, 2146, 0, '审核营销案', '/ecps/console/offerGroup/review.do', '/ecps/console/activity/checkOfferGroup.do|/ecps/console/activity/auditOfferGroup.do|/ecps/console/activity/listAudit.do', 1, 0, '审核营销案');
insert into EB_PERMISSION (PERM_ID, PERM_UPID, PERM_TYPE, PERM_NAME, PERM_URL, DEPENDENT_URL, PERM_USE, PERM_ORDER, PERM_NOTE)
values (196, 144, 0, '营销案档次', '/ecps/console/activity/listoffer.do', null, 1, 4, '营销案档次');
insert into EB_PERMISSION (PERM_ID, PERM_UPID, PERM_TYPE, PERM_NAME, PERM_URL, DEPENDENT_URL, PERM_USE, PERM_ORDER, PERM_NOTE)
values (198, 196, 0, '编辑档次', '/ecps/console/activity/updateOffer.do', '/ecps/console/activity/getOffer.do|/ecps/console/activity/queryOfferProduct.do', 1, 1, '编辑档次');
insert into EB_PERMISSION (PERM_ID, PERM_UPID, PERM_TYPE, PERM_NAME, PERM_URL, DEPENDENT_URL, PERM_USE, PERM_ORDER, PERM_NOTE)
values (199, 196, 0, '删除档次', '/ecps/console/activity/delOffer.do', '/ecps/console/activity/delOffers.do', 1, 2, '删除档次');
insert into EB_PERMISSION (PERM_ID, PERM_UPID, PERM_TYPE, PERM_NAME, PERM_URL, DEPENDENT_URL, PERM_USE, PERM_ORDER, PERM_NOTE)
values (200, 144, 0, '商品录入及上下架', '/ecps/console/item/itemFrame.do', '/ecps/console/item/viewItem.do', 1, 0, '商品列表显示');
insert into EB_PERMISSION (PERM_ID, PERM_UPID, PERM_TYPE, PERM_NAME, PERM_URL, DEPENDENT_URL, PERM_USE, PERM_ORDER, PERM_NOTE)
values (201, 200, 0, '添加商品', '/ecps/console/item/saveItem.do', '/ecps/console/item/addCatItem.do|/ecps/console/item/addItem.do|/ecps/console/item/validJSONName.do|/ecps/console/item/validSen.do', 1, 0, '添加商品');
insert into EB_PERMISSION (PERM_ID, PERM_UPID, PERM_TYPE, PERM_NAME, PERM_URL, DEPENDENT_URL, PERM_USE, PERM_ORDER, PERM_NOTE)
values (202, 200, 0, '编辑商品', '/ecps/console/item/editSaveItem.do', '/ecps/console/item/editSaveSku.do|/ecps/console/item/editItem.do|/ecps/console/item/checkItem.do|/ecps/console/item/updateItem.do', 1, 1, '编辑商品');
insert into EB_PERMISSION (PERM_ID, PERM_UPID, PERM_TYPE, PERM_NAME, PERM_URL, DEPENDENT_URL, PERM_USE, PERM_ORDER, PERM_NOTE)
values (203, 200, 0, '删除商品', '/ecps/console/item/deleteItem.do', '/ecps/console/item/deleteCheck.do', 1, 2, '删除商品');
insert into EB_PERMISSION (PERM_ID, PERM_UPID, PERM_TYPE, PERM_NAME, PERM_URL, DEPENDENT_URL, PERM_USE, PERM_ORDER, PERM_NOTE)
values (204, 144, 0, '商品回收站', '/ecps/console/item/itemRecycle.do', '/ecps/console/item/restoreItem.do', 1, 7, '商品回收站');
insert into EB_PERMISSION (PERM_ID, PERM_UPID, PERM_TYPE, PERM_NAME, PERM_URL, DEPENDENT_URL, PERM_USE, PERM_ORDER, PERM_NOTE)
values (205, 200, 0, '导入商品', '/ecps/console/item/importItem.do', '/ecps/console/item/importItem.do', 1, 0, '导入商品');
insert into EB_PERMISSION (PERM_ID, PERM_UPID, PERM_TYPE, PERM_NAME, PERM_URL, DEPENDENT_URL, PERM_USE, PERM_ORDER, PERM_NOTE)
values (206, 192, 0, '导入营销案', '/ecps/console/activity/importOfferGroup.do', '/ecps/console/activity/importOfferGroup.do', 1, 0, '导入营销案');
insert into EB_PERMISSION (PERM_ID, PERM_UPID, PERM_TYPE, PERM_NAME, PERM_URL, DEPENDENT_URL, PERM_USE, PERM_ORDER, PERM_NOTE)
values (155, 144, 0, '品牌管理', '/ecps/console/item/brand/listBrand.do', null, 1, 6, '品牌管理');
insert into EB_PERMISSION (PERM_ID, PERM_UPID, PERM_TYPE, PERM_NAME, PERM_URL, DEPENDENT_URL, PERM_USE, PERM_ORDER, PERM_NOTE)
values (156, 155, 0, '添加品牌', '/ecps/console/item/brand/addBrand.do', '/ecps/console/item/brand/addbrand.do', 1, 0, '添加品牌');
insert into EB_PERMISSION (PERM_ID, PERM_UPID, PERM_TYPE, PERM_NAME, PERM_URL, DEPENDENT_URL, PERM_USE, PERM_ORDER, PERM_NOTE)
values (157, 155, 0, '删除品牌', '/ecps/console/item/brand/deleteBrandById.do', '/ecps/console/item/brand/batchDelBrandById.do', 1, 2, '删除品牌');
insert into EB_PERMISSION (PERM_ID, PERM_UPID, PERM_TYPE, PERM_NAME, PERM_URL, DEPENDENT_URL, PERM_USE, PERM_ORDER, PERM_NOTE)
values (159, 155, 0, '编辑品牌', '/ecps/console/item/brand/updateBrand.do', '/ecps/console/item/brand/getBrand.do', 1, 1, '编辑品牌');
insert into EB_PERMISSION (PERM_ID, PERM_UPID, PERM_TYPE, PERM_NAME, PERM_URL, DEPENDENT_URL, PERM_USE, PERM_ORDER, PERM_NOTE)
values (160, 155, 0, '关联分类', '/ecps/console/item/cat/forwardCat.do', '/ecps/console/item/cat/assignCatForBrand.do', 1, 3, '关联分类');
insert into EB_PERMISSION (PERM_ID, PERM_UPID, PERM_TYPE, PERM_NAME, PERM_URL, DEPENDENT_URL, PERM_USE, PERM_ORDER, PERM_NOTE)
values (145, 144, 0, '分类管理', '/ecps/console/item/cat/listCat.do', '/ecps/console/card/listCardCat.do', 1, 5, '分类管理');
insert into EB_PERMISSION (PERM_ID, PERM_UPID, PERM_TYPE, PERM_NAME, PERM_URL, DEPENDENT_URL, PERM_USE, PERM_ORDER, PERM_NOTE)
values (146, 145, 0, '添加分类', '/ecps/console/item/cat/addcat.do', '/ecps/console/item/cat/listCat.do|/ecps/console/item/cat/addCat.do|/ecps/console/item/cat/checkCatName.do|/ecps/console/item/cat/checkCatMark.do', 1, 0, '添加分类');
insert into EB_PERMISSION (PERM_ID, PERM_UPID, PERM_TYPE, PERM_NAME, PERM_URL, DEPENDENT_URL, PERM_USE, PERM_ORDER, PERM_NOTE)
values (147, 145, 0, '删除分类', '/ecps/console/item/cat/deleteCatById.do', '/ecps/console/item/cat/batchDelCatById.do', 1, 2, '删除分类');
insert into EB_PERMISSION (PERM_ID, PERM_UPID, PERM_TYPE, PERM_NAME, PERM_URL, DEPENDENT_URL, PERM_USE, PERM_ORDER, PERM_NOTE)
values (149, 145, 0, '编辑分类', '/ecps/console/item/cat/updateCat.do', '/ecps/console/item/cat/getCat.do|/ecps/console/item/cat/checkCatName.do|/ecps/console/item/cat/checkCatMark.do', 1, 1, '编辑分类');
insert into EB_PERMISSION (PERM_ID, PERM_UPID, PERM_TYPE, PERM_NAME, PERM_URL, DEPENDENT_URL, PERM_USE, PERM_ORDER, PERM_NOTE)
values (151, 145, 0, '添加属性', '/ecps/console/item/feature/addfeature.do', '/ecps/console/item/feature/listFeature.do|/ecps/console/item/feature/addFeature.do', 1, 3, '添加属性');
insert into EB_PERMISSION (PERM_ID, PERM_UPID, PERM_TYPE, PERM_NAME, PERM_URL, DEPENDENT_URL, PERM_USE, PERM_ORDER, PERM_NOTE)
values (152, 145, 0, '删除属性', '/ecps/console/item/feature/deleteFeatureById.do', '/ecps/console/item/feature/batchDelFeatureById.do|/ecps/console/item/feature/listFeature.do', 1, 5, '删除属性');
insert into EB_PERMISSION (PERM_ID, PERM_UPID, PERM_TYPE, PERM_NAME, PERM_URL, DEPENDENT_URL, PERM_USE, PERM_ORDER, PERM_NOTE)
values (154, 145, 0, '编辑属性', '/ecps/console/item/feature/updateFeature.do', '/ecps/console/item/feature/getFeature.do|/ecps/console/item/feature/listFeature.do|/ecps/console/item/feature/jugeChangSpecAjax.do|/ecps/console/item/feature/jugeChangParaAjax.do', 1, 4, '编辑属性');
insert into EB_PERMISSION (PERM_ID, PERM_UPID, PERM_TYPE, PERM_NAME, PERM_URL, DEPENDENT_URL, PERM_USE, PERM_ORDER, PERM_NOTE)
values (2142, 144, 0, '商品审核', '/ecps/console/item/listAudit.do', null, 1, 1, '商品审核');
insert into EB_PERMISSION (PERM_ID, PERM_UPID, PERM_TYPE, PERM_NAME, PERM_URL, DEPENDENT_URL, PERM_USE, PERM_ORDER, PERM_NOTE)
values (6030, 2142, 0, '审核商品', '/ecps/console/item/listAudit.do', '/ecps/console/item/updateItem.do?check=true|/ecps/console/item/checkItem.do|/ecps/console/item/updateItem.do', 1, 0, '审核商品');
insert into EB_PERMISSION (PERM_ID, PERM_UPID, PERM_TYPE, PERM_NAME, PERM_URL, DEPENDENT_URL, PERM_USE, PERM_ORDER, PERM_NOTE)
values (2145, 200, 0, '上下架商品', '/ecps/console/item/changeShowStatus.do', '/ecps/console/item/itemFrame.do', 1, 3, '上下架商品');
insert into EB_PERMISSION (PERM_ID, PERM_UPID, PERM_TYPE, PERM_NAME, PERM_URL, DEPENDENT_URL, PERM_USE, PERM_ORDER, PERM_NOTE)
values (2149, 200, 0, '发布商品', '/ecps/console/static4ebiz/static/publishSingleContent.do', null, 1, 4, '发布商品');
insert into EB_PERMISSION (PERM_ID, PERM_UPID, PERM_TYPE, PERM_NAME, PERM_URL, DEPENDENT_URL, PERM_USE, PERM_ORDER, PERM_NOTE)
values (6000, 192, 0, '发布营销案', '/ecps/console/static4ebiz/static/toPublishJsp.do', null, 1, 4, '发布营销案');
insert into EB_PERMISSION (PERM_ID, PERM_UPID, PERM_TYPE, PERM_NAME, PERM_URL, DEPENDENT_URL, PERM_USE, PERM_ORDER, PERM_NOTE)
values (2100, 0, 0, '会员管理', '/ecps/console/ptlUser/ptlUserList.do', '/ecps/console/ptlUser/index.do|/ecps/console/ptlUser/ptlUserBar.do|/ecps/console/ptlUser/ptlUserList.do|/ecps/console/ptlUser/ptlUserInfoDetail.do|/ecps/console/ptlUser/updatePtlUserInfoStatus.do|/ecps/console/ptlUser/returnPtlUserList.do', 1, 10, '会员管理');
insert into EB_PERMISSION (PERM_ID, PERM_UPID, PERM_TYPE, PERM_NAME, PERM_URL, DEPENDENT_URL, PERM_USE, PERM_ORDER, PERM_NOTE)
values (2101, 2100, 0, '启用/停用会员', '/ecps/console/ptlUser/updatePtlUserStatus.do', '/ecps/console/ptlUser/batchUpdatePtlUserStatus.do|/ecps/console/ptlUser/ptlUserInfoDetail.do', 1, 0, '启用/停用会员');
insert into EB_PERMISSION (PERM_ID, PERM_UPID, PERM_TYPE, PERM_NAME, PERM_URL, DEPENDENT_URL, PERM_USE, PERM_ORDER, PERM_NOTE)
values (2102, 0, 0, '合作伙伴管理', '/ecps/console/relational/index.do', null, 1, 9, '合作伙伴管理');
insert into EB_PERMISSION (PERM_ID, PERM_UPID, PERM_TYPE, PERM_NAME, PERM_URL, DEPENDENT_URL, PERM_USE, PERM_ORDER, PERM_NOTE)
values (2103, 2102, 0, '供应商管理', '/ecps/console/suppl/supplFrame.do', '/ecps/console/suppl/previewSuppl.do', 1, 0, '供应商管理');
insert into EB_PERMISSION (PERM_ID, PERM_UPID, PERM_TYPE, PERM_NAME, PERM_URL, DEPENDENT_URL, PERM_USE, PERM_ORDER, PERM_NOTE)
values (2104, 2103, 0, '添加供应商', '/ecps/console/suppl/addSuppl.do', '/ecps/console/suppl/saveSuppl.do', 1, 0, '添加供应商');
insert into EB_PERMISSION (PERM_ID, PERM_UPID, PERM_TYPE, PERM_NAME, PERM_URL, DEPENDENT_URL, PERM_USE, PERM_ORDER, PERM_NOTE)
values (2105, 2103, 0, '修改供应商', '/ecps/console/suppl/editSuppl.do', '/ecps/console/suppl/updateSuppl.do', 1, 0, '修改供应商');
insert into EB_PERMISSION (PERM_ID, PERM_UPID, PERM_TYPE, PERM_NAME, PERM_URL, DEPENDENT_URL, PERM_USE, PERM_ORDER, PERM_NOTE)
values (2106, 2103, 0, '删除供应商', '/ecps/console/suppl/deleteSuppl.do', '/ecps/console/suppl/batchDeleteSuppl.do|/ecps/console/suppl/deleteSupplAjax.do', 1, 0, '删除供应商');
insert into EB_PERMISSION (PERM_ID, PERM_UPID, PERM_TYPE, PERM_NAME, PERM_URL, DEPENDENT_URL, PERM_USE, PERM_ORDER, PERM_NOTE)
values (2107, 2102, 0, '配送商管理', '/ecps/console/distri/distributorList.do', '/ecps/console/distri/previewDistri.do', 1, 0, '配送商管理');
insert into EB_PERMISSION (PERM_ID, PERM_UPID, PERM_TYPE, PERM_NAME, PERM_URL, DEPENDENT_URL, PERM_USE, PERM_ORDER, PERM_NOTE)
values (2108, 2107, 0, '添加配送商', '/ecps/console/distri/saveDistri.do', '/ecps/console/distri/addDistri.do', 1, 0, '添加配送商');
insert into EB_PERMISSION (PERM_ID, PERM_UPID, PERM_TYPE, PERM_NAME, PERM_URL, DEPENDENT_URL, PERM_USE, PERM_ORDER, PERM_NOTE)
values (2109, 2107, 0, '编辑配送商', '/ecps/console/distri/editDistri.do', '/ecps/console/distri/updateDistri.do|/ecps/console/distri/previewActiveStart.do|/ecps/console/distri/previewActiveStop.do', 1, 1, '编辑配送商');
insert into EB_PERMISSION (PERM_ID, PERM_UPID, PERM_TYPE, PERM_NAME, PERM_URL, DEPENDENT_URL, PERM_USE, PERM_ORDER, PERM_NOTE)
values (2110, 2107, 0, '删除配送商', '/ecps/console/distri/batchDeleteObject.do', '/ecps/console/distri/deleteObject.do|/ecps/console/distri/deleteDistriAjax.do', 1, 2, '删除配送商');
insert into EB_PERMISSION (PERM_ID, PERM_UPID, PERM_TYPE, PERM_NAME, PERM_URL, DEPENDENT_URL, PERM_USE, PERM_ORDER, PERM_NOTE)
values (6005, 2107, 0, '启用/停用配送商', '/ecps/console/distri/updateActive.do', '/ecps/console/distri/batchUpdateActive.do', 1, 3, '启用/停用配送商');
insert into EB_PERMISSION (PERM_ID, PERM_UPID, PERM_TYPE, PERM_NAME, PERM_URL, DEPENDENT_URL, PERM_USE, PERM_ORDER, PERM_NOTE)
values (50, 0, 0, '权限管理', '/ecps/console/permission/index.do', null, 1, 11, '权限管理');
insert into EB_PERMISSION (PERM_ID, PERM_UPID, PERM_TYPE, PERM_NAME, PERM_URL, DEPENDENT_URL, PERM_USE, PERM_ORDER, PERM_NOTE)
values (9016, 8011, 0, '号卡导入毕节地市', '/ecps/console/simcard/importSimcard.do?areaCode=857', null, 1, 1, '号卡导入毕节地市权限');
insert into EB_PERMISSION (PERM_ID, PERM_UPID, PERM_TYPE, PERM_NAME, PERM_URL, DEPENDENT_URL, PERM_USE, PERM_ORDER, PERM_NOTE)
values (9017, 8011, 0, '号卡导入六盘水地市', '/ecps/console/simcard/importSimcard.do?areaCode=858', null, 1, 1, '号卡导入六盘水地市权限');
insert into EB_PERMISSION (PERM_ID, PERM_UPID, PERM_TYPE, PERM_NAME, PERM_URL, DEPENDENT_URL, PERM_USE, PERM_ORDER, PERM_NOTE)
values (9018, 8011, 0, '号卡导入兴义地市', '/ecps/console/simcard/importSimcard.do?areaCode=859', null, 1, 1, '号卡导入兴义地市权限');
insert into EB_PERMISSION (PERM_ID, PERM_UPID, PERM_TYPE, PERM_NAME, PERM_URL, DEPENDENT_URL, PERM_USE, PERM_ORDER, PERM_NOTE)
values (3000, 186, null, '定时作废恢复待外呼', '/ecps/console/order/convertOutTimeOrderToPaidOrder.do', null, 1, null, '定时作废恢复待外呼');
commit;
prompt 189 records loaded
prompt Loading EB_PUBLISH_STATE...
insert into EB_PUBLISH_STATE (PS_TYPE, PS_KEY, PS_LASTMODIFYTIME, PS_LASTPUBLISHSTARTTIME, PS_RESULT)
values ('03', 3003, to_timestamp('03-07-2013 15:24:28.358000', 'dd-mm-yyyy hh24:mi:ss.ff'), to_timestamp('04-07-2013 14:45:49.251000', 'dd-mm-yyyy hh24:mi:ss.ff'), 1);
insert into EB_PUBLISH_STATE (PS_TYPE, PS_KEY, PS_LASTMODIFYTIME, PS_LASTPUBLISHSTARTTIME, PS_RESULT)
values ('03', 3004, to_timestamp('17-06-2013 14:19:54.108000', 'dd-mm-yyyy hh24:mi:ss.ff'), to_timestamp('04-07-2013 14:45:49.251000', 'dd-mm-yyyy hh24:mi:ss.ff'), 1);
insert into EB_PUBLISH_STATE (PS_TYPE, PS_KEY, PS_LASTMODIFYTIME, PS_LASTPUBLISHSTARTTIME, PS_RESULT)
values ('03', 3005, to_timestamp('17-06-2013 14:19:58.320000', 'dd-mm-yyyy hh24:mi:ss.ff'), to_timestamp('04-07-2013 14:45:49.251000', 'dd-mm-yyyy hh24:mi:ss.ff'), 1);
insert into EB_PUBLISH_STATE (PS_TYPE, PS_KEY, PS_LASTMODIFYTIME, PS_LASTPUBLISHSTARTTIME, PS_RESULT)
values ('03', 3008, to_timestamp('17-06-2013 14:19:41.068000', 'dd-mm-yyyy hh24:mi:ss.ff'), to_timestamp('04-07-2013 14:45:49.251000', 'dd-mm-yyyy hh24:mi:ss.ff'), 1);
insert into EB_PUBLISH_STATE (PS_TYPE, PS_KEY, PS_LASTMODIFYTIME, PS_LASTPUBLISHSTARTTIME, PS_RESULT)
values ('03', 3006, to_timestamp('17-06-2013 14:19:50.076000', 'dd-mm-yyyy hh24:mi:ss.ff'), to_timestamp('04-07-2013 14:45:49.251000', 'dd-mm-yyyy hh24:mi:ss.ff'), 1);
insert into EB_PUBLISH_STATE (PS_TYPE, PS_KEY, PS_LASTMODIFYTIME, PS_LASTPUBLISHSTARTTIME, PS_RESULT)
values ('04', 3002, to_timestamp('31-05-2013 17:35:16.233000', 'dd-mm-yyyy hh24:mi:ss.ff'), to_timestamp('04-07-2013 14:45:49.251000', 'dd-mm-yyyy hh24:mi:ss.ff'), 1);
insert into EB_PUBLISH_STATE (PS_TYPE, PS_KEY, PS_LASTMODIFYTIME, PS_LASTPUBLISHSTARTTIME, PS_RESULT)
values ('04', 3004, to_timestamp('13-06-2013 17:01:32.109000', 'dd-mm-yyyy hh24:mi:ss.ff'), to_timestamp('04-07-2013 14:45:49.251000', 'dd-mm-yyyy hh24:mi:ss.ff'), 1);
insert into EB_PUBLISH_STATE (PS_TYPE, PS_KEY, PS_LASTMODIFYTIME, PS_LASTPUBLISHSTARTTIME, PS_RESULT)
values ('03', 3007, to_timestamp('17-06-2013 14:19:45.793000', 'dd-mm-yyyy hh24:mi:ss.ff'), to_timestamp('04-07-2013 14:45:49.251000', 'dd-mm-yyyy hh24:mi:ss.ff'), 1);
insert into EB_PUBLISH_STATE (PS_TYPE, PS_KEY, PS_LASTMODIFYTIME, PS_LASTPUBLISHSTARTTIME, PS_RESULT)
values ('03', 3020, to_timestamp('24-06-2013 10:01:41.350000', 'dd-mm-yyyy hh24:mi:ss.ff'), to_timestamp('04-07-2013 14:45:49.251000', 'dd-mm-yyyy hh24:mi:ss.ff'), 1);
insert into EB_PUBLISH_STATE (PS_TYPE, PS_KEY, PS_LASTMODIFYTIME, PS_LASTPUBLISHSTARTTIME, PS_RESULT)
values ('04', 3001, to_timestamp('30-05-2013 15:09:49.229000', 'dd-mm-yyyy hh24:mi:ss.ff'), to_timestamp('04-07-2013 14:45:49.251000', 'dd-mm-yyyy hh24:mi:ss.ff'), 1);
insert into EB_PUBLISH_STATE (PS_TYPE, PS_KEY, PS_LASTMODIFYTIME, PS_LASTPUBLISHSTARTTIME, PS_RESULT)
values ('03', 3040, to_timestamp('28-06-2013 17:00:40.085000', 'dd-mm-yyyy hh24:mi:ss.ff'), to_timestamp('04-07-2013 14:45:49.251000', 'dd-mm-yyyy hh24:mi:ss.ff'), 1);
insert into EB_PUBLISH_STATE (PS_TYPE, PS_KEY, PS_LASTMODIFYTIME, PS_LASTPUBLISHSTARTTIME, PS_RESULT)
values ('03', 3000, to_timestamp('24-06-2013 17:30:44.906000', 'dd-mm-yyyy hh24:mi:ss.ff'), to_timestamp('04-07-2013 14:45:49.251000', 'dd-mm-yyyy hh24:mi:ss.ff'), 1);
insert into EB_PUBLISH_STATE (PS_TYPE, PS_KEY, PS_LASTMODIFYTIME, PS_LASTPUBLISHSTARTTIME, PS_RESULT)
values ('03', 3001, to_timestamp('24-06-2013 10:34:02.030000', 'dd-mm-yyyy hh24:mi:ss.ff'), to_timestamp('04-07-2013 14:45:49.251000', 'dd-mm-yyyy hh24:mi:ss.ff'), 1);
insert into EB_PUBLISH_STATE (PS_TYPE, PS_KEY, PS_LASTMODIFYTIME, PS_LASTPUBLISHSTARTTIME, PS_RESULT)
values ('03', 3002, to_timestamp('27-05-2013 10:29:25.149000', 'dd-mm-yyyy hh24:mi:ss.ff'), to_timestamp('04-07-2013 14:45:49.251000', 'dd-mm-yyyy hh24:mi:ss.ff'), 1);
insert into EB_PUBLISH_STATE (PS_TYPE, PS_KEY, PS_LASTMODIFYTIME, PS_LASTPUBLISHSTARTTIME, PS_RESULT)
values ('03', 3010, to_timestamp('17-06-2013 14:19:31.592000', 'dd-mm-yyyy hh24:mi:ss.ff'), to_timestamp('04-07-2013 14:45:49.251000', 'dd-mm-yyyy hh24:mi:ss.ff'), 1);
insert into EB_PUBLISH_STATE (PS_TYPE, PS_KEY, PS_LASTMODIFYTIME, PS_LASTPUBLISHSTARTTIME, PS_RESULT)
values ('04', 2100, to_timestamp('13-06-2013 17:00:53.125000', 'dd-mm-yyyy hh24:mi:ss.ff'), to_timestamp('04-07-2013 14:45:49.251000', 'dd-mm-yyyy hh24:mi:ss.ff'), 1);
insert into EB_PUBLISH_STATE (PS_TYPE, PS_KEY, PS_LASTMODIFYTIME, PS_LASTPUBLISHSTARTTIME, PS_RESULT)
values ('04', 2120, to_timestamp('24-05-2013 17:33:36.406000', 'dd-mm-yyyy hh24:mi:ss.ff'), to_timestamp('04-07-2013 14:45:49.251000', 'dd-mm-yyyy hh24:mi:ss.ff'), 1);
insert into EB_PUBLISH_STATE (PS_TYPE, PS_KEY, PS_LASTMODIFYTIME, PS_LASTPUBLISHSTARTTIME, PS_RESULT)
values ('04', 2140, to_timestamp('24-05-2013 17:33:36.406000', 'dd-mm-yyyy hh24:mi:ss.ff'), to_timestamp('04-07-2013 14:45:49.251000', 'dd-mm-yyyy hh24:mi:ss.ff'), 1);
insert into EB_PUBLISH_STATE (PS_TYPE, PS_KEY, PS_LASTMODIFYTIME, PS_LASTPUBLISHSTARTTIME, PS_RESULT)
values ('04', 2160, to_timestamp('24-05-2013 17:33:36.406000', 'dd-mm-yyyy hh24:mi:ss.ff'), to_timestamp('04-07-2013 14:45:49.251000', 'dd-mm-yyyy hh24:mi:ss.ff'), 1);
insert into EB_PUBLISH_STATE (PS_TYPE, PS_KEY, PS_LASTMODIFYTIME, PS_LASTPUBLISHSTARTTIME, PS_RESULT)
values ('04', 2180, to_timestamp('24-05-2013 17:33:36.406000', 'dd-mm-yyyy hh24:mi:ss.ff'), to_timestamp('04-07-2013 14:45:49.251000', 'dd-mm-yyyy hh24:mi:ss.ff'), 1);
insert into EB_PUBLISH_STATE (PS_TYPE, PS_KEY, PS_LASTMODIFYTIME, PS_LASTPUBLISHSTARTTIME, PS_RESULT)
values ('04', 2200, to_timestamp('24-05-2013 17:33:36.406000', 'dd-mm-yyyy hh24:mi:ss.ff'), to_timestamp('04-07-2013 14:45:49.251000', 'dd-mm-yyyy hh24:mi:ss.ff'), 1);
insert into EB_PUBLISH_STATE (PS_TYPE, PS_KEY, PS_LASTMODIFYTIME, PS_LASTPUBLISHSTARTTIME, PS_RESULT)
values ('04', 2201, to_timestamp('24-05-2013 17:33:36.406000', 'dd-mm-yyyy hh24:mi:ss.ff'), to_timestamp('04-07-2013 14:45:49.251000', 'dd-mm-yyyy hh24:mi:ss.ff'), 1);
insert into EB_PUBLISH_STATE (PS_TYPE, PS_KEY, PS_LASTMODIFYTIME, PS_LASTPUBLISHSTARTTIME, PS_RESULT)
values ('04', 2220, to_timestamp('24-05-2013 17:33:36.406000', 'dd-mm-yyyy hh24:mi:ss.ff'), to_timestamp('04-07-2013 14:45:49.251000', 'dd-mm-yyyy hh24:mi:ss.ff'), 1);
insert into EB_PUBLISH_STATE (PS_TYPE, PS_KEY, PS_LASTMODIFYTIME, PS_LASTPUBLISHSTARTTIME, PS_RESULT)
values ('04', 2221, to_timestamp('24-05-2013 17:33:36.406000', 'dd-mm-yyyy hh24:mi:ss.ff'), to_timestamp('04-07-2013 14:45:49.251000', 'dd-mm-yyyy hh24:mi:ss.ff'), 1);
insert into EB_PUBLISH_STATE (PS_TYPE, PS_KEY, PS_LASTMODIFYTIME, PS_LASTPUBLISHSTARTTIME, PS_RESULT)
values ('04', 2240, to_timestamp('30-05-2013 15:06:32.259000', 'dd-mm-yyyy hh24:mi:ss.ff'), to_timestamp('04-07-2013 14:45:49.251000', 'dd-mm-yyyy hh24:mi:ss.ff'), 1);
insert into EB_PUBLISH_STATE (PS_TYPE, PS_KEY, PS_LASTMODIFYTIME, PS_LASTPUBLISHSTARTTIME, PS_RESULT)
values ('04', 2260, to_timestamp('03-07-2013 15:24:28.358000', 'dd-mm-yyyy hh24:mi:ss.ff'), to_timestamp('04-07-2013 14:45:49.251000', 'dd-mm-yyyy hh24:mi:ss.ff'), 1);
insert into EB_PUBLISH_STATE (PS_TYPE, PS_KEY, PS_LASTMODIFYTIME, PS_LASTPUBLISHSTARTTIME, PS_RESULT)
values ('04', 2280, to_timestamp('31-05-2013 16:21:56.281000', 'dd-mm-yyyy hh24:mi:ss.ff'), to_timestamp('04-07-2013 14:45:49.251000', 'dd-mm-yyyy hh24:mi:ss.ff'), 1);
insert into EB_PUBLISH_STATE (PS_TYPE, PS_KEY, PS_LASTMODIFYTIME, PS_LASTPUBLISHSTARTTIME, PS_RESULT)
values ('05', 4001, to_timestamp('24-05-2013 17:33:36.406000', 'dd-mm-yyyy hh24:mi:ss.ff'), to_timestamp('04-07-2013 14:45:49.251000', 'dd-mm-yyyy hh24:mi:ss.ff'), 1);
insert into EB_PUBLISH_STATE (PS_TYPE, PS_KEY, PS_LASTMODIFYTIME, PS_LASTPUBLISHSTARTTIME, PS_RESULT)
values ('05', 4002, to_timestamp('24-05-2013 17:33:36.406000', 'dd-mm-yyyy hh24:mi:ss.ff'), to_timestamp('04-07-2013 14:45:49.251000', 'dd-mm-yyyy hh24:mi:ss.ff'), 1);
insert into EB_PUBLISH_STATE (PS_TYPE, PS_KEY, PS_LASTMODIFYTIME, PS_LASTPUBLISHSTARTTIME, PS_RESULT)
values ('05', 4003, to_timestamp('24-05-2013 17:33:36.406000', 'dd-mm-yyyy hh24:mi:ss.ff'), to_timestamp('04-07-2013 14:45:49.251000', 'dd-mm-yyyy hh24:mi:ss.ff'), 1);
insert into EB_PUBLISH_STATE (PS_TYPE, PS_KEY, PS_LASTMODIFYTIME, PS_LASTPUBLISHSTARTTIME, PS_RESULT)
values ('05', 4004, to_timestamp('24-05-2013 17:33:36.406000', 'dd-mm-yyyy hh24:mi:ss.ff'), to_timestamp('04-07-2013 14:45:49.251000', 'dd-mm-yyyy hh24:mi:ss.ff'), 1);
insert into EB_PUBLISH_STATE (PS_TYPE, PS_KEY, PS_LASTMODIFYTIME, PS_LASTPUBLISHSTARTTIME, PS_RESULT)
values ('05', 4005, to_timestamp('24-05-2013 17:33:36.406000', 'dd-mm-yyyy hh24:mi:ss.ff'), to_timestamp('04-07-2013 14:45:49.251000', 'dd-mm-yyyy hh24:mi:ss.ff'), 1);
insert into EB_PUBLISH_STATE (PS_TYPE, PS_KEY, PS_LASTMODIFYTIME, PS_LASTPUBLISHSTARTTIME, PS_RESULT)
values ('05', 4006, to_timestamp('24-05-2013 17:33:36.406000', 'dd-mm-yyyy hh24:mi:ss.ff'), to_timestamp('04-07-2013 14:45:49.251000', 'dd-mm-yyyy hh24:mi:ss.ff'), 1);
insert into EB_PUBLISH_STATE (PS_TYPE, PS_KEY, PS_LASTMODIFYTIME, PS_LASTPUBLISHSTARTTIME, PS_RESULT)
values ('05', 4007, to_timestamp('24-05-2013 17:33:36.406000', 'dd-mm-yyyy hh24:mi:ss.ff'), to_timestamp('04-07-2013 14:45:49.251000', 'dd-mm-yyyy hh24:mi:ss.ff'), 1);
insert into EB_PUBLISH_STATE (PS_TYPE, PS_KEY, PS_LASTMODIFYTIME, PS_LASTPUBLISHSTARTTIME, PS_RESULT)
values ('05', 4008, to_timestamp('24-05-2013 17:33:36.406000', 'dd-mm-yyyy hh24:mi:ss.ff'), to_timestamp('04-07-2013 14:45:49.251000', 'dd-mm-yyyy hh24:mi:ss.ff'), 1);
insert into EB_PUBLISH_STATE (PS_TYPE, PS_KEY, PS_LASTMODIFYTIME, PS_LASTPUBLISHSTARTTIME, PS_RESULT)
values ('05', 4009, to_timestamp('24-05-2013 17:33:36.406000', 'dd-mm-yyyy hh24:mi:ss.ff'), to_timestamp('04-07-2013 14:45:49.251000', 'dd-mm-yyyy hh24:mi:ss.ff'), 1);
insert into EB_PUBLISH_STATE (PS_TYPE, PS_KEY, PS_LASTMODIFYTIME, PS_LASTPUBLISHSTARTTIME, PS_RESULT)
values ('05', 1, to_timestamp('24-05-2013 17:33:36.406000', 'dd-mm-yyyy hh24:mi:ss.ff'), to_timestamp('04-07-2013 14:45:49.251000', 'dd-mm-yyyy hh24:mi:ss.ff'), 1);
insert into EB_PUBLISH_STATE (PS_TYPE, PS_KEY, PS_LASTMODIFYTIME, PS_LASTPUBLISHSTARTTIME, PS_RESULT)
values ('05', 2, to_timestamp('24-05-2013 17:33:36.406000', 'dd-mm-yyyy hh24:mi:ss.ff'), to_timestamp('04-07-2013 14:45:49.251000', 'dd-mm-yyyy hh24:mi:ss.ff'), 1);
insert into EB_PUBLISH_STATE (PS_TYPE, PS_KEY, PS_LASTMODIFYTIME, PS_LASTPUBLISHSTARTTIME, PS_RESULT)
values ('05', 4, to_timestamp('24-05-2013 17:33:36.406000', 'dd-mm-yyyy hh24:mi:ss.ff'), to_timestamp('04-07-2013 14:45:49.251000', 'dd-mm-yyyy hh24:mi:ss.ff'), 1);
insert into EB_PUBLISH_STATE (PS_TYPE, PS_KEY, PS_LASTMODIFYTIME, PS_LASTPUBLISHSTARTTIME, PS_RESULT)
values ('05', 7, to_timestamp('24-05-2013 17:33:36.406000', 'dd-mm-yyyy hh24:mi:ss.ff'), to_timestamp('04-07-2013 14:45:49.251000', 'dd-mm-yyyy hh24:mi:ss.ff'), 1);
insert into EB_PUBLISH_STATE (PS_TYPE, PS_KEY, PS_LASTMODIFYTIME, PS_LASTPUBLISHSTARTTIME, PS_RESULT)
values ('05', 6, to_timestamp('24-05-2013 17:33:36.406000', 'dd-mm-yyyy hh24:mi:ss.ff'), to_timestamp('04-07-2013 14:45:49.251000', 'dd-mm-yyyy hh24:mi:ss.ff'), 1);
insert into EB_PUBLISH_STATE (PS_TYPE, PS_KEY, PS_LASTMODIFYTIME, PS_LASTPUBLISHSTARTTIME, PS_RESULT)
values ('05', 8, to_timestamp('24-05-2013 17:33:36.406000', 'dd-mm-yyyy hh24:mi:ss.ff'), to_timestamp('04-07-2013 14:45:49.251000', 'dd-mm-yyyy hh24:mi:ss.ff'), 1);
insert into EB_PUBLISH_STATE (PS_TYPE, PS_KEY, PS_LASTMODIFYTIME, PS_LASTPUBLISHSTARTTIME, PS_RESULT)
values ('05', 2001, to_timestamp('28-06-2013 17:08:43.175000', 'dd-mm-yyyy hh24:mi:ss.ff'), to_timestamp('04-07-2013 14:45:49.251000', 'dd-mm-yyyy hh24:mi:ss.ff'), 1);
insert into EB_PUBLISH_STATE (PS_TYPE, PS_KEY, PS_LASTMODIFYTIME, PS_LASTPUBLISHSTARTTIME, PS_RESULT)
values ('05', 2002, to_timestamp('24-05-2013 17:33:36.406000', 'dd-mm-yyyy hh24:mi:ss.ff'), to_timestamp('04-07-2013 14:45:49.251000', 'dd-mm-yyyy hh24:mi:ss.ff'), 1);
insert into EB_PUBLISH_STATE (PS_TYPE, PS_KEY, PS_LASTMODIFYTIME, PS_LASTPUBLISHSTARTTIME, PS_RESULT)
values ('05', 2003, to_timestamp('24-05-2013 17:33:36.406000', 'dd-mm-yyyy hh24:mi:ss.ff'), to_timestamp('04-07-2013 14:45:49.251000', 'dd-mm-yyyy hh24:mi:ss.ff'), 1);
insert into EB_PUBLISH_STATE (PS_TYPE, PS_KEY, PS_LASTMODIFYTIME, PS_LASTPUBLISHSTARTTIME, PS_RESULT)
values ('05', 2004, to_timestamp('24-05-2013 17:33:36.406000', 'dd-mm-yyyy hh24:mi:ss.ff'), to_timestamp('04-07-2013 14:45:49.251000', 'dd-mm-yyyy hh24:mi:ss.ff'), 1);
insert into EB_PUBLISH_STATE (PS_TYPE, PS_KEY, PS_LASTMODIFYTIME, PS_LASTPUBLISHSTARTTIME, PS_RESULT)
values ('05', 2005, to_timestamp('24-05-2013 17:33:36.406000', 'dd-mm-yyyy hh24:mi:ss.ff'), to_timestamp('04-07-2013 14:45:49.251000', 'dd-mm-yyyy hh24:mi:ss.ff'), 1);
insert into EB_PUBLISH_STATE (PS_TYPE, PS_KEY, PS_LASTMODIFYTIME, PS_LASTPUBLISHSTARTTIME, PS_RESULT)
values ('05', 2006, to_timestamp('24-05-2013 17:33:36.406000', 'dd-mm-yyyy hh24:mi:ss.ff'), to_timestamp('04-07-2013 14:45:49.251000', 'dd-mm-yyyy hh24:mi:ss.ff'), 1);
insert into EB_PUBLISH_STATE (PS_TYPE, PS_KEY, PS_LASTMODIFYTIME, PS_LASTPUBLISHSTARTTIME, PS_RESULT)
values ('05', 2007, to_timestamp('24-05-2013 17:33:36.406000', 'dd-mm-yyyy hh24:mi:ss.ff'), to_timestamp('04-07-2013 14:45:49.251000', 'dd-mm-yyyy hh24:mi:ss.ff'), 1);
insert into EB_PUBLISH_STATE (PS_TYPE, PS_KEY, PS_LASTMODIFYTIME, PS_LASTPUBLISHSTARTTIME, PS_RESULT)
values ('05', 2008, to_timestamp('24-05-2013 17:33:36.406000', 'dd-mm-yyyy hh24:mi:ss.ff'), to_timestamp('04-07-2013 14:45:49.251000', 'dd-mm-yyyy hh24:mi:ss.ff'), 1);
insert into EB_PUBLISH_STATE (PS_TYPE, PS_KEY, PS_LASTMODIFYTIME, PS_LASTPUBLISHSTARTTIME, PS_RESULT)
values ('05', 2009, to_timestamp('24-05-2013 17:33:36.406000', 'dd-mm-yyyy hh24:mi:ss.ff'), to_timestamp('04-07-2013 14:45:49.251000', 'dd-mm-yyyy hh24:mi:ss.ff'), 1);
insert into EB_PUBLISH_STATE (PS_TYPE, PS_KEY, PS_LASTMODIFYTIME, PS_LASTPUBLISHSTARTTIME, PS_RESULT)
values ('05', 3001, to_timestamp('17-06-2013 14:16:54.768000', 'dd-mm-yyyy hh24:mi:ss.ff'), to_timestamp('04-07-2013 14:45:49.251000', 'dd-mm-yyyy hh24:mi:ss.ff'), 1);
insert into EB_PUBLISH_STATE (PS_TYPE, PS_KEY, PS_LASTMODIFYTIME, PS_LASTPUBLISHSTARTTIME, PS_RESULT)
values ('05', 3002, to_timestamp('24-05-2013 17:33:36.406000', 'dd-mm-yyyy hh24:mi:ss.ff'), to_timestamp('04-07-2013 14:45:49.251000', 'dd-mm-yyyy hh24:mi:ss.ff'), 1);
insert into EB_PUBLISH_STATE (PS_TYPE, PS_KEY, PS_LASTMODIFYTIME, PS_LASTPUBLISHSTARTTIME, PS_RESULT)
values ('05', 3003, to_timestamp('24-05-2013 17:33:36.406000', 'dd-mm-yyyy hh24:mi:ss.ff'), to_timestamp('04-07-2013 14:45:49.251000', 'dd-mm-yyyy hh24:mi:ss.ff'), 1);
insert into EB_PUBLISH_STATE (PS_TYPE, PS_KEY, PS_LASTMODIFYTIME, PS_LASTPUBLISHSTARTTIME, PS_RESULT)
values ('05', 3004, to_timestamp('24-05-2013 17:33:36.406000', 'dd-mm-yyyy hh24:mi:ss.ff'), to_timestamp('04-07-2013 14:45:49.251000', 'dd-mm-yyyy hh24:mi:ss.ff'), 1);
insert into EB_PUBLISH_STATE (PS_TYPE, PS_KEY, PS_LASTMODIFYTIME, PS_LASTPUBLISHSTARTTIME, PS_RESULT)
values ('05', 3005, to_timestamp('24-05-2013 17:33:36.406000', 'dd-mm-yyyy hh24:mi:ss.ff'), to_timestamp('04-07-2013 14:45:49.251000', 'dd-mm-yyyy hh24:mi:ss.ff'), 1);
insert into EB_PUBLISH_STATE (PS_TYPE, PS_KEY, PS_LASTMODIFYTIME, PS_LASTPUBLISHSTARTTIME, PS_RESULT)
values ('05', 3006, to_timestamp('24-05-2013 17:33:36.406000', 'dd-mm-yyyy hh24:mi:ss.ff'), to_timestamp('04-07-2013 14:45:49.251000', 'dd-mm-yyyy hh24:mi:ss.ff'), 1);
insert into EB_PUBLISH_STATE (PS_TYPE, PS_KEY, PS_LASTMODIFYTIME, PS_LASTPUBLISHSTARTTIME, PS_RESULT)
values ('05', 3007, to_timestamp('24-05-2013 17:33:36.406000', 'dd-mm-yyyy hh24:mi:ss.ff'), to_timestamp('04-07-2013 14:45:49.251000', 'dd-mm-yyyy hh24:mi:ss.ff'), 1);
insert into EB_PUBLISH_STATE (PS_TYPE, PS_KEY, PS_LASTMODIFYTIME, PS_LASTPUBLISHSTARTTIME, PS_RESULT)
values ('05', 3008, to_timestamp('24-05-2013 17:33:36.406000', 'dd-mm-yyyy hh24:mi:ss.ff'), to_timestamp('04-07-2013 14:45:49.251000', 'dd-mm-yyyy hh24:mi:ss.ff'), 1);
insert into EB_PUBLISH_STATE (PS_TYPE, PS_KEY, PS_LASTMODIFYTIME, PS_LASTPUBLISHSTARTTIME, PS_RESULT)
values ('05', 3009, to_timestamp('24-05-2013 17:33:36.406000', 'dd-mm-yyyy hh24:mi:ss.ff'), to_timestamp('04-07-2013 14:45:49.251000', 'dd-mm-yyyy hh24:mi:ss.ff'), 1);
insert into EB_PUBLISH_STATE (PS_TYPE, PS_KEY, PS_LASTMODIFYTIME, PS_LASTPUBLISHSTARTTIME, PS_RESULT)
values ('05', 9, to_timestamp('24-05-2013 17:33:36.406000', 'dd-mm-yyyy hh24:mi:ss.ff'), to_timestamp('04-07-2013 14:45:49.251000', 'dd-mm-yyyy hh24:mi:ss.ff'), 1);
insert into EB_PUBLISH_STATE (PS_TYPE, PS_KEY, PS_LASTMODIFYTIME, PS_LASTPUBLISHSTARTTIME, PS_RESULT)
values ('05', 6001, to_timestamp('24-05-2013 17:33:36.406000', 'dd-mm-yyyy hh24:mi:ss.ff'), to_timestamp('04-07-2013 14:45:49.251000', 'dd-mm-yyyy hh24:mi:ss.ff'), 1);
insert into EB_PUBLISH_STATE (PS_TYPE, PS_KEY, PS_LASTMODIFYTIME, PS_LASTPUBLISHSTARTTIME, PS_RESULT)
values ('05', 7001, to_timestamp('24-05-2013 17:33:36.406000', 'dd-mm-yyyy hh24:mi:ss.ff'), to_timestamp('04-07-2013 14:45:49.251000', 'dd-mm-yyyy hh24:mi:ss.ff'), 1);
insert into EB_PUBLISH_STATE (PS_TYPE, PS_KEY, PS_LASTMODIFYTIME, PS_LASTPUBLISHSTARTTIME, PS_RESULT)
values ('05', 8001, to_timestamp('24-05-2013 17:33:36.406000', 'dd-mm-yyyy hh24:mi:ss.ff'), to_timestamp('04-07-2013 14:45:49.251000', 'dd-mm-yyyy hh24:mi:ss.ff'), 1);
insert into EB_PUBLISH_STATE (PS_TYPE, PS_KEY, PS_LASTMODIFYTIME, PS_LASTPUBLISHSTARTTIME, PS_RESULT)
values ('05', 9001, to_timestamp('24-05-2013 17:33:36.406000', 'dd-mm-yyyy hh24:mi:ss.ff'), to_timestamp('04-07-2013 14:45:49.251000', 'dd-mm-yyyy hh24:mi:ss.ff'), 1);
insert into EB_PUBLISH_STATE (PS_TYPE, PS_KEY, PS_LASTMODIFYTIME, PS_LASTPUBLISHSTARTTIME, PS_RESULT)
values ('05', 1011, to_timestamp('24-05-2013 17:33:36.406000', 'dd-mm-yyyy hh24:mi:ss.ff'), to_timestamp('04-07-2013 14:45:49.251000', 'dd-mm-yyyy hh24:mi:ss.ff'), 1);
insert into EB_PUBLISH_STATE (PS_TYPE, PS_KEY, PS_LASTMODIFYTIME, PS_LASTPUBLISHSTARTTIME, PS_RESULT)
values ('05', 1000, to_timestamp('24-05-2013 17:33:36.406000', 'dd-mm-yyyy hh24:mi:ss.ff'), to_timestamp('04-07-2013 14:45:49.251000', 'dd-mm-yyyy hh24:mi:ss.ff'), 1);
insert into EB_PUBLISH_STATE (PS_TYPE, PS_KEY, PS_LASTMODIFYTIME, PS_LASTPUBLISHSTARTTIME, PS_RESULT)
values ('05', 1101, to_timestamp('31-05-2013 16:45:33.107000', 'dd-mm-yyyy hh24:mi:ss.ff'), to_timestamp('04-07-2013 14:45:49.251000', 'dd-mm-yyyy hh24:mi:ss.ff'), 1);
insert into EB_PUBLISH_STATE (PS_TYPE, PS_KEY, PS_LASTMODIFYTIME, PS_LASTPUBLISHSTARTTIME, PS_RESULT)
values ('05', 1102, to_timestamp('31-05-2013 16:45:33.118000', 'dd-mm-yyyy hh24:mi:ss.ff'), to_timestamp('04-07-2013 14:45:49.251000', 'dd-mm-yyyy hh24:mi:ss.ff'), 1);
insert into EB_PUBLISH_STATE (PS_TYPE, PS_KEY, PS_LASTMODIFYTIME, PS_LASTPUBLISHSTARTTIME, PS_RESULT)
values ('05', 1103, to_timestamp('31-05-2013 16:45:33.127000', 'dd-mm-yyyy hh24:mi:ss.ff'), to_timestamp('04-07-2013 14:45:49.251000', 'dd-mm-yyyy hh24:mi:ss.ff'), 1);
insert into EB_PUBLISH_STATE (PS_TYPE, PS_KEY, PS_LASTMODIFYTIME, PS_LASTPUBLISHSTARTTIME, PS_RESULT)
values ('05', 1104, to_timestamp('31-05-2013 16:45:33.137000', 'dd-mm-yyyy hh24:mi:ss.ff'), to_timestamp('04-07-2013 14:45:49.251000', 'dd-mm-yyyy hh24:mi:ss.ff'), 1);
insert into EB_PUBLISH_STATE (PS_TYPE, PS_KEY, PS_LASTMODIFYTIME, PS_LASTPUBLISHSTARTTIME, PS_RESULT)
values ('05', 1105, to_timestamp('31-05-2013 16:45:33.147000', 'dd-mm-yyyy hh24:mi:ss.ff'), to_timestamp('04-07-2013 14:45:49.251000', 'dd-mm-yyyy hh24:mi:ss.ff'), 1);
insert into EB_PUBLISH_STATE (PS_TYPE, PS_KEY, PS_LASTMODIFYTIME, PS_LASTPUBLISHSTARTTIME, PS_RESULT)
values ('05', 1106, to_timestamp('31-05-2013 16:45:33.163000', 'dd-mm-yyyy hh24:mi:ss.ff'), to_timestamp('04-07-2013 14:45:49.251000', 'dd-mm-yyyy hh24:mi:ss.ff'), 1);
insert into EB_PUBLISH_STATE (PS_TYPE, PS_KEY, PS_LASTMODIFYTIME, PS_LASTPUBLISHSTARTTIME, PS_RESULT)
values ('05', 1107, to_timestamp('27-06-2013 16:09:43.675000', 'dd-mm-yyyy hh24:mi:ss.ff'), to_timestamp('04-07-2013 14:45:49.251000', 'dd-mm-yyyy hh24:mi:ss.ff'), 1);
insert into EB_PUBLISH_STATE (PS_TYPE, PS_KEY, PS_LASTMODIFYTIME, PS_LASTPUBLISHSTARTTIME, PS_RESULT)
values ('05', 1108, to_timestamp('27-06-2013 16:24:42.842000', 'dd-mm-yyyy hh24:mi:ss.ff'), to_timestamp('04-07-2013 14:45:49.251000', 'dd-mm-yyyy hh24:mi:ss.ff'), 1);
insert into EB_PUBLISH_STATE (PS_TYPE, PS_KEY, PS_LASTMODIFYTIME, PS_LASTPUBLISHSTARTTIME, PS_RESULT)
values ('05', 4010, to_timestamp('24-05-2013 17:33:36.406000', 'dd-mm-yyyy hh24:mi:ss.ff'), to_timestamp('04-07-2013 14:45:49.251000', 'dd-mm-yyyy hh24:mi:ss.ff'), 1);
insert into EB_PUBLISH_STATE (PS_TYPE, PS_KEY, PS_LASTMODIFYTIME, PS_LASTPUBLISHSTARTTIME, PS_RESULT)
values ('05', 4011, to_timestamp('24-05-2013 17:33:36.406000', 'dd-mm-yyyy hh24:mi:ss.ff'), to_timestamp('04-07-2013 14:45:49.251000', 'dd-mm-yyyy hh24:mi:ss.ff'), 1);
insert into EB_PUBLISH_STATE (PS_TYPE, PS_KEY, PS_LASTMODIFYTIME, PS_LASTPUBLISHSTARTTIME, PS_RESULT)
values ('05', 4012, to_timestamp('24-05-2013 17:33:36.406000', 'dd-mm-yyyy hh24:mi:ss.ff'), to_timestamp('04-07-2013 14:45:49.251000', 'dd-mm-yyyy hh24:mi:ss.ff'), 1);
insert into EB_PUBLISH_STATE (PS_TYPE, PS_KEY, PS_LASTMODIFYTIME, PS_LASTPUBLISHSTARTTIME, PS_RESULT)
values ('05', 4013, to_timestamp('24-05-2013 17:33:36.406000', 'dd-mm-yyyy hh24:mi:ss.ff'), to_timestamp('04-07-2013 14:45:49.251000', 'dd-mm-yyyy hh24:mi:ss.ff'), 1);
insert into EB_PUBLISH_STATE (PS_TYPE, PS_KEY, PS_LASTMODIFYTIME, PS_LASTPUBLISHSTARTTIME, PS_RESULT)
values ('05', 4014, to_timestamp('24-05-2013 17:33:36.406000', 'dd-mm-yyyy hh24:mi:ss.ff'), to_timestamp('04-07-2013 14:45:49.251000', 'dd-mm-yyyy hh24:mi:ss.ff'), 1);
insert into EB_PUBLISH_STATE (PS_TYPE, PS_KEY, PS_LASTMODIFYTIME, PS_LASTPUBLISHSTARTTIME, PS_RESULT)
values ('05', 2011, to_timestamp('24-05-2013 17:33:36.406000', 'dd-mm-yyyy hh24:mi:ss.ff'), to_timestamp('04-07-2013 14:45:49.251000', 'dd-mm-yyyy hh24:mi:ss.ff'), 1);
insert into EB_PUBLISH_STATE (PS_TYPE, PS_KEY, PS_LASTMODIFYTIME, PS_LASTPUBLISHSTARTTIME, PS_RESULT)
values ('05', 2012, to_timestamp('24-05-2013 17:33:36.406000', 'dd-mm-yyyy hh24:mi:ss.ff'), to_timestamp('04-07-2013 14:45:49.251000', 'dd-mm-yyyy hh24:mi:ss.ff'), 1);
insert into EB_PUBLISH_STATE (PS_TYPE, PS_KEY, PS_LASTMODIFYTIME, PS_LASTPUBLISHSTARTTIME, PS_RESULT)
values ('05', 2013, to_timestamp('24-05-2013 17:33:36.406000', 'dd-mm-yyyy hh24:mi:ss.ff'), to_timestamp('04-07-2013 14:45:49.251000', 'dd-mm-yyyy hh24:mi:ss.ff'), 1);
insert into EB_PUBLISH_STATE (PS_TYPE, PS_KEY, PS_LASTMODIFYTIME, PS_LASTPUBLISHSTARTTIME, PS_RESULT)
values ('05', 2014, to_timestamp('24-05-2013 17:33:36.406000', 'dd-mm-yyyy hh24:mi:ss.ff'), to_timestamp('04-07-2013 14:45:49.251000', 'dd-mm-yyyy hh24:mi:ss.ff'), 1);
insert into EB_PUBLISH_STATE (PS_TYPE, PS_KEY, PS_LASTMODIFYTIME, PS_LASTPUBLISHSTARTTIME, PS_RESULT)
values ('05', 2010, to_timestamp('24-05-2013 17:33:36.406000', 'dd-mm-yyyy hh24:mi:ss.ff'), to_timestamp('04-07-2013 14:45:49.251000', 'dd-mm-yyyy hh24:mi:ss.ff'), 1);
insert into EB_PUBLISH_STATE (PS_TYPE, PS_KEY, PS_LASTMODIFYTIME, PS_LASTPUBLISHSTARTTIME, PS_RESULT)
values ('05', 3011, to_timestamp('24-05-2013 17:33:36.406000', 'dd-mm-yyyy hh24:mi:ss.ff'), to_timestamp('04-07-2013 14:45:49.251000', 'dd-mm-yyyy hh24:mi:ss.ff'), 1);
insert into EB_PUBLISH_STATE (PS_TYPE, PS_KEY, PS_LASTMODIFYTIME, PS_LASTPUBLISHSTARTTIME, PS_RESULT)
values ('05', 3012, to_timestamp('24-05-2013 17:33:36.406000', 'dd-mm-yyyy hh24:mi:ss.ff'), to_timestamp('04-07-2013 14:45:49.251000', 'dd-mm-yyyy hh24:mi:ss.ff'), 1);
insert into EB_PUBLISH_STATE (PS_TYPE, PS_KEY, PS_LASTMODIFYTIME, PS_LASTPUBLISHSTARTTIME, PS_RESULT)
values ('05', 3013, to_timestamp('24-05-2013 17:33:36.406000', 'dd-mm-yyyy hh24:mi:ss.ff'), to_timestamp('04-07-2013 14:45:49.251000', 'dd-mm-yyyy hh24:mi:ss.ff'), 1);
insert into EB_PUBLISH_STATE (PS_TYPE, PS_KEY, PS_LASTMODIFYTIME, PS_LASTPUBLISHSTARTTIME, PS_RESULT)
values ('05', 3014, to_timestamp('24-05-2013 17:33:36.406000', 'dd-mm-yyyy hh24:mi:ss.ff'), to_timestamp('04-07-2013 14:45:49.251000', 'dd-mm-yyyy hh24:mi:ss.ff'), 1);
insert into EB_PUBLISH_STATE (PS_TYPE, PS_KEY, PS_LASTMODIFYTIME, PS_LASTPUBLISHSTARTTIME, PS_RESULT)
values ('05', 3010, to_timestamp('24-05-2013 17:33:36.406000', 'dd-mm-yyyy hh24:mi:ss.ff'), to_timestamp('04-07-2013 14:45:49.251000', 'dd-mm-yyyy hh24:mi:ss.ff'), 1);
insert into EB_PUBLISH_STATE (PS_TYPE, PS_KEY, PS_LASTMODIFYTIME, PS_LASTPUBLISHSTARTTIME, PS_RESULT)
values ('05', 5010, to_timestamp('24-05-2013 17:33:36.406000', 'dd-mm-yyyy hh24:mi:ss.ff'), to_timestamp('04-07-2013 14:45:49.251000', 'dd-mm-yyyy hh24:mi:ss.ff'), 1);
insert into EB_PUBLISH_STATE (PS_TYPE, PS_KEY, PS_LASTMODIFYTIME, PS_LASTPUBLISHSTARTTIME, PS_RESULT)
values ('05', 5011, to_timestamp('24-05-2013 17:33:36.406000', 'dd-mm-yyyy hh24:mi:ss.ff'), to_timestamp('04-07-2013 14:45:49.251000', 'dd-mm-yyyy hh24:mi:ss.ff'), 1);
insert into EB_PUBLISH_STATE (PS_TYPE, PS_KEY, PS_LASTMODIFYTIME, PS_LASTPUBLISHSTARTTIME, PS_RESULT)
values ('05', 5012, to_timestamp('24-05-2013 17:33:36.406000', 'dd-mm-yyyy hh24:mi:ss.ff'), to_timestamp('04-07-2013 14:45:49.251000', 'dd-mm-yyyy hh24:mi:ss.ff'), 1);
insert into EB_PUBLISH_STATE (PS_TYPE, PS_KEY, PS_LASTMODIFYTIME, PS_LASTPUBLISHSTARTTIME, PS_RESULT)
values ('05', 5013, to_timestamp('24-05-2013 17:33:36.406000', 'dd-mm-yyyy hh24:mi:ss.ff'), to_timestamp('04-07-2013 14:45:49.251000', 'dd-mm-yyyy hh24:mi:ss.ff'), 1);
insert into EB_PUBLISH_STATE (PS_TYPE, PS_KEY, PS_LASTMODIFYTIME, PS_LASTPUBLISHSTARTTIME, PS_RESULT)
values ('05', 5014, to_timestamp('24-05-2013 17:33:36.406000', 'dd-mm-yyyy hh24:mi:ss.ff'), to_timestamp('04-07-2013 14:45:49.251000', 'dd-mm-yyyy hh24:mi:ss.ff'), 1);
insert into EB_PUBLISH_STATE (PS_TYPE, PS_KEY, PS_LASTMODIFYTIME, PS_LASTPUBLISHSTARTTIME, PS_RESULT)
values ('05', 5001, to_timestamp('24-05-2013 17:33:36.406000', 'dd-mm-yyyy hh24:mi:ss.ff'), to_timestamp('04-07-2013 14:45:49.251000', 'dd-mm-yyyy hh24:mi:ss.ff'), 1);
insert into EB_PUBLISH_STATE (PS_TYPE, PS_KEY, PS_LASTMODIFYTIME, PS_LASTPUBLISHSTARTTIME, PS_RESULT)
values ('05', 5002, to_timestamp('24-05-2013 17:33:36.406000', 'dd-mm-yyyy hh24:mi:ss.ff'), to_timestamp('04-07-2013 14:45:49.251000', 'dd-mm-yyyy hh24:mi:ss.ff'), 1);
insert into EB_PUBLISH_STATE (PS_TYPE, PS_KEY, PS_LASTMODIFYTIME, PS_LASTPUBLISHSTARTTIME, PS_RESULT)
values ('05', 5003, to_timestamp('24-05-2013 17:33:36.406000', 'dd-mm-yyyy hh24:mi:ss.ff'), to_timestamp('04-07-2013 14:45:49.251000', 'dd-mm-yyyy hh24:mi:ss.ff'), 1);
insert into EB_PUBLISH_STATE (PS_TYPE, PS_KEY, PS_LASTMODIFYTIME, PS_LASTPUBLISHSTARTTIME, PS_RESULT)
values ('05', 5004, to_timestamp('24-05-2013 17:33:36.406000', 'dd-mm-yyyy hh24:mi:ss.ff'), to_timestamp('04-07-2013 14:45:49.251000', 'dd-mm-yyyy hh24:mi:ss.ff'), 1);
insert into EB_PUBLISH_STATE (PS_TYPE, PS_KEY, PS_LASTMODIFYTIME, PS_LASTPUBLISHSTARTTIME, PS_RESULT)
values ('05', 5005, to_timestamp('24-05-2013 17:33:36.406000', 'dd-mm-yyyy hh24:mi:ss.ff'), to_timestamp('04-07-2013 14:45:49.251000', 'dd-mm-yyyy hh24:mi:ss.ff'), 1);
commit;
prompt 100 records committed...
insert into EB_PUBLISH_STATE (PS_TYPE, PS_KEY, PS_LASTMODIFYTIME, PS_LASTPUBLISHSTARTTIME, PS_RESULT)
values ('05', 5006, to_timestamp('24-05-2013 17:33:36.406000', 'dd-mm-yyyy hh24:mi:ss.ff'), to_timestamp('04-07-2013 14:45:49.251000', 'dd-mm-yyyy hh24:mi:ss.ff'), 1);
insert into EB_PUBLISH_STATE (PS_TYPE, PS_KEY, PS_LASTMODIFYTIME, PS_LASTPUBLISHSTARTTIME, PS_RESULT)
values ('05', 5007, to_timestamp('24-05-2013 17:33:36.406000', 'dd-mm-yyyy hh24:mi:ss.ff'), to_timestamp('04-07-2013 14:45:49.251000', 'dd-mm-yyyy hh24:mi:ss.ff'), 1);
insert into EB_PUBLISH_STATE (PS_TYPE, PS_KEY, PS_LASTMODIFYTIME, PS_LASTPUBLISHSTARTTIME, PS_RESULT)
values ('05', 5008, to_timestamp('24-05-2013 17:33:36.406000', 'dd-mm-yyyy hh24:mi:ss.ff'), to_timestamp('04-07-2013 14:45:49.251000', 'dd-mm-yyyy hh24:mi:ss.ff'), 1);
insert into EB_PUBLISH_STATE (PS_TYPE, PS_KEY, PS_LASTMODIFYTIME, PS_LASTPUBLISHSTARTTIME, PS_RESULT)
values ('05', 5009, to_timestamp('24-05-2013 17:33:36.406000', 'dd-mm-yyyy hh24:mi:ss.ff'), to_timestamp('04-07-2013 14:45:49.251000', 'dd-mm-yyyy hh24:mi:ss.ff'), 1);
insert into EB_PUBLISH_STATE (PS_TYPE, PS_KEY, PS_LASTMODIFYTIME, PS_LASTPUBLISHSTARTTIME, PS_RESULT)
values ('03', 2281, to_timestamp('30-05-2013 15:06:32.259000', 'dd-mm-yyyy hh24:mi:ss.ff'), to_timestamp('04-07-2013 14:45:49.251000', 'dd-mm-yyyy hh24:mi:ss.ff'), 1);
insert into EB_PUBLISH_STATE (PS_TYPE, PS_KEY, PS_LASTMODIFYTIME, PS_LASTPUBLISHSTARTTIME, PS_RESULT)
values ('03', 2300, to_timestamp('30-05-2013 15:06:32.259000', 'dd-mm-yyyy hh24:mi:ss.ff'), to_timestamp('04-07-2013 14:45:49.251000', 'dd-mm-yyyy hh24:mi:ss.ff'), 1);
insert into EB_PUBLISH_STATE (PS_TYPE, PS_KEY, PS_LASTMODIFYTIME, PS_LASTPUBLISHSTARTTIME, PS_RESULT)
values ('03', 2385, to_timestamp('24-05-2013 17:33:36.406000', 'dd-mm-yyyy hh24:mi:ss.ff'), to_timestamp('04-07-2013 14:45:49.251000', 'dd-mm-yyyy hh24:mi:ss.ff'), 1);
insert into EB_PUBLISH_STATE (PS_TYPE, PS_KEY, PS_LASTMODIFYTIME, PS_LASTPUBLISHSTARTTIME, PS_RESULT)
values ('03', 2421, to_timestamp('24-05-2013 17:33:36.406000', 'dd-mm-yyyy hh24:mi:ss.ff'), to_timestamp('04-07-2013 14:45:49.251000', 'dd-mm-yyyy hh24:mi:ss.ff'), 1);
insert into EB_PUBLISH_STATE (PS_TYPE, PS_KEY, PS_LASTMODIFYTIME, PS_LASTPUBLISHSTARTTIME, PS_RESULT)
values ('03', 2440, to_timestamp('24-05-2013 17:33:36.406000', 'dd-mm-yyyy hh24:mi:ss.ff'), to_timestamp('04-07-2013 14:45:49.251000', 'dd-mm-yyyy hh24:mi:ss.ff'), 1);
insert into EB_PUBLISH_STATE (PS_TYPE, PS_KEY, PS_LASTMODIFYTIME, PS_LASTPUBLISHSTARTTIME, PS_RESULT)
values ('03', 2441, to_timestamp('26-06-2013 17:58:52.001000', 'dd-mm-yyyy hh24:mi:ss.ff'), to_timestamp('04-07-2013 14:45:49.251000', 'dd-mm-yyyy hh24:mi:ss.ff'), 1);
insert into EB_PUBLISH_STATE (PS_TYPE, PS_KEY, PS_LASTMODIFYTIME, PS_LASTPUBLISHSTARTTIME, PS_RESULT)
values ('03', 2280, to_timestamp('24-05-2013 17:33:36.406000', 'dd-mm-yyyy hh24:mi:ss.ff'), to_timestamp('04-07-2013 14:45:49.251000', 'dd-mm-yyyy hh24:mi:ss.ff'), 1);
insert into EB_PUBLISH_STATE (PS_TYPE, PS_KEY, PS_LASTMODIFYTIME, PS_LASTPUBLISHSTARTTIME, PS_RESULT)
values ('03', 2443, to_timestamp('03-07-2013 15:24:28.358000', 'dd-mm-yyyy hh24:mi:ss.ff'), to_timestamp('04-07-2013 14:45:49.251000', 'dd-mm-yyyy hh24:mi:ss.ff'), 1);
insert into EB_PUBLISH_STATE (PS_TYPE, PS_KEY, PS_LASTMODIFYTIME, PS_LASTPUBLISHSTARTTIME, PS_RESULT)
values ('03', 2020, to_timestamp('24-05-2013 17:33:36.406000', 'dd-mm-yyyy hh24:mi:ss.ff'), to_timestamp('04-07-2013 14:45:49.251000', 'dd-mm-yyyy hh24:mi:ss.ff'), 1);
insert into EB_PUBLISH_STATE (PS_TYPE, PS_KEY, PS_LASTMODIFYTIME, PS_LASTPUBLISHSTARTTIME, PS_RESULT)
values ('03', 2040, to_timestamp('24-05-2013 17:33:36.406000', 'dd-mm-yyyy hh24:mi:ss.ff'), to_timestamp('04-07-2013 14:45:49.251000', 'dd-mm-yyyy hh24:mi:ss.ff'), 1);
insert into EB_PUBLISH_STATE (PS_TYPE, PS_KEY, PS_LASTMODIFYTIME, PS_LASTPUBLISHSTARTTIME, PS_RESULT)
values ('03', 2100, to_timestamp('24-05-2013 17:33:36.406000', 'dd-mm-yyyy hh24:mi:ss.ff'), to_timestamp('04-07-2013 14:45:49.251000', 'dd-mm-yyyy hh24:mi:ss.ff'), 1);
insert into EB_PUBLISH_STATE (PS_TYPE, PS_KEY, PS_LASTMODIFYTIME, PS_LASTPUBLISHSTARTTIME, PS_RESULT)
values ('03', 2141, to_timestamp('31-05-2013 16:21:56.281000', 'dd-mm-yyyy hh24:mi:ss.ff'), to_timestamp('04-07-2013 14:45:49.251000', 'dd-mm-yyyy hh24:mi:ss.ff'), 1);
insert into EB_PUBLISH_STATE (PS_TYPE, PS_KEY, PS_LASTMODIFYTIME, PS_LASTPUBLISHSTARTTIME, PS_RESULT)
values ('03', 2160, to_timestamp('30-05-2013 15:06:32.259000', 'dd-mm-yyyy hh24:mi:ss.ff'), to_timestamp('04-07-2013 14:45:49.251000', 'dd-mm-yyyy hh24:mi:ss.ff'), 1);
insert into EB_PUBLISH_STATE (PS_TYPE, PS_KEY, PS_LASTMODIFYTIME, PS_LASTPUBLISHSTARTTIME, PS_RESULT)
values ('03', 2161, to_timestamp('24-05-2013 17:33:36.406000', 'dd-mm-yyyy hh24:mi:ss.ff'), to_timestamp('04-07-2013 14:45:49.251000', 'dd-mm-yyyy hh24:mi:ss.ff'), 1);
insert into EB_PUBLISH_STATE (PS_TYPE, PS_KEY, PS_LASTMODIFYTIME, PS_LASTPUBLISHSTARTTIME, PS_RESULT)
values ('03', 2220, to_timestamp('24-05-2013 17:33:36.406000', 'dd-mm-yyyy hh24:mi:ss.ff'), to_timestamp('04-07-2013 14:45:49.251000', 'dd-mm-yyyy hh24:mi:ss.ff'), 1);
insert into EB_PUBLISH_STATE (PS_TYPE, PS_KEY, PS_LASTMODIFYTIME, PS_LASTPUBLISHSTARTTIME, PS_RESULT)
values ('03', 2221, to_timestamp('24-05-2013 17:33:36.406000', 'dd-mm-yyyy hh24:mi:ss.ff'), to_timestamp('04-07-2013 14:45:49.251000', 'dd-mm-yyyy hh24:mi:ss.ff'), 1);
insert into EB_PUBLISH_STATE (PS_TYPE, PS_KEY, PS_LASTMODIFYTIME, PS_LASTPUBLISHSTARTTIME, PS_RESULT)
values ('03', 2400, to_timestamp('17-06-2013 14:16:59.255000', 'dd-mm-yyyy hh24:mi:ss.ff'), to_timestamp('04-07-2013 14:45:49.251000', 'dd-mm-yyyy hh24:mi:ss.ff'), 1);
insert into EB_PUBLISH_STATE (PS_TYPE, PS_KEY, PS_LASTMODIFYTIME, PS_LASTPUBLISHSTARTTIME, PS_RESULT)
values ('03', 2382, to_timestamp('17-06-2013 14:17:07.156000', 'dd-mm-yyyy hh24:mi:ss.ff'), to_timestamp('04-07-2013 14:45:49.251000', 'dd-mm-yyyy hh24:mi:ss.ff'), 1);
insert into EB_PUBLISH_STATE (PS_TYPE, PS_KEY, PS_LASTMODIFYTIME, PS_LASTPUBLISHSTARTTIME, PS_RESULT)
values ('03', 2383, to_timestamp('24-05-2013 17:33:36.406000', 'dd-mm-yyyy hh24:mi:ss.ff'), to_timestamp('04-07-2013 14:45:49.251000', 'dd-mm-yyyy hh24:mi:ss.ff'), 1);
insert into EB_PUBLISH_STATE (PS_TYPE, PS_KEY, PS_LASTMODIFYTIME, PS_LASTPUBLISHSTARTTIME, PS_RESULT)
values ('03', 2080, to_timestamp('24-05-2013 17:33:36.406000', 'dd-mm-yyyy hh24:mi:ss.ff'), to_timestamp('04-07-2013 14:45:49.251000', 'dd-mm-yyyy hh24:mi:ss.ff'), 1);
insert into EB_PUBLISH_STATE (PS_TYPE, PS_KEY, PS_LASTMODIFYTIME, PS_LASTPUBLISHSTARTTIME, PS_RESULT)
values ('03', 2360, to_timestamp('24-05-2013 17:33:36.406000', 'dd-mm-yyyy hh24:mi:ss.ff'), to_timestamp('04-07-2013 14:45:49.251000', 'dd-mm-yyyy hh24:mi:ss.ff'), 1);
insert into EB_PUBLISH_STATE (PS_TYPE, PS_KEY, PS_LASTMODIFYTIME, PS_LASTPUBLISHSTARTTIME, PS_RESULT)
values ('03', 2380, to_timestamp('17-06-2013 14:17:10.943000', 'dd-mm-yyyy hh24:mi:ss.ff'), to_timestamp('04-07-2013 14:45:49.251000', 'dd-mm-yyyy hh24:mi:ss.ff'), 1);
insert into EB_PUBLISH_STATE (PS_TYPE, PS_KEY, PS_LASTMODIFYTIME, PS_LASTPUBLISHSTARTTIME, PS_RESULT)
values ('03', 2384, to_timestamp('17-06-2013 14:17:03.054000', 'dd-mm-yyyy hh24:mi:ss.ff'), to_timestamp('04-07-2013 14:45:49.251000', 'dd-mm-yyyy hh24:mi:ss.ff'), 1);
insert into EB_PUBLISH_STATE (PS_TYPE, PS_KEY, PS_LASTMODIFYTIME, PS_LASTPUBLISHSTARTTIME, PS_RESULT)
values ('03', 2386, to_timestamp('24-05-2013 17:33:36.406000', 'dd-mm-yyyy hh24:mi:ss.ff'), to_timestamp('04-07-2013 14:45:49.251000', 'dd-mm-yyyy hh24:mi:ss.ff'), 1);
insert into EB_PUBLISH_STATE (PS_TYPE, PS_KEY, PS_LASTMODIFYTIME, PS_LASTPUBLISHSTARTTIME, PS_RESULT)
values ('03', 2401, to_timestamp('24-05-2013 17:33:36.406000', 'dd-mm-yyyy hh24:mi:ss.ff'), to_timestamp('04-07-2013 14:45:49.251000', 'dd-mm-yyyy hh24:mi:ss.ff'), 1);
insert into EB_PUBLISH_STATE (PS_TYPE, PS_KEY, PS_LASTMODIFYTIME, PS_LASTPUBLISHSTARTTIME, PS_RESULT)
values ('03', 2402, to_timestamp('24-05-2013 17:33:36.406000', 'dd-mm-yyyy hh24:mi:ss.ff'), to_timestamp('04-07-2013 14:45:49.251000', 'dd-mm-yyyy hh24:mi:ss.ff'), 1);
insert into EB_PUBLISH_STATE (PS_TYPE, PS_KEY, PS_LASTMODIFYTIME, PS_LASTPUBLISHSTARTTIME, PS_RESULT)
values ('03', 2422, to_timestamp('17-06-2013 14:16:50.664000', 'dd-mm-yyyy hh24:mi:ss.ff'), to_timestamp('04-07-2013 14:45:49.251000', 'dd-mm-yyyy hh24:mi:ss.ff'), 1);
insert into EB_PUBLISH_STATE (PS_TYPE, PS_KEY, PS_LASTMODIFYTIME, PS_LASTPUBLISHSTARTTIME, PS_RESULT)
values ('03', 2423, to_timestamp('24-05-2013 17:33:36.406000', 'dd-mm-yyyy hh24:mi:ss.ff'), to_timestamp('04-07-2013 14:45:49.251000', 'dd-mm-yyyy hh24:mi:ss.ff'), 1);
insert into EB_PUBLISH_STATE (PS_TYPE, PS_KEY, PS_LASTMODIFYTIME, PS_LASTPUBLISHSTARTTIME, PS_RESULT)
values ('03', 2120, to_timestamp('24-05-2013 17:33:36.406000', 'dd-mm-yyyy hh24:mi:ss.ff'), to_timestamp('04-07-2013 14:45:49.251000', 'dd-mm-yyyy hh24:mi:ss.ff'), 1);
insert into EB_PUBLISH_STATE (PS_TYPE, PS_KEY, PS_LASTMODIFYTIME, PS_LASTPUBLISHSTARTTIME, PS_RESULT)
values ('03', 2381, to_timestamp('24-05-2013 17:33:36.406000', 'dd-mm-yyyy hh24:mi:ss.ff'), to_timestamp('04-07-2013 14:45:49.251000', 'dd-mm-yyyy hh24:mi:ss.ff'), 1);
insert into EB_PUBLISH_STATE (PS_TYPE, PS_KEY, PS_LASTMODIFYTIME, PS_LASTPUBLISHSTARTTIME, PS_RESULT)
values ('03', 2420, to_timestamp('17-06-2013 14:16:54.768000', 'dd-mm-yyyy hh24:mi:ss.ff'), to_timestamp('04-07-2013 14:45:49.251000', 'dd-mm-yyyy hh24:mi:ss.ff'), 1);
insert into EB_PUBLISH_STATE (PS_TYPE, PS_KEY, PS_LASTMODIFYTIME, PS_LASTPUBLISHSTARTTIME, PS_RESULT)
values ('03', 2424, to_timestamp('28-06-2013 16:58:18.568000', 'dd-mm-yyyy hh24:mi:ss.ff'), to_timestamp('04-07-2013 14:45:49.251000', 'dd-mm-yyyy hh24:mi:ss.ff'), 1);
insert into EB_PUBLISH_STATE (PS_TYPE, PS_KEY, PS_LASTMODIFYTIME, PS_LASTPUBLISHSTARTTIME, PS_RESULT)
values ('03', 2442, to_timestamp('26-06-2013 17:58:33.210000', 'dd-mm-yyyy hh24:mi:ss.ff'), to_timestamp('04-07-2013 14:45:49.251000', 'dd-mm-yyyy hh24:mi:ss.ff'), 1);
insert into EB_PUBLISH_STATE (PS_TYPE, PS_KEY, PS_LASTMODIFYTIME, PS_LASTPUBLISHSTARTTIME, PS_RESULT)
values ('03', 2060, to_timestamp('30-05-2013 15:06:32.259000', 'dd-mm-yyyy hh24:mi:ss.ff'), to_timestamp('04-07-2013 14:45:49.251000', 'dd-mm-yyyy hh24:mi:ss.ff'), 1);
insert into EB_PUBLISH_STATE (PS_TYPE, PS_KEY, PS_LASTMODIFYTIME, PS_LASTPUBLISHSTARTTIME, PS_RESULT)
values ('03', 2061, to_timestamp('24-05-2013 17:33:36.406000', 'dd-mm-yyyy hh24:mi:ss.ff'), to_timestamp('04-07-2013 14:45:49.251000', 'dd-mm-yyyy hh24:mi:ss.ff'), 1);
insert into EB_PUBLISH_STATE (PS_TYPE, PS_KEY, PS_LASTMODIFYTIME, PS_LASTPUBLISHSTARTTIME, PS_RESULT)
values ('03', 2260, to_timestamp('24-05-2013 17:33:36.406000', 'dd-mm-yyyy hh24:mi:ss.ff'), to_timestamp('04-07-2013 14:45:49.251000', 'dd-mm-yyyy hh24:mi:ss.ff'), 1);
insert into EB_PUBLISH_STATE (PS_TYPE, PS_KEY, PS_LASTMODIFYTIME, PS_LASTPUBLISHSTARTTIME, PS_RESULT)
values ('03', 2140, to_timestamp('30-05-2013 15:06:32.259000', 'dd-mm-yyyy hh24:mi:ss.ff'), to_timestamp('04-07-2013 14:45:49.251000', 'dd-mm-yyyy hh24:mi:ss.ff'), 1);
insert into EB_PUBLISH_STATE (PS_TYPE, PS_KEY, PS_LASTMODIFYTIME, PS_LASTPUBLISHSTARTTIME, PS_RESULT)
values ('03', 2180, to_timestamp('24-05-2013 17:33:36.406000', 'dd-mm-yyyy hh24:mi:ss.ff'), to_timestamp('04-07-2013 14:45:49.251000', 'dd-mm-yyyy hh24:mi:ss.ff'), 1);
insert into EB_PUBLISH_STATE (PS_TYPE, PS_KEY, PS_LASTMODIFYTIME, PS_LASTPUBLISHSTARTTIME, PS_RESULT)
values ('03', 2200, to_timestamp('24-05-2013 17:33:36.406000', 'dd-mm-yyyy hh24:mi:ss.ff'), to_timestamp('04-07-2013 14:45:49.251000', 'dd-mm-yyyy hh24:mi:ss.ff'), 1);
insert into EB_PUBLISH_STATE (PS_TYPE, PS_KEY, PS_LASTMODIFYTIME, PS_LASTPUBLISHSTARTTIME, PS_RESULT)
values ('03', 2201, to_timestamp('24-05-2013 17:33:36.406000', 'dd-mm-yyyy hh24:mi:ss.ff'), to_timestamp('04-07-2013 14:45:49.251000', 'dd-mm-yyyy hh24:mi:ss.ff'), 1);
insert into EB_PUBLISH_STATE (PS_TYPE, PS_KEY, PS_LASTMODIFYTIME, PS_LASTPUBLISHSTARTTIME, PS_RESULT)
values ('03', 2222, to_timestamp('24-05-2013 17:33:36.406000', 'dd-mm-yyyy hh24:mi:ss.ff'), to_timestamp('04-07-2013 14:45:49.251000', 'dd-mm-yyyy hh24:mi:ss.ff'), 1);
insert into EB_PUBLISH_STATE (PS_TYPE, PS_KEY, PS_LASTMODIFYTIME, PS_LASTPUBLISHSTARTTIME, PS_RESULT)
values ('03', 2240, to_timestamp('24-05-2013 17:33:36.406000', 'dd-mm-yyyy hh24:mi:ss.ff'), to_timestamp('04-07-2013 14:45:49.251000', 'dd-mm-yyyy hh24:mi:ss.ff'), 1);
insert into EB_PUBLISH_STATE (PS_TYPE, PS_KEY, PS_LASTMODIFYTIME, PS_LASTPUBLISHSTARTTIME, PS_RESULT)
values ('03', 3009, to_timestamp('17-06-2013 14:19:36.539000', 'dd-mm-yyyy hh24:mi:ss.ff'), to_timestamp('04-07-2013 14:45:49.251000', 'dd-mm-yyyy hh24:mi:ss.ff'), 1);
commit;
prompt 147 records loaded
prompt Loading EB_RECOMM_ITEM...
prompt Table is empty
prompt Loading EB_REGION...
insert into EB_REGION (REGION_ID, AREA_ID, REGION_CODE, REGION_NAME)
values (1, 10001, '1', '贵阳下区1');
insert into EB_REGION (REGION_ID, AREA_ID, REGION_CODE, REGION_NAME)
values (2, 10001, '1', '都匀下区2');
commit;
prompt 2 records loaded
prompt Loading EB_RET_EXC...
insert into EB_RET_EXC (RET_EXC_ID, ORDER_ID, ORDER_DETAIL_ID, REASON, RET_EXC_TYPE, STATUS, REQ_TIME, WAY_TYPE, CONTACT, PHONE)
values (3000, 3082, null, null, 2, 2, to_timestamp('08-07-2013 13:58:04.511000', 'dd-mm-yyyy hh24:mi:ss.ff'), 2, 'fgg', '12311112222');
insert into EB_RET_EXC (RET_EXC_ID, ORDER_ID, ORDER_DETAIL_ID, REASON, RET_EXC_TYPE, STATUS, REQ_TIME, WAY_TYPE, CONTACT, PHONE)
values (3001, 3084, null, null, 2, 1, to_timestamp('08-07-2013 14:41:42.440000', 'dd-mm-yyyy hh24:mi:ss.ff'), 1, 'fgg', '12311112222');
commit;
prompt 2 records loaded
prompt Loading EB_ROLEPERM...
insert into EB_ROLEPERM (PERM_ID, ROLE_ID)
values (0, 1);
insert into EB_ROLEPERM (PERM_ID, ROLE_ID)
values (33, 1);
insert into EB_ROLEPERM (PERM_ID, ROLE_ID)
values (50, 1);
insert into EB_ROLEPERM (PERM_ID, ROLE_ID)
values (51, 1);
insert into EB_ROLEPERM (PERM_ID, ROLE_ID)
values (52, 1);
insert into EB_ROLEPERM (PERM_ID, ROLE_ID)
values (53, 1);
insert into EB_ROLEPERM (PERM_ID, ROLE_ID)
values (112, 1);
insert into EB_ROLEPERM (PERM_ID, ROLE_ID)
values (113, 1);
insert into EB_ROLEPERM (PERM_ID, ROLE_ID)
values (114, 1);
insert into EB_ROLEPERM (PERM_ID, ROLE_ID)
values (116, 1);
insert into EB_ROLEPERM (PERM_ID, ROLE_ID)
values (119, 1);
insert into EB_ROLEPERM (PERM_ID, ROLE_ID)
values (120, 1);
insert into EB_ROLEPERM (PERM_ID, ROLE_ID)
values (122, 1);
insert into EB_ROLEPERM (PERM_ID, ROLE_ID)
values (123, 1);
insert into EB_ROLEPERM (PERM_ID, ROLE_ID)
values (125, 1);
insert into EB_ROLEPERM (PERM_ID, ROLE_ID)
values (129, 1);
insert into EB_ROLEPERM (PERM_ID, ROLE_ID)
values (130, 1);
insert into EB_ROLEPERM (PERM_ID, ROLE_ID)
values (131, 1);
insert into EB_ROLEPERM (PERM_ID, ROLE_ID)
values (132, 1);
insert into EB_ROLEPERM (PERM_ID, ROLE_ID)
values (133, 1);
insert into EB_ROLEPERM (PERM_ID, ROLE_ID)
values (137, 1);
insert into EB_ROLEPERM (PERM_ID, ROLE_ID)
values (138, 1);
insert into EB_ROLEPERM (PERM_ID, ROLE_ID)
values (139, 1);
insert into EB_ROLEPERM (PERM_ID, ROLE_ID)
values (144, 1);
insert into EB_ROLEPERM (PERM_ID, ROLE_ID)
values (145, 1);
insert into EB_ROLEPERM (PERM_ID, ROLE_ID)
values (146, 1);
insert into EB_ROLEPERM (PERM_ID, ROLE_ID)
values (147, 1);
insert into EB_ROLEPERM (PERM_ID, ROLE_ID)
values (149, 1);
insert into EB_ROLEPERM (PERM_ID, ROLE_ID)
values (151, 1);
insert into EB_ROLEPERM (PERM_ID, ROLE_ID)
values (152, 1);
insert into EB_ROLEPERM (PERM_ID, ROLE_ID)
values (154, 1);
insert into EB_ROLEPERM (PERM_ID, ROLE_ID)
values (155, 1);
insert into EB_ROLEPERM (PERM_ID, ROLE_ID)
values (156, 1);
insert into EB_ROLEPERM (PERM_ID, ROLE_ID)
values (157, 1);
insert into EB_ROLEPERM (PERM_ID, ROLE_ID)
values (159, 1);
insert into EB_ROLEPERM (PERM_ID, ROLE_ID)
values (160, 1);
insert into EB_ROLEPERM (PERM_ID, ROLE_ID)
values (161, 1);
insert into EB_ROLEPERM (PERM_ID, ROLE_ID)
values (162, 1);
insert into EB_ROLEPERM (PERM_ID, ROLE_ID)
values (186, 1);
insert into EB_ROLEPERM (PERM_ID, ROLE_ID)
values (187, 1);
insert into EB_ROLEPERM (PERM_ID, ROLE_ID)
values (188, 1);
insert into EB_ROLEPERM (PERM_ID, ROLE_ID)
values (190, 1);
insert into EB_ROLEPERM (PERM_ID, ROLE_ID)
values (191, 1);
insert into EB_ROLEPERM (PERM_ID, ROLE_ID)
values (192, 1);
insert into EB_ROLEPERM (PERM_ID, ROLE_ID)
values (193, 1);
insert into EB_ROLEPERM (PERM_ID, ROLE_ID)
values (194, 1);
insert into EB_ROLEPERM (PERM_ID, ROLE_ID)
values (195, 1);
insert into EB_ROLEPERM (PERM_ID, ROLE_ID)
values (196, 1);
insert into EB_ROLEPERM (PERM_ID, ROLE_ID)
values (198, 1);
insert into EB_ROLEPERM (PERM_ID, ROLE_ID)
values (199, 1);
insert into EB_ROLEPERM (PERM_ID, ROLE_ID)
values (200, 1);
insert into EB_ROLEPERM (PERM_ID, ROLE_ID)
values (201, 1);
insert into EB_ROLEPERM (PERM_ID, ROLE_ID)
values (202, 1);
insert into EB_ROLEPERM (PERM_ID, ROLE_ID)
values (203, 1);
insert into EB_ROLEPERM (PERM_ID, ROLE_ID)
values (204, 1);
insert into EB_ROLEPERM (PERM_ID, ROLE_ID)
values (205, 1);
insert into EB_ROLEPERM (PERM_ID, ROLE_ID)
values (206, 1);
insert into EB_ROLEPERM (PERM_ID, ROLE_ID)
values (227, 1);
insert into EB_ROLEPERM (PERM_ID, ROLE_ID)
values (228, 1);
insert into EB_ROLEPERM (PERM_ID, ROLE_ID)
values (229, 1);
insert into EB_ROLEPERM (PERM_ID, ROLE_ID)
values (231, 1);
insert into EB_ROLEPERM (PERM_ID, ROLE_ID)
values (232, 1);
insert into EB_ROLEPERM (PERM_ID, ROLE_ID)
values (234, 1);
insert into EB_ROLEPERM (PERM_ID, ROLE_ID)
values (235, 1);
insert into EB_ROLEPERM (PERM_ID, ROLE_ID)
values (236, 1);
insert into EB_ROLEPERM (PERM_ID, ROLE_ID)
values (259, 1);
insert into EB_ROLEPERM (PERM_ID, ROLE_ID)
values (288, 1);
insert into EB_ROLEPERM (PERM_ID, ROLE_ID)
values (290, 1);
insert into EB_ROLEPERM (PERM_ID, ROLE_ID)
values (291, 1);
insert into EB_ROLEPERM (PERM_ID, ROLE_ID)
values (327, 1);
insert into EB_ROLEPERM (PERM_ID, ROLE_ID)
values (328, 1);
insert into EB_ROLEPERM (PERM_ID, ROLE_ID)
values (329, 1);
insert into EB_ROLEPERM (PERM_ID, ROLE_ID)
values (331, 1);
insert into EB_ROLEPERM (PERM_ID, ROLE_ID)
values (332, 1);
insert into EB_ROLEPERM (PERM_ID, ROLE_ID)
values (334, 1);
insert into EB_ROLEPERM (PERM_ID, ROLE_ID)
values (335, 1);
insert into EB_ROLEPERM (PERM_ID, ROLE_ID)
values (336, 1);
insert into EB_ROLEPERM (PERM_ID, ROLE_ID)
values (356, 1);
insert into EB_ROLEPERM (PERM_ID, ROLE_ID)
values (358, 1);
insert into EB_ROLEPERM (PERM_ID, ROLE_ID)
values (359, 1);
insert into EB_ROLEPERM (PERM_ID, ROLE_ID)
values (400, 1);
insert into EB_ROLEPERM (PERM_ID, ROLE_ID)
values (401, 1);
insert into EB_ROLEPERM (PERM_ID, ROLE_ID)
values (402, 1);
insert into EB_ROLEPERM (PERM_ID, ROLE_ID)
values (403, 1);
insert into EB_ROLEPERM (PERM_ID, ROLE_ID)
values (404, 1);
insert into EB_ROLEPERM (PERM_ID, ROLE_ID)
values (405, 1);
insert into EB_ROLEPERM (PERM_ID, ROLE_ID)
values (1000, 1);
insert into EB_ROLEPERM (PERM_ID, ROLE_ID)
values (1001, 1);
insert into EB_ROLEPERM (PERM_ID, ROLE_ID)
values (1002, 1);
insert into EB_ROLEPERM (PERM_ID, ROLE_ID)
values (1005, 1);
insert into EB_ROLEPERM (PERM_ID, ROLE_ID)
values (1006, 1);
insert into EB_ROLEPERM (PERM_ID, ROLE_ID)
values (2100, 1);
insert into EB_ROLEPERM (PERM_ID, ROLE_ID)
values (2101, 1);
insert into EB_ROLEPERM (PERM_ID, ROLE_ID)
values (2102, 1);
insert into EB_ROLEPERM (PERM_ID, ROLE_ID)
values (2107, 1);
insert into EB_ROLEPERM (PERM_ID, ROLE_ID)
values (2108, 1);
insert into EB_ROLEPERM (PERM_ID, ROLE_ID)
values (2109, 1);
insert into EB_ROLEPERM (PERM_ID, ROLE_ID)
values (2110, 1);
insert into EB_ROLEPERM (PERM_ID, ROLE_ID)
values (2141, 1);
insert into EB_ROLEPERM (PERM_ID, ROLE_ID)
values (2142, 1);
commit;
prompt 100 records committed...
insert into EB_ROLEPERM (PERM_ID, ROLE_ID)
values (2145, 1);
insert into EB_ROLEPERM (PERM_ID, ROLE_ID)
values (2146, 1);
insert into EB_ROLEPERM (PERM_ID, ROLE_ID)
values (2147, 1);
insert into EB_ROLEPERM (PERM_ID, ROLE_ID)
values (2148, 1);
insert into EB_ROLEPERM (PERM_ID, ROLE_ID)
values (2149, 1);
insert into EB_ROLEPERM (PERM_ID, ROLE_ID)
values (2150, 1);
insert into EB_ROLEPERM (PERM_ID, ROLE_ID)
values (2151, 1);
insert into EB_ROLEPERM (PERM_ID, ROLE_ID)
values (2153, 1);
insert into EB_ROLEPERM (PERM_ID, ROLE_ID)
values (2154, 1);
insert into EB_ROLEPERM (PERM_ID, ROLE_ID)
values (2155, 1);
insert into EB_ROLEPERM (PERM_ID, ROLE_ID)
values (2156, 1);
insert into EB_ROLEPERM (PERM_ID, ROLE_ID)
values (2176, 1);
insert into EB_ROLEPERM (PERM_ID, ROLE_ID)
values (2178, 1);
insert into EB_ROLEPERM (PERM_ID, ROLE_ID)
values (2180, 1);
insert into EB_ROLEPERM (PERM_ID, ROLE_ID)
values (2181, 1);
insert into EB_ROLEPERM (PERM_ID, ROLE_ID)
values (2182, 1);
insert into EB_ROLEPERM (PERM_ID, ROLE_ID)
values (2183, 1);
insert into EB_ROLEPERM (PERM_ID, ROLE_ID)
values (2184, 1);
insert into EB_ROLEPERM (PERM_ID, ROLE_ID)
values (2187, 1);
insert into EB_ROLEPERM (PERM_ID, ROLE_ID)
values (3000, 1);
insert into EB_ROLEPERM (PERM_ID, ROLE_ID)
values (6000, 1);
insert into EB_ROLEPERM (PERM_ID, ROLE_ID)
values (6001, 1);
insert into EB_ROLEPERM (PERM_ID, ROLE_ID)
values (6002, 1);
insert into EB_ROLEPERM (PERM_ID, ROLE_ID)
values (6003, 1);
insert into EB_ROLEPERM (PERM_ID, ROLE_ID)
values (6005, 1);
insert into EB_ROLEPERM (PERM_ID, ROLE_ID)
values (6007, 1);
insert into EB_ROLEPERM (PERM_ID, ROLE_ID)
values (6008, 1);
insert into EB_ROLEPERM (PERM_ID, ROLE_ID)
values (6009, 1);
insert into EB_ROLEPERM (PERM_ID, ROLE_ID)
values (6011, 1);
insert into EB_ROLEPERM (PERM_ID, ROLE_ID)
values (6020, 1);
insert into EB_ROLEPERM (PERM_ID, ROLE_ID)
values (6030, 1);
insert into EB_ROLEPERM (PERM_ID, ROLE_ID)
values (6031, 1);
insert into EB_ROLEPERM (PERM_ID, ROLE_ID)
values (6032, 1);
insert into EB_ROLEPERM (PERM_ID, ROLE_ID)
values (6033, 1);
insert into EB_ROLEPERM (PERM_ID, ROLE_ID)
values (6034, 1);
insert into EB_ROLEPERM (PERM_ID, ROLE_ID)
values (6035, 1);
insert into EB_ROLEPERM (PERM_ID, ROLE_ID)
values (6036, 1);
insert into EB_ROLEPERM (PERM_ID, ROLE_ID)
values (6037, 1);
insert into EB_ROLEPERM (PERM_ID, ROLE_ID)
values (6040, 1);
insert into EB_ROLEPERM (PERM_ID, ROLE_ID)
values (6070, 1);
insert into EB_ROLEPERM (PERM_ID, ROLE_ID)
values (6071, 1);
insert into EB_ROLEPERM (PERM_ID, ROLE_ID)
values (6073, 1);
insert into EB_ROLEPERM (PERM_ID, ROLE_ID)
values (6074, 1);
insert into EB_ROLEPERM (PERM_ID, ROLE_ID)
values (7000, 1);
insert into EB_ROLEPERM (PERM_ID, ROLE_ID)
values (7001, 1);
insert into EB_ROLEPERM (PERM_ID, ROLE_ID)
values (7002, 1);
insert into EB_ROLEPERM (PERM_ID, ROLE_ID)
values (7003, 1);
insert into EB_ROLEPERM (PERM_ID, ROLE_ID)
values (7004, 1);
insert into EB_ROLEPERM (PERM_ID, ROLE_ID)
values (7005, 1);
insert into EB_ROLEPERM (PERM_ID, ROLE_ID)
values (8000, 1);
insert into EB_ROLEPERM (PERM_ID, ROLE_ID)
values (8001, 1);
insert into EB_ROLEPERM (PERM_ID, ROLE_ID)
values (8002, 1);
insert into EB_ROLEPERM (PERM_ID, ROLE_ID)
values (8003, 1);
insert into EB_ROLEPERM (PERM_ID, ROLE_ID)
values (8004, 1);
insert into EB_ROLEPERM (PERM_ID, ROLE_ID)
values (8005, 1);
insert into EB_ROLEPERM (PERM_ID, ROLE_ID)
values (8006, 1);
insert into EB_ROLEPERM (PERM_ID, ROLE_ID)
values (8007, 1);
insert into EB_ROLEPERM (PERM_ID, ROLE_ID)
values (8009, 1);
insert into EB_ROLEPERM (PERM_ID, ROLE_ID)
values (8010, 1);
insert into EB_ROLEPERM (PERM_ID, ROLE_ID)
values (8011, 1);
insert into EB_ROLEPERM (PERM_ID, ROLE_ID)
values (8012, 1);
insert into EB_ROLEPERM (PERM_ID, ROLE_ID)
values (9000, 1);
insert into EB_ROLEPERM (PERM_ID, ROLE_ID)
values (9001, 1);
insert into EB_ROLEPERM (PERM_ID, ROLE_ID)
values (9002, 1);
insert into EB_ROLEPERM (PERM_ID, ROLE_ID)
values (9003, 1);
insert into EB_ROLEPERM (PERM_ID, ROLE_ID)
values (9004, 1);
insert into EB_ROLEPERM (PERM_ID, ROLE_ID)
values (9005, 1);
insert into EB_ROLEPERM (PERM_ID, ROLE_ID)
values (9006, 1);
insert into EB_ROLEPERM (PERM_ID, ROLE_ID)
values (9100, 1);
insert into EB_ROLEPERM (PERM_ID, ROLE_ID)
values (9101, 1);
insert into EB_ROLEPERM (PERM_ID, ROLE_ID)
values (9102, 1);
insert into EB_ROLEPERM (PERM_ID, ROLE_ID)
values (9103, 1);
insert into EB_ROLEPERM (PERM_ID, ROLE_ID)
values (9104, 1);
insert into EB_ROLEPERM (PERM_ID, ROLE_ID)
values (500001, 1);
insert into EB_ROLEPERM (PERM_ID, ROLE_ID)
values (500011, 1);
insert into EB_ROLEPERM (PERM_ID, ROLE_ID)
values (500111, 1);
insert into EB_ROLEPERM (PERM_ID, ROLE_ID)
values (500112, 1);
insert into EB_ROLEPERM (PERM_ID, ROLE_ID)
values (500113, 1);
insert into EB_ROLEPERM (PERM_ID, ROLE_ID)
values (500114, 1);
commit;
prompt 179 records loaded
prompt Loading EB_ROLE_AREA...
insert into EB_ROLE_AREA (AREA_ID, ROLE_ID, PERMISSION_TYPE)
values (10010, 1, 1);
insert into EB_ROLE_AREA (AREA_ID, ROLE_ID, PERMISSION_TYPE)
values (10011, 1, 1);
insert into EB_ROLE_AREA (AREA_ID, ROLE_ID, PERMISSION_TYPE)
values (10012, 1, 1);
insert into EB_ROLE_AREA (AREA_ID, ROLE_ID, PERMISSION_TYPE)
values (10013, 1, 1);
insert into EB_ROLE_AREA (AREA_ID, ROLE_ID, PERMISSION_TYPE)
values (10014, 1, 1);
insert into EB_ROLE_AREA (AREA_ID, ROLE_ID, PERMISSION_TYPE)
values (10010, 1, 2);
insert into EB_ROLE_AREA (AREA_ID, ROLE_ID, PERMISSION_TYPE)
values (10011, 1, 2);
insert into EB_ROLE_AREA (AREA_ID, ROLE_ID, PERMISSION_TYPE)
values (10012, 1, 2);
insert into EB_ROLE_AREA (AREA_ID, ROLE_ID, PERMISSION_TYPE)
values (10013, 1, 2);
insert into EB_ROLE_AREA (AREA_ID, ROLE_ID, PERMISSION_TYPE)
values (10014, 1, 2);
insert into EB_ROLE_AREA (AREA_ID, ROLE_ID, PERMISSION_TYPE)
values (10001, 1, 1);
insert into EB_ROLE_AREA (AREA_ID, ROLE_ID, PERMISSION_TYPE)
values (10002, 1, 1);
insert into EB_ROLE_AREA (AREA_ID, ROLE_ID, PERMISSION_TYPE)
values (10003, 1, 1);
insert into EB_ROLE_AREA (AREA_ID, ROLE_ID, PERMISSION_TYPE)
values (10004, 1, 1);
insert into EB_ROLE_AREA (AREA_ID, ROLE_ID, PERMISSION_TYPE)
values (10005, 1, 1);
insert into EB_ROLE_AREA (AREA_ID, ROLE_ID, PERMISSION_TYPE)
values (10006, 1, 1);
insert into EB_ROLE_AREA (AREA_ID, ROLE_ID, PERMISSION_TYPE)
values (10007, 1, 1);
insert into EB_ROLE_AREA (AREA_ID, ROLE_ID, PERMISSION_TYPE)
values (10008, 1, 1);
insert into EB_ROLE_AREA (AREA_ID, ROLE_ID, PERMISSION_TYPE)
values (10009, 1, 1);
insert into EB_ROLE_AREA (AREA_ID, ROLE_ID, PERMISSION_TYPE)
values (10001, 1, 2);
insert into EB_ROLE_AREA (AREA_ID, ROLE_ID, PERMISSION_TYPE)
values (10002, 1, 2);
insert into EB_ROLE_AREA (AREA_ID, ROLE_ID, PERMISSION_TYPE)
values (10003, 1, 2);
insert into EB_ROLE_AREA (AREA_ID, ROLE_ID, PERMISSION_TYPE)
values (10004, 1, 2);
insert into EB_ROLE_AREA (AREA_ID, ROLE_ID, PERMISSION_TYPE)
values (10005, 1, 2);
insert into EB_ROLE_AREA (AREA_ID, ROLE_ID, PERMISSION_TYPE)
values (10006, 1, 2);
insert into EB_ROLE_AREA (AREA_ID, ROLE_ID, PERMISSION_TYPE)
values (10007, 1, 2);
insert into EB_ROLE_AREA (AREA_ID, ROLE_ID, PERMISSION_TYPE)
values (10008, 1, 2);
insert into EB_ROLE_AREA (AREA_ID, ROLE_ID, PERMISSION_TYPE)
values (10009, 1, 2);
commit;
prompt 28 records loaded
prompt Loading EB_ROLE_BUSINESS_SCOPE...
insert into EB_ROLE_BUSINESS_SCOPE (BUSINESS_SCOPE_ID, ROLE_ID)
values (1, 1);
insert into EB_ROLE_BUSINESS_SCOPE (BUSINESS_SCOPE_ID, ROLE_ID)
values (2, 1);
commit;
prompt 2 records loaded
prompt Loading EB_ROLE_ORDER_TYPE...
insert into EB_ROLE_ORDER_TYPE (ROLE_ID, ORDER_TYPE)
values (1, 1);
insert into EB_ROLE_ORDER_TYPE (ROLE_ID, ORDER_TYPE)
values (1, 2);
insert into EB_ROLE_ORDER_TYPE (ROLE_ID, ORDER_TYPE)
values (1, 3);
insert into EB_ROLE_ORDER_TYPE (ROLE_ID, ORDER_TYPE)
values (1, 4);
insert into EB_ROLE_ORDER_TYPE (ROLE_ID, ORDER_TYPE)
values (1, 5);
commit;
prompt 5 records loaded
prompt Loading EB_SAFETY_CONFIG...
prompt Table is empty
prompt Loading EB_SECKILL...
prompt Table is empty
prompt Loading EB_SECKILL_QUA...
prompt Table is empty
prompt Loading EB_SECKILL_SKU...
prompt Table is empty
prompt Loading EB_SENSITIVE_WORD...
prompt Table is empty
prompt Loading EB_SHIP_ADDR...
insert into EB_SHIP_ADDR (SHIP_ADDR_ID, PTL_USER_ID, SHIP_NAME, PROVINCE, CITY, DISTRICT, ZIP_CODE, ADDR, PHONE, DEFAULT_ADDR, FIXED_PHONE)
values (10840, 27589, '王涛', '辽宁省', '辽阳市', '白塔区', '111000', '北哨街金福贵源小区', '13898270957', 1, null);
insert into EB_SHIP_ADDR (SHIP_ADDR_ID, PTL_USER_ID, SHIP_NAME, PROVINCE, CITY, DISTRICT, ZIP_CODE, ADDR, PHONE, DEFAULT_ADDR, FIXED_PHONE)
values (10980, 28012, '秦语', '辽宁省', '大连市', '甘井子区', '116113', '大连湾街道丽湾海景湾连园16号楼2单元402', '13889552105', 1, null);
insert into EB_SHIP_ADDR (SHIP_ADDR_ID, PTL_USER_ID, SHIP_NAME, PROVINCE, CITY, DISTRICT, ZIP_CODE, ADDR, PHONE, DEFAULT_ADDR, FIXED_PHONE)
values (11000, 23623, '姜永丰', '辽宁省', '沈阳市', '和平区', '110021', '爱工北街9号保利百合花园东园20栋3单元12楼4室', '15842338368', 1, null);
insert into EB_SHIP_ADDR (SHIP_ADDR_ID, PTL_USER_ID, SHIP_NAME, PROVINCE, CITY, DISTRICT, ZIP_CODE, ADDR, PHONE, DEFAULT_ADDR, FIXED_PHONE)
values (11002, 28092, '许国怀', '黑龙江省', '哈尔滨市', '南岗区', '150000', '学府路319号五栋2单元802', '13889886321', 1, null);
insert into EB_SHIP_ADDR (SHIP_ADDR_ID, PTL_USER_ID, SHIP_NAME, PROVINCE, CITY, DISTRICT, ZIP_CODE, ADDR, PHONE, DEFAULT_ADDR, FIXED_PHONE)
values (11060, 28348, '宋志超', '辽宁省', '沈阳市', '康平县', '110506', '郝官乡小塔子村', '13804999361', 1, null);
insert into EB_SHIP_ADDR (SHIP_ADDR_ID, PTL_USER_ID, SHIP_NAME, PROVINCE, CITY, DISTRICT, ZIP_CODE, ADDR, PHONE, DEFAULT_ADDR, FIXED_PHONE)
values (11560, 29431, '王晓海', '辽宁省', '沈阳市', '和平区', '110000', '大东区小北关街41号数码大厦711室', '15998122227', 1, null);
insert into EB_SHIP_ADDR (SHIP_ADDR_ID, PTL_USER_ID, SHIP_NAME, PROVINCE, CITY, DISTRICT, ZIP_CODE, ADDR, PHONE, DEFAULT_ADDR, FIXED_PHONE)
values (11580, 11431, '明卓', '辽宁省', '大连市', '甘井子区', '116001', '虹港路213号3单元4楼2号', '15840873987', 1, null);
insert into EB_SHIP_ADDR (SHIP_ADDR_ID, PTL_USER_ID, SHIP_NAME, PROVINCE, CITY, DISTRICT, ZIP_CODE, ADDR, PHONE, DEFAULT_ADDR, FIXED_PHONE)
values (4880, 6160, '于琳琳', '辽宁省', '营口市', '盖州市', '115209', '十字街镇高台子村3号32', '15140400299', 1, null);
insert into EB_SHIP_ADDR (SHIP_ADDR_ID, PTL_USER_ID, SHIP_NAME, PROVINCE, CITY, DISTRICT, ZIP_CODE, ADDR, PHONE, DEFAULT_ADDR, FIXED_PHONE)
values (5000, 5398, '赵志北', '辽宁省', '锦州市', '古塔区', '121000', '松坡路二段', '15941243868', 1, null);
insert into EB_SHIP_ADDR (SHIP_ADDR_ID, PTL_USER_ID, SHIP_NAME, PROVINCE, CITY, DISTRICT, ZIP_CODE, ADDR, PHONE, DEFAULT_ADDR, FIXED_PHONE)
values (5021, 5503, '赵博', '辽宁省', '大连市', '甘井子区', '116033', '千山路2号', '13390514577', 1, null);
insert into EB_SHIP_ADDR (SHIP_ADDR_ID, PTL_USER_ID, SHIP_NAME, PROVINCE, CITY, DISTRICT, ZIP_CODE, ADDR, PHONE, DEFAULT_ADDR, FIXED_PHONE)
values (6920, 9489, '吴丽荣', '辽宁省', '沈阳市', '大东区', '110043', '和睦路99杠1号5单元4楼2号', '13555735525', 1, null);
insert into EB_SHIP_ADDR (SHIP_ADDR_ID, PTL_USER_ID, SHIP_NAME, PROVINCE, CITY, DISTRICT, ZIP_CODE, ADDR, PHONE, DEFAULT_ADDR, FIXED_PHONE)
values (8966, 15112, '顾国华', '辽宁省', '沈阳市', '皇姑区', '110031', '宁山中路42号羽丰大厦', '13840443927', 1, null);
insert into EB_SHIP_ADDR (SHIP_ADDR_ID, PTL_USER_ID, SHIP_NAME, PROVINCE, CITY, DISTRICT, ZIP_CODE, ADDR, PHONE, DEFAULT_ADDR, FIXED_PHONE)
values (9585, 17904, '王菲', '辽宁省', '大连市', '沙河口区', '116023', '马兰广场', '13840958195', 1, null);
insert into EB_SHIP_ADDR (SHIP_ADDR_ID, PTL_USER_ID, SHIP_NAME, PROVINCE, CITY, DISTRICT, ZIP_CODE, ADDR, PHONE, DEFAULT_ADDR, FIXED_PHONE)
values (10541, 4203, '刘红明', '辽宁省', '抚顺市', '望花区', '113001', '丹东路西段一号辽宁石油化工大学', '18242313686', 1, null);
insert into EB_SHIP_ADDR (SHIP_ADDR_ID, PTL_USER_ID, SHIP_NAME, PROVINCE, CITY, DISTRICT, ZIP_CODE, ADDR, PHONE, DEFAULT_ADDR, FIXED_PHONE)
values (10600, 26958, '崔？', '辽宁省', '沈阳市', '和平区', '110000', '南六中路122号千缘爱语城', '15942342111', 1, null);
insert into EB_SHIP_ADDR (SHIP_ADDR_ID, PTL_USER_ID, SHIP_NAME, PROVINCE, CITY, DISTRICT, ZIP_CODE, ADDR, PHONE, DEFAULT_ADDR, FIXED_PHONE)
values (10620, 27016, '朱天杰', '辽宁省', '大连市', '金州区', '116600', '大连开发区同和里28号楼4单元201', '13591368689', 1, null);
insert into EB_SHIP_ADDR (SHIP_ADDR_ID, PTL_USER_ID, SHIP_NAME, PROVINCE, CITY, DISTRICT, ZIP_CODE, ADDR, PHONE, DEFAULT_ADDR, FIXED_PHONE)
values (10621, 27058, '赵东栋', '辽宁省', '沈阳市', '和平区', '110004', '三好街90号艾特714', '13555850530', 1, null);
insert into EB_SHIP_ADDR (SHIP_ADDR_ID, PTL_USER_ID, SHIP_NAME, PROVINCE, CITY, DISTRICT, ZIP_CODE, ADDR, PHONE, DEFAULT_ADDR, FIXED_PHONE)
values (7100, 9765, '杜敬', '辽宁省', '沈阳市', '铁西区', '110023', '路官二街6杠8号272', '13889296292', 1, null);
insert into EB_SHIP_ADDR (SHIP_ADDR_ID, PTL_USER_ID, SHIP_NAME, PROVINCE, CITY, DISTRICT, ZIP_CODE, ADDR, PHONE, DEFAULT_ADDR, FIXED_PHONE)
values (8000, 5229, '赵博', '辽宁省', '大连市', '甘井子区', '116033', '千山路2号华南商厦A座407室', '13390514577', 1, null);
insert into EB_SHIP_ADDR (SHIP_ADDR_ID, PTL_USER_ID, SHIP_NAME, PROVINCE, CITY, DISTRICT, ZIP_CODE, ADDR, PHONE, DEFAULT_ADDR, FIXED_PHONE)
values (9423, 17054, '刘志方', '辽宁省', '朝阳市', '双塔区', '122000', '他拉皋镇木营子村2组122号', '13634917420', 1, null);
insert into EB_SHIP_ADDR (SHIP_ADDR_ID, PTL_USER_ID, SHIP_NAME, PROVINCE, CITY, DISTRICT, ZIP_CODE, ADDR, PHONE, DEFAULT_ADDR, FIXED_PHONE)
values (3980, 4867, '苑春更', '辽宁省', '葫芦岛市', '兴城市', '125911', '武警8620部队85分队', '13898919701', 1, null);
insert into EB_SHIP_ADDR (SHIP_ADDR_ID, PTL_USER_ID, SHIP_NAME, PROVINCE, CITY, DISTRICT, ZIP_CODE, ADDR, PHONE, DEFAULT_ADDR, FIXED_PHONE)
values (4900, 6163, '孟宪法', '辽宁省', '沈阳市', '和平区', '110003', '绥化西街2号312室', '13940356180', 1, null);
insert into EB_SHIP_ADDR (SHIP_ADDR_ID, PTL_USER_ID, SHIP_NAME, PROVINCE, CITY, DISTRICT, ZIP_CODE, ADDR, PHONE, DEFAULT_ADDR, FIXED_PHONE)
values (5020, 6304, '滕艳梅', '辽宁省', '大连市', '沙河口区', '116021', '五一路13号奥斯威尔咖啡店', '15840966564', 1, null);
insert into EB_SHIP_ADDR (SHIP_ADDR_ID, PTL_USER_ID, SHIP_NAME, PROVINCE, CITY, DISTRICT, ZIP_CODE, ADDR, PHONE, DEFAULT_ADDR, FIXED_PHONE)
values (5661, 7433, '周洪江', '辽宁省', '锦州市', '义县', '121100', '振兴街', '13941690126', 1, null);
insert into EB_SHIP_ADDR (SHIP_ADDR_ID, PTL_USER_ID, SHIP_NAME, PROVINCE, CITY, DISTRICT, ZIP_CODE, ADDR, PHONE, DEFAULT_ADDR, FIXED_PHONE)
values (6520, 7971, '辛德凤', '辽宁省', '沈阳市', '于洪区', '110034', '龙首山路73331龙逸花园二期', '13898883042', 1, null);
insert into EB_SHIP_ADDR (SHIP_ADDR_ID, PTL_USER_ID, SHIP_NAME, PROVINCE, CITY, DISTRICT, ZIP_CODE, ADDR, PHONE, DEFAULT_ADDR, FIXED_PHONE)
values (6540, 8980, '张新', '辽宁省', '沈阳市', '沈河区', '110000', '文萃路181号4号161', '13840408387', 1, null);
insert into EB_SHIP_ADDR (SHIP_ADDR_ID, PTL_USER_ID, SHIP_NAME, PROVINCE, CITY, DISTRICT, ZIP_CODE, ADDR, PHONE, DEFAULT_ADDR, FIXED_PHONE)
values (6541, 8946, '谢丰晓', '辽宁省', '沈阳市', '和平区', '110001', '北二马路92号', '18740032389', 1, null);
insert into EB_SHIP_ADDR (SHIP_ADDR_ID, PTL_USER_ID, SHIP_NAME, PROVINCE, CITY, DISTRICT, ZIP_CODE, ADDR, PHONE, DEFAULT_ADDR, FIXED_PHONE)
values (6620, 9102, '刘晓明', '辽宁省', '辽阳市', '白塔区', '111000', '中心路16号', '13904197787', 1, null);
insert into EB_SHIP_ADDR (SHIP_ADDR_ID, PTL_USER_ID, SHIP_NAME, PROVINCE, CITY, DISTRICT, ZIP_CODE, ADDR, PHONE, DEFAULT_ADDR, FIXED_PHONE)
values (7420, 10184, '13904112622', '辽宁省', '大连市', '西岗区', '116000', '春都园25号23楼5号', '13904112622', 1, null);
insert into EB_SHIP_ADDR (SHIP_ADDR_ID, PTL_USER_ID, SHIP_NAME, PROVINCE, CITY, DISTRICT, ZIP_CODE, ADDR, PHONE, DEFAULT_ADDR, FIXED_PHONE)
values (8141, 12537, '丛威', '辽宁省', '鞍山市', '立山区', '114000', '园林大道456栋', '13998056178', 1, null);
insert into EB_SHIP_ADDR (SHIP_ADDR_ID, PTL_USER_ID, SHIP_NAME, PROVINCE, CITY, DISTRICT, ZIP_CODE, ADDR, PHONE, DEFAULT_ADDR, FIXED_PHONE)
values (8900, 15206, '张福全', '辽宁省', '沈阳市', '皇姑区', '110034', '万山路422号楼442', '13889265920', 1, null);
insert into EB_SHIP_ADDR (SHIP_ADDR_ID, PTL_USER_ID, SHIP_NAME, PROVINCE, CITY, DISTRICT, ZIP_CODE, ADDR, PHONE, DEFAULT_ADDR, FIXED_PHONE)
values (8901, 15233, '李颖', '辽宁省', '抚顺市', '顺城区', '113006', '银河湾小区H座2单元1602', '13941380086', 1, null);
insert into EB_SHIP_ADDR (SHIP_ADDR_ID, PTL_USER_ID, SHIP_NAME, PROVINCE, CITY, DISTRICT, ZIP_CODE, ADDR, PHONE, DEFAULT_ADDR, FIXED_PHONE)
values (9543, 17614, '曹峰', '辽宁省', '抚顺市', '顺城区', '113001', '顺城路中段50号抚顺机械制造有限公司机加工场', '13941321420', 1, null);
insert into EB_SHIP_ADDR (SHIP_ADDR_ID, PTL_USER_ID, SHIP_NAME, PROVINCE, CITY, DISTRICT, ZIP_CODE, ADDR, PHONE, DEFAULT_ADDR, FIXED_PHONE)
values (9562, 17734, '吴海林', '辽宁省', '大连市', '中山区', '116000', '大连市中山区万民街50号', '15641159066', 1, null);
insert into EB_SHIP_ADDR (SHIP_ADDR_ID, PTL_USER_ID, SHIP_NAME, PROVINCE, CITY, DISTRICT, ZIP_CODE, ADDR, PHONE, DEFAULT_ADDR, FIXED_PHONE)
values (10320, 23300, '吕晓博', '辽宁省', '葫芦岛市', '建昌县', '125300', '辽宁省建昌县建昌镇兴业花园小楼3单元302', '18698994456', 1, null);
insert into EB_SHIP_ADDR (SHIP_ADDR_ID, PTL_USER_ID, SHIP_NAME, PROVINCE, CITY, DISTRICT, ZIP_CODE, ADDR, PHONE, DEFAULT_ADDR, FIXED_PHONE)
values (10700, 27236, '张振德', '辽宁省', '沈阳市', '沈河区', '110013', '市府大路290号摩根凯利大厦A座27层8室华融期货', '13604184883', 1, null);
insert into EB_SHIP_ADDR (SHIP_ADDR_ID, PTL_USER_ID, SHIP_NAME, PROVINCE, CITY, DISTRICT, ZIP_CODE, ADDR, PHONE, DEFAULT_ADDR, FIXED_PHONE)
values (10720, 27267, '翁武', '云南省', '普洱市', '景东彝族自治县', '676299', '南正街148号', '15842116511', 1, null);
insert into EB_SHIP_ADDR (SHIP_ADDR_ID, PTL_USER_ID, SHIP_NAME, PROVINCE, CITY, DISTRICT, ZIP_CODE, ADDR, PHONE, DEFAULT_ADDR, FIXED_PHONE)
values (11741, 29873, '陈曦', '辽宁省', '沈阳市', '铁西区', '110141', '沈阳经济技术开发区开发北27号路11号沈阳华扬机械有限公司', '15242008065', 1, null);
insert into EB_SHIP_ADDR (SHIP_ADDR_ID, PTL_USER_ID, SHIP_NAME, PROVINCE, CITY, DISTRICT, ZIP_CODE, ADDR, PHONE, DEFAULT_ADDR, FIXED_PHONE)
values (11801, 30030, '李强', '辽宁省', '抚顺市', '顺城区', '113000', '唯美品格', '15841337337', 1, null);
insert into EB_SHIP_ADDR (SHIP_ADDR_ID, PTL_USER_ID, SHIP_NAME, PROVINCE, CITY, DISTRICT, ZIP_CODE, ADDR, PHONE, DEFAULT_ADDR, FIXED_PHONE)
values (3360, 3804, '张瑶', '辽宁省', '沈阳市', '和平区', '110000', '测试1', '13840025708', 1, null);
insert into EB_SHIP_ADDR (SHIP_ADDR_ID, PTL_USER_ID, SHIP_NAME, PROVINCE, CITY, DISTRICT, ZIP_CODE, ADDR, PHONE, DEFAULT_ADDR, FIXED_PHONE)
values (3460, 3912, '李卫江', '辽宁省', '大连市', '甘井子区', '116085', '黄浦路901号F3楼601室软件测试事业部', '13591754604', 1, null);
insert into EB_SHIP_ADDR (SHIP_ADDR_ID, PTL_USER_ID, SHIP_NAME, PROVINCE, CITY, DISTRICT, ZIP_CODE, ADDR, PHONE, DEFAULT_ADDR, FIXED_PHONE)
values (6380, 8523, '崔英姬', '辽宁省', '大连市', '西岗区', '110611', '英华街21号前程国际花园C21102', '13898449254', 1, null);
insert into EB_SHIP_ADDR (SHIP_ADDR_ID, PTL_USER_ID, SHIP_NAME, PROVINCE, CITY, DISTRICT, ZIP_CODE, ADDR, PHONE, DEFAULT_ADDR, FIXED_PHONE)
values (8081, 12282, '才大鹏', '辽宁省', '大连市', '西岗区', '116011', '大连市西岗区新开路69号锦绣大厦1403室', '15140333573', 1, null);
insert into EB_SHIP_ADDR (SHIP_ADDR_ID, PTL_USER_ID, SHIP_NAME, PROVINCE, CITY, DISTRICT, ZIP_CODE, ADDR, PHONE, DEFAULT_ADDR, FIXED_PHONE)
values (8082, 12492, '张丹', '辽宁省', '沈阳市', '和平区', '111000', '万柳街', '13624011808', 1, null);
insert into EB_SHIP_ADDR (SHIP_ADDR_ID, PTL_USER_ID, SHIP_NAME, PROVINCE, CITY, DISTRICT, ZIP_CODE, ADDR, PHONE, DEFAULT_ADDR, FIXED_PHONE)
values (8504, 13899, '翟亮', '辽宁省', '大连市', '中山区', '116001', '铁山巷32号七楼四号', '15840913816', 1, null);
insert into EB_SHIP_ADDR (SHIP_ADDR_ID, PTL_USER_ID, SHIP_NAME, PROVINCE, CITY, DISTRICT, ZIP_CODE, ADDR, PHONE, DEFAULT_ADDR, FIXED_PHONE)
values (8562, 14097, '焦健', '辽宁省', '营口市', '大石桥市', '115104', '汤匙镇二道领村', '15140765428', 0, null);
insert into EB_SHIP_ADDR (SHIP_ADDR_ID, PTL_USER_ID, SHIP_NAME, PROVINCE, CITY, DISTRICT, ZIP_CODE, ADDR, PHONE, DEFAULT_ADDR, FIXED_PHONE)
values (10662, 27194, '张喜春', '辽宁省', '沈阳市', '铁西区', '110026', '保工北街38至2号6门二层', '13940394169', 1, null);
insert into EB_SHIP_ADDR (SHIP_ADDR_ID, PTL_USER_ID, SHIP_NAME, PROVINCE, CITY, DISTRICT, ZIP_CODE, ADDR, PHONE, DEFAULT_ADDR, FIXED_PHONE)
values (10680, 27197, '王昌义', '辽宁省', '沈阳市', '东陵区', '110176', '浑南新区南堤东路1号香堤湾售楼处', '13842009044', 1, null);
insert into EB_SHIP_ADDR (SHIP_ADDR_ID, PTL_USER_ID, SHIP_NAME, PROVINCE, CITY, DISTRICT, ZIP_CODE, ADDR, PHONE, DEFAULT_ADDR, FIXED_PHONE)
values (10681, 27214, '邢军', '辽宁省', '沈阳市', '沈河区', '110014', '东滨河路128号绮云新村7号楼', '13889217464', 1, null);
insert into EB_SHIP_ADDR (SHIP_ADDR_ID, PTL_USER_ID, SHIP_NAME, PROVINCE, CITY, DISTRICT, ZIP_CODE, ADDR, PHONE, DEFAULT_ADDR, FIXED_PHONE)
values (10780, 27418, '尚世伟', '辽宁省', '鞍山市', '海城市', '114200', '海城市公安局', '15141208566', 1, null);
insert into EB_SHIP_ADDR (SHIP_ADDR_ID, PTL_USER_ID, SHIP_NAME, PROVINCE, CITY, DISTRICT, ZIP_CODE, ADDR, PHONE, DEFAULT_ADDR, FIXED_PHONE)
values (11140, 6391, '刘彦', '辽宁省', '大连市', '甘井子区', '116000', '华东人家111A1单元13楼1号', '13940892861', 1, null);
insert into EB_SHIP_ADDR (SHIP_ADDR_ID, PTL_USER_ID, SHIP_NAME, PROVINCE, CITY, DISTRICT, ZIP_CODE, ADDR, PHONE, DEFAULT_ADDR, FIXED_PHONE)
values (11240, 28502, '刘骅', '辽宁省', '鞍山市', '铁西区', '114016', '解放西路883栋33号鞍山睿达花园新城32栋9楼1号', '13591595303', 1, null);
insert into EB_SHIP_ADDR (SHIP_ADDR_ID, PTL_USER_ID, SHIP_NAME, PROVINCE, CITY, DISTRICT, ZIP_CODE, ADDR, PHONE, DEFAULT_ADDR, FIXED_PHONE)
values (3161, 3449, '黄欢', '辽宁省', '沈阳市', '和平区', '110035', '78号', '15998303536', 1, null);
insert into EB_SHIP_ADDR (SHIP_ADDR_ID, PTL_USER_ID, SHIP_NAME, PROVINCE, CITY, DISTRICT, ZIP_CODE, ADDR, PHONE, DEFAULT_ADDR, FIXED_PHONE)
values (3300, 3721, '骆娟', '辽宁省', '锦州市', '太和区', '121100', '辽宁省锦州市太和区凯旋家园', '14704161546', 1, null);
insert into EB_SHIP_ADDR (SHIP_ADDR_ID, PTL_USER_ID, SHIP_NAME, PROVINCE, CITY, DISTRICT, ZIP_CODE, ADDR, PHONE, DEFAULT_ADDR, FIXED_PHONE)
values (3761, 4572, '袁红斌', '辽宁省', '大连市', '甘井子区', '116023', '高新园区七贤岭爱贤街10号A座205室', '15941127928', 1, null);
insert into EB_SHIP_ADDR (SHIP_ADDR_ID, PTL_USER_ID, SHIP_NAME, PROVINCE, CITY, DISTRICT, ZIP_CODE, ADDR, PHONE, DEFAULT_ADDR, FIXED_PHONE)
values (4362, 5430, '马志红', '辽宁省', '大连市', '金州区', '116600', '金州新区得胜镇张屯', '13840810785', 1, null);
insert into EB_SHIP_ADDR (SHIP_ADDR_ID, PTL_USER_ID, SHIP_NAME, PROVINCE, CITY, DISTRICT, ZIP_CODE, ADDR, PHONE, DEFAULT_ADDR, FIXED_PHONE)
values (5080, 6384, '盛一凡', '辽宁省', '沈阳市', '铁西区', '110023', '韵动领地五号楼1单元14楼1门', '13624005552', 1, null);
insert into EB_SHIP_ADDR (SHIP_ADDR_ID, PTL_USER_ID, SHIP_NAME, PROVINCE, CITY, DISTRICT, ZIP_CODE, ADDR, PHONE, DEFAULT_ADDR, FIXED_PHONE)
values (5500, 7128, '郝景峰', '辽宁省', '锦州市', '古塔区', '121000', '敬业街道办事处春熙嘉园', '18604166447', 1, null);
insert into EB_SHIP_ADDR (SHIP_ADDR_ID, PTL_USER_ID, SHIP_NAME, PROVINCE, CITY, DISTRICT, ZIP_CODE, ADDR, PHONE, DEFAULT_ADDR, FIXED_PHONE)
values (6181, 8401, '王成祥', '辽宁省', '丹东市', '东港市', '118300', '辽宁省丹东市东港市黄海大街桥东超市', '13700150605', 1, null);
insert into EB_SHIP_ADDR (SHIP_ADDR_ID, PTL_USER_ID, SHIP_NAME, PROVINCE, CITY, DISTRICT, ZIP_CODE, ADDR, PHONE, DEFAULT_ADDR, FIXED_PHONE)
values (7960, 12223, '葛鑫', '辽宁省', '沈阳市', '和平区', '110002', '北九马路20号', '13516005209', 1, null);
insert into EB_SHIP_ADDR (SHIP_ADDR_ID, PTL_USER_ID, SHIP_NAME, PROVINCE, CITY, DISTRICT, ZIP_CODE, ADDR, PHONE, DEFAULT_ADDR, FIXED_PHONE)
values (8200, 12676, '杨群芳', '辽宁省', '营口市', '西市区', '115004', '民兴河一街77号', '15840770964', 1, null);
insert into EB_SHIP_ADDR (SHIP_ADDR_ID, PTL_USER_ID, SHIP_NAME, PROVINCE, CITY, DISTRICT, ZIP_CODE, ADDR, PHONE, DEFAULT_ADDR, FIXED_PHONE)
values (8340, 12997, '袁秀忠', '辽宁省', '辽阳市', '太子河区', '111000', '徐往子103煤场', '15941966613', 1, null);
insert into EB_SHIP_ADDR (SHIP_ADDR_ID, PTL_USER_ID, SHIP_NAME, PROVINCE, CITY, DISTRICT, ZIP_CODE, ADDR, PHONE, DEFAULT_ADDR, FIXED_PHONE)
values (8921, 15274, '金连淑', '辽宁省', '大连市', '沙河口区', '116023', '软件园东路30号21号楼', '13591718107', 1, null);
insert into EB_SHIP_ADDR (SHIP_ADDR_ID, PTL_USER_ID, SHIP_NAME, PROVINCE, CITY, DISTRICT, ZIP_CODE, ADDR, PHONE, DEFAULT_ADDR, FIXED_PHONE)
values (8940, 15068, '林雨竹', '辽宁省', '大连市', '中山区', '116000', '中山路10号302', '13514117771', 1, null);
insert into EB_SHIP_ADDR (SHIP_ADDR_ID, PTL_USER_ID, SHIP_NAME, PROVINCE, CITY, DISTRICT, ZIP_CODE, ADDR, PHONE, DEFAULT_ADDR, FIXED_PHONE)
values (8943, 15310, '韩学鹏', '辽宁省', '沈阳市', '东陵区', '110168', '浑南新区文溯街17', '13840071090', 1, null);
insert into EB_SHIP_ADDR (SHIP_ADDR_ID, PTL_USER_ID, SHIP_NAME, PROVINCE, CITY, DISTRICT, ZIP_CODE, ADDR, PHONE, DEFAULT_ADDR, FIXED_PHONE)
values (8945, 15322, '杨立刚', '辽宁省', '朝阳市', '喀喇沁左翼蒙古族自治县', '122314', '六管营子镇', '18204062427', 1, null);
insert into EB_SHIP_ADDR (SHIP_ADDR_ID, PTL_USER_ID, SHIP_NAME, PROVINCE, CITY, DISTRICT, ZIP_CODE, ADDR, PHONE, DEFAULT_ADDR, FIXED_PHONE)
values (9900, 17987, '孙育民', '辽宁省', '沈阳市', '苏家屯区', '110101', '香杨路77号河畔一期107号楼1单元1楼2号', '13998883028', 1, null);
insert into EB_SHIP_ADDR (SHIP_ADDR_ID, PTL_USER_ID, SHIP_NAME, PROVINCE, CITY, DISTRICT, ZIP_CODE, ADDR, PHONE, DEFAULT_ADDR, FIXED_PHONE)
values (10102, 20934, '邢少宏', '辽宁省', '沈阳市', '铁西区', '110000', '马壮街50甲', '15904101892', 1, null);
insert into EB_SHIP_ADDR (SHIP_ADDR_ID, PTL_USER_ID, SHIP_NAME, PROVINCE, CITY, DISTRICT, ZIP_CODE, ADDR, PHONE, DEFAULT_ADDR, FIXED_PHONE)
values (10422, 26345, '邵丽', '辽宁省', '大连市', '西岗区', '116021', '景润小区新康巷29号', '13940932866', 1, null);
insert into EB_SHIP_ADDR (SHIP_ADDR_ID, PTL_USER_ID, SHIP_NAME, PROVINCE, CITY, DISTRICT, ZIP_CODE, ADDR, PHONE, DEFAULT_ADDR, FIXED_PHONE)
values (11300, 28846, '李浩', '辽宁省', '鞍山市', '铁西区', '114000', '解放路66号德氏', '13674220277', 1, null);
insert into EB_SHIP_ADDR (SHIP_ADDR_ID, PTL_USER_ID, SHIP_NAME, PROVINCE, CITY, DISTRICT, ZIP_CODE, ADDR, PHONE, DEFAULT_ADDR, FIXED_PHONE)
values (11340, 28897, '陈志东', '辽宁省', '大连市', '甘井子区', '116001', '海口路海桥园33号3单元3楼1号', '13998615150', 1, null);
insert into EB_SHIP_ADDR (SHIP_ADDR_ID, PTL_USER_ID, SHIP_NAME, PROVINCE, CITY, DISTRICT, ZIP_CODE, ADDR, PHONE, DEFAULT_ADDR, FIXED_PHONE)
values (11420, 28891, '刘天明', '辽宁省', '大连市', '金州区', '116100', '东山路金星小区188号楼1单元103号', '13591313722', 1, null);
insert into EB_SHIP_ADDR (SHIP_ADDR_ID, PTL_USER_ID, SHIP_NAME, PROVINCE, CITY, DISTRICT, ZIP_CODE, ADDR, PHONE, DEFAULT_ADDR, FIXED_PHONE)
values (7780, 11834, '王冬梅', '辽宁省', '大连市', '中山区', '116011', '明泽街16号丽苑大厦7楼N国凤航空王冬梅收', '15998486919', 1, null);
insert into EB_SHIP_ADDR (SHIP_ADDR_ID, PTL_USER_ID, SHIP_NAME, PROVINCE, CITY, DISTRICT, ZIP_CODE, ADDR, PHONE, DEFAULT_ADDR, FIXED_PHONE)
values (8502, 11763, '13904137017', '辽宁省', '抚顺市', '顺城区', '113006', '临江路中段浑河花园11号楼3单元402房', '13904138911', 1, null);
insert into EB_SHIP_ADDR (SHIP_ADDR_ID, PTL_USER_ID, SHIP_NAME, PROVINCE, CITY, DISTRICT, ZIP_CODE, ADDR, PHONE, DEFAULT_ADDR, FIXED_PHONE)
values (8600, 14261, '刘小南', '辽宁省', '沈阳市', '新民市', '110300', '西城街西郊路1组142号', '15242033714', 1, null);
insert into EB_SHIP_ADDR (SHIP_ADDR_ID, PTL_USER_ID, SHIP_NAME, PROVINCE, CITY, DISTRICT, ZIP_CODE, ADDR, PHONE, DEFAULT_ADDR, FIXED_PHONE)
values (8601, 14317, '徐鹏', '辽宁省', '沈阳市', '苏家屯区', '110101', '玫瑰街4号1单元16楼1号', '13898834136', 1, null);
insert into EB_SHIP_ADDR (SHIP_ADDR_ID, PTL_USER_ID, SHIP_NAME, PROVINCE, CITY, DISTRICT, ZIP_CODE, ADDR, PHONE, DEFAULT_ADDR, FIXED_PHONE)
values (9564, 17761, '肖春明', '辽宁省', '沈阳市', '东陵区', '110000', '飞云路3号蓝英公司', '13889883069', 1, null);
insert into EB_SHIP_ADDR (SHIP_ADDR_ID, PTL_USER_ID, SHIP_NAME, PROVINCE, CITY, DISTRICT, ZIP_CODE, ADDR, PHONE, DEFAULT_ADDR, FIXED_PHONE)
values (10161, 21302, '崔双', '辽宁省', '大连市', '金州区', '116600', '金马路232号中国工商银行', '15841183606', 1, null);
insert into EB_SHIP_ADDR (SHIP_ADDR_ID, PTL_USER_ID, SHIP_NAME, PROVINCE, CITY, DISTRICT, ZIP_CODE, ADDR, PHONE, DEFAULT_ADDR, FIXED_PHONE)
values (10180, 23035, '葛磊', '辽宁省', '鞍山市', '铁东区', '114000', '绿化街47号鞍山市史志办公室', '15941212365', 1, null);
insert into EB_SHIP_ADDR (SHIP_ADDR_ID, PTL_USER_ID, SHIP_NAME, PROVINCE, CITY, DISTRICT, ZIP_CODE, ADDR, PHONE, DEFAULT_ADDR, FIXED_PHONE)
values (10702, 27255, '张晓铭', '辽宁省', '大连市', '金州区', '116100', '和平路2号2号楼1单元', '15840898760', 1, null);
insert into EB_SHIP_ADDR (SHIP_ADDR_ID, PTL_USER_ID, SHIP_NAME, PROVINCE, CITY, DISTRICT, ZIP_CODE, ADDR, PHONE, DEFAULT_ADDR, FIXED_PHONE)
values (3100, 3240, '何鹏', '辽宁省', '沈阳市', '铁西区', '110011', '北三东路32号2车库8门', '15004018740', 1, null);
insert into EB_SHIP_ADDR (SHIP_ADDR_ID, PTL_USER_ID, SHIP_NAME, PROVINCE, CITY, DISTRICT, ZIP_CODE, ADDR, PHONE, DEFAULT_ADDR, FIXED_PHONE)
values (3621, 3662, '李尊睿', '辽宁省', '鞍山市', '铁东区', '114000', '深营路欧华小区20号2单元601', '18804127090', 1, null);
insert into EB_SHIP_ADDR (SHIP_ADDR_ID, PTL_USER_ID, SHIP_NAME, PROVINCE, CITY, DISTRICT, ZIP_CODE, ADDR, PHONE, DEFAULT_ADDR, FIXED_PHONE)
values (4480, 5606, '张琳', '辽宁省', '沈阳市', '和平区', '110002', '太原北街1号中国光大银行', '18640107797', 1, null);
insert into EB_SHIP_ADDR (SHIP_ADDR_ID, PTL_USER_ID, SHIP_NAME, PROVINCE, CITY, DISTRICT, ZIP_CODE, ADDR, PHONE, DEFAULT_ADDR, FIXED_PHONE)
values (4700, 5328, '李佶', '辽宁省', '沈阳市', '和平区', '110005', '南十马路79号', '15909886618', 1, null);
insert into EB_SHIP_ADDR (SHIP_ADDR_ID, PTL_USER_ID, SHIP_NAME, PROVINCE, CITY, DISTRICT, ZIP_CODE, ADDR, PHONE, DEFAULT_ADDR, FIXED_PHONE)
values (4721, 5945, '于涛', '辽宁省', '大连市', '西岗区', '116011', '西岗区新开路89号金广大厦B座404', '13478703200', 1, null);
insert into EB_SHIP_ADDR (SHIP_ADDR_ID, PTL_USER_ID, SHIP_NAME, PROVINCE, CITY, DISTRICT, ZIP_CODE, ADDR, PHONE, DEFAULT_ADDR, FIXED_PHONE)
values (4723, 5962, '赵欣', '辽宁省', '沈阳市', '沈河区', '110013', '团结路一零一至一号楼1单元6楼2号', '13514288186', 1, null);
insert into EB_SHIP_ADDR (SHIP_ADDR_ID, PTL_USER_ID, SHIP_NAME, PROVINCE, CITY, DISTRICT, ZIP_CODE, ADDR, PHONE, DEFAULT_ADDR, FIXED_PHONE)
values (4960, 6241, '于幸民', '辽宁省', '沈阳市', '东陵区', '110000', '浑南东路九号', '13940229623', 1, null);
insert into EB_SHIP_ADDR (SHIP_ADDR_ID, PTL_USER_ID, SHIP_NAME, PROVINCE, CITY, DISTRICT, ZIP_CODE, ADDR, PHONE, DEFAULT_ADDR, FIXED_PHONE)
values (5840, 7753, '王现', '辽宁省', '沈阳市', '东陵区', '110179', '沈阳浑南新区新秀街2号东软集团股份有限公司', '13644905226', 1, null);
insert into EB_SHIP_ADDR (SHIP_ADDR_ID, PTL_USER_ID, SHIP_NAME, PROVINCE, CITY, DISTRICT, ZIP_CODE, ADDR, PHONE, DEFAULT_ADDR, FIXED_PHONE)
values (6000, 6057, '于波', '辽宁省', '沈阳市', '沈河区', '110000', '承德路11一4号9一4一1', '15840291321', 1, null);
insert into EB_SHIP_ADDR (SHIP_ADDR_ID, PTL_USER_ID, SHIP_NAME, PROVINCE, CITY, DISTRICT, ZIP_CODE, ADDR, PHONE, DEFAULT_ADDR, FIXED_PHONE)
values (6060, 8207, '张瑞雪', '辽宁省', '本溪市', '明山区', '117000', '北光路本钢文化中心', '13841493265', 1, null);
insert into EB_SHIP_ADDR (SHIP_ADDR_ID, PTL_USER_ID, SHIP_NAME, PROVINCE, CITY, DISTRICT, ZIP_CODE, ADDR, PHONE, DEFAULT_ADDR, FIXED_PHONE)
values (6921, 9492, '程军', '辽宁省', '沈阳市', '皇姑区', '110031', '黄河南大街78过6号凯兴花园1单元12楼1号', '13804015767', 1, null);
insert into EB_SHIP_ADDR (SHIP_ADDR_ID, PTL_USER_ID, SHIP_NAME, PROVINCE, CITY, DISTRICT, ZIP_CODE, ADDR, PHONE, DEFAULT_ADDR, FIXED_PHONE)
values (7040, 9646, '刘金明', '辽宁省', '大连市', '甘井子区', '116036', '营城子镇沙岗子村沙岗新居55楼1单元602', '13478461209', 1, null);
insert into EB_SHIP_ADDR (SHIP_ADDR_ID, PTL_USER_ID, SHIP_NAME, PROVINCE, CITY, DISTRICT, ZIP_CODE, ADDR, PHONE, DEFAULT_ADDR, FIXED_PHONE)
values (9381, 16775, '鞠旭光', '辽宁省', '盘锦市', '大洼县', '124219', '新兴镇', '13909876385', 1, null);
insert into EB_SHIP_ADDR (SHIP_ADDR_ID, PTL_USER_ID, SHIP_NAME, PROVINCE, CITY, DISTRICT, ZIP_CODE, ADDR, PHONE, DEFAULT_ADDR, FIXED_PHONE)
values (9942, 7681, '周海峰', '辽宁省', '辽阳市', '白塔区', '111000', '民主路108号', '13904197712', 1, null);
insert into EB_SHIP_ADDR (SHIP_ADDR_ID, PTL_USER_ID, SHIP_NAME, PROVINCE, CITY, DISTRICT, ZIP_CODE, ADDR, PHONE, DEFAULT_ADDR, FIXED_PHONE)
values (10223, 23125, '关晨', '辽宁省', '沈阳市', '和平区', '122000', '蓝海城A区9号楼203', '13704188245', 1, null);
insert into EB_SHIP_ADDR (SHIP_ADDR_ID, PTL_USER_ID, SHIP_NAME, PROVINCE, CITY, DISTRICT, ZIP_CODE, ADDR, PHONE, DEFAULT_ADDR, FIXED_PHONE)
values (10361, 12361, '宋书范', '辽宁省', '大连市', '甘井子区', '116085', '高新技术园区黄浦路907号', '13591359139', 1, null);
insert into EB_SHIP_ADDR (SHIP_ADDR_ID, PTL_USER_ID, SHIP_NAME, PROVINCE, CITY, DISTRICT, ZIP_CODE, ADDR, PHONE, DEFAULT_ADDR, FIXED_PHONE)
values (5100, 5223, '梁志永', '辽宁省', '沈阳市', '铁西区', '110025', '云峰北街10号一门', '13840028353', 1, null);
insert into EB_SHIP_ADDR (SHIP_ADDR_ID, PTL_USER_ID, SHIP_NAME, PROVINCE, CITY, DISTRICT, ZIP_CODE, ADDR, PHONE, DEFAULT_ADDR, FIXED_PHONE)
values (7620, 10587, '王雨生', '辽宁省', '沈阳市', '铁西区', '110020', '景星南街90号橱柜门业精品城家仕得家居', '13644067320', 1, null);
insert into EB_SHIP_ADDR (SHIP_ADDR_ID, PTL_USER_ID, SHIP_NAME, PROVINCE, CITY, DISTRICT, ZIP_CODE, ADDR, PHONE, DEFAULT_ADDR, FIXED_PHONE)
values (8320, 12962, '赵园园', '辽宁省', '抚顺市', '顺城区', '113000', '长春街顺城中心小学旁', '15840268481', 1, null);
insert into EB_SHIP_ADDR (SHIP_ADDR_ID, PTL_USER_ID, SHIP_NAME, PROVINCE, CITY, DISTRICT, ZIP_CODE, ADDR, PHONE, DEFAULT_ADDR, FIXED_PHONE)
values (8762, 14776, '刘生柱', '辽宁省', '大连市', '旅顺口区', '116052', '顺乐街329号大连布重克电机有限公司财务部', '13654094710', 1, null);
commit;
prompt 100 records committed...
insert into EB_SHIP_ADDR (SHIP_ADDR_ID, PTL_USER_ID, SHIP_NAME, PROVINCE, CITY, DISTRICT, ZIP_CODE, ADDR, PHONE, DEFAULT_ADDR, FIXED_PHONE)
values (9460, 10964, '王先生', '辽宁省', '大连市', '中山区', '116001', '大连市中山区祝贺街35号锦联大厦5楼', '15840874682', 1, null);
insert into EB_SHIP_ADDR (SHIP_ADDR_ID, PTL_USER_ID, SHIP_NAME, PROVINCE, CITY, DISTRICT, ZIP_CODE, ADDR, PHONE, DEFAULT_ADDR, FIXED_PHONE)
values (9820, 19166, '曹玉伟', '辽宁省', '铁岭市', '开原市', '112300', '孙台路90号楼3单元353号', '13898572718', 1, null);
insert into EB_SHIP_ADDR (SHIP_ADDR_ID, PTL_USER_ID, SHIP_NAME, PROVINCE, CITY, DISTRICT, ZIP_CODE, ADDR, PHONE, DEFAULT_ADDR, FIXED_PHONE)
values (9980, 20217, '周英明', '辽宁省', '沈阳市', '和平区', '110004', '东北大学本部五舍740', '15940232849', 1, null);
insert into EB_SHIP_ADDR (SHIP_ADDR_ID, PTL_USER_ID, SHIP_NAME, PROVINCE, CITY, DISTRICT, ZIP_CODE, ADDR, PHONE, DEFAULT_ADDR, FIXED_PHONE)
values (10160, 21252, '马文慧', '辽宁省', '沈阳市', '和平区', '110819', '文化路3号巷11号东北大学4舍', '13998392406', 1, null);
insert into EB_SHIP_ADDR (SHIP_ADDR_ID, PTL_USER_ID, SHIP_NAME, PROVINCE, CITY, DISTRICT, ZIP_CODE, ADDR, PHONE, DEFAULT_ADDR, FIXED_PHONE)
values (3440, 3728, '朱志伟', '辽宁省', '大连市', '沙河口区', '116023', '中山路457号生物楼111室', '15004262406', 1, null);
insert into EB_SHIP_ADDR (SHIP_ADDR_ID, PTL_USER_ID, SHIP_NAME, PROVINCE, CITY, DISTRICT, ZIP_CODE, ADDR, PHONE, DEFAULT_ADDR, FIXED_PHONE)
values (3620, 4222, '李勇', '辽宁省', '大连市', '沙河口区', '116000', '西安路200号德源小区五号楼一单元一楼一号', '13842603799', 1, null);
insert into EB_SHIP_ADDR (SHIP_ADDR_ID, PTL_USER_ID, SHIP_NAME, PROVINCE, CITY, DISTRICT, ZIP_CODE, ADDR, PHONE, DEFAULT_ADDR, FIXED_PHONE)
values (6460, 8861, '张天祥', '辽宁省', '铁岭市', '昌图县', '115599', '昌图一高高二化学组', '18741050593', 1, null);
insert into EB_SHIP_ADDR (SHIP_ADDR_ID, PTL_USER_ID, SHIP_NAME, PROVINCE, CITY, DISTRICT, ZIP_CODE, ADDR, PHONE, DEFAULT_ADDR, FIXED_PHONE)
values (7440, 10189, '王洪军', '辽宁省', '大连市', '沙河口区', '116038', '泡崖国贸街8号国际商贸城56c', '13889656560', 1, null);
insert into EB_SHIP_ADDR (SHIP_ADDR_ID, PTL_USER_ID, SHIP_NAME, PROVINCE, CITY, DISTRICT, ZIP_CODE, ADDR, PHONE, DEFAULT_ADDR, FIXED_PHONE)
values (7520, 10367, '郭冲', '辽宁省', '大连市', '西岗区', '116001', '黄河路18号立邦漆', '13644238633', 1, null);
insert into EB_SHIP_ADDR (SHIP_ADDR_ID, PTL_USER_ID, SHIP_NAME, PROVINCE, CITY, DISTRICT, ZIP_CODE, ADDR, PHONE, DEFAULT_ADDR, FIXED_PHONE)
values (8021, 6534, '何秀兰', '辽宁省', '鞍山市', '海城市', '114200', '环城东路84号楼一单元10号', '13841257529', 1, null);
insert into EB_SHIP_ADDR (SHIP_ADDR_ID, PTL_USER_ID, SHIP_NAME, PROVINCE, CITY, DISTRICT, ZIP_CODE, ADDR, PHONE, DEFAULT_ADDR, FIXED_PHONE)
values (8542, 14007, '王淑玲', '辽宁省', '大连市', '金州区', '116600', '鹏程家园', '15942816859', 1, null);
insert into EB_SHIP_ADDR (SHIP_ADDR_ID, PTL_USER_ID, SHIP_NAME, PROVINCE, CITY, DISTRICT, ZIP_CODE, ADDR, PHONE, DEFAULT_ADDR, FIXED_PHONE)
values (8965, 15478, '龚少牧', '辽宁省', '大连市', '瓦房店市', '116300', '新华路20号瓦房店市国家税务局', '13066667566', 1, null);
insert into EB_SHIP_ADDR (SHIP_ADDR_ID, PTL_USER_ID, SHIP_NAME, PROVINCE, CITY, DISTRICT, ZIP_CODE, ADDR, PHONE, DEFAULT_ADDR, FIXED_PHONE)
values (10120, 21085, '张万春', '辽宁省', '阜新市', '阜新蒙古族自治县', '123100', '95937部队77分队', '13841802980', 1, null);
insert into EB_SHIP_ADDR (SHIP_ADDR_ID, PTL_USER_ID, SHIP_NAME, PROVINCE, CITY, DISTRICT, ZIP_CODE, ADDR, PHONE, DEFAULT_ADDR, FIXED_PHONE)
values (10421, 26337, '王晔', '辽宁省', '大连市', '沙河口区', '116021', '高新园区腾飞软件园二号馆9楼野村信息技术有限公司', '15140486861', 1, null);
insert into EB_SHIP_ADDR (SHIP_ADDR_ID, PTL_USER_ID, SHIP_NAME, PROVINCE, CITY, DISTRICT, ZIP_CODE, ADDR, PHONE, DEFAULT_ADDR, FIXED_PHONE)
values (10520, 26633, '张显波', '辽宁省', '鞍山市', '铁西区', '114000', '群建街10栋三单元48号', '15042200120', 1, null);
insert into EB_SHIP_ADDR (SHIP_ADDR_ID, PTL_USER_ID, SHIP_NAME, PROVINCE, CITY, DISTRICT, ZIP_CODE, ADDR, PHONE, DEFAULT_ADDR, FIXED_PHONE)
values (10960, 27985, '王新翠', '辽宁省', '大连市', '甘井子区', '116113', '大连湾镇碧海人家512', '18742583159', 1, null);
insert into EB_SHIP_ADDR (SHIP_ADDR_ID, PTL_USER_ID, SHIP_NAME, PROVINCE, CITY, DISTRICT, ZIP_CODE, ADDR, PHONE, DEFAULT_ADDR, FIXED_PHONE)
values (11061, 28357, '宋文轩', '辽宁省', '沈阳市', '皇姑区', '110000', '梅江街106号431', '13591410930', 1, null);
insert into EB_SHIP_ADDR (SHIP_ADDR_ID, PTL_USER_ID, SHIP_NAME, PROVINCE, CITY, DISTRICT, ZIP_CODE, ADDR, PHONE, DEFAULT_ADDR, FIXED_PHONE)
values (11120, 28500, '温明成', '辽宁省', '大连市', '中山区', '116001', '育才街大连市委党史研究室', '13504951500', 1, null);
insert into EB_SHIP_ADDR (SHIP_ADDR_ID, PTL_USER_ID, SHIP_NAME, PROVINCE, CITY, DISTRICT, ZIP_CODE, ADDR, PHONE, DEFAULT_ADDR, FIXED_PHONE)
values (11181, 28419, '许玲玲', '辽宁省', '大连市', '西岗区', '116005', '沿海街一号大连造船重工船研所船体一室', '13555991500', 1, null);
insert into EB_SHIP_ADDR (SHIP_ADDR_ID, PTL_USER_ID, SHIP_NAME, PROVINCE, CITY, DISTRICT, ZIP_CODE, ADDR, PHONE, DEFAULT_ADDR, FIXED_PHONE)
values (7580, 10383, '刘克洪', '辽宁省', '辽阳市', '白塔区', '111000', '辽阳市安居小区', '13504202260', 1, null);
insert into EB_SHIP_ADDR (SHIP_ADDR_ID, PTL_USER_ID, SHIP_NAME, PROVINCE, CITY, DISTRICT, ZIP_CODE, ADDR, PHONE, DEFAULT_ADDR, FIXED_PHONE)
values (8920, 15245, '顾国华', '辽宁省', '沈阳市', '和平区', '110030', '125', '13840443927', 1, null);
insert into EB_SHIP_ADDR (SHIP_ADDR_ID, PTL_USER_ID, SHIP_NAME, PROVINCE, CITY, DISTRICT, ZIP_CODE, ADDR, PHONE, DEFAULT_ADDR, FIXED_PHONE)
values (8944, 9806, '刘盛桥', '辽宁省', '大连市', '瓦房店市', '116500', '万众水果新城六号楼五单元301室', '15898181085', 0, null);
insert into EB_SHIP_ADDR (SHIP_ADDR_ID, PTL_USER_ID, SHIP_NAME, PROVINCE, CITY, DISTRICT, ZIP_CODE, ADDR, PHONE, DEFAULT_ADDR, FIXED_PHONE)
values (8960, 15375, '高志福', '辽宁省', '大连市', '金州区', '116600', '辽河西2路28号', '15942495594', 1, null);
insert into EB_SHIP_ADDR (SHIP_ADDR_ID, PTL_USER_ID, SHIP_NAME, PROVINCE, CITY, DISTRICT, ZIP_CODE, ADDR, PHONE, DEFAULT_ADDR, FIXED_PHONE)
values (9544, 17600, '谷振贵', '辽宁省', '葫芦岛市', '龙港区', '125001', '凌云书香苑小区21号楼2单元501室', '13842925149', 1, null);
insert into EB_SHIP_ADDR (SHIP_ADDR_ID, PTL_USER_ID, SHIP_NAME, PROVINCE, CITY, DISTRICT, ZIP_CODE, ADDR, PHONE, DEFAULT_ADDR, FIXED_PHONE)
values (9545, 17619, '华小方', '辽宁省', '大连市', '甘井子区', '116024', '大连理工大学西山宿舍18舍303', '13514110492', 1, null);
insert into EB_SHIP_ADDR (SHIP_ADDR_ID, PTL_USER_ID, SHIP_NAME, PROVINCE, CITY, DISTRICT, ZIP_CODE, ADDR, PHONE, DEFAULT_ADDR, FIXED_PHONE)
values (3760, 4573, '刘婷', '辽宁省', '沈阳市', '和平区', '110003', '十一纬路和平区36号兴业银行403室', '13700049807', 1, null);
insert into EB_SHIP_ADDR (SHIP_ADDR_ID, PTL_USER_ID, SHIP_NAME, PROVINCE, CITY, DISTRICT, ZIP_CODE, ADDR, PHONE, DEFAULT_ADDR, FIXED_PHONE)
values (4820, 6090, '18809839965', '辽宁省', '沈阳市', '和平区', '110000', '长白西路万科城', '13756504406', 1, null);
insert into EB_SHIP_ADDR (SHIP_ADDR_ID, PTL_USER_ID, SHIP_NAME, PROVINCE, CITY, DISTRICT, ZIP_CODE, ADDR, PHONE, DEFAULT_ADDR, FIXED_PHONE)
values (6160, 8380, '王洪宇', '辽宁省', '营口市', '大石桥市', '115100', '工业大街营口和平三华矿产有限公司', '13941705008', 1, null);
insert into EB_SHIP_ADDR (SHIP_ADDR_ID, PTL_USER_ID, SHIP_NAME, PROVINCE, CITY, DISTRICT, ZIP_CODE, ADDR, PHONE, DEFAULT_ADDR, FIXED_PHONE)
values (6600, 8872, '杨润波', '辽宁省', '沈阳市', '铁西区', '110011', '北三东路26号10门', '13840282106', 1, null);
insert into EB_SHIP_ADDR (SHIP_ADDR_ID, PTL_USER_ID, SHIP_NAME, PROVINCE, CITY, DISTRICT, ZIP_CODE, ADDR, PHONE, DEFAULT_ADDR, FIXED_PHONE)
values (6641, 9123, '刘艳红', '辽宁省', '沈阳市', '皇姑区', '110031', '崇山中路63号1218室', '13998198235', 1, null);
insert into EB_SHIP_ADDR (SHIP_ADDR_ID, PTL_USER_ID, SHIP_NAME, PROVINCE, CITY, DISTRICT, ZIP_CODE, ADDR, PHONE, DEFAULT_ADDR, FIXED_PHONE)
values (6660, 9057, '武巍', '辽宁省', '营口市', '站前区', '115002', '东阳路18号楼1单元1号', '13940969281', 1, null);
insert into EB_SHIP_ADDR (SHIP_ADDR_ID, PTL_USER_ID, SHIP_NAME, PROVINCE, CITY, DISTRICT, ZIP_CODE, ADDR, PHONE, DEFAULT_ADDR, FIXED_PHONE)
values (6700, 9181, '张大智', '辽宁省', '铁岭市', '昌图县', '112512', '八面城镇曙光小区3号楼我爱我家装饰', '02474448555', 1, null);
insert into EB_SHIP_ADDR (SHIP_ADDR_ID, PTL_USER_ID, SHIP_NAME, PROVINCE, CITY, DISTRICT, ZIP_CODE, ADDR, PHONE, DEFAULT_ADDR, FIXED_PHONE)
values (7220, 9854, '金英权', '辽宁省', '沈阳市', '沈河区', '110000', '文萃路253号131', '13998258260', 1, null);
insert into EB_SHIP_ADDR (SHIP_ADDR_ID, PTL_USER_ID, SHIP_NAME, PROVINCE, CITY, DISTRICT, ZIP_CODE, ADDR, PHONE, DEFAULT_ADDR, FIXED_PHONE)
values (8100, 12522, '徐凯', '辽宁省', '沈阳市', '沈河区', '110016', '文化路103号119信箱', '13555824755', 1, null);
insert into EB_SHIP_ADDR (SHIP_ADDR_ID, PTL_USER_ID, SHIP_NAME, PROVINCE, CITY, DISTRICT, ZIP_CODE, ADDR, PHONE, DEFAULT_ADDR, FIXED_PHONE)
values (9120, 16034, '黄丹', '辽宁省', '沈阳市', '和平区', '110000', '长白西路26一5万科城4一2楼26层2号', '18940188350', 1, null);
insert into EB_SHIP_ADDR (SHIP_ADDR_ID, PTL_USER_ID, SHIP_NAME, PROVINCE, CITY, DISTRICT, ZIP_CODE, ADDR, PHONE, DEFAULT_ADDR, FIXED_PHONE)
values (9720, 14552, '宁昌鹏', '广东省', '深圳市', '福田区', '518000', '香梅路中投国际商务中心B1栋7楼', '13555893790', 1, null);
insert into EB_SHIP_ADDR (SHIP_ADDR_ID, PTL_USER_ID, SHIP_NAME, PROVINCE, CITY, DISTRICT, ZIP_CODE, ADDR, PHONE, DEFAULT_ADDR, FIXED_PHONE)
values (9760, 18844, '彭晓烟', '辽宁省', '沈阳市', '沈河区', '110840', '文化路83号沈阳陆军总院通信分队', '13829992810', 1, null);
insert into EB_SHIP_ADDR (SHIP_ADDR_ID, PTL_USER_ID, SHIP_NAME, PROVINCE, CITY, DISTRICT, ZIP_CODE, ADDR, PHONE, DEFAULT_ADDR, FIXED_PHONE)
values (10401, 26244, '张静', '辽宁省', '沈阳市', '皇姑区', '110035', '黄浦江街8号', '15998821377', 1, null);
insert into EB_SHIP_ADDR (SHIP_ADDR_ID, PTL_USER_ID, SHIP_NAME, PROVINCE, CITY, DISTRICT, ZIP_CODE, ADDR, PHONE, DEFAULT_ADDR, FIXED_PHONE)
values (10481, 26581, '常宏', '辽宁省', '沈阳市', '和平区', '110000', '海口街31号272', '13478150850', 1, null);
insert into EB_SHIP_ADDR (SHIP_ADDR_ID, PTL_USER_ID, SHIP_NAME, PROVINCE, CITY, DISTRICT, ZIP_CODE, ADDR, PHONE, DEFAULT_ADDR, FIXED_PHONE)
values (11080, 28397, '张国祥', '辽宁省', '朝阳市', '龙城区', '122000', '龙泉街道东三家村', '13904216288', 1, null);
insert into EB_SHIP_ADDR (SHIP_ADDR_ID, PTL_USER_ID, SHIP_NAME, PROVINCE, CITY, DISTRICT, ZIP_CODE, ADDR, PHONE, DEFAULT_ADDR, FIXED_PHONE)
values (11260, 28772, '刘景新', '辽宁省', '大连市', '金州区', '116100', '光明街道南山路335号', '13942692913', 1, null);
insert into EB_SHIP_ADDR (SHIP_ADDR_ID, PTL_USER_ID, SHIP_NAME, PROVINCE, CITY, DISTRICT, ZIP_CODE, ADDR, PHONE, DEFAULT_ADDR, FIXED_PHONE)
values (11540, 29472, '王长辉', '辽宁省', '大连市', '甘井子区', '116023', '高新园区火炬路3号纳米大厦9楼抚挖重工', '13478564891', 1, null);
insert into EB_SHIP_ADDR (SHIP_ADDR_ID, PTL_USER_ID, SHIP_NAME, PROVINCE, CITY, DISTRICT, ZIP_CODE, ADDR, PHONE, DEFAULT_ADDR, FIXED_PHONE)
values (11800, 30028, '张国柱', '辽宁省', '抚顺市', '望花区', '113001', '五老东路115号楼3单元103室', '13804037792', 1, null);
insert into EB_SHIP_ADDR (SHIP_ADDR_ID, PTL_USER_ID, SHIP_NAME, PROVINCE, CITY, DISTRICT, ZIP_CODE, ADDR, PHONE, DEFAULT_ADDR, FIXED_PHONE)
values (4460, 5590, '黄嵩勋', '辽宁省', '沈阳市', '大东区', '110043', '小津桥路东远国纪9号楼2单元34楼1门', '13591605698', 1, null);
insert into EB_SHIP_ADDR (SHIP_ADDR_ID, PTL_USER_ID, SHIP_NAME, PROVINCE, CITY, DISTRICT, ZIP_CODE, ADDR, PHONE, DEFAULT_ADDR, FIXED_PHONE)
values (6880, 9432, '柳江红', '辽宁省', '沈阳市', '皇姑区', '111000', '金山路鸭绿巷富山花园4单元10楼2号', '15940386669', 1, null);
insert into EB_SHIP_ADDR (SHIP_ADDR_ID, PTL_USER_ID, SHIP_NAME, PROVINCE, CITY, DISTRICT, ZIP_CODE, ADDR, PHONE, DEFAULT_ADDR, FIXED_PHONE)
values (6900, 9458, '鲍卉', '辽宁省', '沈阳市', '于洪区', '110041', '南阳湖街', '15942066789', 1, null);
insert into EB_SHIP_ADDR (SHIP_ADDR_ID, PTL_USER_ID, SHIP_NAME, PROVINCE, CITY, DISTRICT, ZIP_CODE, ADDR, PHONE, DEFAULT_ADDR, FIXED_PHONE)
values (6901, 9472, '王世杰', '辽宁省', '鞍山市', '海城市', '114202', '南台镇向阳大街', '15140862668', 1, null);
insert into EB_SHIP_ADDR (SHIP_ADDR_ID, PTL_USER_ID, SHIP_NAME, PROVINCE, CITY, DISTRICT, ZIP_CODE, ADDR, PHONE, DEFAULT_ADDR, FIXED_PHONE)
values (8860, 15119, '顾国华', '辽宁省', '沈阳市', '皇姑区', '110031', '宁山中路42号羽丰大厦', '13840443927', 1, null);
insert into EB_SHIP_ADDR (SHIP_ADDR_ID, PTL_USER_ID, SHIP_NAME, PROVINCE, CITY, DISTRICT, ZIP_CODE, ADDR, PHONE, DEFAULT_ADDR, FIXED_PHONE)
values (8880, 15160, '王海燕', '辽宁省', '大连市', '旅顺口区', '116052', '顺乐街329号布鲁克电机', '13940812420', 1, null);
insert into EB_SHIP_ADDR (SHIP_ADDR_ID, PTL_USER_ID, SHIP_NAME, PROVINCE, CITY, DISTRICT, ZIP_CODE, ADDR, PHONE, DEFAULT_ADDR, FIXED_PHONE)
values (9701, 18520, '李凤艳', '辽宁省', '葫芦岛市', '建昌县', '125300', '建昌县大十字街贝贝佳婴幼儿用品店', '15009886428', 1, null);
insert into EB_SHIP_ADDR (SHIP_ADDR_ID, PTL_USER_ID, SHIP_NAME, PROVINCE, CITY, DISTRICT, ZIP_CODE, ADDR, PHONE, DEFAULT_ADDR, FIXED_PHONE)
values (10121, 21010, '赵洪强', '辽宁省', '营口市', '西市区', '115004', '辽宁省营口市沿海产业基地文化艺术中心', '15840778354', 1, null);
insert into EB_SHIP_ADDR (SHIP_ADDR_ID, PTL_USER_ID, SHIP_NAME, PROVINCE, CITY, DISTRICT, ZIP_CODE, ADDR, PHONE, DEFAULT_ADDR, FIXED_PHONE)
values (10921, 27888, '刘兵', '辽宁省', '鞍山市', '立山区', '114000', '胜利北路697楼5单元4号', '13674223321', 1, null);
insert into EB_SHIP_ADDR (SHIP_ADDR_ID, PTL_USER_ID, SHIP_NAME, PROVINCE, CITY, DISTRICT, ZIP_CODE, ADDR, PHONE, DEFAULT_ADDR, FIXED_PHONE)
values (10941, 27917, '闫斯林', '辽宁省', '营口市', '老边区', '115000', '杨家豪道口五矿营钢公寓N629', '18241750203', 1, null);
insert into EB_SHIP_ADDR (SHIP_ADDR_ID, PTL_USER_ID, SHIP_NAME, PROVINCE, CITY, DISTRICT, ZIP_CODE, ADDR, PHONE, DEFAULT_ADDR, FIXED_PHONE)
values (10982, 28045, '张晓', '辽宁省', '大连市', '金州区', '116102', '二十里堡镇志诚制衣', '13804268651', 1, null);
insert into EB_SHIP_ADDR (SHIP_ADDR_ID, PTL_USER_ID, SHIP_NAME, PROVINCE, CITY, DISTRICT, ZIP_CODE, ADDR, PHONE, DEFAULT_ADDR, FIXED_PHONE)
values (11021, 28281, '袁展', '辽宁省', '大连市', '中山区', '116001', '同兴街67号万科大厦2305室', '13941159792', 1, null);
insert into EB_SHIP_ADDR (SHIP_ADDR_ID, PTL_USER_ID, SHIP_NAME, PROVINCE, CITY, DISTRICT, ZIP_CODE, ADDR, PHONE, DEFAULT_ADDR, FIXED_PHONE)
values (11040, 28321, '赵学洋', '辽宁省', '大连市', '金州区', '116000', '开发区红梅小区73号楼物业公司', '15942433282', 1, null);
insert into EB_SHIP_ADDR (SHIP_ADDR_ID, PTL_USER_ID, SHIP_NAME, PROVINCE, CITY, DISTRICT, ZIP_CODE, ADDR, PHONE, DEFAULT_ADDR, FIXED_PHONE)
values (3040, 3222, '祝银花', '辽宁省', '营口市', '鲅鱼圈区', '115007', '三丰小区一号楼6单元401室', '15124224034', 1, null);
insert into EB_SHIP_ADDR (SHIP_ADDR_ID, PTL_USER_ID, SHIP_NAME, PROVINCE, CITY, DISTRICT, ZIP_CODE, ADDR, PHONE, DEFAULT_ADDR, FIXED_PHONE)
values (8641, 14166, '周鹏', '辽宁省', '辽阳市', '灯塔市', '111300', '四方小区', '18041927087', 1, null);
insert into EB_SHIP_ADDR (SHIP_ADDR_ID, PTL_USER_ID, SHIP_NAME, PROVINCE, CITY, DISTRICT, ZIP_CODE, ADDR, PHONE, DEFAULT_ADDR, FIXED_PHONE)
values (9100, 15995, '王茂贵', '辽宁省', '锦州市', '古塔区', '121000', '北一里150号', '13940660792', 1, null);
insert into EB_SHIP_ADDR (SHIP_ADDR_ID, PTL_USER_ID, SHIP_NAME, PROVINCE, CITY, DISTRICT, ZIP_CODE, ADDR, PHONE, DEFAULT_ADDR, FIXED_PHONE)
values (9540, 17573, '兰静', '辽宁省', '朝阳市', '龙城区', '122000', '黄河路五段一号5楼龙城区服务业局', '15042131161', 1, null);
insert into EB_SHIP_ADDR (SHIP_ADDR_ID, PTL_USER_ID, SHIP_NAME, PROVINCE, CITY, DISTRICT, ZIP_CODE, ADDR, PHONE, DEFAULT_ADDR, FIXED_PHONE)
values (9261, 16415, '亓忠华', '辽宁省', '抚顺市', '望花区', '113001', '望花大街翰林院小区', '13942343435', 1, null);
insert into EB_SHIP_ADDR (SHIP_ADDR_ID, PTL_USER_ID, SHIP_NAME, PROVINCE, CITY, DISTRICT, ZIP_CODE, ADDR, PHONE, DEFAULT_ADDR, FIXED_PHONE)
values (9341, 16747, '郑瑶', '辽宁省', '沈阳市', '于洪区', '110000', '东平湖街', '13604077521', 1, null);
insert into EB_SHIP_ADDR (SHIP_ADDR_ID, PTL_USER_ID, SHIP_NAME, PROVINCE, CITY, DISTRICT, ZIP_CODE, ADDR, PHONE, DEFAULT_ADDR, FIXED_PHONE)
values (10860, 27682, '张有文', '辽宁省', '沈阳市', '和平区', '110001', '胜利北街8号', '15842300992', 1, null);
insert into EB_SHIP_ADDR (SHIP_ADDR_ID, PTL_USER_ID, SHIP_NAME, PROVINCE, CITY, DISTRICT, ZIP_CODE, ADDR, PHONE, DEFAULT_ADDR, FIXED_PHONE)
values (10861, 27696, '邱永春', '辽宁省', '沈阳市', '沈河区', '110161', '东陵路18号甲上东花墅4期13号楼1单元六楼2室', '15940410396', 1, null);
insert into EB_SHIP_ADDR (SHIP_ADDR_ID, PTL_USER_ID, SHIP_NAME, PROVINCE, CITY, DISTRICT, ZIP_CODE, ADDR, PHONE, DEFAULT_ADDR, FIXED_PHONE)
values (11360, 28936, '武秀红', '辽宁省', '大连市', '西岗区', '116011', '新康巷12号楼2单元601', '13084122126', 1, null);
insert into EB_SHIP_ADDR (SHIP_ADDR_ID, PTL_USER_ID, SHIP_NAME, PROVINCE, CITY, DISTRICT, ZIP_CODE, ADDR, PHONE, DEFAULT_ADDR, FIXED_PHONE)
values (11900, 30360, '刘卫春', '辽宁省', '盘锦市', '兴隆台区', '124010', '盘锦市兴隆台区环利专用车制造有限公司', '15942785570', 1, null);
insert into EB_SHIP_ADDR (SHIP_ADDR_ID, PTL_USER_ID, SHIP_NAME, PROVINCE, CITY, DISTRICT, ZIP_CODE, ADDR, PHONE, DEFAULT_ADDR, FIXED_PHONE)
values (11940, 30382, '孙占军', '辽宁省', '盘锦市', '双台子区', '124000', '红旗大街', '15724376655', 1, null);
insert into EB_SHIP_ADDR (SHIP_ADDR_ID, PTL_USER_ID, SHIP_NAME, PROVINCE, CITY, DISTRICT, ZIP_CODE, ADDR, PHONE, DEFAULT_ADDR, FIXED_PHONE)
values (4520, 5644, '王阿宁', '辽宁省', '沈阳市', '和平区', '110000', '南京街', '13464001201', 1, null);
insert into EB_SHIP_ADDR (SHIP_ADDR_ID, PTL_USER_ID, SHIP_NAME, PROVINCE, CITY, DISTRICT, ZIP_CODE, ADDR, PHONE, DEFAULT_ADDR, FIXED_PHONE)
values (4542, 5656, '王丽', '辽宁省', '葫芦岛市', '兴城市', '125100', '天和大酒店', '15898247931', 1, null);
insert into EB_SHIP_ADDR (SHIP_ADDR_ID, PTL_USER_ID, SHIP_NAME, PROVINCE, CITY, DISTRICT, ZIP_CODE, ADDR, PHONE, DEFAULT_ADDR, FIXED_PHONE)
values (4601, 5785, '张振', '辽宁省', '沈阳市', '皇姑区', '110000', '宁山东路50号雯雯烟店', '15840436859', 1, null);
insert into EB_SHIP_ADDR (SHIP_ADDR_ID, PTL_USER_ID, SHIP_NAME, PROVINCE, CITY, DISTRICT, ZIP_CODE, ADDR, PHONE, DEFAULT_ADDR, FIXED_PHONE)
values (6320, 5230, '徐长玉', '辽宁省', '鞍山市', '海城市', '114200', '兴海海管理区苏家委534号', '15842258800', 1, null);
insert into EB_SHIP_ADDR (SHIP_ADDR_ID, PTL_USER_ID, SHIP_NAME, PROVINCE, CITY, DISTRICT, ZIP_CODE, ADDR, PHONE, DEFAULT_ADDR, FIXED_PHONE)
values (6780, 9207, '李东伟', '辽宁省', '葫芦岛市', '兴城市', '125110', '火车站', '13591950545', 1, null);
insert into EB_SHIP_ADDR (SHIP_ADDR_ID, PTL_USER_ID, SHIP_NAME, PROVINCE, CITY, DISTRICT, ZIP_CODE, ADDR, PHONE, DEFAULT_ADDR, FIXED_PHONE)
values (6804, 8423, '谭刚', '辽宁省', '葫芦岛市', '兴城市', '125100', '电业家园4号楼3单元201室', '13904290136', 1, null);
insert into EB_SHIP_ADDR (SHIP_ADDR_ID, PTL_USER_ID, SHIP_NAME, PROVINCE, CITY, DISTRICT, ZIP_CODE, ADDR, PHONE, DEFAULT_ADDR, FIXED_PHONE)
values (7280, 9970, '杨宁', '辽宁省', '辽阳市', '宏伟区', '111000', '亿方修配厂', '15902498653', 1, null);
insert into EB_SHIP_ADDR (SHIP_ADDR_ID, PTL_USER_ID, SHIP_NAME, PROVINCE, CITY, DISTRICT, ZIP_CODE, ADDR, PHONE, DEFAULT_ADDR, FIXED_PHONE)
values (7300, 9804, '潘剑峰', '辽宁省', '沈阳市', '于洪区', '110000', '于洪新城吉利湖街中建三局阳光100项目部', '13694199833', 1, null);
insert into EB_SHIP_ADDR (SHIP_ADDR_ID, PTL_USER_ID, SHIP_NAME, PROVINCE, CITY, DISTRICT, ZIP_CODE, ADDR, PHONE, DEFAULT_ADDR, FIXED_PHONE)
values (8482, 13654, '张鹏彦', '辽宁省', '抚顺市', '望花区', '113001', '八纬路街', '15904133600', 1, null);
insert into EB_SHIP_ADDR (SHIP_ADDR_ID, PTL_USER_ID, SHIP_NAME, PROVINCE, CITY, DISTRICT, ZIP_CODE, ADDR, PHONE, DEFAULT_ADDR, FIXED_PHONE)
values (8780, 14878, '佟金昌', '辽宁省', '抚顺市', '顺城区', '113003', '前甸镇靠山小区5号楼三单元401', '15941385472', 1, null);
insert into EB_SHIP_ADDR (SHIP_ADDR_ID, PTL_USER_ID, SHIP_NAME, PROVINCE, CITY, DISTRICT, ZIP_CODE, ADDR, PHONE, DEFAULT_ADDR, FIXED_PHONE)
values (10000, 20257, '王永超', '辽宁省', '营口市', '鲅鱼圈区', '115007', '鞍钢公寓四二五号楼四单元六零二', '13214177866', 1, null);
insert into EB_SHIP_ADDR (SHIP_ADDR_ID, PTL_USER_ID, SHIP_NAME, PROVINCE, CITY, DISTRICT, ZIP_CODE, ADDR, PHONE, DEFAULT_ADDR, FIXED_PHONE)
values (10222, 23125, '关晨', '辽宁省', '沈阳市', '和平区', '122000', '蓝海城A区9号楼203', '13704188245', 1, null);
insert into EB_SHIP_ADDR (SHIP_ADDR_ID, PTL_USER_ID, SHIP_NAME, PROVINCE, CITY, DISTRICT, ZIP_CODE, ADDR, PHONE, DEFAULT_ADDR, FIXED_PHONE)
values (10443, 26255, '高学武', '辽宁省', '大连市', '甘井子区', '116000', '高新园区高新街2号310', '13942050755', 1, null);
insert into EB_SHIP_ADDR (SHIP_ADDR_ID, PTL_USER_ID, SHIP_NAME, PROVINCE, CITY, DISTRICT, ZIP_CODE, ADDR, PHONE, DEFAULT_ADDR, FIXED_PHONE)
values (11480, 29216, '郭峰', '辽宁省', '沈阳市', '和平区', '210009', '清凉门大街68号8幢23单元501室', '13940305577', 1, null);
insert into EB_SHIP_ADDR (SHIP_ADDR_ID, PTL_USER_ID, SHIP_NAME, PROVINCE, CITY, DISTRICT, ZIP_CODE, ADDR, PHONE, DEFAULT_ADDR, FIXED_PHONE)
values (5240, 6677, '胡静', '辽宁省', '沈阳市', '铁西区', '110021', '景星北街44号', '15998814885', 1, null);
insert into EB_SHIP_ADDR (SHIP_ADDR_ID, PTL_USER_ID, SHIP_NAME, PROVINCE, CITY, DISTRICT, ZIP_CODE, ADDR, PHONE, DEFAULT_ADDR, FIXED_PHONE)
values (5580, 7316, '朱延辉', '辽宁省', '朝阳市', '凌源市', '122502', '凌源第六监狱', '15694216296', 1, null);
insert into EB_SHIP_ADDR (SHIP_ADDR_ID, PTL_USER_ID, SHIP_NAME, PROVINCE, CITY, DISTRICT, ZIP_CODE, ADDR, PHONE, DEFAULT_ADDR, FIXED_PHONE)
values (6261, 8433, '宋丽英', '辽宁省', '沈阳市', '和平区', '110000', '南十马路79号', '13840331705', 1, null);
insert into EB_SHIP_ADDR (SHIP_ADDR_ID, PTL_USER_ID, SHIP_NAME, PROVINCE, CITY, DISTRICT, ZIP_CODE, ADDR, PHONE, DEFAULT_ADDR, FIXED_PHONE)
values (7180, 5483, '刘琳', '辽宁省', '大连市', '甘井子区', '116000', '迎客路5B', '13909858503', 1, null);
insert into EB_SHIP_ADDR (SHIP_ADDR_ID, PTL_USER_ID, SHIP_NAME, PROVINCE, CITY, DISTRICT, ZIP_CODE, ADDR, PHONE, DEFAULT_ADDR, FIXED_PHONE)
values (7221, 9862, '张希才', '辽宁省', '沈阳市', '皇姑区', '110000', '昆山西路153号24号楼三单元603', '13840076136', 1, null);
insert into EB_SHIP_ADDR (SHIP_ADDR_ID, PTL_USER_ID, SHIP_NAME, PROVINCE, CITY, DISTRICT, ZIP_CODE, ADDR, PHONE, DEFAULT_ADDR, FIXED_PHONE)
values (7781, 11840, '牟秀云', '辽宁省', '大连市', '沙河口区', '116023', '软件园东路21号软件园12号楼202室', '13322215600', 1, null);
insert into EB_SHIP_ADDR (SHIP_ADDR_ID, PTL_USER_ID, SHIP_NAME, PROVINCE, CITY, DISTRICT, ZIP_CODE, ADDR, PHONE, DEFAULT_ADDR, FIXED_PHONE)
values (7800, 11622, '杨姣', '辽宁省', '丹东市', '振兴区', '118002', '辽宁省丹东市沿江开发区滨江中路136号丹东东方测控技术有限公司软件部', '18341565809', 1, null);
insert into EB_SHIP_ADDR (SHIP_ADDR_ID, PTL_USER_ID, SHIP_NAME, PROVINCE, CITY, DISTRICT, ZIP_CODE, ADDR, PHONE, DEFAULT_ADDR, FIXED_PHONE)
values (7820, 11909, '柏强', '辽宁省', '抚顺市', '新抚区', '113006', '十三道街', '15141364977', 1, null);
insert into EB_SHIP_ADDR (SHIP_ADDR_ID, PTL_USER_ID, SHIP_NAME, PROVINCE, CITY, DISTRICT, ZIP_CODE, ADDR, PHONE, DEFAULT_ADDR, FIXED_PHONE)
values (8220, 12684, '袁爽', '辽宁省', '沈阳市', '沈河区', '110016', '文艺路顺发西巷5甲顺发雅居211', '13840586963', 1, null);
insert into EB_SHIP_ADDR (SHIP_ADDR_ID, PTL_USER_ID, SHIP_NAME, PROVINCE, CITY, DISTRICT, ZIP_CODE, ADDR, PHONE, DEFAULT_ADDR, FIXED_PHONE)
values (8500, 13863, '王海涛', '辽宁省', '沈阳市', '辽中县', '110200', '近海大街5号禾丰水产', '13840374957', 1, null);
insert into EB_SHIP_ADDR (SHIP_ADDR_ID, PTL_USER_ID, SHIP_NAME, PROVINCE, CITY, DISTRICT, ZIP_CODE, ADDR, PHONE, DEFAULT_ADDR, FIXED_PHONE)
values (8520, 13908, '曲威', '辽宁省', '大连市', '沙河口区', '116021', '五四路128号1门楼2号', '15940860500', 1, null);
insert into EB_SHIP_ADDR (SHIP_ADDR_ID, PTL_USER_ID, SHIP_NAME, PROVINCE, CITY, DISTRICT, ZIP_CODE, ADDR, PHONE, DEFAULT_ADDR, FIXED_PHONE)
values (8681, 14485, '胡桂春', '辽宁省', '葫芦岛市', '兴城市', '125100', '赵家湾道口318号电话通知本人自取', '13942952331', 1, null);
insert into EB_SHIP_ADDR (SHIP_ADDR_ID, PTL_USER_ID, SHIP_NAME, PROVINCE, CITY, DISTRICT, ZIP_CODE, ADDR, PHONE, DEFAULT_ADDR, FIXED_PHONE)
values (8840, 15097, '魏红刚', '陕西省', '宝鸡市', '渭滨区', '721006', '高新三路高新佳园二期', '15140051910', 1, null);
insert into EB_SHIP_ADDR (SHIP_ADDR_ID, PTL_USER_ID, SHIP_NAME, PROVINCE, CITY, DISTRICT, ZIP_CODE, ADDR, PHONE, DEFAULT_ADDR, FIXED_PHONE)
values (9040, 15841, '葛琳', '辽宁省', '沈阳市', '铁西区', '110021', '沈辽东路47号宏发国际名城47杠8号462', '18802488810', 1, null);
insert into EB_SHIP_ADDR (SHIP_ADDR_ID, PTL_USER_ID, SHIP_NAME, PROVINCE, CITY, DISTRICT, ZIP_CODE, ADDR, PHONE, DEFAULT_ADDR, FIXED_PHONE)
values (9141, 16122, '陈书宇', '辽宁省', '沈阳市', '东陵区', '110076', '浑南新区神本大道国际软件园F8A304', '13516009991', 1, null);
insert into EB_SHIP_ADDR (SHIP_ADDR_ID, PTL_USER_ID, SHIP_NAME, PROVINCE, CITY, DISTRICT, ZIP_CODE, ADDR, PHONE, DEFAULT_ADDR, FIXED_PHONE)
values (10360, 12361, '张学锋', '辽宁省', '大连市', '沙河口区', '116021', '福佳新天地购物广场地下一层85143号', '13591382499', 0, null);
insert into EB_SHIP_ADDR (SHIP_ADDR_ID, PTL_USER_ID, SHIP_NAME, PROVINCE, CITY, DISTRICT, ZIP_CODE, ADDR, PHONE, DEFAULT_ADDR, FIXED_PHONE)
values (10760, 27374, '施宁', '辽宁省', '大连市', '甘井子区', '116021', '高新园区信达街51号', '13604283327', 1, null);
insert into EB_SHIP_ADDR (SHIP_ADDR_ID, PTL_USER_ID, SHIP_NAME, PROVINCE, CITY, DISTRICT, ZIP_CODE, ADDR, PHONE, DEFAULT_ADDR, FIXED_PHONE)
values (11780, 29879, '王玉娥', '辽宁省', '大连市', '普兰店市', '116308', '炮台镇长岭工业园大连万瑞特公司', '13084142159', 1, null);
insert into EB_SHIP_ADDR (SHIP_ADDR_ID, PTL_USER_ID, SHIP_NAME, PROVINCE, CITY, DISTRICT, ZIP_CODE, ADDR, PHONE, DEFAULT_ADDR, FIXED_PHONE)
values (3800, 4624, '李东阳', '辽宁省', '沈阳市', '康平县', '110514', '张强镇', '15840357971', 1, null);
commit;
prompt 200 records committed...
insert into EB_SHIP_ADDR (SHIP_ADDR_ID, PTL_USER_ID, SHIP_NAME, PROVINCE, CITY, DISTRICT, ZIP_CODE, ADDR, PHONE, DEFAULT_ADDR, FIXED_PHONE)
values (5663, 7442, '张英', '辽宁省', '辽阳市', '灯塔市', '111300', '兆麟街道', '13514190479', 1, null);
insert into EB_SHIP_ADDR (SHIP_ADDR_ID, PTL_USER_ID, SHIP_NAME, PROVINCE, CITY, DISTRICT, ZIP_CODE, ADDR, PHONE, DEFAULT_ADDR, FIXED_PHONE)
values (5700, 7503, '于海东', '辽宁省', '铁岭市', '昌图县', '112524', '亮中桥镇兴隆山村一组', '13674101151', 1, null);
insert into EB_SHIP_ADDR (SHIP_ADDR_ID, PTL_USER_ID, SHIP_NAME, PROVINCE, CITY, DISTRICT, ZIP_CODE, ADDR, PHONE, DEFAULT_ADDR, FIXED_PHONE)
values (5760, 7629, '李磊', '辽宁省', '大连市', '甘井子区', '116091', '千山心城静竹街18号4单元401', '13940997907', 1, null);
insert into EB_SHIP_ADDR (SHIP_ADDR_ID, PTL_USER_ID, SHIP_NAME, PROVINCE, CITY, DISTRICT, ZIP_CODE, ADDR, PHONE, DEFAULT_ADDR, FIXED_PHONE)
values (5782, 7661, '齐玉敏', '辽宁省', '葫芦岛市', '绥中县', '125200', '马路湾农机新苑1单元202', '18742281557', 1, null);
insert into EB_SHIP_ADDR (SHIP_ADDR_ID, PTL_USER_ID, SHIP_NAME, PROVINCE, CITY, DISTRICT, ZIP_CODE, ADDR, PHONE, DEFAULT_ADDR, FIXED_PHONE)
values (6280, 8626, '李春云', '辽宁省', '大连市', '瓦房店市', '116300', '岭上小区天河酒店东', '13050524557', 1, null);
insert into EB_SHIP_ADDR (SHIP_ADDR_ID, PTL_USER_ID, SHIP_NAME, PROVINCE, CITY, DISTRICT, ZIP_CODE, ADDR, PHONE, DEFAULT_ADDR, FIXED_PHONE)
values (6560, 9010, '邵孟然', '辽宁省', '辽阳市', '灯塔市', '111301', '灯塔市铧鑫小区6号楼', '15841969124', 1, null);
insert into EB_SHIP_ADDR (SHIP_ADDR_ID, PTL_USER_ID, SHIP_NAME, PROVINCE, CITY, DISTRICT, ZIP_CODE, ADDR, PHONE, DEFAULT_ADDR, FIXED_PHONE)
values (6561, 8875, '杨云兰', '辽宁省', '沈阳市', '皇姑区', '110034', '黄河北大街253号沈阳师范大学', '13840515694', 1, null);
insert into EB_SHIP_ADDR (SHIP_ADDR_ID, PTL_USER_ID, SHIP_NAME, PROVINCE, CITY, DISTRICT, ZIP_CODE, ADDR, PHONE, DEFAULT_ADDR, FIXED_PHONE)
values (6820, 9250, '顾明', '辽宁省', '沈阳市', '法库县', '110400', '建材一条街一厂门市楼半拉山酒销售处', '15942326111', 1, null);
insert into EB_SHIP_ADDR (SHIP_ADDR_ID, PTL_USER_ID, SHIP_NAME, PROVINCE, CITY, DISTRICT, ZIP_CODE, ADDR, PHONE, DEFAULT_ADDR, FIXED_PHONE)
values (6841, 9391, '李晓琳', '辽宁省', '丹东市', '振兴区', '118000', '二经街50号', '13009211621', 1, null);
insert into EB_SHIP_ADDR (SHIP_ADDR_ID, PTL_USER_ID, SHIP_NAME, PROVINCE, CITY, DISTRICT, ZIP_CODE, ADDR, PHONE, DEFAULT_ADDR, FIXED_PHONE)
values (7140, 9792, '王晓婷', '辽宁省', '沈阳市', '和平区', '110000', '胜利南街', '15848485196', 1, null);
insert into EB_SHIP_ADDR (SHIP_ADDR_ID, PTL_USER_ID, SHIP_NAME, PROVINCE, CITY, DISTRICT, ZIP_CODE, ADDR, PHONE, DEFAULT_ADDR, FIXED_PHONE)
values (7360, 9806, '刘盛桥', '辽宁省', '大连市', '瓦房店市', '116300', '南共济街一段19号压力灌水暖件', '15898181085', 1, null);
insert into EB_SHIP_ADDR (SHIP_ADDR_ID, PTL_USER_ID, SHIP_NAME, PROVINCE, CITY, DISTRICT, ZIP_CODE, ADDR, PHONE, DEFAULT_ADDR, FIXED_PHONE)
values (8260, 12763, '徐园园', '辽宁省', '大连市', '瓦房店市', '116300', '光明小区2号楼109室飘香一品云南过桥米线', '15140688103', 1, null);
insert into EB_SHIP_ADDR (SHIP_ADDR_ID, PTL_USER_ID, SHIP_NAME, PROVINCE, CITY, DISTRICT, ZIP_CODE, ADDR, PHONE, DEFAULT_ADDR, FIXED_PHONE)
values (8280, 12789, '尚晓莹', '辽宁省', '沈阳市', '皇姑区', '110000', '长江街15号地一大道11号口部', '13898182020', 1, null);
insert into EB_SHIP_ADDR (SHIP_ADDR_ID, PTL_USER_ID, SHIP_NAME, PROVINCE, CITY, DISTRICT, ZIP_CODE, ADDR, PHONE, DEFAULT_ADDR, FIXED_PHONE)
values (8460, 13023, '刁彦卫', '辽宁省', '大连市', '甘井子区', '110161', '泡崖新村玉云路9号2单元2楼3号', '15998520981', 0, null);
insert into EB_SHIP_ADDR (SHIP_ADDR_ID, PTL_USER_ID, SHIP_NAME, PROVINCE, CITY, DISTRICT, ZIP_CODE, ADDR, PHONE, DEFAULT_ADDR, FIXED_PHONE)
values (8461, 13023, '刁彦卫', '辽宁省', '大连市', '甘井子区', '110161', '泡崖新村玉云路9号2单元2楼3号', '15998520981', 0, null);
insert into EB_SHIP_ADDR (SHIP_ADDR_ID, PTL_USER_ID, SHIP_NAME, PROVINCE, CITY, DISTRICT, ZIP_CODE, ADDR, PHONE, DEFAULT_ADDR, FIXED_PHONE)
values (8462, 13023, '刁彦卫', '辽宁省', '大连市', '甘井子区', '110161', '泡崖新村玉云路9号2单元2楼3号', '15998520981', 1, null);
insert into EB_SHIP_ADDR (SHIP_ADDR_ID, PTL_USER_ID, SHIP_NAME, PROVINCE, CITY, DISTRICT, ZIP_CODE, ADDR, PHONE, DEFAULT_ADDR, FIXED_PHONE)
values (8660, 14418, '李坤', '辽宁省', '营口市', '鲅鱼圈区', '115007', '望海办事处芹菜洼村', '13841790090', 1, null);
insert into EB_SHIP_ADDR (SHIP_ADDR_ID, PTL_USER_ID, SHIP_NAME, PROVINCE, CITY, DISTRICT, ZIP_CODE, ADDR, PHONE, DEFAULT_ADDR, FIXED_PHONE)
values (8740, 14720, '宋玉杰', '辽宁省', '大连市', '西岗区', '116021', '林茂街二巷五单元七楼一号', '15998617799', 1, null);
insert into EB_SHIP_ADDR (SHIP_ADDR_ID, PTL_USER_ID, SHIP_NAME, PROVINCE, CITY, DISTRICT, ZIP_CODE, ADDR, PHONE, DEFAULT_ADDR, FIXED_PHONE)
values (8766, 14857, '李君', '辽宁省', '沈阳市', '皇姑区', '110034', '长江南街韩国新城A座21楼12号', '18624087499', 1, null);
insert into EB_SHIP_ADDR (SHIP_ADDR_ID, PTL_USER_ID, SHIP_NAME, PROVINCE, CITY, DISTRICT, ZIP_CODE, ADDR, PHONE, DEFAULT_ADDR, FIXED_PHONE)
values (8941, 15297, '唐玉琢', '辽宁省', '沈阳市', '大东区', '110000', '沈阳市', '13889248747', 1, null);
insert into EB_SHIP_ADDR (SHIP_ADDR_ID, PTL_USER_ID, SHIP_NAME, PROVINCE, CITY, DISTRICT, ZIP_CODE, ADDR, PHONE, DEFAULT_ADDR, FIXED_PHONE)
values (8942, 15303, '陈忱', '辽宁省', '阜新市', '细河区', '123000', '福棉集团鲁花东侧', '15042935123', 1, null);
insert into EB_SHIP_ADDR (SHIP_ADDR_ID, PTL_USER_ID, SHIP_NAME, PROVINCE, CITY, DISTRICT, ZIP_CODE, ADDR, PHONE, DEFAULT_ADDR, FIXED_PHONE)
values (9021, 15786, '何家庆', '辽宁省', '大连市', '沙河口区', '116023', '沙区星海广场c1区17栋星海阳光小区西门便利店', '13610956886', 1, null);
insert into EB_SHIP_ADDR (SHIP_ADDR_ID, PTL_USER_ID, SHIP_NAME, PROVINCE, CITY, DISTRICT, ZIP_CODE, ADDR, PHONE, DEFAULT_ADDR, FIXED_PHONE)
values (9681, 18389, '郝兴隆', '辽宁省', '大连市', '沙河口区', '116000', '长兴街94号1501', '13795160901', 1, null);
insert into EB_SHIP_ADDR (SHIP_ADDR_ID, PTL_USER_ID, SHIP_NAME, PROVINCE, CITY, DISTRICT, ZIP_CODE, ADDR, PHONE, DEFAULT_ADDR, FIXED_PHONE)
values (11321, 28837, '艾洪丹', '辽宁省', '辽阳市', '灯塔市', '111300', '铧西新区25号楼1单元602', '13654113576', 1, null);
insert into EB_SHIP_ADDR (SHIP_ADDR_ID, PTL_USER_ID, SHIP_NAME, PROVINCE, CITY, DISTRICT, ZIP_CODE, ADDR, PHONE, DEFAULT_ADDR, FIXED_PHONE)
values (11520, 29462, '胡卓明', '辽宁省', '沈阳市', '皇姑区', '110000', '长江南街173号2号床', '18842452158', 1, null);
insert into EB_SHIP_ADDR (SHIP_ADDR_ID, PTL_USER_ID, SHIP_NAME, PROVINCE, CITY, DISTRICT, ZIP_CODE, ADDR, PHONE, DEFAULT_ADDR, FIXED_PHONE)
values (11600, 28616, '栾国峰', '辽宁省', '大连市', '甘井子区', '116031', '泉水B5区16号楼201', '15842433689', 1, null);
insert into EB_SHIP_ADDR (SHIP_ADDR_ID, PTL_USER_ID, SHIP_NAME, PROVINCE, CITY, DISTRICT, ZIP_CODE, ADDR, PHONE, DEFAULT_ADDR, FIXED_PHONE)
values (11680, 29797, '高超', '辽宁省', '抚顺市', '清原满族自治县', '113300', '彩源大酒店', '15998870706', 1, null);
insert into EB_SHIP_ADDR (SHIP_ADDR_ID, PTL_USER_ID, SHIP_NAME, PROVINCE, CITY, DISTRICT, ZIP_CODE, ADDR, PHONE, DEFAULT_ADDR, FIXED_PHONE)
values (11960, 30422, '辛建喜', '辽宁省', '大连市', '甘井子区', '116033', '华北路周水前肯德基', '15898181292', 1, null);
insert into EB_SHIP_ADDR (SHIP_ADDR_ID, PTL_USER_ID, SHIP_NAME, PROVINCE, CITY, DISTRICT, ZIP_CODE, ADDR, PHONE, DEFAULT_ADDR, FIXED_PHONE)
values (5460, 7093, '徐晓秋', '辽宁省', '营口市', '鲅鱼圈区', '115000', '辽宁省经济技术开发区长江路明珠广场营口小雨集成房屋有限公司', '13644171990', 1, null);
insert into EB_SHIP_ADDR (SHIP_ADDR_ID, PTL_USER_ID, SHIP_NAME, PROVINCE, CITY, DISTRICT, ZIP_CODE, ADDR, PHONE, DEFAULT_ADDR, FIXED_PHONE)
values (5900, 7948, '宋隆升', '辽宁省', '大连市', '沙河口区', '116033', '春柳街6号大连气体有限公司', '13998541101', 1, null);
insert into EB_SHIP_ADDR (SHIP_ADDR_ID, PTL_USER_ID, SHIP_NAME, PROVINCE, CITY, DISTRICT, ZIP_CODE, ADDR, PHONE, DEFAULT_ADDR, FIXED_PHONE)
values (5920, 7985, '丁悦', '辽宁省', '铁岭市', '昌图县', '112500', '昌图县政府路18号', '15042071900', 1, null);
insert into EB_SHIP_ADDR (SHIP_ADDR_ID, PTL_USER_ID, SHIP_NAME, PROVINCE, CITY, DISTRICT, ZIP_CODE, ADDR, PHONE, DEFAULT_ADDR, FIXED_PHONE)
values (6300, 8522, '赵永福', '辽宁省', '沈阳市', '皇姑区', '110033', '崇山东路6号', '13840585859', 1, null);
insert into EB_SHIP_ADDR (SHIP_ADDR_ID, PTL_USER_ID, SHIP_NAME, PROVINCE, CITY, DISTRICT, ZIP_CODE, ADDR, PHONE, DEFAULT_ADDR, FIXED_PHONE)
values (6301, 7918, '姬泓池', '辽宁省', '沈阳市', '铁西区', '110869', '开发大路16号甲沈鼓集团东门', '13940443797', 1, null);
insert into EB_SHIP_ADDR (SHIP_ADDR_ID, PTL_USER_ID, SHIP_NAME, PROVINCE, CITY, DISTRICT, ZIP_CODE, ADDR, PHONE, DEFAULT_ADDR, FIXED_PHONE)
values (6940, 9501, '李高娃', '辽宁省', '沈阳市', '于洪区', '110027', '沈新路108号', '15998107798', 1, null);
insert into EB_SHIP_ADDR (SHIP_ADDR_ID, PTL_USER_ID, SHIP_NAME, PROVINCE, CITY, DISTRICT, ZIP_CODE, ADDR, PHONE, DEFAULT_ADDR, FIXED_PHONE)
values (7080, 9723, '赵岩', '辽宁省', '沈阳市', '和平区', '110000', '内部', '13704003156', 1, null);
insert into EB_SHIP_ADDR (SHIP_ADDR_ID, PTL_USER_ID, SHIP_NAME, PROVINCE, CITY, DISTRICT, ZIP_CODE, ADDR, PHONE, DEFAULT_ADDR, FIXED_PHONE)
values (9422, 13173, '杨春玲', '辽宁省', '营口市', '鲅鱼圈区', '115007', '滨海花园11号楼4单元303', '13840771893', 1, null);
insert into EB_SHIP_ADDR (SHIP_ADDR_ID, PTL_USER_ID, SHIP_NAME, PROVINCE, CITY, DISTRICT, ZIP_CODE, ADDR, PHONE, DEFAULT_ADDR, FIXED_PHONE)
values (10961, 13879, '王少龙', '辽宁省', '沈阳市', '铁西区', '110025', '兴工北街122号4门', '13804216655', 1, null);
insert into EB_SHIP_ADDR (SHIP_ADDR_ID, PTL_USER_ID, SHIP_NAME, PROVINCE, CITY, DISTRICT, ZIP_CODE, ADDR, PHONE, DEFAULT_ADDR, FIXED_PHONE)
values (4580, 5506, '马成亮', '辽宁省', '沈阳市', '沈河区', '110014', '奉天街326号浦发银行沈阳分行', '13897929527', 1, null);
insert into EB_SHIP_ADDR (SHIP_ADDR_ID, PTL_USER_ID, SHIP_NAME, PROVINCE, CITY, DISTRICT, ZIP_CODE, ADDR, PHONE, DEFAULT_ADDR, FIXED_PHONE)
values (4602, 5790, '陈晓丰', '辽宁省', '大连市', '瓦房店市', '116300', '长兴岛临港工业园区光海路153号大连万阳重工', '13942964375', 1, null);
insert into EB_SHIP_ADDR (SHIP_ADDR_ID, PTL_USER_ID, SHIP_NAME, PROVINCE, CITY, DISTRICT, ZIP_CODE, ADDR, PHONE, DEFAULT_ADDR, FIXED_PHONE)
values (4800, 5563, '贾昌宇', '辽宁省', '沈阳市', '东陵区', '110000', '南塔街125巷3号楼261', '18640398311', 1, null);
insert into EB_SHIP_ADDR (SHIP_ADDR_ID, PTL_USER_ID, SHIP_NAME, PROVINCE, CITY, DISTRICT, ZIP_CODE, ADDR, PHONE, DEFAULT_ADDR, FIXED_PHONE)
values (4881, 6038, '邹丽娜', '辽宁省', '辽阳市', '太子河区', '111000', '南驻路11号', '13591938100', 1, null);
insert into EB_SHIP_ADDR (SHIP_ADDR_ID, PTL_USER_ID, SHIP_NAME, PROVINCE, CITY, DISTRICT, ZIP_CODE, ADDR, PHONE, DEFAULT_ADDR, FIXED_PHONE)
values (5540, 7205, '李永柱', '辽宁省', '大连市', '金州区', '116600', '大连市金州新区金湾路213号金连福地3号楼2802', '15140338047', 1, null);
insert into EB_SHIP_ADDR (SHIP_ADDR_ID, PTL_USER_ID, SHIP_NAME, PROVINCE, CITY, DISTRICT, ZIP_CODE, ADDR, PHONE, DEFAULT_ADDR, FIXED_PHONE)
values (5882, 7885, '13478552223', '辽宁省', '大连市', '沙河口区', '116081', '567', '13478552223', 1, null);
insert into EB_SHIP_ADDR (SHIP_ADDR_ID, PTL_USER_ID, SHIP_NAME, PROVINCE, CITY, DISTRICT, ZIP_CODE, ADDR, PHONE, DEFAULT_ADDR, FIXED_PHONE)
values (7600, 10562, '王英桂', '辽宁省', '大连市', '金州区', '116100', '金洋小区5号楼二单元502室', '15542310292', 1, null);
insert into EB_SHIP_ADDR (SHIP_ADDR_ID, PTL_USER_ID, SHIP_NAME, PROVINCE, CITY, DISTRICT, ZIP_CODE, ADDR, PHONE, DEFAULT_ADDR, FIXED_PHONE)
values (7740, 11823, '陈雍杰', '辽宁省', '沈阳市', '铁西区', '110024', '建设中路第一城B组12号楼1单元2604室', '13840281830', 1, null);
insert into EB_SHIP_ADDR (SHIP_ADDR_ID, PTL_USER_ID, SHIP_NAME, PROVINCE, CITY, DISTRICT, ZIP_CODE, ADDR, PHONE, DEFAULT_ADDR, FIXED_PHONE)
values (8700, 13366, '金贵林', '辽宁省', '沈阳市', '沈河区', '110013', '惠工街205号恒基大厦1206室', '13898129205', 1, null);
insert into EB_SHIP_ADDR (SHIP_ADDR_ID, PTL_USER_ID, SHIP_NAME, PROVINCE, CITY, DISTRICT, ZIP_CODE, ADDR, PHONE, DEFAULT_ADDR, FIXED_PHONE)
values (10562, 26475, '周广海', '辽宁省', '朝阳市', '双塔区', '122000', '文化路51号333', '15942116068', 1, null);
insert into EB_SHIP_ADDR (SHIP_ADDR_ID, PTL_USER_ID, SHIP_NAME, PROVINCE, CITY, DISTRICT, ZIP_CODE, ADDR, PHONE, DEFAULT_ADDR, FIXED_PHONE)
values (10563, 26475, '周广海', '辽宁省', '朝阳市', '双塔区', '122000', '文化路四段51号333', '15942116068', 0, null);
insert into EB_SHIP_ADDR (SHIP_ADDR_ID, PTL_USER_ID, SHIP_NAME, PROVINCE, CITY, DISTRICT, ZIP_CODE, ADDR, PHONE, DEFAULT_ADDR, FIXED_PHONE)
values (3661, 4301, '徐晶晶', '辽宁省', '沈阳市', '铁西区', '110000', '北四路景星街四季嘉园二期6号楼1单元1403', '13609822549', 1, null);
insert into EB_SHIP_ADDR (SHIP_ADDR_ID, PTL_USER_ID, SHIP_NAME, PROVINCE, CITY, DISTRICT, ZIP_CODE, ADDR, PHONE, DEFAULT_ADDR, FIXED_PHONE)
values (3720, 4408, '王杰', '辽宁省', '大连市', '沙河口区', '116033', '大连市中心医院北院7号楼2楼放疗科', '15940880456', 1, null);
insert into EB_SHIP_ADDR (SHIP_ADDR_ID, PTL_USER_ID, SHIP_NAME, PROVINCE, CITY, DISTRICT, ZIP_CODE, ADDR, PHONE, DEFAULT_ADDR, FIXED_PHONE)
values (5040, 6351, '陶丹', '辽宁省', '盘锦市', '兴隆台区', '124010', '惠宾街91号钻采工艺研究院', '15942732450', 1, null);
insert into EB_SHIP_ADDR (SHIP_ADDR_ID, PTL_USER_ID, SHIP_NAME, PROVINCE, CITY, DISTRICT, ZIP_CODE, ADDR, PHONE, DEFAULT_ADDR, FIXED_PHONE)
values (7321, 9979, '孙彬', '辽宁省', '鞍山市', '立山区', '114000', '中华路孟泰公园南侧公园美景小区二号楼二单元1103', '15841293366', 1, null);
insert into EB_SHIP_ADDR (SHIP_ADDR_ID, PTL_USER_ID, SHIP_NAME, PROVINCE, CITY, DISTRICT, ZIP_CODE, ADDR, PHONE, DEFAULT_ADDR, FIXED_PHONE)
values (9366, 16835, '周建壮', '辽宁省', '锦州市', '凌河区', '121000', '龙江南里41号楼60号', '13840666196', 1, null);
insert into EB_SHIP_ADDR (SHIP_ADDR_ID, PTL_USER_ID, SHIP_NAME, PROVINCE, CITY, DISTRICT, ZIP_CODE, ADDR, PHONE, DEFAULT_ADDR, FIXED_PHONE)
values (9401, 16962, '方大勇', '辽宁省', '铁岭市', '铁岭县', '112000', '金沙江路46号', '13841081267', 1, null);
insert into EB_SHIP_ADDR (SHIP_ADDR_ID, PTL_USER_ID, SHIP_NAME, PROVINCE, CITY, DISTRICT, ZIP_CODE, ADDR, PHONE, DEFAULT_ADDR, FIXED_PHONE)
values (9940, 19089, '韩秋', '辽宁省', '沈阳市', '铁西区', '110021', '沈辽东路58号162', '13478203573', 1, null);
insert into EB_SHIP_ADDR (SHIP_ADDR_ID, PTL_USER_ID, SHIP_NAME, PROVINCE, CITY, DISTRICT, ZIP_CODE, ADDR, PHONE, DEFAULT_ADDR, FIXED_PHONE)
values (10200, 23077, '于纪春', '辽宁省', '沈阳市', '沈河区', '110000', '卓越大厦', '13940100901', 1, null);
insert into EB_SHIP_ADDR (SHIP_ADDR_ID, PTL_USER_ID, SHIP_NAME, PROVINCE, CITY, DISTRICT, ZIP_CODE, ADDR, PHONE, DEFAULT_ADDR, FIXED_PHONE)
values (3420, 3865, '赵妍', '辽宁省', '本溪市', '平山区', '117000', '本溪中医院肛肠病房', '13804146843', 1, null);
insert into EB_SHIP_ADDR (SHIP_ADDR_ID, PTL_USER_ID, SHIP_NAME, PROVINCE, CITY, DISTRICT, ZIP_CODE, ADDR, PHONE, DEFAULT_ADDR, FIXED_PHONE)
values (4060, 5005, '13998886232', '河北省', '唐山市', '丰润区', '064005', '白官屯镇八各庄村194号', '13933382006', 1, null);
insert into EB_SHIP_ADDR (SHIP_ADDR_ID, PTL_USER_ID, SHIP_NAME, PROVINCE, CITY, DISTRICT, ZIP_CODE, ADDR, PHONE, DEFAULT_ADDR, FIXED_PHONE)
values (4300, 5321, '陈阳', '辽宁省', '沈阳市', '和平区', '110166', '长白910号路10号浪潮创新科技有限公司', '13591677901', 1, null);
insert into EB_SHIP_ADDR (SHIP_ADDR_ID, PTL_USER_ID, SHIP_NAME, PROVINCE, CITY, DISTRICT, ZIP_CODE, ADDR, PHONE, DEFAULT_ADDR, FIXED_PHONE)
values (4760, 6011, '张雨亮', '辽宁省', '鞍山市', '台安县', '114112', '富家镇富家村5组', '15942700788', 1, null);
insert into EB_SHIP_ADDR (SHIP_ADDR_ID, PTL_USER_ID, SHIP_NAME, PROVINCE, CITY, DISTRICT, ZIP_CODE, ADDR, PHONE, DEFAULT_ADDR, FIXED_PHONE)
values (5680, 7476, '孙迪', '辽宁省', '沈阳市', '沈河区', '110013', '北站路55号财富中心C座3单元13层', '15998288743', 1, null);
insert into EB_SHIP_ADDR (SHIP_ADDR_ID, PTL_USER_ID, SHIP_NAME, PROVINCE, CITY, DISTRICT, ZIP_CODE, ADDR, PHONE, DEFAULT_ADDR, FIXED_PHONE)
values (5940, 8005, '王威', '辽宁省', '沈阳市', '沈河区', '110000', '长青街万科花园新城', '13889865313', 1, null);
insert into EB_SHIP_ADDR (SHIP_ADDR_ID, PTL_USER_ID, SHIP_NAME, PROVINCE, CITY, DISTRICT, ZIP_CODE, ADDR, PHONE, DEFAULT_ADDR, FIXED_PHONE)
values (6220, 8481, '李高娃', '辽宁省', '沈阳市', '于洪区', '110141', '沈新路108号奥吉娜化工', '15998107798', 1, null);
insert into EB_SHIP_ADDR (SHIP_ADDR_ID, PTL_USER_ID, SHIP_NAME, PROVINCE, CITY, DISTRICT, ZIP_CODE, ADDR, PHONE, DEFAULT_ADDR, FIXED_PHONE)
values (6240, 8235, '夏宝奎', '辽宁省', '沈阳市', '沈河区', '110011', '154', '13940075767', 1, null);
insert into EB_SHIP_ADDR (SHIP_ADDR_ID, PTL_USER_ID, SHIP_NAME, PROVINCE, CITY, DISTRICT, ZIP_CODE, ADDR, PHONE, DEFAULT_ADDR, FIXED_PHONE)
values (6260, 6335, '艾宪兵', '辽宁省', '大连市', '甘井子区', '116031', '甘海路4号', '15998683731', 1, null);
insert into EB_SHIP_ADDR (SHIP_ADDR_ID, PTL_USER_ID, SHIP_NAME, PROVINCE, CITY, DISTRICT, ZIP_CODE, ADDR, PHONE, DEFAULT_ADDR, FIXED_PHONE)
values (9762, 18859, '盖妍卉', '北京市', '市辖区', '朝阳区', '101101', '常营地区五里桥二街北京像素北10号楼1409', '18640307212', 1, null);
insert into EB_SHIP_ADDR (SHIP_ADDR_ID, PTL_USER_ID, SHIP_NAME, PROVINCE, CITY, DISTRICT, ZIP_CODE, ADDR, PHONE, DEFAULT_ADDR, FIXED_PHONE)
values (3981, 4872, '韩良荣', '辽宁省', '大连市', '瓦房店市', '116300', '解放街371号502', '13842830270', 1, null);
insert into EB_SHIP_ADDR (SHIP_ADDR_ID, PTL_USER_ID, SHIP_NAME, PROVINCE, CITY, DISTRICT, ZIP_CODE, ADDR, PHONE, DEFAULT_ADDR, FIXED_PHONE)
values (4200, 5222, '刘红', '辽宁省', '大连市', '西岗区', '116001', '北京街47号大连银行', '13500743201', 1, null);
insert into EB_SHIP_ADDR (SHIP_ADDR_ID, PTL_USER_ID, SHIP_NAME, PROVINCE, CITY, DISTRICT, ZIP_CODE, ADDR, PHONE, DEFAULT_ADDR, FIXED_PHONE)
values (4220, 5227, '付明', '辽宁省', '锦州市', '义县', '121116', '七里河镇七里河村218号', '15041682266', 1, null);
insert into EB_SHIP_ADDR (SHIP_ADDR_ID, PTL_USER_ID, SHIP_NAME, PROVINCE, CITY, DISTRICT, ZIP_CODE, ADDR, PHONE, DEFAULT_ADDR, FIXED_PHONE)
values (8420, 11856, '杨俊峰', '辽宁省', '沈阳市', '于洪区', '110036', '西江街117号9万科四季花城', '15904050025', 1, null);
insert into EB_SHIP_ADDR (SHIP_ADDR_ID, PTL_USER_ID, SHIP_NAME, PROVINCE, CITY, DISTRICT, ZIP_CODE, ADDR, PHONE, DEFAULT_ADDR, FIXED_PHONE)
values (9520, 17558, '王志刚', '辽宁省', '丹东市', '元宝区', '118000', '439', '15942506504', 1, null);
insert into EB_SHIP_ADDR (SHIP_ADDR_ID, PTL_USER_ID, SHIP_NAME, PROVINCE, CITY, DISTRICT, ZIP_CODE, ADDR, PHONE, DEFAULT_ADDR, FIXED_PHONE)
values (9563, 17547, '靳宏伟', '辽宁省', '葫芦岛市', '连山区', '125000', '连山大街50号2单元301', '15141997075', 1, null);
insert into EB_SHIP_ADDR (SHIP_ADDR_ID, PTL_USER_ID, SHIP_NAME, PROVINCE, CITY, DISTRICT, ZIP_CODE, ADDR, PHONE, DEFAULT_ADDR, FIXED_PHONE)
values (10880, 27738, '丛轶鑫', '辽宁省', '大连市', '甘井子区', '116000', '泉水D3区19号1906室', '13478513994', 1, null);
insert into EB_SHIP_ADDR (SHIP_ADDR_ID, PTL_USER_ID, SHIP_NAME, PROVINCE, CITY, DISTRICT, ZIP_CODE, ADDR, PHONE, DEFAULT_ADDR, FIXED_PHONE)
values (4242, 4980, '何依霖', '辽宁省', '沈阳市', '铁西区', '110023', '兴工南街108号金华友联加油站', '13940003180', 1, null);
insert into EB_SHIP_ADDR (SHIP_ADDR_ID, PTL_USER_ID, SHIP_NAME, PROVINCE, CITY, DISTRICT, ZIP_CODE, ADDR, PHONE, DEFAULT_ADDR, FIXED_PHONE)
values (6640, 9091, '于永泉', '辽宁省', '抚顺市', '顺城区', '113006', '宁远街14号天马旅行社', '15242710527', 1, null);
insert into EB_SHIP_ADDR (SHIP_ADDR_ID, PTL_USER_ID, SHIP_NAME, PROVINCE, CITY, DISTRICT, ZIP_CODE, ADDR, PHONE, DEFAULT_ADDR, FIXED_PHONE)
values (6681, 9105, '张治国', '青海省', '西宁市', '城西区', '810000', '虎台三巷71号楼272室', '13478822444', 1, null);
insert into EB_SHIP_ADDR (SHIP_ADDR_ID, PTL_USER_ID, SHIP_NAME, PROVINCE, CITY, DISTRICT, ZIP_CODE, ADDR, PHONE, DEFAULT_ADDR, FIXED_PHONE)
values (6760, 9206, '13940850263', '辽宁省', '大连市', '沙河口区', '116021', '长兴街137号富鸿大厦B座1403', '13940850263', 1, null);
insert into EB_SHIP_ADDR (SHIP_ADDR_ID, PTL_USER_ID, SHIP_NAME, PROVINCE, CITY, DISTRICT, ZIP_CODE, ADDR, PHONE, DEFAULT_ADDR, FIXED_PHONE)
values (6763, 9210, '邴祝', '辽宁省', '盘锦市', '大洼县', '124010', '田家镇格林花园17号楼4单元402', '13998358279', 1, null);
insert into EB_SHIP_ADDR (SHIP_ADDR_ID, PTL_USER_ID, SHIP_NAME, PROVINCE, CITY, DISTRICT, ZIP_CODE, ADDR, PHONE, DEFAULT_ADDR, FIXED_PHONE)
values (6782, 8818, '高晶', '辽宁省', '沈阳市', '铁西区', '110000', '景星街北一路', '15204099881', 1, null);
insert into EB_SHIP_ADDR (SHIP_ADDR_ID, PTL_USER_ID, SHIP_NAME, PROVINCE, CITY, DISTRICT, ZIP_CODE, ADDR, PHONE, DEFAULT_ADDR, FIXED_PHONE)
values (6801, 3901, '宁世国', '辽宁省', '大连市', '瓦房店市', '116300', '新华路8号电脑城3楼新农保中心', '15998535561', 1, null);
insert into EB_SHIP_ADDR (SHIP_ADDR_ID, PTL_USER_ID, SHIP_NAME, PROVINCE, CITY, DISTRICT, ZIP_CODE, ADDR, PHONE, DEFAULT_ADDR, FIXED_PHONE)
values (8662, 14437, '刘斌', '辽宁省', '沈阳市', '皇姑区', '110031', '黄河南大街28甲11楼2号', '13604900053', 1, null);
insert into EB_SHIP_ADDR (SHIP_ADDR_ID, PTL_USER_ID, SHIP_NAME, PROVINCE, CITY, DISTRICT, ZIP_CODE, ADDR, PHONE, DEFAULT_ADDR, FIXED_PHONE)
values (8680, 14477, '张立宇', '辽宁省', '大连市', '沙河口区', '116000', '高新园区海外学子创业园A206拖2', '15042488117', 1, null);
insert into EB_SHIP_ADDR (SHIP_ADDR_ID, PTL_USER_ID, SHIP_NAME, PROVINCE, CITY, DISTRICT, ZIP_CODE, ADDR, PHONE, DEFAULT_ADDR, FIXED_PHONE)
values (9581, 17815, '高洪友', '辽宁省', '沈阳市', '康平县', '110500', '康平县教育局', '13840377440', 1, null);
insert into EB_SHIP_ADDR (SHIP_ADDR_ID, PTL_USER_ID, SHIP_NAME, PROVINCE, CITY, DISTRICT, ZIP_CODE, ADDR, PHONE, DEFAULT_ADDR, FIXED_PHONE)
values (9680, 18380, '郑恩永', '辽宁省', '沈阳市', '皇姑区', '110032', '永安街99号东凯超市', '13940146212', 1, null);
insert into EB_SHIP_ADDR (SHIP_ADDR_ID, PTL_USER_ID, SHIP_NAME, PROVINCE, CITY, DISTRICT, ZIP_CODE, ADDR, PHONE, DEFAULT_ADDR, FIXED_PHONE)
values (9960, 20073, '刘思博转刘威', '辽宁省', '沈阳市', '新民市', '110300', '辽河大街104号新耶鲁教育', '13804059599', 1, null);
insert into EB_SHIP_ADDR (SHIP_ADDR_ID, PTL_USER_ID, SHIP_NAME, PROVINCE, CITY, DISTRICT, ZIP_CODE, ADDR, PHONE, DEFAULT_ADDR, FIXED_PHONE)
values (3280, 3451, '孟博', '辽宁省', '大连市', '金州区', '116100', '大连市金州区龙水路8号', '15242537933', 1, null);
insert into EB_SHIP_ADDR (SHIP_ADDR_ID, PTL_USER_ID, SHIP_NAME, PROVINCE, CITY, DISTRICT, ZIP_CODE, ADDR, PHONE, DEFAULT_ADDR, FIXED_PHONE)
values (3741, 4529, '关博', '黑龙江省', '齐齐哈尔市', '建华区', '161000', '西园小区43号楼1单元302室', '18841512880', 1, null);
insert into EB_SHIP_ADDR (SHIP_ADDR_ID, PTL_USER_ID, SHIP_NAME, PROVINCE, CITY, DISTRICT, ZIP_CODE, ADDR, PHONE, DEFAULT_ADDR, FIXED_PHONE)
values (5801, 7529, '刘旭龙', '辽宁省', '大连市', '甘井子区', '116026', '大连海事大学海华八公寓213', '15241451726', 1, null);
insert into EB_SHIP_ADDR (SHIP_ADDR_ID, PTL_USER_ID, SHIP_NAME, PROVINCE, CITY, DISTRICT, ZIP_CODE, ADDR, PHONE, DEFAULT_ADDR, FIXED_PHONE)
values (5880, 7473, '李明', '辽宁省', '沈阳市', '东陵区', '110043', '方凌路3号6单元5楼4号', '13840376276', 1, null);
insert into EB_SHIP_ADDR (SHIP_ADDR_ID, PTL_USER_ID, SHIP_NAME, PROVINCE, CITY, DISTRICT, ZIP_CODE, ADDR, PHONE, DEFAULT_ADDR, FIXED_PHONE)
values (6080, 8230, '朱志馨', '辽宁省', '沈阳市', '大东区', '110000', '东陵西路32号5门', '13840121408', 1, null);
insert into EB_SHIP_ADDR (SHIP_ADDR_ID, PTL_USER_ID, SHIP_NAME, PROVINCE, CITY, DISTRICT, ZIP_CODE, ADDR, PHONE, DEFAULT_ADDR, FIXED_PHONE)
values (6481, 8868, '崔鹏', '辽宁省', '沈阳市', '东陵区', '110179', '新秀街2号东软软件园A1楼217室', '13700026957', 1, null);
insert into EB_SHIP_ADDR (SHIP_ADDR_ID, PTL_USER_ID, SHIP_NAME, PROVINCE, CITY, DISTRICT, ZIP_CODE, ADDR, PHONE, DEFAULT_ADDR, FIXED_PHONE)
values (6803, 9267, '马志刚', '辽宁省', '大连市', '沙河口区', '116013', '鹏程街1号1302', '13942096925', 1, null);
insert into EB_SHIP_ADDR (SHIP_ADDR_ID, PTL_USER_ID, SHIP_NAME, PROVINCE, CITY, DISTRICT, ZIP_CODE, ADDR, PHONE, DEFAULT_ADDR, FIXED_PHONE)
values (7261, 9965, '陶雅洁', '辽宁省', '沈阳市', '铁西区', '110021', '南八中路77号齐贤街道嘉业社区办公室', '13840392429', 1, null);
insert into EB_SHIP_ADDR (SHIP_ADDR_ID, PTL_USER_ID, SHIP_NAME, PROVINCE, CITY, DISTRICT, ZIP_CODE, ADDR, PHONE, DEFAULT_ADDR, FIXED_PHONE)
values (7900, 12146, '刘峰', '辽宁省', '大连市', '甘井子区', '116024', '高新园区世达街2号', '13664292919', 1, null);
insert into EB_SHIP_ADDR (SHIP_ADDR_ID, PTL_USER_ID, SHIP_NAME, PROVINCE, CITY, DISTRICT, ZIP_CODE, ADDR, PHONE, DEFAULT_ADDR, FIXED_PHONE)
values (8160, 12566, '朱淳琪', '北京市', '市辖区', '大兴区', '102600', '青云店镇百合公寓一号3单元503', '18304026914', 1, null);
insert into EB_SHIP_ADDR (SHIP_ADDR_ID, PTL_USER_ID, SHIP_NAME, PROVINCE, CITY, DISTRICT, ZIP_CODE, ADDR, PHONE, DEFAULT_ADDR, FIXED_PHONE)
values (8161, 12471, '胡艳', '辽宁省', '沈阳市', '沈河区', '110013', '友好街19号奉天银座B座801号', '13236621746', 1, null);
insert into EB_SHIP_ADDR (SHIP_ADDR_ID, PTL_USER_ID, SHIP_NAME, PROVINCE, CITY, DISTRICT, ZIP_CODE, ADDR, PHONE, DEFAULT_ADDR, FIXED_PHONE)
values (8800, 13273, '孟庆锋', '辽宁省', '朝阳市', '双塔区', '122001', '他拉皋邮政局', '13842140032', 1, null);
insert into EB_SHIP_ADDR (SHIP_ADDR_ID, PTL_USER_ID, SHIP_NAME, PROVINCE, CITY, DISTRICT, ZIP_CODE, ADDR, PHONE, DEFAULT_ADDR, FIXED_PHONE)
values (8820, 13496, '张晓鸣', '辽宁省', '大连市', '金州区', '116600', '辽宁省大连市经济技术开发区铁山东路1号', '18940812511', 1, null);
insert into EB_SHIP_ADDR (SHIP_ADDR_ID, PTL_USER_ID, SHIP_NAME, PROVINCE, CITY, DISTRICT, ZIP_CODE, ADDR, PHONE, DEFAULT_ADDR, FIXED_PHONE)
values (8922, 15273, '姚瑶', '辽宁省', '沈阳市', '苏家屯区', '110000', '百合一街', '15040203650', 1, null);
insert into EB_SHIP_ADDR (SHIP_ADDR_ID, PTL_USER_ID, SHIP_NAME, PROVINCE, CITY, DISTRICT, ZIP_CODE, ADDR, PHONE, DEFAULT_ADDR, FIXED_PHONE)
values (8968, 15501, '陆登平', '辽宁省', '朝阳市', '凌源市', '122500', '北大桥物流小区1号楼', '13500720903', 1, null);
commit;
prompt 300 records committed...
insert into EB_SHIP_ADDR (SHIP_ADDR_ID, PTL_USER_ID, SHIP_NAME, PROVINCE, CITY, DISTRICT, ZIP_CODE, ADDR, PHONE, DEFAULT_ADDR, FIXED_PHONE)
values (8971, 15445, '张乐乐', '辽宁省', '大连市', '中山区', '116000', '中山区长江路313号香榭里广场B座416', '13898625131', 1, null);
insert into EB_SHIP_ADDR (SHIP_ADDR_ID, PTL_USER_ID, SHIP_NAME, PROVINCE, CITY, DISTRICT, ZIP_CODE, ADDR, PHONE, DEFAULT_ADDR, FIXED_PHONE)
values (9420, 17060, '文宝鑫', '辽宁省', '沈阳市', '苏家屯区', '110101', '丁香街216A218门', '18602412700', 1, null);
insert into EB_SHIP_ADDR (SHIP_ADDR_ID, PTL_USER_ID, SHIP_NAME, PROVINCE, CITY, DISTRICT, ZIP_CODE, ADDR, PHONE, DEFAULT_ADDR, FIXED_PHONE)
values (10100, 20882, '张德辉', '辽宁省', '抚顺市', '望花区', '113001', '枫泽嘉宛A6楼1单元103室', '15842303700', 1, null);
insert into EB_SHIP_ADDR (SHIP_ADDR_ID, PTL_USER_ID, SHIP_NAME, PROVINCE, CITY, DISTRICT, ZIP_CODE, ADDR, PHONE, DEFAULT_ADDR, FIXED_PHONE)
values (10442, 26415, '李树伟', '辽宁省', '丹东市', '振安区', '118000', '丹东市五龙背镇毛鹃八楼30号', '15972509867', 1, null);
insert into EB_SHIP_ADDR (SHIP_ADDR_ID, PTL_USER_ID, SHIP_NAME, PROVINCE, CITY, DISTRICT, ZIP_CODE, ADDR, PHONE, DEFAULT_ADDR, FIXED_PHONE)
values (10500, 26596, '13591747885', '辽宁省', '大连市', '甘井子区', '116033', '辛寨子大新村350号', '13591747885', 1, null);
insert into EB_SHIP_ADDR (SHIP_ADDR_ID, PTL_USER_ID, SHIP_NAME, PROVINCE, CITY, DISTRICT, ZIP_CODE, ADDR, PHONE, DEFAULT_ADDR, FIXED_PHONE)
values (10501, 15746, '廉中正', '辽宁省', '朝阳市', '双塔区', '122000', '剪子胡同一号楼一单元703', '15042826661', 1, null);
insert into EB_SHIP_ADDR (SHIP_ADDR_ID, PTL_USER_ID, SHIP_NAME, PROVINCE, CITY, DISTRICT, ZIP_CODE, ADDR, PHONE, DEFAULT_ADDR, FIXED_PHONE)
values (10740, 27346, '汪洋', '辽宁省', '沈阳市', '大东区', '110044', '工农路122号西铝机械', '15242428030', 1, null);
insert into EB_SHIP_ADDR (SHIP_ADDR_ID, PTL_USER_ID, SHIP_NAME, PROVINCE, CITY, DISTRICT, ZIP_CODE, ADDR, PHONE, DEFAULT_ADDR, FIXED_PHONE)
values (4140, 5042, '程显龙', '辽宁省', '铁岭市', '昌图县', '112519', '三江口镇', '13591026053', 1, null);
insert into EB_SHIP_ADDR (SHIP_ADDR_ID, PTL_USER_ID, SHIP_NAME, PROVINCE, CITY, DISTRICT, ZIP_CODE, ADDR, PHONE, DEFAULT_ADDR, FIXED_PHONE)
values (4240, 5276, '张圣伦', '辽宁省', '沈阳市', '和平区', '110002', '澳门路1号新世界花园湾景华庭4号楼1单元23楼3', '13940469079', 1, null);
insert into EB_SHIP_ADDR (SHIP_ADDR_ID, PTL_USER_ID, SHIP_NAME, PROVINCE, CITY, DISTRICT, ZIP_CODE, ADDR, PHONE, DEFAULT_ADDR, FIXED_PHONE)
values (4540, 5653, '迟庆贵', '辽宁省', '丹东市', '凤城市', '118125', '凤城市红旗镇', '13941576686', 0, null);
insert into EB_SHIP_ADDR (SHIP_ADDR_ID, PTL_USER_ID, SHIP_NAME, PROVINCE, CITY, DISTRICT, ZIP_CODE, ADDR, PHONE, DEFAULT_ADDR, FIXED_PHONE)
values (4541, 5653, '迟庆贵', '辽宁省', '丹东市', '凤城市', '118125', '凤城市红旗镇', '13941576686', 1, null);
insert into EB_SHIP_ADDR (SHIP_ADDR_ID, PTL_USER_ID, SHIP_NAME, PROVINCE, CITY, DISTRICT, ZIP_CODE, ADDR, PHONE, DEFAULT_ADDR, FIXED_PHONE)
values (5820, 7628, '盖新', '辽宁省', '辽阳市', '白塔区', '111000', '曙光村5组95号', '15174191239', 1, null);
insert into EB_SHIP_ADDR (SHIP_ADDR_ID, PTL_USER_ID, SHIP_NAME, PROVINCE, CITY, DISTRICT, ZIP_CODE, ADDR, PHONE, DEFAULT_ADDR, FIXED_PHONE)
values (6661, 9162, '王良昊', '辽宁省', '大连市', '沙河口区', '116021', '鞍山路148号大连市政府数据中心', '13674117955', 1, null);
insert into EB_SHIP_ADDR (SHIP_ADDR_ID, PTL_USER_ID, SHIP_NAME, PROVINCE, CITY, DISTRICT, ZIP_CODE, ADDR, PHONE, DEFAULT_ADDR, FIXED_PHONE)
values (7760, 11833, '李英志', '辽宁省', '大连市', '金州区', '116100', '金州北山路1376号', '13998675552', 1, null);
insert into EB_SHIP_ADDR (SHIP_ADDR_ID, PTL_USER_ID, SHIP_NAME, PROVINCE, CITY, DISTRICT, ZIP_CODE, ADDR, PHONE, DEFAULT_ADDR, FIXED_PHONE)
values (8661, 13637, '蒙海伦', '辽宁省', '朝阳市', '龙城区', '122000', '七道泉子北村辽宁希波食品有限公司', '15842125109', 1, null);
insert into EB_SHIP_ADDR (SHIP_ADDR_ID, PTL_USER_ID, SHIP_NAME, PROVINCE, CITY, DISTRICT, ZIP_CODE, ADDR, PHONE, DEFAULT_ADDR, FIXED_PHONE)
values (9140, 16106, '韩学鹏', '辽宁省', '沈阳市', '东陵区', '110168', '浑南新区文溯街17中科博微自动化技术有限公司', '13840071090', 1, null);
insert into EB_SHIP_ADDR (SHIP_ADDR_ID, PTL_USER_ID, SHIP_NAME, PROVINCE, CITY, DISTRICT, ZIP_CODE, ADDR, PHONE, DEFAULT_ADDR, FIXED_PHONE)
values (9142, 16125, '修庆国', '辽宁省', '沈阳市', '和平区', '110004', '三好街45号物产大厦1006室', '13604030370', 1, null);
insert into EB_SHIP_ADDR (SHIP_ADDR_ID, PTL_USER_ID, SHIP_NAME, PROVINCE, CITY, DISTRICT, ZIP_CODE, ADDR, PHONE, DEFAULT_ADDR, FIXED_PHONE)
values (9541, 17584, '王永超', '辽宁省', '营口市', '鲅鱼圈区', '115007', '鞍钢公寓四二五号楼四单元六零二', '13214177866', 1, null);
insert into EB_SHIP_ADDR (SHIP_ADDR_ID, PTL_USER_ID, SHIP_NAME, PROVINCE, CITY, DISTRICT, ZIP_CODE, ADDR, PHONE, DEFAULT_ADDR, FIXED_PHONE)
values (10580, 26939, '张强', '辽宁省', '大连市', '金州区', '116600', '铁山西路峰尚园18号1单元2楼4', '13591752576', 1, null);
insert into EB_SHIP_ADDR (SHIP_ADDR_ID, PTL_USER_ID, SHIP_NAME, PROVINCE, CITY, DISTRICT, ZIP_CODE, ADDR, PHONE, DEFAULT_ADDR, FIXED_PHONE)
values (10601, 21712, '于伟东', '辽宁省', '沈阳市', '和平区', '110004', '文体路4号五里河城C3901室', '13840015612', 0, null);
insert into EB_SHIP_ADDR (SHIP_ADDR_ID, PTL_USER_ID, SHIP_NAME, PROVINCE, CITY, DISTRICT, ZIP_CODE, ADDR, PHONE, DEFAULT_ADDR, FIXED_PHONE)
values (10603, 21712, '于伟东', '辽宁省', '沈阳市', '和平区', '110004', '文体路4号五里河城C3901室', '13840015612', 1, null);
insert into EB_SHIP_ADDR (SHIP_ADDR_ID, PTL_USER_ID, SHIP_NAME, PROVINCE, CITY, DISTRICT, ZIP_CODE, ADDR, PHONE, DEFAULT_ADDR, FIXED_PHONE)
values (3260, 3624, '邓景', '辽宁省', '大连市', '金州区', '116622', '大连大学北11宿舍215寝', '18842652550', 1, null);
insert into EB_SHIP_ADDR (SHIP_ADDR_ID, PTL_USER_ID, SHIP_NAME, PROVINCE, CITY, DISTRICT, ZIP_CODE, ADDR, PHONE, DEFAULT_ADDR, FIXED_PHONE)
values (5640, 7404, '王爽', '辽宁省', '大连市', '沙河口区', '116023', '百合山庄屹馨街彼得公寓后身中通快递', '15998569050', 1, null);
insert into EB_SHIP_ADDR (SHIP_ADDR_ID, PTL_USER_ID, SHIP_NAME, PROVINCE, CITY, DISTRICT, ZIP_CODE, ADDR, PHONE, DEFAULT_ADDR, FIXED_PHONE)
values (8967, 15127, '王德松', '辽宁省', '大连市', '瓦房店市', '116300', '良友交通岗信德自选', '15898128838', 1, null);
insert into EB_SHIP_ADDR (SHIP_ADDR_ID, PTL_USER_ID, SHIP_NAME, PROVINCE, CITY, DISTRICT, ZIP_CODE, ADDR, PHONE, DEFAULT_ADDR, FIXED_PHONE)
values (9362, 7101, '18841671621', '辽宁省', '锦州市', '义县', '121114', '白庙子', '18841671621', 1, null);
insert into EB_SHIP_ADDR (SHIP_ADDR_ID, PTL_USER_ID, SHIP_NAME, PROVINCE, CITY, DISTRICT, ZIP_CODE, ADDR, PHONE, DEFAULT_ADDR, FIXED_PHONE)
values (9365, 16819, '王浩宇', '辽宁省', '大连市', '金州区', '116600', '金州新区开发区高祥里', '13478556886', 1, null);
insert into EB_SHIP_ADDR (SHIP_ADDR_ID, PTL_USER_ID, SHIP_NAME, PROVINCE, CITY, DISTRICT, ZIP_CODE, ADDR, PHONE, DEFAULT_ADDR, FIXED_PHONE)
values (9542, 17598, '徐恩阳', '辽宁省', '沈阳市', '铁西区', '110021', '滑翔6小区41号楼3单元4楼3号', '18602419277', 1, null);
insert into EB_SHIP_ADDR (SHIP_ADDR_ID, PTL_USER_ID, SHIP_NAME, PROVINCE, CITY, DISTRICT, ZIP_CODE, ADDR, PHONE, DEFAULT_ADDR, FIXED_PHONE)
values (9780, 18786, '张新', '辽宁省', '锦州市', '古塔区', '121000', '蓬莱里115号楼22号', '13940662756', 1, null);
insert into EB_SHIP_ADDR (SHIP_ADDR_ID, PTL_USER_ID, SHIP_NAME, PROVINCE, CITY, DISTRICT, ZIP_CODE, ADDR, PHONE, DEFAULT_ADDR, FIXED_PHONE)
values (10540, 26735, '王星', '辽宁省', '大连市', '中山区', '116001', '武昌街344号2楼洞4层2号', '13478415511', 1, null);
insert into EB_SHIP_ADDR (SHIP_ADDR_ID, PTL_USER_ID, SHIP_NAME, PROVINCE, CITY, DISTRICT, ZIP_CODE, ADDR, PHONE, DEFAULT_ADDR, FIXED_PHONE)
values (3640, 4230, '赵亮', '辽宁省', '大连市', '瓦房店市', '116300', '鑫明超市', '15041129812', 1, null);
insert into EB_SHIP_ADDR (SHIP_ADDR_ID, PTL_USER_ID, SHIP_NAME, PROVINCE, CITY, DISTRICT, ZIP_CODE, ADDR, PHONE, DEFAULT_ADDR, FIXED_PHONE)
values (4620, 5831, '杨帆', '辽宁省', '沈阳市', '于洪区', '110000', '中央大街丽都新城13a', '15009889941', 1, null);
insert into EB_SHIP_ADDR (SHIP_ADDR_ID, PTL_USER_ID, SHIP_NAME, PROVINCE, CITY, DISTRICT, ZIP_CODE, ADDR, PHONE, DEFAULT_ADDR, FIXED_PHONE)
values (6762, 9213, '姜永钢', '辽宁省', '沈阳市', '大东区', '110042', '大东路175号', '15809881022', 1, null);
insert into EB_SHIP_ADDR (SHIP_ADDR_ID, PTL_USER_ID, SHIP_NAME, PROVINCE, CITY, DISTRICT, ZIP_CODE, ADDR, PHONE, DEFAULT_ADDR, FIXED_PHONE)
values (9360, 16783, '张志仁', '辽宁省', '沈阳市', '皇姑区', '110035', '新安江街16号汇宝国际花园B区20B181', '13909813647', 1, null);
insert into EB_SHIP_ADDR (SHIP_ADDR_ID, PTL_USER_ID, SHIP_NAME, PROVINCE, CITY, DISTRICT, ZIP_CODE, ADDR, PHONE, DEFAULT_ADDR, FIXED_PHONE)
values (7160, 9812, '刘盛来', '辽宁省', '大连市', '庄河市', '116400', '城关街道黄海明珠小区', '15940854488', 1, null);
insert into EB_SHIP_ADDR (SHIP_ADDR_ID, PTL_USER_ID, SHIP_NAME, PROVINCE, CITY, DISTRICT, ZIP_CODE, ADDR, PHONE, DEFAULT_ADDR, FIXED_PHONE)
values (9320, 16586, '李淑静', '辽宁省', '沈阳市', '沈河区', '110004', '文艺路77号4单元6楼1号', '13644025554', 1, null);
insert into EB_SHIP_ADDR (SHIP_ADDR_ID, PTL_USER_ID, SHIP_NAME, PROVINCE, CITY, DISTRICT, ZIP_CODE, ADDR, PHONE, DEFAULT_ADDR, FIXED_PHONE)
values (9380, 16896, '段德印', '辽宁省', '辽阳市', '白塔区', '111000', '南郊街48号楼东二单元4楼', '13898241306', 1, null);
insert into EB_SHIP_ADDR (SHIP_ADDR_ID, PTL_USER_ID, SHIP_NAME, PROVINCE, CITY, DISTRICT, ZIP_CODE, ADDR, PHONE, DEFAULT_ADDR, FIXED_PHONE)
values (9400, 16934, '何明明', '辽宁省', '营口市', '盖州市', '115225', '盖州市归州满族镇东坡子村', '13840792909', 1, null);
insert into EB_SHIP_ADDR (SHIP_ADDR_ID, PTL_USER_ID, SHIP_NAME, PROVINCE, CITY, DISTRICT, ZIP_CODE, ADDR, PHONE, DEFAULT_ADDR, FIXED_PHONE)
values (10240, 23062, '何？', '辽宁省', '大连市', '沙河口区', '116000', '西南路64号', '15909885289', 1, null);
insert into EB_SHIP_ADDR (SHIP_ADDR_ID, PTL_USER_ID, SHIP_NAME, PROVINCE, CITY, DISTRICT, ZIP_CODE, ADDR, PHONE, DEFAULT_ADDR, FIXED_PHONE)
values (3700, 4382, '宗立率', '辽宁省', '大连市', '甘井子区', '116023', '大连理工大学西部校区化工实验楼A413室', '15040585763', 1, null);
insert into EB_SHIP_ADDR (SHIP_ADDR_ID, PTL_USER_ID, SHIP_NAME, PROVINCE, CITY, DISTRICT, ZIP_CODE, ADDR, PHONE, DEFAULT_ADDR, FIXED_PHONE)
values (4141, 5048, '刘新民', '辽宁省', '大连市', '甘井子区', '116081', '红凌路叠芳园18号1单元1202', '15941186677', 1, null);
insert into EB_SHIP_ADDR (SHIP_ADDR_ID, PTL_USER_ID, SHIP_NAME, PROVINCE, CITY, DISTRICT, ZIP_CODE, ADDR, PHONE, DEFAULT_ADDR, FIXED_PHONE)
values (7660, 10723, '姜雪', '辽宁省', '大连市', '金州区', '116600', '开发区金州新区杏林社区杏花里幼儿园', '13555979250', 1, null);
insert into EB_SHIP_ADDR (SHIP_ADDR_ID, PTL_USER_ID, SHIP_NAME, PROVINCE, CITY, DISTRICT, ZIP_CODE, ADDR, PHONE, DEFAULT_ADDR, FIXED_PHONE)
values (8970, 15540, '郑天飞', '辽宁省', '大连市', '甘井子区', '116033', '华北路429号轮胎批发市场鞍轮轮胎', '13500736597', 1, null);
insert into EB_SHIP_ADDR (SHIP_ADDR_ID, PTL_USER_ID, SHIP_NAME, PROVINCE, CITY, DISTRICT, ZIP_CODE, ADDR, PHONE, DEFAULT_ADDR, FIXED_PHONE)
values (9200, 16264, '程显龙', '辽宁省', '铁岭市', '昌图县', '112519', '三江口镇', '13591026053', 1, null);
insert into EB_SHIP_ADDR (SHIP_ADDR_ID, PTL_USER_ID, SHIP_NAME, PROVINCE, CITY, DISTRICT, ZIP_CODE, ADDR, PHONE, DEFAULT_ADDR, FIXED_PHONE)
values (9220, 16291, '魏星', '辽宁省', '沈阳市', '于洪区', '110024', '白山路101号73门', '18640088875', 1, null);
insert into EB_SHIP_ADDR (SHIP_ADDR_ID, PTL_USER_ID, SHIP_NAME, PROVINCE, CITY, DISTRICT, ZIP_CODE, ADDR, PHONE, DEFAULT_ADDR, FIXED_PHONE)
values (9222, 16333, '单超', '辽宁省', '葫芦岛市', '兴城市', '125100', '西关上城贵府小区3号楼3单元603室', '15174298810', 1, null);
insert into EB_SHIP_ADDR (SHIP_ADDR_ID, PTL_USER_ID, SHIP_NAME, PROVINCE, CITY, DISTRICT, ZIP_CODE, ADDR, PHONE, DEFAULT_ADDR, FIXED_PHONE)
values (9801, 19066, '鞠盛春', '辽宁省', '沈阳市', '大东区', '110043', '南卡门路52一3号241', '15040161397', 1, null);
insert into EB_SHIP_ADDR (SHIP_ADDR_ID, PTL_USER_ID, SHIP_NAME, PROVINCE, CITY, DISTRICT, ZIP_CODE, ADDR, PHONE, DEFAULT_ADDR, FIXED_PHONE)
values (9802, 19069, '韩秋', '辽宁省', '沈阳市', '铁西区', '110021', '沈辽东路58号162', '13478203573', 1, null);
insert into EB_SHIP_ADDR (SHIP_ADDR_ID, PTL_USER_ID, SHIP_NAME, PROVINCE, CITY, DISTRICT, ZIP_CODE, ADDR, PHONE, DEFAULT_ADDR, FIXED_PHONE)
values (10560, 26816, '张彦', '辽宁省', '大连市', '中山区', '116001', '大连市中山区解放路19号百年城屈臣氏', '15940869921', 1, null);
insert into EB_SHIP_ADDR (SHIP_ADDR_ID, PTL_USER_ID, SHIP_NAME, PROVINCE, CITY, DISTRICT, ZIP_CODE, ADDR, PHONE, DEFAULT_ADDR, FIXED_PHONE)
values (10561, 26853, '战羽', '辽宁省', '沈阳市', '和平区', '110034', '胜利大街5号胜利大厦5层', '13940541009', 1, null);
insert into EB_SHIP_ADDR (SHIP_ADDR_ID, PTL_USER_ID, SHIP_NAME, PROVINCE, CITY, DISTRICT, ZIP_CODE, ADDR, PHONE, DEFAULT_ADDR, FIXED_PHONE)
values (10604, 26973, '李惠', '辽宁省', '鞍山市', '铁东区', '114000', '中华南路172栋', '13904208468', 1, null);
insert into EB_SHIP_ADDR (SHIP_ADDR_ID, PTL_USER_ID, SHIP_NAME, PROVINCE, CITY, DISTRICT, ZIP_CODE, ADDR, PHONE, DEFAULT_ADDR, FIXED_PHONE)
values (11322, 28871, '苏凤霞', '辽宁省', '沈阳市', '铁西区', '110021', '兴华南街5817号铁西万达广场C273室', '13840121179', 1, null);
insert into EB_SHIP_ADDR (SHIP_ADDR_ID, PTL_USER_ID, SHIP_NAME, PROVINCE, CITY, DISTRICT, ZIP_CODE, ADDR, PHONE, DEFAULT_ADDR, FIXED_PHONE)
values (3560, 4119, '徐春远', '辽宁省', '辽阳市', '灯塔市', '111313', '西大窑镇上缸窑村', '13898256116', 1, null);
insert into EB_SHIP_ADDR (SHIP_ADDR_ID, PTL_USER_ID, SHIP_NAME, PROVINCE, CITY, DISTRICT, ZIP_CODE, ADDR, PHONE, DEFAULT_ADDR, FIXED_PHONE)
values (6680, 8809, '张岩', '辽宁省', '抚顺市', '顺城区', '113006', '临江路东段21号', '15941310539', 1, null);
insert into EB_SHIP_ADDR (SHIP_ADDR_ID, PTL_USER_ID, SHIP_NAME, PROVINCE, CITY, DISTRICT, ZIP_CODE, ADDR, PHONE, DEFAULT_ADDR, FIXED_PHONE)
values (7000, 8462, '潘立波', '辽宁省', '大连市', '甘井子区', '116033', '虹港路300号', '13942033904', 1, null);
insert into EB_SHIP_ADDR (SHIP_ADDR_ID, PTL_USER_ID, SHIP_NAME, PROVINCE, CITY, DISTRICT, ZIP_CODE, ADDR, PHONE, DEFAULT_ADDR, FIXED_PHONE)
values (9584, 11629, '关鑫', '辽宁省', '辽阳市', '白塔区', '111000', '京都国际二单元9002', '13591233787', 1, null);
insert into EB_SHIP_ADDR (SHIP_ADDR_ID, PTL_USER_ID, SHIP_NAME, PROVINCE, CITY, DISTRICT, ZIP_CODE, ADDR, PHONE, DEFAULT_ADDR, FIXED_PHONE)
values (10201, 23102, '王兵', '辽宁省', '沈阳市', '和平区', '110003', '文化路希春巷', '13022467555', 1, null);
insert into EB_SHIP_ADDR (SHIP_ADDR_ID, PTL_USER_ID, SHIP_NAME, PROVINCE, CITY, DISTRICT, ZIP_CODE, ADDR, PHONE, DEFAULT_ADDR, FIXED_PHONE)
values (10440, 26402, '马宏伟', '辽宁省', '沈阳市', '铁西区', '110004', '南八东路16号云鼎家园3号楼3单元702室', '13940165856', 1, null);
insert into EB_SHIP_ADDR (SHIP_ADDR_ID, PTL_USER_ID, SHIP_NAME, PROVINCE, CITY, DISTRICT, ZIP_CODE, ADDR, PHONE, DEFAULT_ADDR, FIXED_PHONE)
values (10441, 26406, '窦剑峰', '辽宁省', '铁岭市', '银州区', '112000', '光华路冶金综合楼5单元201室', '15804108668', 1, null);
insert into EB_SHIP_ADDR (SHIP_ADDR_ID, PTL_USER_ID, SHIP_NAME, PROVINCE, CITY, DISTRICT, ZIP_CODE, ADDR, PHONE, DEFAULT_ADDR, FIXED_PHONE)
values (11261, 28775, '张信飞', '辽宁省', '沈阳市', '于洪区', '110141', '黄海路39号', '15804046008', 1, null);
insert into EB_SHIP_ADDR (SHIP_ADDR_ID, PTL_USER_ID, SHIP_NAME, PROVINCE, CITY, DISTRICT, ZIP_CODE, ADDR, PHONE, DEFAULT_ADDR, FIXED_PHONE)
values (3140, 3402, '朱伟', '辽宁省', '锦州市', '黑山县', '121403', '新立屯镇荒地村', '15941602116', 1, null);
insert into EB_SHIP_ADDR (SHIP_ADDR_ID, PTL_USER_ID, SHIP_NAME, PROVINCE, CITY, DISTRICT, ZIP_CODE, ADDR, PHONE, DEFAULT_ADDR, FIXED_PHONE)
values (5480, 7151, '王春雨', '辽宁省', '鞍山市', '海城市', '114225', '腾鳌镇', '13842220644', 1, null);
insert into EB_SHIP_ADDR (SHIP_ADDR_ID, PTL_USER_ID, SHIP_NAME, PROVINCE, CITY, DISTRICT, ZIP_CODE, ADDR, PHONE, DEFAULT_ADDR, FIXED_PHONE)
values (5741, 7588, '张莹', '辽宁省', '沈阳市', '大东区', '110042', '大东路93号大东工商局人事科', '18904015866', 1, null);
insert into EB_SHIP_ADDR (SHIP_ADDR_ID, PTL_USER_ID, SHIP_NAME, PROVINCE, CITY, DISTRICT, ZIP_CODE, ADDR, PHONE, DEFAULT_ADDR, FIXED_PHONE)
values (6100, 8236, '李春雷', '辽宁省', '抚顺市', '清原满族自治县', '113300', '清原清华丽园13号楼3单元601', '18241322326', 1, null);
insert into EB_SHIP_ADDR (SHIP_ADDR_ID, PTL_USER_ID, SHIP_NAME, PROVINCE, CITY, DISTRICT, ZIP_CODE, ADDR, PHONE, DEFAULT_ADDR, FIXED_PHONE)
values (7521, 10372, '刘莉华', '辽宁省', '沈阳市', '铁西区', '110000', '云峰北街', '18809888803', 1, null);
insert into EB_SHIP_ADDR (SHIP_ADDR_ID, PTL_USER_ID, SHIP_NAME, PROVINCE, CITY, DISTRICT, ZIP_CODE, ADDR, PHONE, DEFAULT_ADDR, FIXED_PHONE)
values (7540, 10368, '张喜彪', '辽宁省', '辽阳市', '白塔区', '111000', '北草库大阔田酒店', '15804233888', 1, null);
insert into EB_SHIP_ADDR (SHIP_ADDR_ID, PTL_USER_ID, SHIP_NAME, PROVINCE, CITY, DISTRICT, ZIP_CODE, ADDR, PHONE, DEFAULT_ADDR, FIXED_PHONE)
values (8060, 12466, '赵田歌', '辽宁省', '沈阳市', '和平区', '100005', '南十马路79号', '13940080309', 1, null);
insert into EB_SHIP_ADDR (SHIP_ADDR_ID, PTL_USER_ID, SHIP_NAME, PROVINCE, CITY, DISTRICT, ZIP_CODE, ADDR, PHONE, DEFAULT_ADDR, FIXED_PHONE)
values (8180, 12639, '赵文财', '辽宁省', '营口市', '大石桥市', '115104', '汤池镇二道岭村', '15009830916', 1, null);
insert into EB_SHIP_ADDR (SHIP_ADDR_ID, PTL_USER_ID, SHIP_NAME, PROVINCE, CITY, DISTRICT, ZIP_CODE, ADDR, PHONE, DEFAULT_ADDR, FIXED_PHONE)
values (8341, 13006, '侯杨杨', '辽宁省', '营口市', '大石桥市', '115100', '文荟小区', '13841782460', 1, null);
insert into EB_SHIP_ADDR (SHIP_ADDR_ID, PTL_USER_ID, SHIP_NAME, PROVINCE, CITY, DISTRICT, ZIP_CODE, ADDR, PHONE, DEFAULT_ADDR, FIXED_PHONE)
values (9480, 17295, '马蕾', '辽宁省', '大连市', '瓦房店市', '116300', '五一路二段44号102室', '13591364001', 1, null);
insert into EB_SHIP_ADDR (SHIP_ADDR_ID, PTL_USER_ID, SHIP_NAME, PROVINCE, CITY, DISTRICT, ZIP_CODE, ADDR, PHONE, DEFAULT_ADDR, FIXED_PHONE)
values (9481, 17323, '孙晓东', '辽宁省', '铁岭市', '银州区', '112000', '聚益花园B区6号楼201室', '15042021798', 1, null);
insert into EB_SHIP_ADDR (SHIP_ADDR_ID, PTL_USER_ID, SHIP_NAME, PROVINCE, CITY, DISTRICT, ZIP_CODE, ADDR, PHONE, DEFAULT_ADDR, FIXED_PHONE)
values (10981, 28003, '谢光天', '辽宁省', '大连市', '西岗区', '116021', '白云绕山路60号楼1单元601', '15041165135', 1, null);
insert into EB_SHIP_ADDR (SHIP_ADDR_ID, PTL_USER_ID, SHIP_NAME, PROVINCE, CITY, DISTRICT, ZIP_CODE, ADDR, PHONE, DEFAULT_ADDR, FIXED_PHONE)
values (11001, 28083, '刘立民', '上海市', '市辖区', '浦东新区', '200135', '锦绣路888弄28号1701室', '13478016655', 1, null);
insert into EB_SHIP_ADDR (SHIP_ADDR_ID, PTL_USER_ID, SHIP_NAME, PROVINCE, CITY, DISTRICT, ZIP_CODE, ADDR, PHONE, DEFAULT_ADDR, FIXED_PHONE)
values (11461, 29105, '杨治宇', '辽宁省', '沈阳市', '大东区', '110043', '新东三街5号', '15940388633', 1, null);
insert into EB_SHIP_ADDR (SHIP_ADDR_ID, PTL_USER_ID, SHIP_NAME, PROVINCE, CITY, DISTRICT, ZIP_CODE, ADDR, PHONE, DEFAULT_ADDR, FIXED_PHONE)
values (3060, 3261, '刘轶', '辽宁省', '沈阳市', '东陵区', '110179', '浑南新区新秀街2号东软软件园', '15242300443', 1, null);
insert into EB_SHIP_ADDR (SHIP_ADDR_ID, PTL_USER_ID, SHIP_NAME, PROVINCE, CITY, DISTRICT, ZIP_CODE, ADDR, PHONE, DEFAULT_ADDR, FIXED_PHONE)
values (6860, 9405, '张磊', '辽宁省', '大连市', '西岗区', '116000', '少儿图书馆', '15142455479', 1, null);
insert into EB_SHIP_ADDR (SHIP_ADDR_ID, PTL_USER_ID, SHIP_NAME, PROVINCE, CITY, DISTRICT, ZIP_CODE, ADDR, PHONE, DEFAULT_ADDR, FIXED_PHONE)
values (7200, 9827, '王汝占', '辽宁省', '沈阳市', '沈河区', '110000', '西顺城街80号冠亚英语', '13514233660', 1, null);
insert into EB_SHIP_ADDR (SHIP_ADDR_ID, PTL_USER_ID, SHIP_NAME, PROVINCE, CITY, DISTRICT, ZIP_CODE, ADDR, PHONE, DEFAULT_ADDR, FIXED_PHONE)
values (9440, 17128, '鲍国峰', '辽宁省', '丹东市', '宽甸满族自治县', '118223', '灌水镇岔沟村2组', '13504152997', 1, null);
insert into EB_SHIP_ADDR (SHIP_ADDR_ID, PTL_USER_ID, SHIP_NAME, PROVINCE, CITY, DISTRICT, ZIP_CODE, ADDR, PHONE, DEFAULT_ADDR, FIXED_PHONE)
values (9660, 18289, '庄欠民', '辽宁省', '沈阳市', '和平区', '110026', '铁西区重工北街22号', '15040372283', 1, null);
insert into EB_SHIP_ADDR (SHIP_ADDR_ID, PTL_USER_ID, SHIP_NAME, PROVINCE, CITY, DISTRICT, ZIP_CODE, ADDR, PHONE, DEFAULT_ADDR, FIXED_PHONE)
values (10721, 27313, '范溢宁', '辽宁省', '沈阳市', '和平区', '110002', '沈阳市和平区北市二街25号', '15840417007', 1, null);
insert into EB_SHIP_ADDR (SHIP_ADDR_ID, PTL_USER_ID, SHIP_NAME, PROVINCE, CITY, DISTRICT, ZIP_CODE, ADDR, PHONE, DEFAULT_ADDR, FIXED_PHONE)
values (11200, 28652, '郑爱淑', '辽宁省', '大连市', '西岗区', '116021', '1315', '13940823299', 1, null);
insert into EB_SHIP_ADDR (SHIP_ADDR_ID, PTL_USER_ID, SHIP_NAME, PROVINCE, CITY, DISTRICT, ZIP_CODE, ADDR, PHONE, DEFAULT_ADDR, FIXED_PHONE)
values (11220, 28716, '黄健', '辽宁省', '沈阳市', '沈河区', '110000', '新宁街保利四期福邸10号楼2单元2楼2号', '15804008360', 1, null);
insert into EB_SHIP_ADDR (SHIP_ADDR_ID, PTL_USER_ID, SHIP_NAME, PROVINCE, CITY, DISTRICT, ZIP_CODE, ADDR, PHONE, DEFAULT_ADDR, FIXED_PHONE)
values (11820, 30117, '赵玉杰', '辽宁省', '大连市', '普兰店市', '116000', '唐房社区世福机械', '13610846148', 1, null);
insert into EB_SHIP_ADDR (SHIP_ADDR_ID, PTL_USER_ID, SHIP_NAME, PROVINCE, CITY, DISTRICT, ZIP_CODE, ADDR, PHONE, DEFAULT_ADDR, FIXED_PHONE)
values (3200, 3525, '13504087446', '辽宁省', '大连市', '沙河口区', '116019', '东北路', '13504087446', 1, null);
insert into EB_SHIP_ADDR (SHIP_ADDR_ID, PTL_USER_ID, SHIP_NAME, PROVINCE, CITY, DISTRICT, ZIP_CODE, ADDR, PHONE, DEFAULT_ADDR, FIXED_PHONE)
values (3240, 3620, '郑涛', '辽宁省', '沈阳市', '沈河区', '110015', '青年大街201号科学宫402', '15942050548', 1, null);
insert into EB_SHIP_ADDR (SHIP_ADDR_ID, PTL_USER_ID, SHIP_NAME, PROVINCE, CITY, DISTRICT, ZIP_CODE, ADDR, PHONE, DEFAULT_ADDR, FIXED_PHONE)
values (3320, 3724, '刘菁', '辽宁省', '大连市', '沙河口区', '116023', '连山街47号楼4单元602', '15804250617', 1, null);
insert into EB_SHIP_ADDR (SHIP_ADDR_ID, PTL_USER_ID, SHIP_NAME, PROVINCE, CITY, DISTRICT, ZIP_CODE, ADDR, PHONE, DEFAULT_ADDR, FIXED_PHONE)
values (3340, 3560, '袁天雷', '辽宁省', '沈阳市', '于洪区', '110141', '沈阳经济技术开发区六号路6甲1号沈阳华润三洋压缩机有限公司', '15998398132', 1, null);
insert into EB_SHIP_ADDR (SHIP_ADDR_ID, PTL_USER_ID, SHIP_NAME, PROVINCE, CITY, DISTRICT, ZIP_CODE, ADDR, PHONE, DEFAULT_ADDR, FIXED_PHONE)
values (4241, 5277, '陈方园', '辽宁省', '营口市', '西市区', '115000', '建新南里13楼27号', '18741777875', 1, null);
insert into EB_SHIP_ADDR (SHIP_ADDR_ID, PTL_USER_ID, SHIP_NAME, PROVINCE, CITY, DISTRICT, ZIP_CODE, ADDR, PHONE, DEFAULT_ADDR, FIXED_PHONE)
values (5300, 6852, '李丹', '辽宁省', '阜新市', '海州区', '123000', '阜新市海州区解放大街47号', '15241864880', 1, null);
insert into EB_SHIP_ADDR (SHIP_ADDR_ID, PTL_USER_ID, SHIP_NAME, PROVINCE, CITY, DISTRICT, ZIP_CODE, ADDR, PHONE, DEFAULT_ADDR, FIXED_PHONE)
values (8360, 13061, '曹敬惠', '辽宁省', '大连市', '金州区', '116100', '金港路2A', '13500715988', 1, null);
insert into EB_SHIP_ADDR (SHIP_ADDR_ID, PTL_USER_ID, SHIP_NAME, PROVINCE, CITY, DISTRICT, ZIP_CODE, ADDR, PHONE, DEFAULT_ADDR, FIXED_PHONE)
values (8701, 14576, '宋玉杰', '辽宁省', '大连市', '西岗区', '116021', '林茂街二巷五号楼七楼一', '15998617799', 1, null);
insert into EB_SHIP_ADDR (SHIP_ADDR_ID, PTL_USER_ID, SHIP_NAME, PROVINCE, CITY, DISTRICT, ZIP_CODE, ADDR, PHONE, DEFAULT_ADDR, FIXED_PHONE)
values (10141, 21249, '朱爱迪', '辽宁省', '抚顺市', '望花区', '113000', '高湾开发区金地家园', '13940621062', 1, null);
insert into EB_SHIP_ADDR (SHIP_ADDR_ID, PTL_USER_ID, SHIP_NAME, PROVINCE, CITY, DISTRICT, ZIP_CODE, ADDR, PHONE, DEFAULT_ADDR, FIXED_PHONE)
values (10380, 9688, '陈祥龙', '北京市', '市辖区', '朝阳区', '100000', '北京邮电', '15904082225', 1, null);
insert into EB_SHIP_ADDR (SHIP_ADDR_ID, PTL_USER_ID, SHIP_NAME, PROVINCE, CITY, DISTRICT, ZIP_CODE, ADDR, PHONE, DEFAULT_ADDR, FIXED_PHONE)
values (10800, 27457, '吴方明', '辽宁省', '沈阳市', '沈河区', '110000', '北站路28号银河国际大厦C座2103室', '18641199008', 1, null);
insert into EB_SHIP_ADDR (SHIP_ADDR_ID, PTL_USER_ID, SHIP_NAME, PROVINCE, CITY, DISTRICT, ZIP_CODE, ADDR, PHONE, DEFAULT_ADDR, FIXED_PHONE)
values (10881, 27612, '汤锡彬', '辽宁省', '大连市', '普兰店市', '116222', '皮口镇果木园村郑屯11号', '13500730311', 1, null);
insert into EB_SHIP_ADDR (SHIP_ADDR_ID, PTL_USER_ID, SHIP_NAME, PROVINCE, CITY, DISTRICT, ZIP_CODE, ADDR, PHONE, DEFAULT_ADDR, FIXED_PHONE)
values (11442, 29068, '冯定国', '辽宁省', '大连市', '甘井子区', '116021', '辛寨子保税库5号', '13998474428', 1, null);
insert into EB_SHIP_ADDR (SHIP_ADDR_ID, PTL_USER_ID, SHIP_NAME, PROVINCE, CITY, DISTRICT, ZIP_CODE, ADDR, PHONE, DEFAULT_ADDR, FIXED_PHONE)
values (3481, 3986, '马雨', '辽宁省', '盘锦市', '大洼县', '124208', '田庄台镇胜利社区', '13942711151', 1, null);
insert into EB_SHIP_ADDR (SHIP_ADDR_ID, PTL_USER_ID, SHIP_NAME, PROVINCE, CITY, DISTRICT, ZIP_CODE, ADDR, PHONE, DEFAULT_ADDR, FIXED_PHONE)
values (3540, 4083, '金秀丽', '辽宁省', '大连市', '金州区', '116600', '开发区金玛商城59拖1金泰展示', '13842875295', 1, null);
insert into EB_SHIP_ADDR (SHIP_ADDR_ID, PTL_USER_ID, SHIP_NAME, PROVINCE, CITY, DISTRICT, ZIP_CODE, ADDR, PHONE, DEFAULT_ADDR, FIXED_PHONE)
values (4400, 5388, '杨微微', '辽宁省', '沈阳市', '铁西区', '110027', '经济技术开发区十号路八甲一号沈阳紫江包装有限公司', '13704025259', 1, null);
insert into EB_SHIP_ADDR (SHIP_ADDR_ID, PTL_USER_ID, SHIP_NAME, PROVINCE, CITY, DISTRICT, ZIP_CODE, ADDR, PHONE, DEFAULT_ADDR, FIXED_PHONE)
values (4401, 5504, '宋吉鸿', '辽宁省', '大连市', '沙河口区', '116043', '黑石礁辰熙大厦长城宽带客服', '13654081580', 1, null);
insert into EB_SHIP_ADDR (SHIP_ADDR_ID, PTL_USER_ID, SHIP_NAME, PROVINCE, CITY, DISTRICT, ZIP_CODE, ADDR, PHONE, DEFAULT_ADDR, FIXED_PHONE)
values (5340, 6886, '赵传山', '辽宁省', '大连市', '沙河口区', '116021', '连华街66号801室', '13998580478', 1, null);
commit;
prompt 400 records committed...
insert into EB_SHIP_ADDR (SHIP_ADDR_ID, PTL_USER_ID, SHIP_NAME, PROVINCE, CITY, DISTRICT, ZIP_CODE, ADDR, PHONE, DEFAULT_ADDR, FIXED_PHONE)
values (5420, 7043, '赵海波', '辽宁省', '沈阳市', '皇姑区', '110031', '皇姑区崇山中路48号学大教育', '13897972411', 1, null);
insert into EB_SHIP_ADDR (SHIP_ADDR_ID, PTL_USER_ID, SHIP_NAME, PROVINCE, CITY, DISTRICT, ZIP_CODE, ADDR, PHONE, DEFAULT_ADDR, FIXED_PHONE)
values (6420, 8821, '左亚奎', '辽宁省', '锦州市', '义县', '121115', '65651部队2号区79分队', '15940665367', 1, null);
insert into EB_SHIP_ADDR (SHIP_ADDR_ID, PTL_USER_ID, SHIP_NAME, PROVINCE, CITY, DISTRICT, ZIP_CODE, ADDR, PHONE, DEFAULT_ADDR, FIXED_PHONE)
values (8300, 12240, '赵博', '辽宁省', '大连市', '甘井子区', '116033', '千山路2号华南商业大厦A座407室', '13390514577', 1, null);
insert into EB_SHIP_ADDR (SHIP_ADDR_ID, PTL_USER_ID, SHIP_NAME, PROVINCE, CITY, DISTRICT, ZIP_CODE, ADDR, PHONE, DEFAULT_ADDR, FIXED_PHONE)
values (9361, 13612, '陈贞勇', '吉林省', '辽源市', '西安区', '136200', '辽源市人民大街矿电西路金三角2号楼福隆蔬菜水果超市', '13940812042', 1, null);
insert into EB_SHIP_ADDR (SHIP_ADDR_ID, PTL_USER_ID, SHIP_NAME, PROVINCE, CITY, DISTRICT, ZIP_CODE, ADDR, PHONE, DEFAULT_ADDR, FIXED_PHONE)
values (9500, 6093, '啊', '辽宁省', '沈阳市', '和平区', '110000', '啊', '15998801916', 1, null);
insert into EB_SHIP_ADDR (SHIP_ADDR_ID, PTL_USER_ID, SHIP_NAME, PROVINCE, CITY, DISTRICT, ZIP_CODE, ADDR, PHONE, DEFAULT_ADDR, FIXED_PHONE)
values (11062, 27438, '王泽君', '辽宁省', '沈阳市', '沈河区', '110001', '方明街13号432室', '18602458841', 1, null);
insert into EB_SHIP_ADDR (SHIP_ADDR_ID, PTL_USER_ID, SHIP_NAME, PROVINCE, CITY, DISTRICT, ZIP_CODE, ADDR, PHONE, DEFAULT_ADDR, FIXED_PHONE)
values (11400, 28987, '李达富', '辽宁省', '大连市', '长海县', '116502', '广鹿岛8一22信箱', '15840639207', 1, null);
insert into EB_SHIP_ADDR (SHIP_ADDR_ID, PTL_USER_ID, SHIP_NAME, PROVINCE, CITY, DISTRICT, ZIP_CODE, ADDR, PHONE, DEFAULT_ADDR, FIXED_PHONE)
values (11721, 27052, '金涛', '辽宁省', '盘锦市', '兴隆台区', '124000', '辽河南路119号盘锦市消防检测有限公司', '18342321609', 1, null);
insert into EB_SHIP_ADDR (SHIP_ADDR_ID, PTL_USER_ID, SHIP_NAME, PROVINCE, CITY, DISTRICT, ZIP_CODE, ADDR, PHONE, DEFAULT_ADDR, FIXED_PHONE)
values (11760, 29897, '姜旭', '辽宁省', '沈阳市', '和平区', '111111', '0000000', '11111111111', 1, null);
insert into EB_SHIP_ADDR (SHIP_ADDR_ID, PTL_USER_ID, SHIP_NAME, PROVINCE, CITY, DISTRICT, ZIP_CODE, ADDR, PHONE, DEFAULT_ADDR, FIXED_PHONE)
values (4180, 5155, '毕朋翔', '辽宁省', '沈阳市', '铁西区', '110023', '兴顺北街2号', '13998130575', 1, null);
insert into EB_SHIP_ADDR (SHIP_ADDR_ID, PTL_USER_ID, SHIP_NAME, PROVINCE, CITY, DISTRICT, ZIP_CODE, ADDR, PHONE, DEFAULT_ADDR, FIXED_PHONE)
values (4680, 5516, '韩雪梅', '辽宁省', '沈阳市', '和平区', '110001', '太原南街90号商贸国际B2314', '13514252060', 1, null);
insert into EB_SHIP_ADDR (SHIP_ADDR_ID, PTL_USER_ID, SHIP_NAME, PROVINCE, CITY, DISTRICT, ZIP_CODE, ADDR, PHONE, DEFAULT_ADDR, FIXED_PHONE)
values (7980, 12244, '伊健华', '辽宁省', '沈阳市', '铁西区', '110000', '经济技术开发区十三号街12号', '18204059222', 1, null);
insert into EB_SHIP_ADDR (SHIP_ADDR_ID, PTL_USER_ID, SHIP_NAME, PROVINCE, CITY, DISTRICT, ZIP_CODE, ADDR, PHONE, DEFAULT_ADDR, FIXED_PHONE)
values (8503, 13883, '胡春森', '辽宁省', '大连市', '西岗区', '116000', '新开路锦绣大厦1102', '13644112391', 1, null);
insert into EB_SHIP_ADDR (SHIP_ADDR_ID, PTL_USER_ID, SHIP_NAME, PROVINCE, CITY, DISTRICT, ZIP_CODE, ADDR, PHONE, DEFAULT_ADDR, FIXED_PHONE)
values (9363, 16514, '蒋婷', '河北省', '唐山市', '遵化市', '064200', '黎明园小区3栋4门501室', '15131600534', 1, null);
insert into EB_SHIP_ADDR (SHIP_ADDR_ID, PTL_USER_ID, SHIP_NAME, PROVINCE, CITY, DISTRICT, ZIP_CODE, ADDR, PHONE, DEFAULT_ADDR, FIXED_PHONE)
values (10340, 23522, '刁志威', '辽宁省', '鞍山市', '立山区', '114001', '深沟寺九区9601栋36号', '13674223157', 1, null);
insert into EB_SHIP_ADDR (SHIP_ADDR_ID, PTL_USER_ID, SHIP_NAME, PROVINCE, CITY, DISTRICT, ZIP_CODE, ADDR, PHONE, DEFAULT_ADDR, FIXED_PHONE)
values (10920, 27877, '赵维刚', '辽宁省', '沈阳市', '于洪区', '110141', '沈辽路63甲', '15140875053', 1, null);
insert into EB_SHIP_ADDR (SHIP_ADDR_ID, PTL_USER_ID, SHIP_NAME, PROVINCE, CITY, DISTRICT, ZIP_CODE, ADDR, PHONE, DEFAULT_ADDR, FIXED_PHONE)
values (10940, 27900, '李？', '辽宁省', '大连市', '旅顺口区', '116025', '高新园区高能街1号路明科技大厦', '13840807467', 1, null);
insert into EB_SHIP_ADDR (SHIP_ADDR_ID, PTL_USER_ID, SHIP_NAME, PROVINCE, CITY, DISTRICT, ZIP_CODE, ADDR, PHONE, DEFAULT_ADDR, FIXED_PHONE)
values (20000, 3004, 'ccvv', '云南省', '昆明市', '盘龙区', null, 'ccvv', '13688888888', 1, null);
insert into EB_SHIP_ADDR (SHIP_ADDR_ID, PTL_USER_ID, SHIP_NAME, PROVINCE, CITY, DISTRICT, ZIP_CODE, ADDR, PHONE, DEFAULT_ADDR, FIXED_PHONE)
values (20001, 3003, 'a', '北京市', '市辖区', '东城区', null, 'a', '18710053109', 1, null);
insert into EB_SHIP_ADDR (SHIP_ADDR_ID, PTL_USER_ID, SHIP_NAME, PROVINCE, CITY, DISTRICT, ZIP_CODE, ADDR, PHONE, DEFAULT_ADDR, FIXED_PHONE)
values (20002, 3007, 'ccvv', '云南省', '昆明市', '盘龙区', null, 'ccvv', '13688888888', 1, null);
insert into EB_SHIP_ADDR (SHIP_ADDR_ID, PTL_USER_ID, SHIP_NAME, PROVINCE, CITY, DISTRICT, ZIP_CODE, ADDR, PHONE, DEFAULT_ADDR, FIXED_PHONE)
values (20020, 3061, '马俊', '北京市', '市辖区', '东城区', '100086', '中关村6号中电信息大厦', '13333333333', 1, '13333333333');
insert into EB_SHIP_ADDR (SHIP_ADDR_ID, PTL_USER_ID, SHIP_NAME, PROVINCE, CITY, DISTRICT, ZIP_CODE, ADDR, PHONE, DEFAULT_ADDR, FIXED_PHONE)
values (20040, 3080, 'ccvv', '云南省', '昆明市', '五华区', null, 'ccvv', '13566666666', 1, null);
insert into EB_SHIP_ADDR (SHIP_ADDR_ID, PTL_USER_ID, SHIP_NAME, PROVINCE, CITY, DISTRICT, ZIP_CODE, ADDR, PHONE, DEFAULT_ADDR, FIXED_PHONE)
values (20041, 3009, 'test', '辽宁省', '沈阳市', '沈河区', null, 'test', '11111111111', 1, null);
insert into EB_SHIP_ADDR (SHIP_ADDR_ID, PTL_USER_ID, SHIP_NAME, PROVINCE, CITY, DISTRICT, ZIP_CODE, ADDR, PHONE, DEFAULT_ADDR, FIXED_PHONE)
values (20042, 3083, 'dailiren', '甘肃省', '兰州市', '城关区', null, 'dailiren', '13688888888', 1, null);
insert into EB_SHIP_ADDR (SHIP_ADDR_ID, PTL_USER_ID, SHIP_NAME, PROVINCE, CITY, DISTRICT, ZIP_CODE, ADDR, PHONE, DEFAULT_ADDR, FIXED_PHONE)
values (20060, 3104, 'mfc', '北京市', '市辖区', '东城区', null, '123', '12312312312', 1, null);
insert into EB_SHIP_ADDR (SHIP_ADDR_ID, PTL_USER_ID, SHIP_NAME, PROVINCE, CITY, DISTRICT, ZIP_CODE, ADDR, PHONE, DEFAULT_ADDR, FIXED_PHONE)
values (20080, 3120, 'fgg', '辽宁省', '沈阳市', '和平区', null, 'fgfdg', '12311112222', 1, null);
insert into EB_SHIP_ADDR (SHIP_ADDR_ID, PTL_USER_ID, SHIP_NAME, PROVINCE, CITY, DISTRICT, ZIP_CODE, ADDR, PHONE, DEFAULT_ADDR, FIXED_PHONE)
values (9803, 19088, '胡燕', '辽宁省', '沈阳市', '皇姑区', '110000', '昆山西路152号华锐塔湾欣城二期68号101室', '13998277503', 1, null);
insert into EB_SHIP_ADDR (SHIP_ADDR_ID, PTL_USER_ID, SHIP_NAME, PROVINCE, CITY, DISTRICT, ZIP_CODE, ADDR, PHONE, DEFAULT_ADDR, FIXED_PHONE)
values (9840, 19219, '杨絮', '北京市', '市辖区', '朝阳区', '100000', '北三环中路浙江大厦国美电器数码部', '15242945456', 1, null);
insert into EB_SHIP_ADDR (SHIP_ADDR_ID, PTL_USER_ID, SHIP_NAME, PROVINCE, CITY, DISTRICT, ZIP_CODE, ADDR, PHONE, DEFAULT_ADDR, FIXED_PHONE)
values (10461, 5626, '王宝智', '辽宁省', '大连市', '瓦房店市', '116300', '瓦房店铁路宾馆吧台收', '13941140220', 1, null);
insert into EB_SHIP_ADDR (SHIP_ADDR_ID, PTL_USER_ID, SHIP_NAME, PROVINCE, CITY, DISTRICT, ZIP_CODE, ADDR, PHONE, DEFAULT_ADDR, FIXED_PHONE)
values (10462, 26393, '段永欣', '辽宁省', '大连市', '中山区', '116001', '七一街十一号', '13889515301', 1, null);
insert into EB_SHIP_ADDR (SHIP_ADDR_ID, PTL_USER_ID, SHIP_NAME, PROVINCE, CITY, DISTRICT, ZIP_CODE, ADDR, PHONE, DEFAULT_ADDR, FIXED_PHONE)
values (10480, 26573, '秦柏松', '辽宁省', '沈阳市', '沈河区', '110000', '北站路', '13998284660', 1, null);
insert into EB_SHIP_ADDR (SHIP_ADDR_ID, PTL_USER_ID, SHIP_NAME, PROVINCE, CITY, DISTRICT, ZIP_CODE, ADDR, PHONE, DEFAULT_ADDR, FIXED_PHONE)
values (10502, 26616, '朱岩', '辽宁省', '大连市', '中山区', '116000', '人民路成大大厦2604', '15942826390', 1, null);
insert into EB_SHIP_ADDR (SHIP_ADDR_ID, PTL_USER_ID, SHIP_NAME, PROVINCE, CITY, DISTRICT, ZIP_CODE, ADDR, PHONE, DEFAULT_ADDR, FIXED_PHONE)
values (3961, 4802, '周蕴潜', '辽宁省', '沈阳市', '于洪区', '110141', '洪湖北街', '13840544058', 1, null);
insert into EB_SHIP_ADDR (SHIP_ADDR_ID, PTL_USER_ID, SHIP_NAME, PROVINCE, CITY, DISTRICT, ZIP_CODE, ADDR, PHONE, DEFAULT_ADDR, FIXED_PHONE)
values (4040, 3765, '孙英魁', '辽宁省', '沈阳市', '于洪区', '110032', '白山路128一18号163室', '13840087178', 1, null);
insert into EB_SHIP_ADDR (SHIP_ADDR_ID, PTL_USER_ID, SHIP_NAME, PROVINCE, CITY, DISTRICT, ZIP_CODE, ADDR, PHONE, DEFAULT_ADDR, FIXED_PHONE)
values (4640, 4493, '刘桂栓', '辽宁省', '沈阳市', '东陵区', '110670', '塔北一路', '13940228162', 0, null);
insert into EB_SHIP_ADDR (SHIP_ADDR_ID, PTL_USER_ID, SHIP_NAME, PROVINCE, CITY, DISTRICT, ZIP_CODE, ADDR, PHONE, DEFAULT_ADDR, FIXED_PHONE)
values (4641, 4493, '刘桂栓', '辽宁省', '沈阳市', '东陵区', '110670', '塔北一路', '13940228162', 0, null);
insert into EB_SHIP_ADDR (SHIP_ADDR_ID, PTL_USER_ID, SHIP_NAME, PROVINCE, CITY, DISTRICT, ZIP_CODE, ADDR, PHONE, DEFAULT_ADDR, FIXED_PHONE)
values (7061, 9677, '王艳', '辽宁省', '沈阳市', '铁西区', '110014', '爱工北街39号甲1怡华馨园2号楼2单元6楼1门', '18624001168', 1, null);
insert into EB_SHIP_ADDR (SHIP_ADDR_ID, PTL_USER_ID, SHIP_NAME, PROVINCE, CITY, DISTRICT, ZIP_CODE, ADDR, PHONE, DEFAULT_ADDR, FIXED_PHONE)
values (7340, 10069, '于洋', '辽宁省', '大连市', '甘井子区', '116000', '玉境路28号于尔浩诊所', '13516059076', 1, null);
insert into EB_SHIP_ADDR (SHIP_ADDR_ID, PTL_USER_ID, SHIP_NAME, PROVINCE, CITY, DISTRICT, ZIP_CODE, ADDR, PHONE, DEFAULT_ADDR, FIXED_PHONE)
values (8120, 12525, '罗斌', '辽宁省', '沈阳市', '大东区', '110043', '北海街莱茵河畔14号楼2单元12楼1号', '13940020960', 1, null);
insert into EB_SHIP_ADDR (SHIP_ADDR_ID, PTL_USER_ID, SHIP_NAME, PROVINCE, CITY, DISTRICT, ZIP_CODE, ADDR, PHONE, DEFAULT_ADDR, FIXED_PHONE)
values (8140, 12529, '郑激姝', '辽宁省', '沈阳市', '于洪区', '110000', '沈阳市于洪区白山路8号421', '15940089110', 1, null);
insert into EB_SHIP_ADDR (SHIP_ADDR_ID, PTL_USER_ID, SHIP_NAME, PROVINCE, CITY, DISTRICT, ZIP_CODE, ADDR, PHONE, DEFAULT_ADDR, FIXED_PHONE)
values (8561, 14097, '焦健', '辽宁省', '营口市', '大石桥市', '115104', '汤匙镇二道领村', '15140765428', 1, null);
insert into EB_SHIP_ADDR (SHIP_ADDR_ID, PTL_USER_ID, SHIP_NAME, PROVINCE, CITY, DISTRICT, ZIP_CODE, ADDR, PHONE, DEFAULT_ADDR, FIXED_PHONE)
values (9000, 15473, '于淼', '辽宁省', '大连市', '沙河口区', '116023', '新华街199号2单元702', '13942008275', 1, null);
insert into EB_SHIP_ADDR (SHIP_ADDR_ID, PTL_USER_ID, SHIP_NAME, PROVINCE, CITY, DISTRICT, ZIP_CODE, ADDR, PHONE, DEFAULT_ADDR, FIXED_PHONE)
values (9580, 17833, '魏娜', '辽宁省', '大连市', '金州区', '116100', '八一路125号脉鲜金属', '13840808599', 1, null);
insert into EB_SHIP_ADDR (SHIP_ADDR_ID, PTL_USER_ID, SHIP_NAME, PROVINCE, CITY, DISTRICT, ZIP_CODE, ADDR, PHONE, DEFAULT_ADDR, FIXED_PHONE)
values (9582, 17851, '张莹', '辽宁省', '营口市', '大石桥市', '115100', '大石桥移动公司', '13840782929', 1, null);
insert into EB_SHIP_ADDR (SHIP_ADDR_ID, PTL_USER_ID, SHIP_NAME, PROVINCE, CITY, DISTRICT, ZIP_CODE, ADDR, PHONE, DEFAULT_ADDR, FIXED_PHONE)
values (10463, 26513, '王海鑫', '辽宁省', '抚顺市', '望花区', '113001', '辽宁石油化工大学', '18241352948', 1, null);
insert into EB_SHIP_ADDR (SHIP_ADDR_ID, PTL_USER_ID, SHIP_NAME, PROVINCE, CITY, DISTRICT, ZIP_CODE, ADDR, PHONE, DEFAULT_ADDR, FIXED_PHONE)
values (10482, 26393, '段永欣', '辽宁省', '大连市', '甘井子区', '116031', '石灰石矿矿前街6号今都小区6号楼2单元1502室', '13889515301', 0, null);
insert into EB_SHIP_ADDR (SHIP_ADDR_ID, PTL_USER_ID, SHIP_NAME, PROVINCE, CITY, DISTRICT, ZIP_CODE, ADDR, PHONE, DEFAULT_ADDR, FIXED_PHONE)
values (11182, 28627, '许洪军', '辽宁省', '大连市', '沙河口区', '116023', '软件园路8号', '13998605820', 1, null);
insert into EB_SHIP_ADDR (SHIP_ADDR_ID, PTL_USER_ID, SHIP_NAME, PROVINCE, CITY, DISTRICT, ZIP_CODE, ADDR, PHONE, DEFAULT_ADDR, FIXED_PHONE)
values (11421, 28981, '吕国强', '辽宁省', '鞍山市', '铁东区', '114001', '东长甸互助街9栋6号', '15998066863', 1, null);
insert into EB_SHIP_ADDR (SHIP_ADDR_ID, PTL_USER_ID, SHIP_NAME, PROVINCE, CITY, DISTRICT, ZIP_CODE, ADDR, PHONE, DEFAULT_ADDR, FIXED_PHONE)
values (11441, 29062, '王长涛', '辽宁省', '沈阳市', '东陵区', '110168', '浑南东路9号沈阳建筑大学', '13940548032', 1, null);
insert into EB_SHIP_ADDR (SHIP_ADDR_ID, PTL_USER_ID, SHIP_NAME, PROVINCE, CITY, DISTRICT, ZIP_CODE, ADDR, PHONE, DEFAULT_ADDR, FIXED_PHONE)
values (4260, 5281, '付明', '辽宁省', '锦州市', '义县', '121116', '七里河镇七里河村218号', '15041682266', 1, null);
insert into EB_SHIP_ADDR (SHIP_ADDR_ID, PTL_USER_ID, SHIP_NAME, PROVINCE, CITY, DISTRICT, ZIP_CODE, ADDR, PHONE, DEFAULT_ADDR, FIXED_PHONE)
values (5180, 6403, '郭霞', '辽宁省', '沈阳市', '和平区', '110002', '青年大街386号喜来登426杠8室大连海鑫沈阳分公司', '15942325006', 1, null);
insert into EB_SHIP_ADDR (SHIP_ADDR_ID, PTL_USER_ID, SHIP_NAME, PROVINCE, CITY, DISTRICT, ZIP_CODE, ADDR, PHONE, DEFAULT_ADDR, FIXED_PHONE)
values (5201, 6621, '朱朝霞', '辽宁省', '沈阳市', '大东区', '110000', '大北关街', '15242416616', 1, null);
insert into EB_SHIP_ADDR (SHIP_ADDR_ID, PTL_USER_ID, SHIP_NAME, PROVINCE, CITY, DISTRICT, ZIP_CODE, ADDR, PHONE, DEFAULT_ADDR, FIXED_PHONE)
values (5220, 6586, '李季', '辽宁省', '沈阳市', '铁西区', '110003', '勋业一路', '13998827551', 1, null);
insert into EB_SHIP_ADDR (SHIP_ADDR_ID, PTL_USER_ID, SHIP_NAME, PROVINCE, CITY, DISTRICT, ZIP_CODE, ADDR, PHONE, DEFAULT_ADDR, FIXED_PHONE)
values (7120, 9772, '常青', '辽宁省', '鞍山市', '海城市', '114217', '牛庄镇商业大街常青兽药', '15164233120', 1, null);
insert into EB_SHIP_ADDR (SHIP_ADDR_ID, PTL_USER_ID, SHIP_NAME, PROVINCE, CITY, DISTRICT, ZIP_CODE, ADDR, PHONE, DEFAULT_ADDR, FIXED_PHONE)
values (9800, 16901, '董军', '辽宁省', '大连市', '中山区', '116001', '友好街11号久光百货', '15940855580', 1, null);
insert into EB_SHIP_ADDR (SHIP_ADDR_ID, PTL_USER_ID, SHIP_NAME, PROVINCE, CITY, DISTRICT, ZIP_CODE, ADDR, PHONE, DEFAULT_ADDR, FIXED_PHONE)
values (11702, 29763, '王斌宇', '辽宁省', '葫芦岛市', '龙港区', '125004', '望海公寓C座1103室', '13898907065', 1, null);
insert into EB_SHIP_ADDR (SHIP_ADDR_ID, PTL_USER_ID, SHIP_NAME, PROVINCE, CITY, DISTRICT, ZIP_CODE, ADDR, PHONE, DEFAULT_ADDR, FIXED_PHONE)
values (11740, 29860, '李娜', '辽宁省', '沈阳市', '和平区', '110200', '博爱医院', '15904095599', 1, null);
insert into EB_SHIP_ADDR (SHIP_ADDR_ID, PTL_USER_ID, SHIP_NAME, PROVINCE, CITY, DISTRICT, ZIP_CODE, ADDR, PHONE, DEFAULT_ADDR, FIXED_PHONE)
values (6180, 8399, '郭雪飞', '辽宁省', '锦州市', '义县', '121100', '迎宾路5号', '13897864616', 1, null);
insert into EB_SHIP_ADDR (SHIP_ADDR_ID, PTL_USER_ID, SHIP_NAME, PROVINCE, CITY, DISTRICT, ZIP_CODE, ADDR, PHONE, DEFAULT_ADDR, FIXED_PHONE)
values (7700, 10472, '熊芬', '辽宁省', '大连市', '金州区', '116600', '开发区东城天下小区78号楼2单元3楼1', '15942855301', 1, null);
insert into EB_SHIP_ADDR (SHIP_ADDR_ID, PTL_USER_ID, SHIP_NAME, PROVINCE, CITY, DISTRICT, ZIP_CODE, ADDR, PHONE, DEFAULT_ADDR, FIXED_PHONE)
values (8761, 14774, '李玲玉', '辽宁省', '沈阳市', '大东区', '110000', '联合路38号3楼呼叫中心', '15604051295', 1, null);
insert into EB_SHIP_ADDR (SHIP_ADDR_ID, PTL_USER_ID, SHIP_NAME, PROVINCE, CITY, DISTRICT, ZIP_CODE, ADDR, PHONE, DEFAULT_ADDR, FIXED_PHONE)
values (8961, 15314, '张帆', '辽宁省', '鞍山市', '海城市', '114200', '莲花园小区5号楼2单元402', '13842239995', 1, null);
insert into EB_SHIP_ADDR (SHIP_ADDR_ID, PTL_USER_ID, SHIP_NAME, PROVINCE, CITY, DISTRICT, ZIP_CODE, ADDR, PHONE, DEFAULT_ADDR, FIXED_PHONE)
values (9080, 15902, '唐果', '辽宁省', '大连市', '中山区', '116001', '麒麟西巷', '15840959189', 1, null);
insert into EB_SHIP_ADDR (SHIP_ADDR_ID, PTL_USER_ID, SHIP_NAME, PROVINCE, CITY, DISTRICT, ZIP_CODE, ADDR, PHONE, DEFAULT_ADDR, FIXED_PHONE)
values (10021, 20488, '周丽波', '辽宁省', '沈阳市', '东陵区', '110179', '浑南新区东大软件园A2楼', '13889385716', 1, null);
insert into EB_SHIP_ADDR (SHIP_ADDR_ID, PTL_USER_ID, SHIP_NAME, PROVINCE, CITY, DISTRICT, ZIP_CODE, ADDR, PHONE, DEFAULT_ADDR, FIXED_PHONE)
values (10220, 23125, '关晨', '辽宁省', '朝阳市', '龙城区', '122000', '蓝海城A区9号楼203', '13704188245', 1, null);
insert into EB_SHIP_ADDR (SHIP_ADDR_ID, PTL_USER_ID, SHIP_NAME, PROVINCE, CITY, DISTRICT, ZIP_CODE, ADDR, PHONE, DEFAULT_ADDR, FIXED_PHONE)
values (11440, 29056, '张英厚', '辽宁省', '大连市', '甘井子区', '116038', '西北路868号', '13942634247', 1, null);
insert into EB_SHIP_ADDR (SHIP_ADDR_ID, PTL_USER_ID, SHIP_NAME, PROVINCE, CITY, DISTRICT, ZIP_CODE, ADDR, PHONE, DEFAULT_ADDR, FIXED_PHONE)
values (3020, 3207, '闫振宇', '辽宁省', '葫芦岛市', '建昌县', '125327', '老大长子乡炉上村西沟外组99号', '13942962101', 1, null);
insert into EB_SHIP_ADDR (SHIP_ADDR_ID, PTL_USER_ID, SHIP_NAME, PROVINCE, CITY, DISTRICT, ZIP_CODE, ADDR, PHONE, DEFAULT_ADDR, FIXED_PHONE)
values (4780, 6048, '孙洪泽', '辽宁省', '大连市', '金州区', '116600', '大连金州新区金发地市场杨屯空军士官学校南门对面国铮科技2号门精英模具有限公司', '15942881231', 1, null);
insert into EB_SHIP_ADDR (SHIP_ADDR_ID, PTL_USER_ID, SHIP_NAME, PROVINCE, CITY, DISTRICT, ZIP_CODE, ADDR, PHONE, DEFAULT_ADDR, FIXED_PHONE)
values (5980, 5946, '李荣海', '辽宁省', '辽阳市', '灯塔市', '111300', '光明路光明小区', '13614198111', 1, null);
insert into EB_SHIP_ADDR (SHIP_ADDR_ID, PTL_USER_ID, SHIP_NAME, PROVINCE, CITY, DISTRICT, ZIP_CODE, ADDR, PHONE, DEFAULT_ADDR, FIXED_PHONE)
values (8361, 13066, '闫妍', '辽宁省', '抚顺市', '顺城区', '113006', '浑河北路53号', '13238132517', 1, null);
insert into EB_SHIP_ADDR (SHIP_ADDR_ID, PTL_USER_ID, SHIP_NAME, PROVINCE, CITY, DISTRICT, ZIP_CODE, ADDR, PHONE, DEFAULT_ADDR, FIXED_PHONE)
values (8380, 13065, '闫妍', '辽宁省', '抚顺市', '顺城区', '113006', '浑河北路53号东电一公司', '13238132517', 1, null);
insert into EB_SHIP_ADDR (SHIP_ADDR_ID, PTL_USER_ID, SHIP_NAME, PROVINCE, CITY, DISTRICT, ZIP_CODE, ADDR, PHONE, DEFAULT_ADDR, FIXED_PHONE)
values (8400, 13082, '梁红海', '辽宁省', '丹东市', '振兴区', '118000', '沿江开发区房坝8号楼三和公司', '18104150855', 1, null);
insert into EB_SHIP_ADDR (SHIP_ADDR_ID, PTL_USER_ID, SHIP_NAME, PROVINCE, CITY, DISTRICT, ZIP_CODE, ADDR, PHONE, DEFAULT_ADDR, FIXED_PHONE)
values (8962, 15435, '刘欢', '辽宁省', '沈阳市', '沈河区', '110013', '惠工街124号沈阳市保险行业协会', '13940160023', 1, null);
insert into EB_SHIP_ADDR (SHIP_ADDR_ID, PTL_USER_ID, SHIP_NAME, PROVINCE, CITY, DISTRICT, ZIP_CODE, ADDR, PHONE, DEFAULT_ADDR, FIXED_PHONE)
values (8980, 15571, '沈喜明', '辽宁省', '大连市', '甘井子区', '116031', '松江路2号商城花园小区6号楼1单元601室', '15841197602', 1, null);
insert into EB_SHIP_ADDR (SHIP_ADDR_ID, PTL_USER_ID, SHIP_NAME, PROVINCE, CITY, DISTRICT, ZIP_CODE, ADDR, PHONE, DEFAULT_ADDR, FIXED_PHONE)
values (9421, 17062, '文宝鑫', '辽宁省', '沈阳市', '苏家屯区', '110101', '丁香街216A21啊8门', '13704011234', 1, null);
insert into EB_SHIP_ADDR (SHIP_ADDR_ID, PTL_USER_ID, SHIP_NAME, PROVINCE, CITY, DISTRICT, ZIP_CODE, ADDR, PHONE, DEFAULT_ADDR, FIXED_PHONE)
values (10280, 23174, '程艳红', '辽宁省', '沈阳市', '和平区', '110005', '南京南街南十马路79号', '13504183961', 1, null);
insert into EB_SHIP_ADDR (SHIP_ADDR_ID, PTL_USER_ID, SHIP_NAME, PROVINCE, CITY, DISTRICT, ZIP_CODE, ADDR, PHONE, DEFAULT_ADDR, FIXED_PHONE)
values (10300, 23298, '杨宇', '辽宁省', '沈阳市', '大东区', '110044', '北洮昌街34至1号1单元7楼3号', '13700021029', 1, null);
insert into EB_SHIP_ADDR (SHIP_ADDR_ID, PTL_USER_ID, SHIP_NAME, PROVINCE, CITY, DISTRICT, ZIP_CODE, ADDR, PHONE, DEFAULT_ADDR, FIXED_PHONE)
values (10900, 27832, '李娜', '辽宁省', '鞍山市', '立山区', '114031', '生产街家园馨村15栋27号', '13842212355', 1, null);
insert into EB_SHIP_ADDR (SHIP_ADDR_ID, PTL_USER_ID, SHIP_NAME, PROVINCE, CITY, DISTRICT, ZIP_CODE, ADDR, PHONE, DEFAULT_ADDR, FIXED_PHONE)
values (3861, 4463, '姜永钢', '辽宁省', '沈阳市', '和平区', '110001', '绥化东街4号', '15809881022', 0, null);
insert into EB_SHIP_ADDR (SHIP_ADDR_ID, PTL_USER_ID, SHIP_NAME, PROVINCE, CITY, DISTRICT, ZIP_CODE, ADDR, PHONE, DEFAULT_ADDR, FIXED_PHONE)
values (4340, 5375, '白峰', '辽宁省', '铁岭市', '调兵山市', '112700', '铁煤集团高新技术公司', '15941050508', 1, null);
insert into EB_SHIP_ADDR (SHIP_ADDR_ID, PTL_USER_ID, SHIP_NAME, PROVINCE, CITY, DISTRICT, ZIP_CODE, ADDR, PHONE, DEFAULT_ADDR, FIXED_PHONE)
values (4600, 4493, '刘桂栓', '辽宁省', '沈阳市', '和平区', '110820', '文化路79号', '13940228162', 1, null);
insert into EB_SHIP_ADDR (SHIP_ADDR_ID, PTL_USER_ID, SHIP_NAME, PROVINCE, CITY, DISTRICT, ZIP_CODE, ADDR, PHONE, DEFAULT_ADDR, FIXED_PHONE)
values (6442, 8431, '李超', '辽宁省', '沈阳市', '苏家屯区', '110106', '红菱镇北14楼331', '15940404043', 1, null);
insert into EB_SHIP_ADDR (SHIP_ADDR_ID, PTL_USER_ID, SHIP_NAME, PROVINCE, CITY, DISTRICT, ZIP_CODE, ADDR, PHONE, DEFAULT_ADDR, FIXED_PHONE)
values (8501, 13868, '李鑫', '辽宁省', '鞍山市', '海城市', '114217', '牛庄镇美特斯邦威专卖店', '13610989030', 1, null);
insert into EB_SHIP_ADDR (SHIP_ADDR_ID, PTL_USER_ID, SHIP_NAME, PROVINCE, CITY, DISTRICT, ZIP_CODE, ADDR, PHONE, DEFAULT_ADDR, FIXED_PHONE)
values (9240, 16396, '朱建飞', '辽宁省', '大连市', '金州区', '116600', '东北三街29号久茂自动化9号楼', '13555921862', 1, null);
insert into EB_SHIP_ADDR (SHIP_ADDR_ID, PTL_USER_ID, SHIP_NAME, PROVINCE, CITY, DISTRICT, ZIP_CODE, ADDR, PHONE, DEFAULT_ADDR, FIXED_PHONE)
values (10221, 23125, '关晨', '辽宁省', '朝阳市', '龙城区', '122000', '蓝海城A区9号楼203', '13704188245', 1, null);
insert into EB_SHIP_ADDR (SHIP_ADDR_ID, PTL_USER_ID, SHIP_NAME, PROVINCE, CITY, DISTRICT, ZIP_CODE, ADDR, PHONE, DEFAULT_ADDR, FIXED_PHONE)
values (11880, 28801, '赵忠朋', '辽宁省', '朝阳市', '双塔区', '122000', '和平街文化路四段紫金苑小区2号楼3单元602', '13591846548', 1, null);
insert into EB_SHIP_ADDR (SHIP_ADDR_ID, PTL_USER_ID, SHIP_NAME, PROVINCE, CITY, DISTRICT, ZIP_CODE, ADDR, PHONE, DEFAULT_ADDR, FIXED_PHONE)
values (3740, 3628, '黄鑫', '辽宁省', '沈阳市', '于洪区', '110036', '黄山路21号', '13840145540', 1, null);
insert into EB_SHIP_ADDR (SHIP_ADDR_ID, PTL_USER_ID, SHIP_NAME, PROVINCE, CITY, DISTRICT, ZIP_CODE, ADDR, PHONE, DEFAULT_ADDR, FIXED_PHONE)
values (4080, 5020, '刘玉唐', '辽宁省', '大连市', '瓦房店市', '116318', '长兴岛经济技术开发区光海路153号万阳重工生产部', '15040505263', 1, null);
insert into EB_SHIP_ADDR (SHIP_ADDR_ID, PTL_USER_ID, SHIP_NAME, PROVINCE, CITY, DISTRICT, ZIP_CODE, ADDR, PHONE, DEFAULT_ADDR, FIXED_PHONE)
values (4081, 5024, '张雷', '辽宁省', '辽阳市', '辽阳县', '111200', '正德商场东门海韵发型', '15809851418', 1, null);
insert into EB_SHIP_ADDR (SHIP_ADDR_ID, PTL_USER_ID, SHIP_NAME, PROVINCE, CITY, DISTRICT, ZIP_CODE, ADDR, PHONE, DEFAULT_ADDR, FIXED_PHONE)
values (4142, 4709, '13709867364', '辽宁省', '大连市', '中山区', '116001', '解放路580号', '13709867364', 1, null);
insert into EB_SHIP_ADDR (SHIP_ADDR_ID, PTL_USER_ID, SHIP_NAME, PROVINCE, CITY, DISTRICT, ZIP_CODE, ADDR, PHONE, DEFAULT_ADDR, FIXED_PHONE)
values (4941, 6209, '富玲鸾', '辽宁省', '沈阳市', '大东区', '110043', '小什字街东远国纪花园9号楼2单元34层1门', '13898842707', 1, null);
insert into EB_SHIP_ADDR (SHIP_ADDR_ID, PTL_USER_ID, SHIP_NAME, PROVINCE, CITY, DISTRICT, ZIP_CODE, ADDR, PHONE, DEFAULT_ADDR, FIXED_PHONE)
values (6020, 8130, '付媛', '辽宁省', '沈阳市', '和平区', '110004', '青年大街286号华润大厦1103室', '15840183120', 1, null);
insert into EB_SHIP_ADDR (SHIP_ADDR_ID, PTL_USER_ID, SHIP_NAME, PROVINCE, CITY, DISTRICT, ZIP_CODE, ADDR, PHONE, DEFAULT_ADDR, FIXED_PHONE)
values (6461, 8766, '吴殿博', '辽宁省', '沈阳市', '苏家屯区', '110101', '枫杨路186号辽宁林业职业技术学院', '15040021461', 1, null);
insert into EB_SHIP_ADDR (SHIP_ADDR_ID, PTL_USER_ID, SHIP_NAME, PROVINCE, CITY, DISTRICT, ZIP_CODE, ADDR, PHONE, DEFAULT_ADDR, FIXED_PHONE)
values (6462, 8865, '韩长红', '辽宁省', '沈阳市', '铁西区', '110010', '红粉路', '15009887818', 1, null);
insert into EB_SHIP_ADDR (SHIP_ADDR_ID, PTL_USER_ID, SHIP_NAME, PROVINCE, CITY, DISTRICT, ZIP_CODE, ADDR, PHONE, DEFAULT_ADDR, FIXED_PHONE)
values (7060, 9674, '张芷源', '辽宁省', '大连市', '甘井子区', '116000', '拉树房村西大连泰达环保有限公司', '13591714454', 1, null);
insert into EB_SHIP_ADDR (SHIP_ADDR_ID, PTL_USER_ID, SHIP_NAME, PROVINCE, CITY, DISTRICT, ZIP_CODE, ADDR, PHONE, DEFAULT_ADDR, FIXED_PHONE)
values (8020, 12300, '曲宏伟', '辽宁省', '沈阳市', '和平区', '112000', '青年大街167号', '18809870555', 1, null);
insert into EB_SHIP_ADDR (SHIP_ADDR_ID, PTL_USER_ID, SHIP_NAME, PROVINCE, CITY, DISTRICT, ZIP_CODE, ADDR, PHONE, DEFAULT_ADDR, FIXED_PHONE)
values (8765, 14828, '孙晓丹', '辽宁省', '沈阳市', '大东区', '110044', '联合路54号沈阳大学南院收发室', '13840305446', 1, null);
insert into EB_SHIP_ADDR (SHIP_ADDR_ID, PTL_USER_ID, SHIP_NAME, PROVINCE, CITY, DISTRICT, ZIP_CODE, ADDR, PHONE, DEFAULT_ADDR, FIXED_PHONE)
values (9001, 15528, '侯桂清', '辽宁省', '锦州市', '凌河区', '121000', '时代家园物业办公室西门', '15241676842', 1, null);
insert into EB_SHIP_ADDR (SHIP_ADDR_ID, PTL_USER_ID, SHIP_NAME, PROVINCE, CITY, DISTRICT, ZIP_CODE, ADDR, PHONE, DEFAULT_ADDR, FIXED_PHONE)
values (9002, 15621, '关晨', '辽宁省', '朝阳市', '双塔区', '122000', '蓝海街9楼2单元103号', '15804934643', 1, null);
insert into EB_SHIP_ADDR (SHIP_ADDR_ID, PTL_USER_ID, SHIP_NAME, PROVINCE, CITY, DISTRICT, ZIP_CODE, ADDR, PHONE, DEFAULT_ADDR, FIXED_PHONE)
values (9740, 18685, '蔡颂', '辽宁省', '沈阳市', '铁西区', '110021', '腾飞一街39号', '15840010600', 1, null);
insert into EB_SHIP_ADDR (SHIP_ADDR_ID, PTL_USER_ID, SHIP_NAME, PROVINCE, CITY, DISTRICT, ZIP_CODE, ADDR, PHONE, DEFAULT_ADDR, FIXED_PHONE)
values (9961, 13248, '陈宏希', '辽宁省', '大连市', '西岗区', '116000', '新开路89号金广大厦1505室', '13898639669', 0, null);
commit;
prompt 500 records committed...
insert into EB_SHIP_ADDR (SHIP_ADDR_ID, PTL_USER_ID, SHIP_NAME, PROVINCE, CITY, DISTRICT, ZIP_CODE, ADDR, PHONE, DEFAULT_ADDR, FIXED_PHONE)
values (9962, 13248, '陈宏希', '辽宁省', '大连市', '西岗区', '116000', '新开路89号金广大厦1505室', '13898639669', 1, null);
insert into EB_SHIP_ADDR (SHIP_ADDR_ID, PTL_USER_ID, SHIP_NAME, PROVINCE, CITY, DISTRICT, ZIP_CODE, ADDR, PHONE, DEFAULT_ADDR, FIXED_PHONE)
values (11141, 28548, '祝涛', '辽宁省', '辽阳市', '灯塔市', '111307', '灯塔市紫金城小区', '15941963937', 1, null);
insert into EB_SHIP_ADDR (SHIP_ADDR_ID, PTL_USER_ID, SHIP_NAME, PROVINCE, CITY, DISTRICT, ZIP_CODE, ADDR, PHONE, DEFAULT_ADDR, FIXED_PHONE)
values (11160, 28400, '徐美思', '辽宁省', '大连市', '中山区', '113001', '丹东街良运花园', '15842488324', 1, null);
insert into EB_SHIP_ADDR (SHIP_ADDR_ID, PTL_USER_ID, SHIP_NAME, PROVINCE, CITY, DISTRICT, ZIP_CODE, ADDR, PHONE, DEFAULT_ADDR, FIXED_PHONE)
values (11180, 28609, '白璐', '辽宁省', '大连市', '金州区', '116600', '金州开发区都悦里小区27号楼3单元301', '15904242086', 1, null);
insert into EB_SHIP_ADDR (SHIP_ADDR_ID, PTL_USER_ID, SHIP_NAME, PROVINCE, CITY, DISTRICT, ZIP_CODE, ADDR, PHONE, DEFAULT_ADDR, FIXED_PHONE)
values (3820, 4632, '赵威', '辽宁省', '锦州市', '义县', '121100', '义县人民检察院', '13840606071', 1, null);
insert into EB_SHIP_ADDR (SHIP_ADDR_ID, PTL_USER_ID, SHIP_NAME, PROVINCE, CITY, DISTRICT, ZIP_CODE, ADDR, PHONE, DEFAULT_ADDR, FIXED_PHONE)
values (4380, 5466, '郝梓博', '辽宁省', '大连市', '沙河口区', '116023', '尖山街东北财经大学知书园学生公寓4号楼611寝室', '18642221217', 1, null);
insert into EB_SHIP_ADDR (SHIP_ADDR_ID, PTL_USER_ID, SHIP_NAME, PROVINCE, CITY, DISTRICT, ZIP_CODE, ADDR, PHONE, DEFAULT_ADDR, FIXED_PHONE)
values (5161, 6582, '王刚', '辽宁省', '沈阳市', '于洪区', '110034', '长江北街100杠一八号', '13591678966', 1, null);
insert into EB_SHIP_ADDR (SHIP_ADDR_ID, PTL_USER_ID, SHIP_NAME, PROVINCE, CITY, DISTRICT, ZIP_CODE, ADDR, PHONE, DEFAULT_ADDR, FIXED_PHONE)
values (5200, 6620, '吴贵杰', '辽宁省', '大连市', '甘井子区', '116031', '华东路45号汽贸五菱展厅', '13942619399', 1, null);
insert into EB_SHIP_ADDR (SHIP_ADDR_ID, PTL_USER_ID, SHIP_NAME, PROVINCE, CITY, DISTRICT, ZIP_CODE, ADDR, PHONE, DEFAULT_ADDR, FIXED_PHONE)
values (5662, 7441, '常晋宁', '辽宁省', '沈阳市', '大东区', '110000', '小北关街东北通讯市场北区三楼B322', '15998231567', 1, null);
insert into EB_SHIP_ADDR (SHIP_ADDR_ID, PTL_USER_ID, SHIP_NAME, PROVINCE, CITY, DISTRICT, ZIP_CODE, ADDR, PHONE, DEFAULT_ADDR, FIXED_PHONE)
values (5800, 7437, '刘家辉', '辽宁省', '鞍山市', '台安县', '114100', '台安烟草公司对面沙宣造型', '13478007938', 1, null);
insert into EB_SHIP_ADDR (SHIP_ADDR_ID, PTL_USER_ID, SHIP_NAME, PROVINCE, CITY, DISTRICT, ZIP_CODE, ADDR, PHONE, DEFAULT_ADDR, FIXED_PHONE)
values (6440, 8833, '王海灵', '辽宁省', '大连市', '甘井子区', '116000', '怡宁园22号楼501室', '15040559973', 1, null);
insert into EB_SHIP_ADDR (SHIP_ADDR_ID, PTL_USER_ID, SHIP_NAME, PROVINCE, CITY, DISTRICT, ZIP_CODE, ADDR, PHONE, DEFAULT_ADDR, FIXED_PHONE)
values (6441, 8823, '张超', '辽宁省', '大连市', '甘井子区', '116023', '高新园区黄浦路901号东软河口软件园D1楼409', '13591727774', 1, null);
insert into EB_SHIP_ADDR (SHIP_ADDR_ID, PTL_USER_ID, SHIP_NAME, PROVINCE, CITY, DISTRICT, ZIP_CODE, ADDR, PHONE, DEFAULT_ADDR, FIXED_PHONE)
values (6480, 8870, '杨煦', '辽宁省', '沈阳市', '铁西区', '110025', '北一中路19号沈阳国际纺织服装城C区一楼616档口', '15998382960', 1, null);
insert into EB_SHIP_ADDR (SHIP_ADDR_ID, PTL_USER_ID, SHIP_NAME, PROVINCE, CITY, DISTRICT, ZIP_CODE, ADDR, PHONE, DEFAULT_ADDR, FIXED_PHONE)
values (6500, 8903, '李跃', '辽宁省', '辽阳市', '白塔区', '111000', '四道街裕国星园2号楼3单元28号', '13050787368', 1, null);
insert into EB_SHIP_ADDR (SHIP_ADDR_ID, PTL_USER_ID, SHIP_NAME, PROVINCE, CITY, DISTRICT, ZIP_CODE, ADDR, PHONE, DEFAULT_ADDR, FIXED_PHONE)
values (6580, 9036, '马英俊', '辽宁省', '沈阳市', '铁西区', '110021', '152', '13889329283', 1, null);
insert into EB_SHIP_ADDR (SHIP_ADDR_ID, PTL_USER_ID, SHIP_NAME, PROVINCE, CITY, DISTRICT, ZIP_CODE, ADDR, PHONE, DEFAULT_ADDR, FIXED_PHONE)
values (7141, 9799, '15898156547', '辽宁省', '大连市', '瓦房店市', '116300', '瓦轴青年街104号607', '18098898543', 1, null);
insert into EB_SHIP_ADDR (SHIP_ADDR_ID, PTL_USER_ID, SHIP_NAME, PROVINCE, CITY, DISTRICT, ZIP_CODE, ADDR, PHONE, DEFAULT_ADDR, FIXED_PHONE)
values (8663, 10944, '张会龙', '辽宁省', '沈阳市', '法库县', '110409', '双台子乡七家子牧场', '13478838532', 1, null);
insert into EB_SHIP_ADDR (SHIP_ADDR_ID, PTL_USER_ID, SHIP_NAME, PROVINCE, CITY, DISTRICT, ZIP_CODE, ADDR, PHONE, DEFAULT_ADDR, FIXED_PHONE)
values (9280, 16392, '刘敏', '辽宁省', '大连市', '沙河口区', '116033', '新生路24号503', '18642606229', 1, null);
insert into EB_SHIP_ADDR (SHIP_ADDR_ID, PTL_USER_ID, SHIP_NAME, PROVINCE, CITY, DISTRICT, ZIP_CODE, ADDR, PHONE, DEFAULT_ADDR, FIXED_PHONE)
values (10040, 20613, '李玉芝', '辽宁省', '沈阳市', '大东区', '110043', '沈铁路城市立方', '13898834748', 1, null);
insert into EB_SHIP_ADDR (SHIP_ADDR_ID, PTL_USER_ID, SHIP_NAME, PROVINCE, CITY, DISTRICT, ZIP_CODE, ADDR, PHONE, DEFAULT_ADDR, FIXED_PHONE)
values (10640, 27087, '赵晓龙', '辽宁省', '沈阳市', '沈河区', '110016', '青年大街219号华新大厦9楼A座', '15140120518', 1, null);
insert into EB_SHIP_ADDR (SHIP_ADDR_ID, PTL_USER_ID, SHIP_NAME, PROVINCE, CITY, DISTRICT, ZIP_CODE, ADDR, PHONE, DEFAULT_ADDR, FIXED_PHONE)
values (10260, 23233, '陈旭', '辽宁省', '沈阳市', '苏家屯区', '110101', '百合街20号乾德制冷配件', '18240113288', 1, null);
insert into EB_SHIP_ADDR (SHIP_ADDR_ID, PTL_USER_ID, SHIP_NAME, PROVINCE, CITY, DISTRICT, ZIP_CODE, ADDR, PHONE, DEFAULT_ADDR, FIXED_PHONE)
values (11020, 28278, '田歌', '辽宁省', '沈阳市', '铁西区', '110000', '北二西路瑞盛汽配城内', '15940358004', 1, null);
insert into EB_SHIP_ADDR (SHIP_ADDR_ID, PTL_USER_ID, SHIP_NAME, PROVINCE, CITY, DISTRICT, ZIP_CODE, ADDR, PHONE, DEFAULT_ADDR, FIXED_PHONE)
values (11980, 30227, '祝默泉', '辽宁省', '大连市', '中山区', '116001', '人民路68号宏誉大厦27楼', '13704098351', 1, null);
insert into EB_SHIP_ADDR (SHIP_ADDR_ID, PTL_USER_ID, SHIP_NAME, PROVINCE, CITY, DISTRICT, ZIP_CODE, ADDR, PHONE, DEFAULT_ADDR, FIXED_PHONE)
values (5560, 7296, '黄宇', '辽宁省', '铁岭市', '昌图县', '112512', '八面城镇曙光家园我爱我家装饰', '15841086888', 1, null);
insert into EB_SHIP_ADDR (SHIP_ADDR_ID, PTL_USER_ID, SHIP_NAME, PROVINCE, CITY, DISTRICT, ZIP_CODE, ADDR, PHONE, DEFAULT_ADDR, FIXED_PHONE)
values (5740, 7587, '张建党', '辽宁省', '沈阳市', '铁西区', '110142', '沈阳工业大学中央校区东门达迪橱柜厂内', '13998828269', 1, null);
insert into EB_SHIP_ADDR (SHIP_ADDR_ID, PTL_USER_ID, SHIP_NAME, PROVINCE, CITY, DISTRICT, ZIP_CODE, ADDR, PHONE, DEFAULT_ADDR, FIXED_PHONE)
values (6800, 8251, '林海', '辽宁省', '沈阳市', '和平区', '110169', '凤凰大街77号仙湖别墅天力项目部', '15040325805', 1, null);
insert into EB_SHIP_ADDR (SHIP_ADDR_ID, PTL_USER_ID, SHIP_NAME, PROVINCE, CITY, DISTRICT, ZIP_CODE, ADDR, PHONE, DEFAULT_ADDR, FIXED_PHONE)
values (7560, 10422, '邢淑巧', '辽宁省', '大连市', '沙河口区', '106633', '大连沙河口区学工街42号大连中心医院', '13500737646', 1, null);
insert into EB_SHIP_ADDR (SHIP_ADDR_ID, PTL_USER_ID, SHIP_NAME, PROVINCE, CITY, DISTRICT, ZIP_CODE, ADDR, PHONE, DEFAULT_ADDR, FIXED_PHONE)
values (7920, 12155, '王燕鹏', '辽宁省', '沈阳市', '铁西区', '110026', '北一西路32号华一钢材市场304', '13909815522', 1, null);
insert into EB_SHIP_ADDR (SHIP_ADDR_ID, PTL_USER_ID, SHIP_NAME, PROVINCE, CITY, DISTRICT, ZIP_CODE, ADDR, PHONE, DEFAULT_ADDR, FIXED_PHONE)
values (3000, 3000, '李天琛', '辽宁省', '沈阳市', '东陵区', '110000', '浑南新区高歌路2号昂立信息圆', '15998365961', 1, null);
insert into EB_SHIP_ADDR (SHIP_ADDR_ID, PTL_USER_ID, SHIP_NAME, PROVINCE, CITY, DISTRICT, ZIP_CODE, ADDR, PHONE, DEFAULT_ADDR, FIXED_PHONE)
values (3940, 4552, '何守新', '辽宁省', '阜新市', '细河区', '123000', '金色城1期3号楼103', '13314185233', 1, null);
insert into EB_SHIP_ADDR (SHIP_ADDR_ID, PTL_USER_ID, SHIP_NAME, PROVINCE, CITY, DISTRICT, ZIP_CODE, ADDR, PHONE, DEFAULT_ADDR, FIXED_PHONE)
values (4160, 5171, '丁健', '辽宁省', '丹东市', '振兴区', '118002', '黄海大街14号江湾工业区4号楼', '13904153993', 1, null);
insert into EB_SHIP_ADDR (SHIP_ADDR_ID, PTL_USER_ID, SHIP_NAME, PROVINCE, CITY, DISTRICT, ZIP_CODE, ADDR, PHONE, DEFAULT_ADDR, FIXED_PHONE)
values (4940, 4745, '张红霞', '辽宁省', '铁岭市', '银州区', '112000', '铁西街1114号', '15040213752', 1, null);
insert into EB_SHIP_ADDR (SHIP_ADDR_ID, PTL_USER_ID, SHIP_NAME, PROVINCE, CITY, DISTRICT, ZIP_CODE, ADDR, PHONE, DEFAULT_ADDR, FIXED_PHONE)
values (5461, 7104, '武明', '辽宁省', '大连市', '旅顺口区', '116044', '龙王塘街道思亲路27号百合服装厂', '13591337899', 1, null);
insert into EB_SHIP_ADDR (SHIP_ADDR_ID, PTL_USER_ID, SHIP_NAME, PROVINCE, CITY, DISTRICT, ZIP_CODE, ADDR, PHONE, DEFAULT_ADDR, FIXED_PHONE)
values (6200, 8446, '秦云云', '辽宁省', '大连市', '甘井子区', '116031', '七胜路11号3门洞6楼2号', '13898667455', 1, null);
insert into EB_SHIP_ADDR (SHIP_ADDR_ID, PTL_USER_ID, SHIP_NAME, PROVINCE, CITY, DISTRICT, ZIP_CODE, ADDR, PHONE, DEFAULT_ADDR, FIXED_PHONE)
values (6340, 8705, '张勇', '辽宁省', '大连市', '金州区', '116600', '湾里街道开发区十中', '13074139596', 1, null);
insert into EB_SHIP_ADDR (SHIP_ADDR_ID, PTL_USER_ID, SHIP_NAME, PROVINCE, CITY, DISTRICT, ZIP_CODE, ADDR, PHONE, DEFAULT_ADDR, FIXED_PHONE)
values (6542, 3184, '周丽波', '辽宁省', '沈阳市', '东陵区', '110179', '新秀街2号东大软件园A2楼', '13889385716', 1, null);
insert into EB_SHIP_ADDR (SHIP_ADDR_ID, PTL_USER_ID, SHIP_NAME, PROVINCE, CITY, DISTRICT, ZIP_CODE, ADDR, PHONE, DEFAULT_ADDR, FIXED_PHONE)
values (9702, 14768, '印文波', '辽宁省', '沈阳市', '东陵区', '110024', '白塔镇双E港', '15040203418', 1, null);
insert into EB_SHIP_ADDR (SHIP_ADDR_ID, PTL_USER_ID, SHIP_NAME, PROVINCE, CITY, DISTRICT, ZIP_CODE, ADDR, PHONE, DEFAULT_ADDR, FIXED_PHONE)
values (10081, 20492, '杨明', '辽宁省', '大连市', '甘井子区', '116034', '轻工苑1号', '18842604609', 1, null);
insert into EB_SHIP_ADDR (SHIP_ADDR_ID, PTL_USER_ID, SHIP_NAME, PROVINCE, CITY, DISTRICT, ZIP_CODE, ADDR, PHONE, DEFAULT_ADDR, FIXED_PHONE)
values (10460, 26455, '李峰', '辽宁省', '大连市', '甘井子区', '116021', '红旗镇棠梨工业园沃尔特服装', '13998646005', 1, null);
insert into EB_SHIP_ADDR (SHIP_ADDR_ID, PTL_USER_ID, SHIP_NAME, PROVINCE, CITY, DISTRICT, ZIP_CODE, ADDR, PHONE, DEFAULT_ADDR, FIXED_PHONE)
values (11840, 30162, '张向忠', '辽宁省', '鞍山市', '立山区', '114001', '万平社区11号楼3单元2号', '13841214766', 1, null);
insert into EB_SHIP_ADDR (SHIP_ADDR_ID, PTL_USER_ID, SHIP_NAME, PROVINCE, CITY, DISTRICT, ZIP_CODE, ADDR, PHONE, DEFAULT_ADDR, FIXED_PHONE)
values (4720, 5940, '石雪峰18841561977', '辽宁省', '丹东市', '东港市', '118300', '如锦江畔金鼎小区10号楼2单元304', '18841561977', 1, null);
insert into EB_SHIP_ADDR (SHIP_ADDR_ID, PTL_USER_ID, SHIP_NAME, PROVINCE, CITY, DISTRICT, ZIP_CODE, ADDR, PHONE, DEFAULT_ADDR, FIXED_PHONE)
values (5280, 6754, '张天杨', '辽宁省', '大连市', '甘井子区', '116034', '轻工苑1号大连工业大学', '13654208285', 1, null);
insert into EB_SHIP_ADDR (SHIP_ADDR_ID, PTL_USER_ID, SHIP_NAME, PROVINCE, CITY, DISTRICT, ZIP_CODE, ADDR, PHONE, DEFAULT_ADDR, FIXED_PHONE)
values (5381, 6938, '田正盛', '辽宁省', '沈阳市', '沈河区', '110161', '沈阳市沈河区东陵路120号', '13840505959', 1, null);
insert into EB_SHIP_ADDR (SHIP_ADDR_ID, PTL_USER_ID, SHIP_NAME, PROVINCE, CITY, DISTRICT, ZIP_CODE, ADDR, PHONE, DEFAULT_ADDR, FIXED_PHONE)
values (5440, 6893, '徐金子', '辽宁省', '沈阳市', '辽中县', '110112', '水利局工程技术服务中心', '13840238822', 1, null);
insert into EB_SHIP_ADDR (SHIP_ADDR_ID, PTL_USER_ID, SHIP_NAME, PROVINCE, CITY, DISTRICT, ZIP_CODE, ADDR, PHONE, DEFAULT_ADDR, FIXED_PHONE)
values (6840, 9297, '赵宇', '辽宁省', '辽阳市', '白塔区', '111000', '南郊街11号', '13841976027', 1, null);
insert into EB_SHIP_ADDR (SHIP_ADDR_ID, PTL_USER_ID, SHIP_NAME, PROVINCE, CITY, DISTRICT, ZIP_CODE, ADDR, PHONE, DEFAULT_ADDR, FIXED_PHONE)
values (6960, 9123, '刘艳红', '辽宁省', '沈阳市', '皇姑区', '110031', '崇山路陵园街方迪东阁小区8号楼212', '13998198235', 0, null);
insert into EB_SHIP_ADDR (SHIP_ADDR_ID, PTL_USER_ID, SHIP_NAME, PROVINCE, CITY, DISTRICT, ZIP_CODE, ADDR, PHONE, DEFAULT_ADDR, FIXED_PHONE)
values (6980, 9548, '付经伟', '辽宁省', '大连市', '沙河口区', '116023', '高新区黄浦路596号阳光数码大厦1610室', '13998510270', 1, null);
insert into EB_SHIP_ADDR (SHIP_ADDR_ID, PTL_USER_ID, SHIP_NAME, PROVINCE, CITY, DISTRICT, ZIP_CODE, ADDR, PHONE, DEFAULT_ADDR, FIXED_PHONE)
values (7201, 9593, '白明利', '辽宁省', '朝阳市', '双塔区', '122000', '友谊大街四段60号楼四单元601', '15104227088', 1, null);
insert into EB_SHIP_ADDR (SHIP_ADDR_ID, PTL_USER_ID, SHIP_NAME, PROVINCE, CITY, DISTRICT, ZIP_CODE, ADDR, PHONE, DEFAULT_ADDR, FIXED_PHONE)
values (7480, 10143, '郑宝山', '辽宁省', '抚顺市', '东洲区', '113004', '万新街', '15841396197', 1, null);
insert into EB_SHIP_ADDR (SHIP_ADDR_ID, PTL_USER_ID, SHIP_NAME, PROVINCE, CITY, DISTRICT, ZIP_CODE, ADDR, PHONE, DEFAULT_ADDR, FIXED_PHONE)
values (7720, 11760, '丁世海', '辽宁省', '营口市', '鲅鱼圈区', '115007', '疏港路营口鞍钢国际货运代理有限公司', '13941779997', 1, null);
insert into EB_SHIP_ADDR (SHIP_ADDR_ID, PTL_USER_ID, SHIP_NAME, PROVINCE, CITY, DISTRICT, ZIP_CODE, ADDR, PHONE, DEFAULT_ADDR, FIXED_PHONE)
values (8580, 14152, '初惠君', '辽宁省', '大连市', '中山区', '116001', '辽宁省大连市中山区鲁迅路204号丙5楼8号', '15998559530', 1, null);
insert into EB_SHIP_ADDR (SHIP_ADDR_ID, PTL_USER_ID, SHIP_NAME, PROVINCE, CITY, DISTRICT, ZIP_CODE, ADDR, PHONE, DEFAULT_ADDR, FIXED_PHONE)
values (9082, 15778, '刘磊', '辽宁省', '大连市', '中山区', '116013', '高原街56号', '13591328206', 1, null);
insert into EB_SHIP_ADDR (SHIP_ADDR_ID, PTL_USER_ID, SHIP_NAME, PROVINCE, CITY, DISTRICT, ZIP_CODE, ADDR, PHONE, DEFAULT_ADDR, FIXED_PHONE)
values (11941, 30380, '冯云玲', '辽宁省', '大连市', '甘井子区', '116021', '红旗中路263号楼2单元6楼3号', '13804952874', 1, null);
insert into EB_SHIP_ADDR (SHIP_ADDR_ID, PTL_USER_ID, SHIP_NAME, PROVINCE, CITY, DISTRICT, ZIP_CODE, ADDR, PHONE, DEFAULT_ADDR, FIXED_PHONE)
values (3920, 4740, '张军', '辽宁省', '沈阳市', '铁西区', '110023', '兴华南街万达公寓A座2212室', '13840247700', 1, null);
insert into EB_SHIP_ADDR (SHIP_ADDR_ID, PTL_USER_ID, SHIP_NAME, PROVINCE, CITY, DISTRICT, ZIP_CODE, ADDR, PHONE, DEFAULT_ADDR, FIXED_PHONE)
values (4560, 5658, '伍俊东', '吉林省', '长春市', '南关区', '130022', '东岭南街东方花园5栋1单元301室', '13840051505', 1, null);
insert into EB_SHIP_ADDR (SHIP_ADDR_ID, PTL_USER_ID, SHIP_NAME, PROVINCE, CITY, DISTRICT, ZIP_CODE, ADDR, PHONE, DEFAULT_ADDR, FIXED_PHONE)
values (5101, 6463, '朱越', '辽宁省', '沈阳市', '于洪区', '110141', '黄海路48号', '18742484076', 1, null);
insert into EB_SHIP_ADDR (SHIP_ADDR_ID, PTL_USER_ID, SHIP_NAME, PROVINCE, CITY, DISTRICT, ZIP_CODE, ADDR, PHONE, DEFAULT_ADDR, FIXED_PHONE)
values (5120, 5400, '郑立新', '辽宁省', '大连市', '甘井子区', '116113', '大连湾镇毛茔子村一品机械制造有限公司', '13478581790', 1, null);
insert into EB_SHIP_ADDR (SHIP_ADDR_ID, PTL_USER_ID, SHIP_NAME, PROVINCE, CITY, DISTRICT, ZIP_CODE, ADDR, PHONE, DEFAULT_ADDR, FIXED_PHONE)
values (5140, 6334, '么海英', '天津市', '市辖区', '河西区', '300061', '友谊路35号城市大厦29楼中海华北物流', '13795143835', 1, null);
insert into EB_SHIP_ADDR (SHIP_ADDR_ID, PTL_USER_ID, SHIP_NAME, PROVINCE, CITY, DISTRICT, ZIP_CODE, ADDR, PHONE, DEFAULT_ADDR, FIXED_PHONE)
values (5260, 5399, '袁志', '辽宁省', '大连市', '金州区', '116600', '大连经济技术开发区湾里南街1号', '15998545956', 1, null);
insert into EB_SHIP_ADDR (SHIP_ADDR_ID, PTL_USER_ID, SHIP_NAME, PROVINCE, CITY, DISTRICT, ZIP_CODE, ADDR, PHONE, DEFAULT_ADDR, FIXED_PHONE)
values (5780, 4545, '李林祥', '辽宁省', '沈阳市', '大东区', '110011', '长安路10号黎明国际酒店', '15002461793', 1, null);
insert into EB_SHIP_ADDR (SHIP_ADDR_ID, PTL_USER_ID, SHIP_NAME, PROVINCE, CITY, DISTRICT, ZIP_CODE, ADDR, PHONE, DEFAULT_ADDR, FIXED_PHONE)
values (6400, 8807, '姜世明', '辽宁省', '大连市', '瓦房店市', '116300', '南五路18号2单元501室', '15566821267', 1, null);
insert into EB_SHIP_ADDR (SHIP_ADDR_ID, PTL_USER_ID, SHIP_NAME, PROVINCE, CITY, DISTRICT, ZIP_CODE, ADDR, PHONE, DEFAULT_ADDR, FIXED_PHONE)
values (8481, 13360, '李胜', '辽宁省', '沈阳市', '大东区', '110045', '观泉路望花新村8号楼542', '18602460616', 1, null);
insert into EB_SHIP_ADDR (SHIP_ADDR_ID, PTL_USER_ID, SHIP_NAME, PROVINCE, CITY, DISTRICT, ZIP_CODE, ADDR, PHONE, DEFAULT_ADDR, FIXED_PHONE)
values (9003, 15680, '赵研', '辽宁省', '沈阳市', '沈河区', '110000', '天后宫路341号683', '13889227833', 1, null);
insert into EB_SHIP_ADDR (SHIP_ADDR_ID, PTL_USER_ID, SHIP_NAME, PROVINCE, CITY, DISTRICT, ZIP_CODE, ADDR, PHONE, DEFAULT_ADDR, FIXED_PHONE)
values (9182, 16243, '刘金歌', '辽宁省', '葫芦岛市', '绥中县', '125200', '中央路移动公司', '15141986665', 1, null);
insert into EB_SHIP_ADDR (SHIP_ADDR_ID, PTL_USER_ID, SHIP_NAME, PROVINCE, CITY, DISTRICT, ZIP_CODE, ADDR, PHONE, DEFAULT_ADDR, FIXED_PHONE)
values (9221, 15877, '张宝楠', '辽宁省', '沈阳市', '法库县', '110400', '法库镇如意城', '15933930625', 1, null);
insert into EB_SHIP_ADDR (SHIP_ADDR_ID, PTL_USER_ID, SHIP_NAME, PROVINCE, CITY, DISTRICT, ZIP_CODE, ADDR, PHONE, DEFAULT_ADDR, FIXED_PHONE)
values (10080, 20790, '范？', '辽宁省', '大连市', '甘井子区', '116023', '凌水镇凌秀小区6号楼2门栋201', '13500771921', 1, null);
insert into EB_SHIP_ADDR (SHIP_ADDR_ID, PTL_USER_ID, SHIP_NAME, PROVINCE, CITY, DISTRICT, ZIP_CODE, ADDR, PHONE, DEFAULT_ADDR, FIXED_PHONE)
values (10400, 7701, '钟震宇', '辽宁省', '大连市', '甘井子区', '116031', '泉水H2区9', '13470021100', 1, null);
insert into EB_SHIP_ADDR (SHIP_ADDR_ID, PTL_USER_ID, SHIP_NAME, PROVINCE, CITY, DISTRICT, ZIP_CODE, ADDR, PHONE, DEFAULT_ADDR, FIXED_PHONE)
values (10420, 26313, '陈静欣', '辽宁省', '铁岭市', '昌图县', '112500', '滨河俪城二期佳和药房', '15164132270', 1, null);
insert into EB_SHIP_ADDR (SHIP_ADDR_ID, PTL_USER_ID, SHIP_NAME, PROVINCE, CITY, DISTRICT, ZIP_CODE, ADDR, PHONE, DEFAULT_ADDR, FIXED_PHONE)
values (3120, 3020, '刘学森', '辽宁省', '沈阳市', '和平区', '110000', '大洞15422122', '13704003156', 1, null);
insert into EB_SHIP_ADDR (SHIP_ADDR_ID, PTL_USER_ID, SHIP_NAME, PROVINCE, CITY, DISTRICT, ZIP_CODE, ADDR, PHONE, DEFAULT_ADDR, FIXED_PHONE)
values (3461, 3917, '陈帅', '山东省', '菏泽市', '郓城县', '274700', '随官屯镇日东高速收费站后院中铁十八局', '15084184448', 1, null);
insert into EB_SHIP_ADDR (SHIP_ADDR_ID, PTL_USER_ID, SHIP_NAME, PROVINCE, CITY, DISTRICT, ZIP_CODE, ADDR, PHONE, DEFAULT_ADDR, FIXED_PHONE)
values (3900, 4714, '郑宇', '辽宁省', '营口市', '老边区', '115005', '辽宁省营口市老边区龙山大街18号老边移动营业大厅', '14704174831', 1, null);
insert into EB_SHIP_ADDR (SHIP_ADDR_ID, PTL_USER_ID, SHIP_NAME, PROVINCE, CITY, DISTRICT, ZIP_CODE, ADDR, PHONE, DEFAULT_ADDR, FIXED_PHONE)
values (3901, 4638, '林莉', '辽宁省', '沈阳市', '皇姑区', '110031', '宁山中路42号中国银行沈阳市皇姑区支行', '18842329111', 1, null);
insert into EB_SHIP_ADDR (SHIP_ADDR_ID, PTL_USER_ID, SHIP_NAME, PROVINCE, CITY, DISTRICT, ZIP_CODE, ADDR, PHONE, DEFAULT_ADDR, FIXED_PHONE)
values (5781, 7655, '李晓东', '辽宁省', '沈阳市', '和平区', '110000', '西滨河路22号国瑞大厦6F', '15040302821', 1, null);
insert into EB_SHIP_ADDR (SHIP_ADDR_ID, PTL_USER_ID, SHIP_NAME, PROVINCE, CITY, DISTRICT, ZIP_CODE, ADDR, PHONE, DEFAULT_ADDR, FIXED_PHONE)
values (7500, 10343, '王可思', '辽宁省', '锦州市', '太和区', '121000', '西宁里华盛家园五十九号楼五十七号', '13897840969', 1, null);
insert into EB_SHIP_ADDR (SHIP_ADDR_ID, PTL_USER_ID, SHIP_NAME, PROVINCE, CITY, DISTRICT, ZIP_CODE, ADDR, PHONE, DEFAULT_ADDR, FIXED_PHONE)
values (5861, 7835, '尹学鹏', '辽宁省', '大连市', '金州区', '116600', '开发区东城天下70号楼', '13624251248', 1, null);
insert into EB_SHIP_ADDR (SHIP_ADDR_ID, PTL_USER_ID, SHIP_NAME, PROVINCE, CITY, DISTRICT, ZIP_CODE, ADDR, PHONE, DEFAULT_ADDR, FIXED_PHONE)
values (6120, 7769, '梁娟', '辽宁省', '沈阳市', '铁西区', '110023', '保工街北四中路13号御林湾1号楼3单元14楼1', '13897977487', 1, null);
insert into EB_SHIP_ADDR (SHIP_ADDR_ID, PTL_USER_ID, SHIP_NAME, PROVINCE, CITY, DISTRICT, ZIP_CODE, ADDR, PHONE, DEFAULT_ADDR, FIXED_PHONE)
values (6140, 8340, '孙正权', '辽宁省', '沈阳市', '于洪区', '110027', '沈新路108号', '13898198298', 1, null);
insert into EB_SHIP_ADDR (SHIP_ADDR_ID, PTL_USER_ID, SHIP_NAME, PROVINCE, CITY, DISTRICT, ZIP_CODE, ADDR, PHONE, DEFAULT_ADDR, FIXED_PHONE)
values (6161, 8221, '孙运盛', '辽宁省', '大连市', '甘井子区', '116039', '虹桥街29A7', '15042487199', 1, null);
insert into EB_SHIP_ADDR (SHIP_ADDR_ID, PTL_USER_ID, SHIP_NAME, PROVINCE, CITY, DISTRICT, ZIP_CODE, ADDR, PHONE, DEFAULT_ADDR, FIXED_PHONE)
values (7940, 11852, '张雪姝', '辽宁省', '沈阳市', '皇姑区', '110031', '嘉陵江街71号841', '13889205321', 1, null);
insert into EB_SHIP_ADDR (SHIP_ADDR_ID, PTL_USER_ID, SHIP_NAME, PROVINCE, CITY, DISTRICT, ZIP_CODE, ADDR, PHONE, DEFAULT_ADDR, FIXED_PHONE)
values (8001, 12289, '陈丙和', '辽宁省', '大连市', '西岗区', '116001', '黄河路17号宁安大厦1804', '13591101675', 1, null);
insert into EB_SHIP_ADDR (SHIP_ADDR_ID, PTL_USER_ID, SHIP_NAME, PROVINCE, CITY, DISTRICT, ZIP_CODE, ADDR, PHONE, DEFAULT_ADDR, FIXED_PHONE)
values (8040, 12373, '张硕', '辽宁省', '锦州市', '古塔区', '121000', '敬业北里61号楼52号', '13841679139', 1, null);
insert into EB_SHIP_ADDR (SHIP_ADDR_ID, PTL_USER_ID, SHIP_NAME, PROVINCE, CITY, DISTRICT, ZIP_CODE, ADDR, PHONE, DEFAULT_ADDR, FIXED_PHONE)
values (8763, 8149, '王岩', '辽宁省', '辽阳市', '文圣区', '111000', '东兴路118号', '13841949102', 1, null);
insert into EB_SHIP_ADDR (SHIP_ADDR_ID, PTL_USER_ID, SHIP_NAME, PROVINCE, CITY, DISTRICT, ZIP_CODE, ADDR, PHONE, DEFAULT_ADDR, FIXED_PHONE)
values (8969, 15518, '邵华', '辽宁省', '大连市', '金州区', '116600', '大连开发区青松北里25号楼', '13898678978', 1, null);
insert into EB_SHIP_ADDR (SHIP_ADDR_ID, PTL_USER_ID, SHIP_NAME, PROVINCE, CITY, DISTRICT, ZIP_CODE, ADDR, PHONE, DEFAULT_ADDR, FIXED_PHONE)
values (9364, 16813, '王倩', '辽宁省', '沈阳市', '和平区', '110006', '南八马路90号', '18502416666', 1, null);
insert into EB_SHIP_ADDR (SHIP_ADDR_ID, PTL_USER_ID, SHIP_NAME, PROVINCE, CITY, DISTRICT, ZIP_CODE, ADDR, PHONE, DEFAULT_ADDR, FIXED_PHONE)
values (10140, 21194, '张志超', '福建省', '福州市', '闽侯县', '350119', '青口镇千家花园18栋407', '13840134380', 1, null);
insert into EB_SHIP_ADDR (SHIP_ADDR_ID, PTL_USER_ID, SHIP_NAME, PROVINCE, CITY, DISTRICT, ZIP_CODE, ADDR, PHONE, DEFAULT_ADDR, FIXED_PHONE)
values (12000, 30515, '鞠敬民', '辽宁省', '沈阳市', '大东区', '100043', '南卡门路52一3号241', '13840037849', 1, null);
insert into EB_SHIP_ADDR (SHIP_ADDR_ID, PTL_USER_ID, SHIP_NAME, PROVINCE, CITY, DISTRICT, ZIP_CODE, ADDR, PHONE, DEFAULT_ADDR, FIXED_PHONE)
values (4722, 5958, '李德强', '辽宁省', '大连市', '甘井子区', '116023', '高新园区火炬路7号卡秀大厦24层', '13591362405', 1, null);
insert into EB_SHIP_ADDR (SHIP_ADDR_ID, PTL_USER_ID, SHIP_NAME, PROVINCE, CITY, DISTRICT, ZIP_CODE, ADDR, PHONE, DEFAULT_ADDR, FIXED_PHONE)
values (5160, 6578, '吕超', '辽宁省', '沈阳市', '沈北新区', '110136', '正良二路28号', '13324057959', 1, null);
insert into EB_SHIP_ADDR (SHIP_ADDR_ID, PTL_USER_ID, SHIP_NAME, PROVINCE, CITY, DISTRICT, ZIP_CODE, ADDR, PHONE, DEFAULT_ADDR, FIXED_PHONE)
values (5960, 4860, '陈跃安', '辽宁省', '锦州市', '凌河区', '110001', '榴花北里4号楼21号', '13941640317', 1, null);
insert into EB_SHIP_ADDR (SHIP_ADDR_ID, PTL_USER_ID, SHIP_NAME, PROVINCE, CITY, DISTRICT, ZIP_CODE, ADDR, PHONE, DEFAULT_ADDR, FIXED_PHONE)
values (6001, 8063, '米佳', '辽宁省', '沈阳市', '铁西区', '110000', '沈辽路80号益格名邸小区', '13897968598', 1, null);
insert into EB_SHIP_ADDR (SHIP_ADDR_ID, PTL_USER_ID, SHIP_NAME, PROVINCE, CITY, DISTRICT, ZIP_CODE, ADDR, PHONE, DEFAULT_ADDR, FIXED_PHONE)
values (8080, 12485, '李忠平', '辽宁省', '大连市', '金州区', '116600', '龙泉街6号光洋科技工程有限公司', '15998534848', 1, null);
insert into EB_SHIP_ADDR (SHIP_ADDR_ID, PTL_USER_ID, SHIP_NAME, PROVINCE, CITY, DISTRICT, ZIP_CODE, ADDR, PHONE, DEFAULT_ADDR, FIXED_PHONE)
values (8240, 12705, '袁丽静', '辽宁省', '大连市', '中山区', '116601', '明泽街68号', '13940835371', 1, null);
insert into EB_SHIP_ADDR (SHIP_ADDR_ID, PTL_USER_ID, SHIP_NAME, PROVINCE, CITY, DISTRICT, ZIP_CODE, ADDR, PHONE, DEFAULT_ADDR, FIXED_PHONE)
values (9300, 16548, '孙晓东', '辽宁省', '铁岭市', '银州区', '112000', '聚益花园B区6号楼2单元201', '15042021798', 1, null);
insert into EB_SHIP_ADDR (SHIP_ADDR_ID, PTL_USER_ID, SHIP_NAME, PROVINCE, CITY, DISTRICT, ZIP_CODE, ADDR, PHONE, DEFAULT_ADDR, FIXED_PHONE)
values (10122, 21124, '邹文平', '辽宁省', '沈阳市', '东陵区', '110179', '新隆街6号', '18802486665', 1, null);
insert into EB_SHIP_ADDR (SHIP_ADDR_ID, PTL_USER_ID, SHIP_NAME, PROVINCE, CITY, DISTRICT, ZIP_CODE, ADDR, PHONE, DEFAULT_ADDR, FIXED_PHONE)
values (11860, 30130, '尤殿伟', '辽宁省', '沈阳市', '大东区', '110045', '前进乡榆林街12号', '15802477369', 1, null);
insert into EB_SHIP_ADDR (SHIP_ADDR_ID, PTL_USER_ID, SHIP_NAME, PROVINCE, CITY, DISTRICT, ZIP_CODE, ADDR, PHONE, DEFAULT_ADDR, FIXED_PHONE)
values (11961, 30438, '刘哲', '辽宁省', '鞍山市', '铁东区', '114000', '葡萄庄园C座204', '18242277111', 1, null);
insert into EB_SHIP_ADDR (SHIP_ADDR_ID, PTL_USER_ID, SHIP_NAME, PROVINCE, CITY, DISTRICT, ZIP_CODE, ADDR, PHONE, DEFAULT_ADDR, FIXED_PHONE)
values (6720, 9183, '裴福利', '辽宁省', '营口市', '鲅鱼圈区', '115007', '富春江街彩霞小区20栋3单元203室', '15141747798', 1, null);
insert into EB_SHIP_ADDR (SHIP_ADDR_ID, PTL_USER_ID, SHIP_NAME, PROVINCE, CITY, DISTRICT, ZIP_CODE, ADDR, PHONE, DEFAULT_ADDR, FIXED_PHONE)
values (7241, 9941, '李石', '辽宁省', '丹东市', '凤城市', '118100', '龙原城4号楼4单元201', '18341532435', 1, null);
insert into EB_SHIP_ADDR (SHIP_ADDR_ID, PTL_USER_ID, SHIP_NAME, PROVINCE, CITY, DISTRICT, ZIP_CODE, ADDR, PHONE, DEFAULT_ADDR, FIXED_PHONE)
values (8640, 14346, '王健', '辽宁省', '葫芦岛市', '龙港区', '125003', '锦葫路老基地建北社区服务站原华山门诊', '15104299792', 1, null);
insert into EB_SHIP_ADDR (SHIP_ADDR_ID, PTL_USER_ID, SHIP_NAME, PROVINCE, CITY, DISTRICT, ZIP_CODE, ADDR, PHONE, DEFAULT_ADDR, FIXED_PHONE)
values (8963, 15436, '曾祥钧', '辽宁省', '辽阳市', '辽阳县', '111216', '没有', '15141912243', 1, null);
commit;
prompt 600 records committed...
insert into EB_SHIP_ADDR (SHIP_ADDR_ID, PTL_USER_ID, SHIP_NAME, PROVINCE, CITY, DISTRICT, ZIP_CODE, ADDR, PHONE, DEFAULT_ADDR, FIXED_PHONE)
values (9020, 15160, '王海燕', '辽宁省', '大连市', '沙河口区', '116021', '星月街37', '13940812420', 0, null);
insert into EB_SHIP_ADDR (SHIP_ADDR_ID, PTL_USER_ID, SHIP_NAME, PROVINCE, CITY, DISTRICT, ZIP_CODE, ADDR, PHONE, DEFAULT_ADDR, FIXED_PHONE)
values (9143, 16114, '王帆', '辽宁省', '沈阳市', '大东区', '110044', '6', '15042341254', 1, null);
insert into EB_SHIP_ADDR (SHIP_ADDR_ID, PTL_USER_ID, SHIP_NAME, PROVINCE, CITY, DISTRICT, ZIP_CODE, ADDR, PHONE, DEFAULT_ADDR, FIXED_PHONE)
values (9600, 17995, '徐岚', '辽宁省', '沈阳市', '于洪区', '110014', '东平湖街3号楼262', '13940212848', 1, null);
insert into EB_SHIP_ADDR (SHIP_ADDR_ID, PTL_USER_ID, SHIP_NAME, PROVINCE, CITY, DISTRICT, ZIP_CODE, ADDR, PHONE, DEFAULT_ADDR, FIXED_PHONE)
values (9561, 17586, '徐恩阳', '辽宁省', '沈阳市', '铁西区', '110021', '滑翔六小区41号楼3单元4楼3号', '18602419277', 1, null);
insert into EB_SHIP_ADDR (SHIP_ADDR_ID, PTL_USER_ID, SHIP_NAME, PROVINCE, CITY, DISTRICT, ZIP_CODE, ADDR, PHONE, DEFAULT_ADDR, FIXED_PHONE)
values (9601, 18025, '白银来', '辽宁省', '朝阳市', '凌源市', '122500', '凌北工业园区鸿凌建才', '15042885550', 1, null);
insert into EB_SHIP_ADDR (SHIP_ADDR_ID, PTL_USER_ID, SHIP_NAME, PROVINCE, CITY, DISTRICT, ZIP_CODE, ADDR, PHONE, DEFAULT_ADDR, FIXED_PHONE)
values (10123, 21174, '冯阳', '辽宁省', '辽阳市', '弓长岭区', '111008', '人民武装部', '18641929108', 1, null);
insert into EB_SHIP_ADDR (SHIP_ADDR_ID, PTL_USER_ID, SHIP_NAME, PROVINCE, CITY, DISTRICT, ZIP_CODE, ADDR, PHONE, DEFAULT_ADDR, FIXED_PHONE)
values (10660, 26299, '翟高军', '辽宁省', '沈阳市', '沈河区', '110000', '市府大路433号峰景国际2101', '15940367500', 1, null);
insert into EB_SHIP_ADDR (SHIP_ADDR_ID, PTL_USER_ID, SHIP_NAME, PROVINCE, CITY, DISTRICT, ZIP_CODE, ADDR, PHONE, DEFAULT_ADDR, FIXED_PHONE)
values (10661, 26793, '王学群', '辽宁省', '大连市', '中山区', '116001', '秀月街', '13909839493', 1, null);
insert into EB_SHIP_ADDR (SHIP_ADDR_ID, PTL_USER_ID, SHIP_NAME, PROVINCE, CITY, DISTRICT, ZIP_CODE, ADDR, PHONE, DEFAULT_ADDR, FIXED_PHONE)
values (10701, 27252, '林景强', '辽宁省', '丹东市', '东港市', '118301', '东港市黄海大市场华睿数码城1楼17号', '15114110005', 1, null);
insert into EB_SHIP_ADDR (SHIP_ADDR_ID, PTL_USER_ID, SHIP_NAME, PROVINCE, CITY, DISTRICT, ZIP_CODE, ADDR, PHONE, DEFAULT_ADDR, FIXED_PHONE)
values (11920, 30367, '王枭娜', '辽宁省', '大连市', '沙河口区', '116021', 'wansuijie115hao', '15040549221', 1, null);
insert into EB_SHIP_ADDR (SHIP_ADDR_ID, PTL_USER_ID, SHIP_NAME, PROVINCE, CITY, DISTRICT, ZIP_CODE, ADDR, PHONE, DEFAULT_ADDR, FIXED_PHONE)
values (3600, 4116, '张勐', '辽宁省', '沈阳市', '沈河区', '110000', '大南街154栋22号1单元2楼2号', '15802423061', 1, null);
insert into EB_SHIP_ADDR (SHIP_ADDR_ID, PTL_USER_ID, SHIP_NAME, PROVINCE, CITY, DISTRICT, ZIP_CODE, ADDR, PHONE, DEFAULT_ADDR, FIXED_PHONE)
values (4100, 5027, '杨俊熠', '辽宁省', '沈阳市', '和平区', '110001', '南七马路94号沈阳海格公司', '13998897328', 1, null);
insert into EB_SHIP_ADDR (SHIP_ADDR_ID, PTL_USER_ID, SHIP_NAME, PROVINCE, CITY, DISTRICT, ZIP_CODE, ADDR, PHONE, DEFAULT_ADDR, FIXED_PHONE)
values (4280, 5303, '李喜双', '辽宁省', '辽阳市', '灯塔市', '111300', '万宝桥街道', '15804979333', 1, null);
insert into EB_SHIP_ADDR (SHIP_ADDR_ID, PTL_USER_ID, SHIP_NAME, PROVINCE, CITY, DISTRICT, ZIP_CODE, ADDR, PHONE, DEFAULT_ADDR, FIXED_PHONE)
values (4282, 4893, '陈洋', '辽宁省', '抚顺市', '望花区', '113000', '建设街', '18804131166', 1, null);
insert into EB_SHIP_ADDR (SHIP_ADDR_ID, PTL_USER_ID, SHIP_NAME, PROVINCE, CITY, DISTRICT, ZIP_CODE, ADDR, PHONE, DEFAULT_ADDR, FIXED_PHONE)
values (4420, 5510, '郑莲花', '辽宁省', '沈阳市', '东陵区', '110168', '浑南新区汇泉东路10号爱发科中北真空', '13840357506', 1, null);
insert into EB_SHIP_ADDR (SHIP_ADDR_ID, PTL_USER_ID, SHIP_NAME, PROVINCE, CITY, DISTRICT, ZIP_CODE, ADDR, PHONE, DEFAULT_ADDR, FIXED_PHONE)
values (4440, 5508, '王军', '辽宁省', '沈阳市', '东陵区', '110000', '南塔街125巷', '15566055468', 1, null);
insert into EB_SHIP_ADDR (SHIP_ADDR_ID, PTL_USER_ID, SHIP_NAME, PROVINCE, CITY, DISTRICT, ZIP_CODE, ADDR, PHONE, DEFAULT_ADDR, FIXED_PHONE)
values (4441, 5581, '郭雷', '辽宁省', '沈阳市', '大东区', '110001', '东北大马路208辽宁移动客服', '13940596641', 1, null);
insert into EB_SHIP_ADDR (SHIP_ADDR_ID, PTL_USER_ID, SHIP_NAME, PROVINCE, CITY, DISTRICT, ZIP_CODE, ADDR, PHONE, DEFAULT_ADDR, FIXED_PHONE)
values (4501, 5638, '张志丹', '辽宁省', '沈阳市', '铁西区', '110000', '兴华南街58号', '13889822239', 1, null);
insert into EB_SHIP_ADDR (SHIP_ADDR_ID, PTL_USER_ID, SHIP_NAME, PROVINCE, CITY, DISTRICT, ZIP_CODE, ADDR, PHONE, DEFAULT_ADDR, FIXED_PHONE)
values (7460, 10220, '张爱民', '辽宁省', '沈阳市', '新民市', '110300', '北环路14号', '13840449000', 1, null);
insert into EB_SHIP_ADDR (SHIP_ADDR_ID, PTL_USER_ID, SHIP_NAME, PROVINCE, CITY, DISTRICT, ZIP_CODE, ADDR, PHONE, DEFAULT_ADDR, FIXED_PHONE)
values (8682, 13650, '刘宇立', '辽宁省', '沈阳市', '东陵区', '110168', '浑南新区长青南街18号1号楼5门', '15998162336', 0, null);
insert into EB_SHIP_ADDR (SHIP_ADDR_ID, PTL_USER_ID, SHIP_NAME, PROVINCE, CITY, DISTRICT, ZIP_CODE, ADDR, PHONE, DEFAULT_ADDR, FIXED_PHONE)
values (8683, 14528, '霍春光', '辽宁省', '葫芦岛市', '龙港区', '125000', '高新七路146号锦西化工研究院', '13504228105', 1, null);
insert into EB_SHIP_ADDR (SHIP_ADDR_ID, PTL_USER_ID, SHIP_NAME, PROVINCE, CITY, DISTRICT, ZIP_CODE, ADDR, PHONE, DEFAULT_ADDR, FIXED_PHONE)
values (8702, 7897, '鲍丽敏', '辽宁省', '大连市', '甘井子区', '116113', '大连湾新街醉神酒坊', '15904957998', 1, null);
insert into EB_SHIP_ADDR (SHIP_ADDR_ID, PTL_USER_ID, SHIP_NAME, PROVINCE, CITY, DISTRICT, ZIP_CODE, ADDR, PHONE, DEFAULT_ADDR, FIXED_PHONE)
values (8720, 11830, '刘东富', '辽宁省', '沈阳市', '皇姑区', '110032', '北陵大街45一1号辽宁省审计厅监察处', '13591694006', 1, null);
insert into EB_SHIP_ADDR (SHIP_ADDR_ID, PTL_USER_ID, SHIP_NAME, PROVINCE, CITY, DISTRICT, ZIP_CODE, ADDR, PHONE, DEFAULT_ADDR, FIXED_PHONE)
values (8721, 14663, '王莲华', '辽宁省', '大连市', '旅顺口区', '116041', '茂林街14号荣华汽车维修厂', '15941148005', 1, null);
insert into EB_SHIP_ADDR (SHIP_ADDR_ID, PTL_USER_ID, SHIP_NAME, PROVINCE, CITY, DISTRICT, ZIP_CODE, ADDR, PHONE, DEFAULT_ADDR, FIXED_PHONE)
values (9201, 16283, '曹颖', '辽宁省', '大连市', '沙河口区', '116000', '五四广场16号6楼', '13840942568', 1, null);
insert into EB_SHIP_ADDR (SHIP_ADDR_ID, PTL_USER_ID, SHIP_NAME, PROVINCE, CITY, DISTRICT, ZIP_CODE, ADDR, PHONE, DEFAULT_ADDR, FIXED_PHONE)
values (9721, 18665, '李华楠', '辽宁省', '朝阳市', '凌源市', '122500', '凌钢西区独身公寓', '13942153278', 1, null);
insert into EB_SHIP_ADDR (SHIP_ADDR_ID, PTL_USER_ID, SHIP_NAME, PROVINCE, CITY, DISTRICT, ZIP_CODE, ADDR, PHONE, DEFAULT_ADDR, FIXED_PHONE)
values (9722, 18658, '于政宠', '辽宁省', '大连市', '西岗区', '116011', '中山路222医科大第一附属医院住院部10楼1009房间13床', '15040451985', 1, null);
insert into EB_SHIP_ADDR (SHIP_ADDR_ID, PTL_USER_ID, SHIP_NAME, PROVINCE, CITY, DISTRICT, ZIP_CODE, ADDR, PHONE, DEFAULT_ADDR, FIXED_PHONE)
values (9763, 18858, '孟祥月', '辽宁省', '葫芦岛市', '连山区', '125200', '锦郊乡佳立重卡', '15942991992', 1, null);
insert into EB_SHIP_ADDR (SHIP_ADDR_ID, PTL_USER_ID, SHIP_NAME, PROVINCE, CITY, DISTRICT, ZIP_CODE, ADDR, PHONE, DEFAULT_ADDR, FIXED_PHONE)
values (3241, 3605, '赵妍', '辽宁省', '本溪市', '平山区', '117000', '本溪中医院肛肠病房', '13804146843', 1, null);
insert into EB_SHIP_ADDR (SHIP_ADDR_ID, PTL_USER_ID, SHIP_NAME, PROVINCE, CITY, DISTRICT, ZIP_CODE, ADDR, PHONE, DEFAULT_ADDR, FIXED_PHONE)
values (3380, 3773, '孙文燕', '辽宁省', '沈阳市', '铁西区', '110024', '重工南街78巷5横杠6号122', '15142577822', 1, null);
insert into EB_SHIP_ADDR (SHIP_ADDR_ID, PTL_USER_ID, SHIP_NAME, PROVINCE, CITY, DISTRICT, ZIP_CODE, ADDR, PHONE, DEFAULT_ADDR, FIXED_PHONE)
values (4980, 6278, '娄正阳', '辽宁省', '大连市', '甘井子区', '116038', '泡崖七区宏亚街26号1单元102室', '13941162792', 1, null);
insert into EB_SHIP_ADDR (SHIP_ADDR_ID, PTL_USER_ID, SHIP_NAME, PROVINCE, CITY, DISTRICT, ZIP_CODE, ADDR, PHONE, DEFAULT_ADDR, FIXED_PHONE)
values (5022, 6306, '石强', '辽宁省', '朝阳市', '喀喇沁左翼蒙古族自治县', '122300', '喀左县人民检察院', '13664267165', 1, null);
insert into EB_SHIP_ADDR (SHIP_ADDR_ID, PTL_USER_ID, SHIP_NAME, PROVINCE, CITY, DISTRICT, ZIP_CODE, ADDR, PHONE, DEFAULT_ADDR, FIXED_PHONE)
values (5783, 7664, '唐博诗', '辽宁省', '沈阳市', '东陵区', '110179', '浑南三路16号沈阳海关', '18624019728', 1, null);
insert into EB_SHIP_ADDR (SHIP_ADDR_ID, PTL_USER_ID, SHIP_NAME, PROVINCE, CITY, DISTRICT, ZIP_CODE, ADDR, PHONE, DEFAULT_ADDR, FIXED_PHONE)
values (7621, 10592, '15802456869', '辽宁省', '沈阳市', '新民市', '110300', '辽宁省沈阳市新民市市府路37号3单元5楼353', '15802456869', 1, null);
insert into EB_SHIP_ADDR (SHIP_ADDR_ID, PTL_USER_ID, SHIP_NAME, PROVINCE, CITY, DISTRICT, ZIP_CODE, ADDR, PHONE, DEFAULT_ADDR, FIXED_PHONE)
values (7680, 10749, '13912340000', '辽宁省', '沈阳市', '和平区', '118000', '13912340000', '13912340000', 1, null);
insert into EB_SHIP_ADDR (SHIP_ADDR_ID, PTL_USER_ID, SHIP_NAME, PROVINCE, CITY, DISTRICT, ZIP_CODE, ADDR, PHONE, DEFAULT_ADDR, FIXED_PHONE)
values (7880, 12140, '王超', '辽宁省', '沈阳市', '于洪区', '110036', '怒江北街18号', '13804069119', 1, null);
insert into EB_SHIP_ADDR (SHIP_ADDR_ID, PTL_USER_ID, SHIP_NAME, PROVINCE, CITY, DISTRICT, ZIP_CODE, ADDR, PHONE, DEFAULT_ADDR, FIXED_PHONE)
values (8480, 13661, '郭特', '辽宁省', '大连市', '沙河口区', '116000', '阳光数码大厦713', '13840867524', 1, null);
insert into EB_SHIP_ADDR (SHIP_ADDR_ID, PTL_USER_ID, SHIP_NAME, PROVINCE, CITY, DISTRICT, ZIP_CODE, ADDR, PHONE, DEFAULT_ADDR, FIXED_PHONE)
values (8483, 8834, '夏艳', '辽宁省', '沈阳市', '沈北新区', '110121', '福州路', '13252808858', 1, null);
insert into EB_SHIP_ADDR (SHIP_ADDR_ID, PTL_USER_ID, SHIP_NAME, PROVINCE, CITY, DISTRICT, ZIP_CODE, ADDR, PHONE, DEFAULT_ADDR, FIXED_PHONE)
values (8540, 13971, '鲍成丽', '辽宁省', '营口市', '鲅鱼圈区', '115007', '芦屯镇四台子冶金化工工业园辽宁米高化工有限公司', '15804173712', 1, null);
insert into EB_SHIP_ADDR (SHIP_ADDR_ID, PTL_USER_ID, SHIP_NAME, PROVINCE, CITY, DISTRICT, ZIP_CODE, ADDR, PHONE, DEFAULT_ADDR, FIXED_PHONE)
values (8760, 14741, '程红', '辽宁省', '大连市', '瓦房店市', '116300', '五一路二段44号102室', '15904118655', 1, null);
insert into EB_SHIP_ADDR (SHIP_ADDR_ID, PTL_USER_ID, SHIP_NAME, PROVINCE, CITY, DISTRICT, ZIP_CODE, ADDR, PHONE, DEFAULT_ADDR, FIXED_PHONE)
values (8764, 13725, '王永禄', '辽宁省', '大连市', '沙河口区', '116021', '联合路75号2单元202', '13942876141', 1, null);
insert into EB_SHIP_ADDR (SHIP_ADDR_ID, PTL_USER_ID, SHIP_NAME, PROVINCE, CITY, DISTRICT, ZIP_CODE, ADDR, PHONE, DEFAULT_ADDR, FIXED_PHONE)
values (8923, 15276, '陈志高', '辽宁省', '大连市', '沙河口区', '116021', '鞍山路50号绿都园10号河山阀门', '13940968368', 1, null);
insert into EB_SHIP_ADDR (SHIP_ADDR_ID, PTL_USER_ID, SHIP_NAME, PROVINCE, CITY, DISTRICT, ZIP_CODE, ADDR, PHONE, DEFAULT_ADDR, FIXED_PHONE)
values (9641, 18239, '冀晋杰', '辽宁省', '沈阳市', '和平区', '110000', '南十马路', '13614016569', 1, null);
insert into EB_SHIP_ADDR (SHIP_ADDR_ID, PTL_USER_ID, SHIP_NAME, PROVINCE, CITY, DISTRICT, ZIP_CODE, ADDR, PHONE, DEFAULT_ADDR, FIXED_PHONE)
values (9642, 18273, '修滨', '辽宁省', '营口市', '西市区', '115004', '渤海大街西103号', '13941782209', 1, null);
insert into EB_SHIP_ADDR (SHIP_ADDR_ID, PTL_USER_ID, SHIP_NAME, PROVINCE, CITY, DISTRICT, ZIP_CODE, ADDR, PHONE, DEFAULT_ADDR, FIXED_PHONE)
values (9860, 19214, '张杰', '辽宁省', '大连市', '中山区', '116000', '长江路315号香榭里C座1402', '13889465086', 1, null);
insert into EB_SHIP_ADDR (SHIP_ADDR_ID, PTL_USER_ID, SHIP_NAME, PROVINCE, CITY, DISTRICT, ZIP_CODE, ADDR, PHONE, DEFAULT_ADDR, FIXED_PHONE)
values (9920, 19856, '张玉福', '辽宁省', '营口市', '盖州市', '115200', '北关街原涂剂厂墙外02巷07号', '13704175007', 1, null);
insert into EB_SHIP_ADDR (SHIP_ADDR_ID, PTL_USER_ID, SHIP_NAME, PROVINCE, CITY, DISTRICT, ZIP_CODE, ADDR, PHONE, DEFAULT_ADDR, FIXED_PHONE)
values (10060, 20697, '张成军', '辽宁省', '大连市', '甘井子区', '116033', '甘井子区西北路861号B区11号', '15840963678', 1, null);
insert into EB_SHIP_ADDR (SHIP_ADDR_ID, PTL_USER_ID, SHIP_NAME, PROVINCE, CITY, DISTRICT, ZIP_CODE, ADDR, PHONE, DEFAULT_ADDR, FIXED_PHONE)
values (10781, 27437, '王杰玲', '辽宁省', '葫芦岛市', '龙港区', '125000', '高新7路3号', '13998918568', 1, null);
insert into EB_SHIP_ADDR (SHIP_ADDR_ID, PTL_USER_ID, SHIP_NAME, PROVINCE, CITY, DISTRICT, ZIP_CODE, ADDR, PHONE, DEFAULT_ADDR, FIXED_PHONE)
values (11280, 28805, '张旭阳', '辽宁省', '沈阳市', '皇姑区', '110000', '皇姑区嘉陵江街103杠1号242', '15940374155', 1, null);
insert into EB_SHIP_ADDR (SHIP_ADDR_ID, PTL_USER_ID, SHIP_NAME, PROVINCE, CITY, DISTRICT, ZIP_CODE, ADDR, PHONE, DEFAULT_ADDR, FIXED_PHONE)
values (3660, 4307, '武子越', '辽宁省', '沈阳市', '铁西区', '110021', '锦工街', '15940098445', 1, null);
insert into EB_SHIP_ADDR (SHIP_ADDR_ID, PTL_USER_ID, SHIP_NAME, PROVINCE, CITY, DISTRICT, ZIP_CODE, ADDR, PHONE, DEFAULT_ADDR, FIXED_PHONE)
values (3780, 4607, '于飞', '辽宁省', '本溪市', '平山区', '117017', '北台堡子11号楼', '13841412347', 1, null);
insert into EB_SHIP_ADDR (SHIP_ADDR_ID, PTL_USER_ID, SHIP_NAME, PROVINCE, CITY, DISTRICT, ZIP_CODE, ADDR, PHONE, DEFAULT_ADDR, FIXED_PHONE)
values (3840, 4464, '金凤香', '辽宁省', '沈阳市', '沈北新区', '110000', '道义镇正义四路祥瑞二期北门东侧金锣冷鲜肉店', '18240488802', 1, null);
insert into EB_SHIP_ADDR (SHIP_ADDR_ID, PTL_USER_ID, SHIP_NAME, PROVINCE, CITY, DISTRICT, ZIP_CODE, ADDR, PHONE, DEFAULT_ADDR, FIXED_PHONE)
values (3860, 4463, '姜永钢', '辽宁省', '沈阳市', '大东区', '110042', '大东路175号', '15809881022', 1, null);
insert into EB_SHIP_ADDR (SHIP_ADDR_ID, PTL_USER_ID, SHIP_NAME, PROVINCE, CITY, DISTRICT, ZIP_CODE, ADDR, PHONE, DEFAULT_ADDR, FIXED_PHONE)
values (3880, 4704, '飘', '辽宁省', '抚顺市', '顺城区', '113006', '葛布', '15241349648', 1, null);
insert into EB_SHIP_ADDR (SHIP_ADDR_ID, PTL_USER_ID, SHIP_NAME, PROVINCE, CITY, DISTRICT, ZIP_CODE, ADDR, PHONE, DEFAULT_ADDR, FIXED_PHONE)
values (4120, 5001, '张领芝', '辽宁省', '抚顺市', '望花区', '113001', '营口路临院雅居2号楼3单元203号', '15242311168', 1, null);
insert into EB_SHIP_ADDR (SHIP_ADDR_ID, PTL_USER_ID, SHIP_NAME, PROVINCE, CITY, DISTRICT, ZIP_CODE, ADDR, PHONE, DEFAULT_ADDR, FIXED_PHONE)
values (4920, 6180, '李丽', '辽宁省', '大连市', '甘井子区', '116100', '姚胜园42号楼2单元1楼1', '15841194577', 1, null);
insert into EB_SHIP_ADDR (SHIP_ADDR_ID, PTL_USER_ID, SHIP_NAME, PROVINCE, CITY, DISTRICT, ZIP_CODE, ADDR, PHONE, DEFAULT_ADDR, FIXED_PHONE)
values (9622, 18176, '王好', '辽宁省', '沈阳市', '于洪区', '110024', '沈大路43号汽车修理四轮定位', '13998804011', 1, null);
insert into EB_SHIP_ADDR (SHIP_ADDR_ID, PTL_USER_ID, SHIP_NAME, PROVINCE, CITY, DISTRICT, ZIP_CODE, ADDR, PHONE, DEFAULT_ADDR, FIXED_PHONE)
values (6781, 9223, '马云强', '辽宁省', '营口市', '鲅鱼圈区', '115009', '熊岳城镇金灿花园一期12号楼2单元402室', '13624170411', 1, null);
insert into EB_SHIP_ADDR (SHIP_ADDR_ID, PTL_USER_ID, SHIP_NAME, PROVINCE, CITY, DISTRICT, ZIP_CODE, ADDR, PHONE, DEFAULT_ADDR, FIXED_PHONE)
values (8301, 12801, '唐志诚', '辽宁省', '铁岭市', '昌图县', '112536', '昌图县宝力镇英桃村一组', '18242621498', 1, null);
insert into EB_SHIP_ADDR (SHIP_ADDR_ID, PTL_USER_ID, SHIP_NAME, PROVINCE, CITY, DISTRICT, ZIP_CODE, ADDR, PHONE, DEFAULT_ADDR, FIXED_PHONE)
values (8441, 13196, '梁永红', '辽宁省', '辽阳市', '白塔区', '111000', '解放路碧景家园15号楼5单元7楼101', '13470387386', 1, null);
insert into EB_SHIP_ADDR (SHIP_ADDR_ID, PTL_USER_ID, SHIP_NAME, PROVINCE, CITY, DISTRICT, ZIP_CODE, ADDR, PHONE, DEFAULT_ADDR, FIXED_PHONE)
values (9621, 18166, '孙荣博', '辽宁省', '辽阳市', '辽阳县', '111000', '小屯镇邮局后院小城歌厅', '15040345463', 1, null);
insert into EB_SHIP_ADDR (SHIP_ADDR_ID, PTL_USER_ID, SHIP_NAME, PROVINCE, CITY, DISTRICT, ZIP_CODE, ADDR, PHONE, DEFAULT_ADDR, FIXED_PHONE)
values (10020, 20560, '范洪强', '辽宁省', '沈阳市', '和平区', '110004', '文化路东北大学五舍738', '18742422083', 1, null);
insert into EB_SHIP_ADDR (SHIP_ADDR_ID, PTL_USER_ID, SHIP_NAME, PROVINCE, CITY, DISTRICT, ZIP_CODE, ADDR, PHONE, DEFAULT_ADDR, FIXED_PHONE)
values (11380, 28965, '张铁元', '辽宁省', '铁岭市', '银州区', '112000', '柴河街南段28号', '18741037887', 1, null);
insert into EB_SHIP_ADDR (SHIP_ADDR_ID, PTL_USER_ID, SHIP_NAME, PROVINCE, CITY, DISTRICT, ZIP_CODE, ADDR, PHONE, DEFAULT_ADDR, FIXED_PHONE)
values (11460, 29103, '何秀臣', '辽宁省', '沈阳市', '于洪区', '110147', '平罗街道', '13998841928', 1, null);
insert into EB_SHIP_ADDR (SHIP_ADDR_ID, PTL_USER_ID, SHIP_NAME, PROVINCE, CITY, DISTRICT, ZIP_CODE, ADDR, PHONE, DEFAULT_ADDR, FIXED_PHONE)
values (11481, 29137, '李青军', '辽宁省', '大连市', '甘井子区', '116033', '南华街', '13998699945', 0, null);
insert into EB_SHIP_ADDR (SHIP_ADDR_ID, PTL_USER_ID, SHIP_NAME, PROVINCE, CITY, DISTRICT, ZIP_CODE, ADDR, PHONE, DEFAULT_ADDR, FIXED_PHONE)
values (11482, 29137, '李青军', '辽宁省', '大连市', '甘井子区', '116033', '南华街84号楼4单元2楼2号', '13998699945', 1, null);
insert into EB_SHIP_ADDR (SHIP_ADDR_ID, PTL_USER_ID, SHIP_NAME, PROVINCE, CITY, DISTRICT, ZIP_CODE, ADDR, PHONE, DEFAULT_ADDR, FIXED_PHONE)
values (3400, 3844, '金丹', '辽宁省', '沈阳市', '和平区', '110005', '南十马路79号', '15909886618', 1, null);
insert into EB_SHIP_ADDR (SHIP_ADDR_ID, PTL_USER_ID, SHIP_NAME, PROVINCE, CITY, DISTRICT, ZIP_CODE, ADDR, PHONE, DEFAULT_ADDR, FIXED_PHONE)
values (3500, 3989, '徐仟钧', '辽宁省', '辽阳市', '灯塔市', '111313', '西大窑台泥水泥厂工程部', '13654199926', 1, null);
insert into EB_SHIP_ADDR (SHIP_ADDR_ID, PTL_USER_ID, SHIP_NAME, PROVINCE, CITY, DISTRICT, ZIP_CODE, ADDR, PHONE, DEFAULT_ADDR, FIXED_PHONE)
values (3960, 4800, '陈永凤', '辽宁省', '葫芦岛市', '连山区', '125001', '化工二中小区24号楼5单元4号', '15541473213', 1, null);
insert into EB_SHIP_ADDR (SHIP_ADDR_ID, PTL_USER_ID, SHIP_NAME, PROVINCE, CITY, DISTRICT, ZIP_CODE, ADDR, PHONE, DEFAULT_ADDR, FIXED_PHONE)
values (4000, 4908, '张洪林', '辽宁省', '铁岭市', '银州区', '112000', '光荣街南段新光小区', '13591064441', 1, null);
insert into EB_SHIP_ADDR (SHIP_ADDR_ID, PTL_USER_ID, SHIP_NAME, PROVINCE, CITY, DISTRICT, ZIP_CODE, ADDR, PHONE, DEFAULT_ADDR, FIXED_PHONE)
values (4020, 4941, '刘伟', '辽宁省', '抚顺市', '新宾满族自治县', '113200', '北四平乡宝汤村', '13804936511', 1, null);
insert into EB_SHIP_ADDR (SHIP_ADDR_ID, PTL_USER_ID, SHIP_NAME, PROVINCE, CITY, DISTRICT, ZIP_CODE, ADDR, PHONE, DEFAULT_ADDR, FIXED_PHONE)
values (4660, 5861, '乔磊', '辽宁省', '沈阳市', '沈河区', '110011', '承德路31号楼6单元6楼3号', '13840159446', 1, null);
insert into EB_SHIP_ADDR (SHIP_ADDR_ID, PTL_USER_ID, SHIP_NAME, PROVINCE, CITY, DISTRICT, ZIP_CODE, ADDR, PHONE, DEFAULT_ADDR, FIXED_PHONE)
values (4740, 6005, '张绪翎', '辽宁省', '沈阳市', '沈河区', '110015', '泉园二路89号', '13940512029', 1, null);
insert into EB_SHIP_ADDR (SHIP_ADDR_ID, PTL_USER_ID, SHIP_NAME, PROVINCE, CITY, DISTRICT, ZIP_CODE, ADDR, PHONE, DEFAULT_ADDR, FIXED_PHONE)
values (9583, 17819, '叶敏', '辽宁省', '铁岭市', '银州区', '112000', '文化路东电一公司院里3号楼3单元202室', '15184136110', 1, null);
insert into EB_SHIP_ADDR (SHIP_ADDR_ID, PTL_USER_ID, SHIP_NAME, PROVINCE, CITY, DISTRICT, ZIP_CODE, ADDR, PHONE, DEFAULT_ADDR, FIXED_PHONE)
values (10082, 14427, '杨春梅', '辽宁省', '本溪市', '本溪满族自治县', '117103', '南甸镇诚达洗煤厂', '18241454511', 1, null);
insert into EB_SHIP_ADDR (SHIP_ADDR_ID, PTL_USER_ID, SHIP_NAME, PROVINCE, CITY, DISTRICT, ZIP_CODE, ADDR, PHONE, DEFAULT_ADDR, FIXED_PHONE)
values (3580, 4140, '宋春玲', '辽宁省', '沈阳市', '和平区', '110005', '南十马路79号', '13840331703', 1, null);
insert into EB_SHIP_ADDR (SHIP_ADDR_ID, PTL_USER_ID, SHIP_NAME, PROVINCE, CITY, DISTRICT, ZIP_CODE, ADDR, PHONE, DEFAULT_ADDR, FIXED_PHONE)
values (4360, 5427, '齐欢', '辽宁省', '大连市', '金州区', '116600', '保税区管委会2409室', '15104119830', 1, null);
insert into EB_SHIP_ADDR (SHIP_ADDR_ID, PTL_USER_ID, SHIP_NAME, PROVINCE, CITY, DISTRICT, ZIP_CODE, ADDR, PHONE, DEFAULT_ADDR, FIXED_PHONE)
values (4500, 5627, '王磊', '辽宁省', '沈阳市', '东陵区', '110005', '浑南新区祝科街8号', '15840346933', 1, null);
insert into EB_SHIP_ADDR (SHIP_ADDR_ID, PTL_USER_ID, SHIP_NAME, PROVINCE, CITY, DISTRICT, ZIP_CODE, ADDR, PHONE, DEFAULT_ADDR, FIXED_PHONE)
values (5620, 7391, '佟承龙', '辽宁省', '丹东市', '凤城市', '118100', '凤城市', '13470073444', 1, null);
insert into EB_SHIP_ADDR (SHIP_ADDR_ID, PTL_USER_ID, SHIP_NAME, PROVINCE, CITY, DISTRICT, ZIP_CODE, ADDR, PHONE, DEFAULT_ADDR, FIXED_PHONE)
values (5621, 7390, '徐强', '辽宁省', '辽阳市', '灯塔市', '111304', '佟二堡镇曲家村', '18341974433', 1, null);
insert into EB_SHIP_ADDR (SHIP_ADDR_ID, PTL_USER_ID, SHIP_NAME, PROVINCE, CITY, DISTRICT, ZIP_CODE, ADDR, PHONE, DEFAULT_ADDR, FIXED_PHONE)
values (5660, 7425, '解文君', '辽宁省', '鞍山市', '铁东区', '114000', '二道街57栋61号', '13591223201', 1, null);
insert into EB_SHIP_ADDR (SHIP_ADDR_ID, PTL_USER_ID, SHIP_NAME, PROVINCE, CITY, DISTRICT, ZIP_CODE, ADDR, PHONE, DEFAULT_ADDR, FIXED_PHONE)
values (7240, 9920, '王晓婷', '辽宁省', '沈阳市', '和平区', '110000', '胜利南街69一2号沈铁胜利佳园一单元六楼三门', '15840485196', 1, null);
insert into EB_SHIP_ADDR (SHIP_ADDR_ID, PTL_USER_ID, SHIP_NAME, PROVINCE, CITY, DISTRICT, ZIP_CODE, ADDR, PHONE, DEFAULT_ADDR, FIXED_PHONE)
values (7260, 9962, '李冰', '辽宁省', '营口市', '西市区', '115004', '河口开发一区二街5号', '15841748113', 1, null);
insert into EB_SHIP_ADDR (SHIP_ADDR_ID, PTL_USER_ID, SHIP_NAME, PROVINCE, CITY, DISTRICT, ZIP_CODE, ADDR, PHONE, DEFAULT_ADDR, FIXED_PHONE)
values (7320, 10014, '吕志豪', '辽宁省', '大连市', '沙河口区', '116021', '兴工北六街', '15998556608', 1, null);
insert into EB_SHIP_ADDR (SHIP_ADDR_ID, PTL_USER_ID, SHIP_NAME, PROVINCE, CITY, DISTRICT, ZIP_CODE, ADDR, PHONE, DEFAULT_ADDR, FIXED_PHONE)
values (7380, 10140, '初晓夫', '辽宁省', '丹东市', '凤城市', '118100', '凤山路苏华苑B区1号楼2单元202', '13904155958', 1, null);
insert into EB_SHIP_ADDR (SHIP_ADDR_ID, PTL_USER_ID, SHIP_NAME, PROVINCE, CITY, DISTRICT, ZIP_CODE, ADDR, PHONE, DEFAULT_ADDR, FIXED_PHONE)
values (7400, 10168, '郭宝？', '辽宁省', '鞍山市', '铁东区', '113000', '安乐街34号', '13998040403', 1, null);
insert into EB_SHIP_ADDR (SHIP_ADDR_ID, PTL_USER_ID, SHIP_NAME, PROVINCE, CITY, DISTRICT, ZIP_CODE, ADDR, PHONE, DEFAULT_ADDR, FIXED_PHONE)
values (9640, 13762, '叶敏', '辽宁省', '铁岭市', '银州区', '112000', '文化路东电一公司3号楼3单元202室', '15184136110', 1, null);
insert into EB_SHIP_ADDR (SHIP_ADDR_ID, PTL_USER_ID, SHIP_NAME, PROVINCE, CITY, DISTRICT, ZIP_CODE, ADDR, PHONE, DEFAULT_ADDR, FIXED_PHONE)
values (10741, 27333, '金增名', '辽宁省', '沈阳市', '铁西区', '110020', '铁西区沈辽路万达公寓B座2112', '13700015209', 1, null);
insert into EB_SHIP_ADDR (SHIP_ADDR_ID, PTL_USER_ID, SHIP_NAME, PROVINCE, CITY, DISTRICT, ZIP_CODE, ADDR, PHONE, DEFAULT_ADDR, FIXED_PHONE)
values (10841, 27619, '李栋', '辽宁省', '朝阳市', '龙城区', '122000', '文化路四段128号', '13704210880', 1, null);
insert into EB_SHIP_ADDR (SHIP_ADDR_ID, PTL_USER_ID, SHIP_NAME, PROVINCE, CITY, DISTRICT, ZIP_CODE, ADDR, PHONE, DEFAULT_ADDR, FIXED_PHONE)
values (11081, 28333, '于影', '辽宁省', '大连市', '中山区', '116000', '发达街2号', '15840539290', 1, null);
insert into EB_SHIP_ADDR (SHIP_ADDR_ID, PTL_USER_ID, SHIP_NAME, PROVINCE, CITY, DISTRICT, ZIP_CODE, ADDR, PHONE, DEFAULT_ADDR, FIXED_PHONE)
values (4921, 6176, '刘作全', '辽宁省', '大连市', '金州区', '116600', '松岚街6号大连三洋冷链有限公司二工厂原价管理部', '13840838540', 1, null);
insert into EB_SHIP_ADDR (SHIP_ADDR_ID, PTL_USER_ID, SHIP_NAME, PROVINCE, CITY, DISTRICT, ZIP_CODE, ADDR, PHONE, DEFAULT_ADDR, FIXED_PHONE)
values (5061, 6370, '陈亮', '辽宁省', '大连市', '沙河口区', '116023', '河曲街20号中升集团', '15942838385', 1, null);
insert into EB_SHIP_ADDR (SHIP_ADDR_ID, PTL_USER_ID, SHIP_NAME, PROVINCE, CITY, DISTRICT, ZIP_CODE, ADDR, PHONE, DEFAULT_ADDR, FIXED_PHONE)
values (5281, 6845, '孙桂娟', '辽宁省', '大连市', '旅顺口区', '116050', '水师营街道西沟村银河路372号大连融达海产食品有限公司', '13644238208', 1, null);
insert into EB_SHIP_ADDR (SHIP_ADDR_ID, PTL_USER_ID, SHIP_NAME, PROVINCE, CITY, DISTRICT, ZIP_CODE, ADDR, PHONE, DEFAULT_ADDR, FIXED_PHONE)
values (5520, 7198, '李帅', '辽宁省', '大连市', '甘井子区', '116023', '七贤岭高新园区高新街6号', '13610921695', 1, null);
insert into EB_SHIP_ADDR (SHIP_ADDR_ID, PTL_USER_ID, SHIP_NAME, PROVINCE, CITY, DISTRICT, ZIP_CODE, ADDR, PHONE, DEFAULT_ADDR, FIXED_PHONE)
values (6802, 9265, '马志刚', '辽宁省', '大连市', '沙河口区', '116013', '鹏程街1号1302', '18042604481', 1, null);
insert into EB_SHIP_ADDR (SHIP_ADDR_ID, PTL_USER_ID, SHIP_NAME, PROVINCE, CITY, DISTRICT, ZIP_CODE, ADDR, PHONE, DEFAULT_ADDR, FIXED_PHONE)
values (7020, 9634, '李爽', '辽宁省', '沈阳市', '沈河区', '110014', '奉天街府苑名都3号楼272', '13840458500', 1, null);
insert into EB_SHIP_ADDR (SHIP_ADDR_ID, PTL_USER_ID, SHIP_NAME, PROVINCE, CITY, DISTRICT, ZIP_CODE, ADDR, PHONE, DEFAULT_ADDR, FIXED_PHONE)
values (7961, 6764, '王涛', '辽宁省', '沈阳市', '铁西区', '110000', '乐工2街12号13单元5楼1号', '18742422962', 1, null);
insert into EB_SHIP_ADDR (SHIP_ADDR_ID, PTL_USER_ID, SHIP_NAME, PROVINCE, CITY, DISTRICT, ZIP_CODE, ADDR, PHONE, DEFAULT_ADDR, FIXED_PHONE)
values (8563, 14100, '刘殿武', '辽宁省', '盘锦市', '兴隆台区', '124010', '人民路45号辽河数码公司', '15004278833', 1, null);
insert into EB_SHIP_ADDR (SHIP_ADDR_ID, PTL_USER_ID, SHIP_NAME, PROVINCE, CITY, DISTRICT, ZIP_CODE, ADDR, PHONE, DEFAULT_ADDR, FIXED_PHONE)
values (8620, 14319, '郭晓霞', '辽宁省', '沈阳市', '东陵区', '110179', '世纪路东软软件园A园区A6楼', '15840402459', 1, null);
insert into EB_SHIP_ADDR (SHIP_ADDR_ID, PTL_USER_ID, SHIP_NAME, PROVINCE, CITY, DISTRICT, ZIP_CODE, ADDR, PHONE, DEFAULT_ADDR, FIXED_PHONE)
values (8964, 8193, '张兆锋', '辽宁省', '鞍山市', '铁东区', '114002', '鞍山市铁东区湖营街2号鞍山市公安局', '18741200867', 1, null);
commit;
prompt 700 records committed...
insert into EB_SHIP_ADDR (SHIP_ADDR_ID, PTL_USER_ID, SHIP_NAME, PROVINCE, CITY, DISTRICT, ZIP_CODE, ADDR, PHONE, DEFAULT_ADDR, FIXED_PHONE)
values (9060, 15878, '张宝楠', '辽宁省', '沈阳市', '法库县', '110400', '法库镇如意城', '15933930625', 1, null);
insert into EB_SHIP_ADDR (SHIP_ADDR_ID, PTL_USER_ID, SHIP_NAME, PROVINCE, CITY, DISTRICT, ZIP_CODE, ADDR, PHONE, DEFAULT_ADDR, FIXED_PHONE)
values (3080, 3285, '董晓东', '辽宁省', '沈阳市', '法库县', '110416', '卧牛石乡刘丙堡村三组', '15804051050', 1, null);
insert into EB_SHIP_ADDR (SHIP_ADDR_ID, PTL_USER_ID, SHIP_NAME, PROVINCE, CITY, DISTRICT, ZIP_CODE, ADDR, PHONE, DEFAULT_ADDR, FIXED_PHONE)
values (5720, 6807, '盖新', '辽宁省', '辽阳市', '白塔区', '111000', '曙光村5组95号', '15174191239', 1, null);
insert into EB_SHIP_ADDR (SHIP_ADDR_ID, PTL_USER_ID, SHIP_NAME, PROVINCE, CITY, DISTRICT, ZIP_CODE, ADDR, PHONE, DEFAULT_ADDR, FIXED_PHONE)
values (9081, 15924, '张耀文', '辽宁省', '营口市', '鲅鱼圈区', '115007', '海东绿色工业园营口永昌塑料管材有限公司', '13514178511', 1, null);
insert into EB_SHIP_ADDR (SHIP_ADDR_ID, PTL_USER_ID, SHIP_NAME, PROVINCE, CITY, DISTRICT, ZIP_CODE, ADDR, PHONE, DEFAULT_ADDR, FIXED_PHONE)
values (9340, 16746, '迟会民', '辽宁省', '大连市', '中山区', '116000', '武昌街20号', '13998562155', 1, null);
insert into EB_SHIP_ADDR (SHIP_ADDR_ID, PTL_USER_ID, SHIP_NAME, PROVINCE, CITY, DISTRICT, ZIP_CODE, ADDR, PHONE, DEFAULT_ADDR, FIXED_PHONE)
values (9482, 17327, '徐可心', '辽宁省', '沈阳市', '沈河区', '110001', '辽宁省沈阳市沈河区药王庙路34杠1的1栋3楼2号', '18640046846', 1, null);
insert into EB_SHIP_ADDR (SHIP_ADDR_ID, PTL_USER_ID, SHIP_NAME, PROVINCE, CITY, DISTRICT, ZIP_CODE, ADDR, PHONE, DEFAULT_ADDR, FIXED_PHONE)
values (9560, 16303, '李军', '辽宁省', '沈阳市', '铁西区', '110024', '肇工南街95号', '13478830466', 1, null);
insert into EB_SHIP_ADDR (SHIP_ADDR_ID, PTL_USER_ID, SHIP_NAME, PROVINCE, CITY, DISTRICT, ZIP_CODE, ADDR, PHONE, DEFAULT_ADDR, FIXED_PHONE)
values (9700, 18474, '韩俊先', '辽宁省', '沈阳市', '和平区', '110004', '文化路3号巷11号东北大学', '13898116413', 1, null);
insert into EB_SHIP_ADDR (SHIP_ADDR_ID, PTL_USER_ID, SHIP_NAME, PROVINCE, CITY, DISTRICT, ZIP_CODE, ADDR, PHONE, DEFAULT_ADDR, FIXED_PHONE)
values (9761, 18853, '金勇勘', '辽宁省', '铁岭市', '调兵山市', '112700', '和平街宏大饲料厂', '13941012656', 1, null);
insert into EB_SHIP_ADDR (SHIP_ADDR_ID, PTL_USER_ID, SHIP_NAME, PROVINCE, CITY, DISTRICT, ZIP_CODE, ADDR, PHONE, DEFAULT_ADDR, FIXED_PHONE)
values (9880, 19458, '俞品杰', '辽宁省', '大连市', '中山区', '116001', '华乐街星光耀广场售楼处', '13889414850', 1, null);
insert into EB_SHIP_ADDR (SHIP_ADDR_ID, PTL_USER_ID, SHIP_NAME, PROVINCE, CITY, DISTRICT, ZIP_CODE, ADDR, PHONE, DEFAULT_ADDR, FIXED_PHONE)
values (9921, 19925, '崔东江', '辽宁省', '沈阳市', '铁西区', '110041', '沈阳经济技术开发区开发大路17甲1号', '15840076217', 1, null);
insert into EB_SHIP_ADDR (SHIP_ADDR_ID, PTL_USER_ID, SHIP_NAME, PROVINCE, CITY, DISTRICT, ZIP_CODE, ADDR, PHONE, DEFAULT_ADDR, FIXED_PHONE)
values (9941, 16052, '张德非', '辽宁省', '沈阳市', '皇姑区', '110034', '松山路11号沈飞物流设备', '13940598819', 1, null);
insert into EB_SHIP_ADDR (SHIP_ADDR_ID, PTL_USER_ID, SHIP_NAME, PROVINCE, CITY, DISTRICT, ZIP_CODE, ADDR, PHONE, DEFAULT_ADDR, FIXED_PHONE)
values (10224, 23125, '关晨', '辽宁省', '朝阳市', '龙城区', '122000', '蓝海城A区9号楼203', '13704188245', 1, null);
insert into EB_SHIP_ADDR (SHIP_ADDR_ID, PTL_USER_ID, SHIP_NAME, PROVINCE, CITY, DISTRICT, ZIP_CODE, ADDR, PHONE, DEFAULT_ADDR, FIXED_PHONE)
values (11100, 28408, '白宇', '辽宁省', '抚顺市', '望花区', '113001', '北后社区巴塞罗那项目部', '13555805827', 1, null);
insert into EB_SHIP_ADDR (SHIP_ADDR_ID, PTL_USER_ID, SHIP_NAME, PROVINCE, CITY, DISTRICT, ZIP_CODE, ADDR, PHONE, DEFAULT_ADDR, FIXED_PHONE)
values (11620, 29640, '陈明', '辽宁省', '大连市', '瓦房店市', '116319', '东港镇红沿河核电有限公司', '15841117593', 1, null);
insert into EB_SHIP_ADDR (SHIP_ADDR_ID, PTL_USER_ID, SHIP_NAME, PROVINCE, CITY, DISTRICT, ZIP_CODE, ADDR, PHONE, DEFAULT_ADDR, FIXED_PHONE)
values (11640, 19824, '魏聪', '辽宁省', '沈阳市', '皇姑区', '110036', '长江街建赏欧洲402雷迪公司', '15241808886', 1, null);
insert into EB_SHIP_ADDR (SHIP_ADDR_ID, PTL_USER_ID, SHIP_NAME, PROVINCE, CITY, DISTRICT, ZIP_CODE, ADDR, PHONE, DEFAULT_ADDR, FIXED_PHONE)
values (11660, 25093, '巢阳', '辽宁省', '沈阳市', '铁西区', '110024', '铁西区肇工南街87号流星花园', '15242525392', 1, null);
insert into EB_SHIP_ADDR (SHIP_ADDR_ID, PTL_USER_ID, SHIP_NAME, PROVINCE, CITY, DISTRICT, ZIP_CODE, ADDR, PHONE, DEFAULT_ADDR, FIXED_PHONE)
values (11700, 29807, '赵谦军', '辽宁省', '大连市', '甘井子区', '116031', '天河路', '13842890351', 1, null);
insert into EB_SHIP_ADDR (SHIP_ADDR_ID, PTL_USER_ID, SHIP_NAME, PROVINCE, CITY, DISTRICT, ZIP_CODE, ADDR, PHONE, DEFAULT_ADDR, FIXED_PHONE)
values (11720, 29847, '张瀛', '辽宁省', '沈阳市', '和平区', '110000', '胜利北街', '13909837473', 1, null);
insert into EB_SHIP_ADDR (SHIP_ADDR_ID, PTL_USER_ID, SHIP_NAME, PROVINCE, CITY, DISTRICT, ZIP_CODE, ADDR, PHONE, DEFAULT_ADDR, FIXED_PHONE)
values (3220, 3441, '赵旭', '北京市', '市辖区', '海淀区', '100080', '上地桥东美和园小区13号楼3单元303', '18841507350', 1, null);
insert into EB_SHIP_ADDR (SHIP_ADDR_ID, PTL_USER_ID, SHIP_NAME, PROVINCE, CITY, DISTRICT, ZIP_CODE, ADDR, PHONE, DEFAULT_ADDR, FIXED_PHONE)
values (6360, 8725, '那春儒', '辽宁省', '辽阳市', '灯塔市', '111300', '保险公司北第一兽药经销处老富兽药', '13841903105', 1, null);
insert into EB_SHIP_ADDR (SHIP_ADDR_ID, PTL_USER_ID, SHIP_NAME, PROVINCE, CITY, DISTRICT, ZIP_CODE, ADDR, PHONE, DEFAULT_ADDR, FIXED_PHONE)
values (6721, 9184, '徐猛', '辽宁省', '辽阳市', '灯塔市', '111304', '佟二堡镇', '13889309398', 1, null);
insert into EB_SHIP_ADDR (SHIP_ADDR_ID, PTL_USER_ID, SHIP_NAME, PROVINCE, CITY, DISTRICT, ZIP_CODE, ADDR, PHONE, DEFAULT_ADDR, FIXED_PHONE)
values (6740, 9189, '李玮', '辽宁省', '大连市', '瓦房店市', '116309', '复州湾镇盐场', '14741072228', 0, null);
insert into EB_SHIP_ADDR (SHIP_ADDR_ID, PTL_USER_ID, SHIP_NAME, PROVINCE, CITY, DISTRICT, ZIP_CODE, ADDR, PHONE, DEFAULT_ADDR, FIXED_PHONE)
values (6741, 9189, '李玮', '辽宁省', '大连市', '普兰店市', '116309', '复州湾镇盐场', '14741072228', 1, null);
insert into EB_SHIP_ADDR (SHIP_ADDR_ID, PTL_USER_ID, SHIP_NAME, PROVINCE, CITY, DISTRICT, ZIP_CODE, ADDR, PHONE, DEFAULT_ADDR, FIXED_PHONE)
values (7840, 11164, '孙先波', '辽宁省', '大连市', '中山区', '116003', '解放路349号', '13889573071', 1, null);
insert into EB_SHIP_ADDR (SHIP_ADDR_ID, PTL_USER_ID, SHIP_NAME, PROVINCE, CITY, DISTRICT, ZIP_CODE, ADDR, PHONE, DEFAULT_ADDR, FIXED_PHONE)
values (7860, 12001, '迟颖洁', '山东省', '淄博市', '张店区', '255000', '山东理工大学西校区13号宿舍楼', '18369959196', 1, null);
insert into EB_SHIP_ADDR (SHIP_ADDR_ID, PTL_USER_ID, SHIP_NAME, PROVINCE, CITY, DISTRICT, ZIP_CODE, ADDR, PHONE, DEFAULT_ADDR, FIXED_PHONE)
values (7861, 12093, '王爱华', '辽宁省', '沈阳市', '大东区', '110000', '望花南街47号', '13898133313', 1, null);
insert into EB_SHIP_ADDR (SHIP_ADDR_ID, PTL_USER_ID, SHIP_NAME, PROVINCE, CITY, DISTRICT, ZIP_CODE, ADDR, PHONE, DEFAULT_ADDR, FIXED_PHONE)
values (7881, 12141, '姜微微', '辽宁省', '辽阳市', '太子河区', '111000', '荣兴路北段辽阳金鼎低温设备有限公司', '13470585892', 1, null);
insert into EB_SHIP_ADDR (SHIP_ADDR_ID, PTL_USER_ID, SHIP_NAME, PROVINCE, CITY, DISTRICT, ZIP_CODE, ADDR, PHONE, DEFAULT_ADDR, FIXED_PHONE)
values (8541, 13650, '马洁', '辽宁省', '沈阳市', '和平区', '110006', '西安街166号343', '13066590561', 1, null);
insert into EB_SHIP_ADDR (SHIP_ADDR_ID, PTL_USER_ID, SHIP_NAME, PROVINCE, CITY, DISTRICT, ZIP_CODE, ADDR, PHONE, DEFAULT_ADDR, FIXED_PHONE)
values (8861, 15122, '赵冬末', '辽宁省', '沈阳市', '和平区', '110000', '123', '13804009037', 1, null);
insert into EB_SHIP_ADDR (SHIP_ADDR_ID, PTL_USER_ID, SHIP_NAME, PROVINCE, CITY, DISTRICT, ZIP_CODE, ADDR, PHONE, DEFAULT_ADDR, FIXED_PHONE)
values (9101, 15001, '李翔宇', '辽宁省', '大连市', '甘井子区', '116000', '辛相路3号麦花集团', '13555945132', 1, null);
insert into EB_SHIP_ADDR (SHIP_ADDR_ID, PTL_USER_ID, SHIP_NAME, PROVINCE, CITY, DISTRICT, ZIP_CODE, ADDR, PHONE, DEFAULT_ADDR, FIXED_PHONE)
values (9181, 15957, '孙兴宝', '辽宁省', '阜新市', '彰武县', '123205', '阜新市彰武县兴隆堡', '15841898222', 1, null);
insert into EB_SHIP_ADDR (SHIP_ADDR_ID, PTL_USER_ID, SHIP_NAME, PROVINCE, CITY, DISTRICT, ZIP_CODE, ADDR, PHONE, DEFAULT_ADDR, FIXED_PHONE)
values (10101, 20897, '隋振唐', '辽宁省', '大连市', '金州区', '116100', '龙水路8号', '15840675901', 1, null);
insert into EB_SHIP_ADDR (SHIP_ADDR_ID, PTL_USER_ID, SHIP_NAME, PROVINCE, CITY, DISTRICT, ZIP_CODE, ADDR, PHONE, DEFAULT_ADDR, FIXED_PHONE)
values (10901, 27847, '金斗', '辽宁省', '鞍山市', '铁东区', '114001', '中华路新华街22号大白鲨酒店', '15140810514', 1, null);
insert into EB_SHIP_ADDR (SHIP_ADDR_ID, PTL_USER_ID, SHIP_NAME, PROVINCE, CITY, DISTRICT, ZIP_CODE, ADDR, PHONE, DEFAULT_ADDR, FIXED_PHONE)
values (11500, 29353, '王？', '辽宁省', '鞍山市', '铁西区', '114004', '民南街17栋2单元1层20号', '13478095176', 1, null);
insert into EB_SHIP_ADDR (SHIP_ADDR_ID, PTL_USER_ID, SHIP_NAME, PROVINCE, CITY, DISTRICT, ZIP_CODE, ADDR, PHONE, DEFAULT_ADDR, FIXED_PHONE)
values (11861, 30172, '金丹', '辽宁省', '沈阳市', '铁西区', '110000', '锦工街45号831', '13609822709', 1, null);
insert into EB_SHIP_ADDR (SHIP_ADDR_ID, PTL_USER_ID, SHIP_NAME, PROVINCE, CITY, DISTRICT, ZIP_CODE, ADDR, PHONE, DEFAULT_ADDR, FIXED_PHONE)
values (3480, 3964, '王雁宇', '辽宁省', '沈阳市', '大东区', '110000', '东陵西路28至15号楼4单元2楼2号', '13898803018', 1, null);
insert into EB_SHIP_ADDR (SHIP_ADDR_ID, PTL_USER_ID, SHIP_NAME, PROVINCE, CITY, DISTRICT, ZIP_CODE, ADDR, PHONE, DEFAULT_ADDR, FIXED_PHONE)
values (3520, 4065, '谷德强', '辽宁省', '大连市', '金州区', '116600', '开发区双D港生命三路', '13700081068', 1, null);
insert into EB_SHIP_ADDR (SHIP_ADDR_ID, PTL_USER_ID, SHIP_NAME, PROVINCE, CITY, DISTRICT, ZIP_CODE, ADDR, PHONE, DEFAULT_ADDR, FIXED_PHONE)
values (3541, 3991, '刘成', '辽宁省', '沈阳市', '铁西区', '110021', '建设东路38号盛源大地家居5楼辽一网', '15998368588', 1, null);
insert into EB_SHIP_ADDR (SHIP_ADDR_ID, PTL_USER_ID, SHIP_NAME, PROVINCE, CITY, DISTRICT, ZIP_CODE, ADDR, PHONE, DEFAULT_ADDR, FIXED_PHONE)
values (4840, 6035, '宋丽娜', '辽宁省', '大连市', '甘井子区', '116037', '南关岭南岭新城2期122号楼一单元301室', '13591102030', 1, null);
insert into EB_SHIP_ADDR (SHIP_ADDR_ID, PTL_USER_ID, SHIP_NAME, PROVINCE, CITY, DISTRICT, ZIP_CODE, ADDR, PHONE, DEFAULT_ADDR, FIXED_PHONE)
values (4860, 6152, '阎述盛', '辽宁省', '大连市', '金州区', '116600', '开发区裕民新苑25号4单元801', '13840818688', 1, null);
insert into EB_SHIP_ADDR (SHIP_ADDR_ID, PTL_USER_ID, SHIP_NAME, PROVINCE, CITY, DISTRICT, ZIP_CODE, ADDR, PHONE, DEFAULT_ADDR, FIXED_PHONE)
values (5060, 6372, '蒋斌', '辽宁省', '沈阳市', '皇姑区', '110031', '岐山中路13巷', '13940005552', 1, null);
insert into EB_SHIP_ADDR (SHIP_ADDR_ID, PTL_USER_ID, SHIP_NAME, PROVINCE, CITY, DISTRICT, ZIP_CODE, ADDR, PHONE, DEFAULT_ADDR, FIXED_PHONE)
values (5860, 7833, '李霞', '辽宁省', '辽阳市', '宏伟区', '111000', '东方路小区09栋1组1号', '15841958919', 1, null);
insert into EB_SHIP_ADDR (SHIP_ADDR_ID, PTL_USER_ID, SHIP_NAME, PROVINCE, CITY, DISTRICT, ZIP_CODE, ADDR, PHONE, DEFAULT_ADDR, FIXED_PHONE)
values (6040, 8163, '周亚鹤', '辽宁省', '沈阳市', '东陵区', '110179', '浑南新区世纪路15号裙楼0630室', '13889851762', 1, null);
insert into EB_SHIP_ADDR (SHIP_ADDR_ID, PTL_USER_ID, SHIP_NAME, PROVINCE, CITY, DISTRICT, ZIP_CODE, ADDR, PHONE, DEFAULT_ADDR, FIXED_PHONE)
values (7640, 9885, '高茉', '辽宁省', '沈阳市', '和平区', '110005', '砂南路15至1号福运小区5号楼423', '15004003110', 1, null);
insert into EB_SHIP_ADDR (SHIP_ADDR_ID, PTL_USER_ID, SHIP_NAME, PROVINCE, CITY, DISTRICT, ZIP_CODE, ADDR, PHONE, DEFAULT_ADDR, FIXED_PHONE)
values (8560, 14092, '黄炜', '辽宁省', '大连市', '旅顺口区', '116044', '龙王塘荷塘悦色小区3号楼1楼3号', '13889627530', 1, null);
insert into EB_SHIP_ADDR (SHIP_ADDR_ID, PTL_USER_ID, SHIP_NAME, PROVINCE, CITY, DISTRICT, ZIP_CODE, ADDR, PHONE, DEFAULT_ADDR, FIXED_PHONE)
values (9160, 16163, '13998390433', '辽宁省', '铁岭市', '昌图县', '112500', '昌图镇大唐太阳山风电场', '13998390433', 1, null);
insert into EB_SHIP_ADDR (SHIP_ADDR_ID, PTL_USER_ID, SHIP_NAME, PROVINCE, CITY, DISTRICT, ZIP_CODE, ADDR, PHONE, DEFAULT_ADDR, FIXED_PHONE)
values (9180, 16183, '王铁山', '辽宁省', '大连市', '中山区', '116015', '山屏街79号502室', '13478531505', 1, null);
insert into EB_SHIP_ADDR (SHIP_ADDR_ID, PTL_USER_ID, SHIP_NAME, PROVINCE, CITY, DISTRICT, ZIP_CODE, ADDR, PHONE, DEFAULT_ADDR, FIXED_PHONE)
values (9620, 18086, '马仕龙', '辽宁省', '沈阳市', '于洪区', '110141', '沈鑫路15号', '13840474334', 1, null);
insert into EB_SHIP_ADDR (SHIP_ADDR_ID, PTL_USER_ID, SHIP_NAME, PROVINCE, CITY, DISTRICT, ZIP_CODE, ADDR, PHONE, DEFAULT_ADDR, FIXED_PHONE)
values (10820, 27501, '兰玉伟', '辽宁省', '大连市', '瓦房店市', '116318', '长兴岛船舶园大厦932室', '15840976270', 1, null);
insert into EB_SHIP_ADDR (SHIP_ADDR_ID, PTL_USER_ID, SHIP_NAME, PROVINCE, CITY, DISTRICT, ZIP_CODE, ADDR, PHONE, DEFAULT_ADDR, FIXED_PHONE)
values (10821, 27517, '包晓雷', '辽宁省', '鞍山市', '铁东区', '114001', '鞍山市铁东区园林路14栋66号', '15040704209', 1, null);
insert into EB_SHIP_ADDR (SHIP_ADDR_ID, PTL_USER_ID, SHIP_NAME, PROVINCE, CITY, DISTRICT, ZIP_CODE, ADDR, PHONE, DEFAULT_ADDR, FIXED_PHONE)
values (10922, 19974, '15840394969', '辽宁省', '沈阳市', '和平区', '110004', '文化路3巷11号东北大学', '15840394969', 1, null);
insert into EB_SHIP_ADDR (SHIP_ADDR_ID, PTL_USER_ID, SHIP_NAME, PROVINCE, CITY, DISTRICT, ZIP_CODE, ADDR, PHONE, DEFAULT_ADDR, FIXED_PHONE)
values (11320, 28862, '张健', '辽宁省', '鞍山市', '立山区', '114001', '庆工街28栋', '13674223224', 1, null);
insert into EB_SHIP_ADDR (SHIP_ADDR_ID, PTL_USER_ID, SHIP_NAME, PROVINCE, CITY, DISTRICT, ZIP_CODE, ADDR, PHONE, DEFAULT_ADDR, FIXED_PHONE)
values (3160, 3420, '李论', '辽宁省', '朝阳市', '双塔区', '122000', '朝阳大街3段189号圣达电脑城2楼京润科技', '13842102723', 1, null);
insert into EB_SHIP_ADDR (SHIP_ADDR_ID, PTL_USER_ID, SHIP_NAME, PROVINCE, CITY, DISTRICT, ZIP_CODE, ADDR, PHONE, DEFAULT_ADDR, FIXED_PHONE)
values (3180, 3450, '杨连伟', '辽宁省', '大连市', '甘井子区', '116000', '南岭新城2期悦岭街92号2单元2楼2号', '13841155148', 1, null);
insert into EB_SHIP_ADDR (SHIP_ADDR_ID, PTL_USER_ID, SHIP_NAME, PROVINCE, CITY, DISTRICT, ZIP_CODE, ADDR, PHONE, DEFAULT_ADDR, FIXED_PHONE)
values (3680, 4320, '潘雷', '辽宁省', '沈阳市', '沈河区', '110011', '沈河区教育局', '15940304111', 1, null);
insert into EB_SHIP_ADDR (SHIP_ADDR_ID, PTL_USER_ID, SHIP_NAME, PROVINCE, CITY, DISTRICT, ZIP_CODE, ADDR, PHONE, DEFAULT_ADDR, FIXED_PHONE)
values (4281, 5305, '李婷婷', '辽宁省', '大连市', '甘井子区', '116033', '福佳新城居家园11号楼2楼5', '15940830732', 1, null);
insert into EB_SHIP_ADDR (SHIP_ADDR_ID, PTL_USER_ID, SHIP_NAME, PROVINCE, CITY, DISTRICT, ZIP_CODE, ADDR, PHONE, DEFAULT_ADDR, FIXED_PHONE)
values (4320, 5241, '陈德民', '辽宁省', '沈阳市', '铁西区', '110027', '沈阳经济技术开发区开发大路2号', '13898814238', 1, null);
insert into EB_SHIP_ADDR (SHIP_ADDR_ID, PTL_USER_ID, SHIP_NAME, PROVINCE, CITY, DISTRICT, ZIP_CODE, ADDR, PHONE, DEFAULT_ADDR, FIXED_PHONE)
values (4361, 5428, '黄磊', '辽宁省', '沈阳市', '大东区', '110043', '小河沿路3号航空城45号楼二单元二楼二号', '13840275772', 1, null);
insert into EB_SHIP_ADDR (SHIP_ADDR_ID, PTL_USER_ID, SHIP_NAME, PROVINCE, CITY, DISTRICT, ZIP_CODE, ADDR, PHONE, DEFAULT_ADDR, FIXED_PHONE)
values (5320, 6877, '李营', '湖北省', '宜昌市', '远安县', '444208', '洋坪镇双路村辽宁路桥保宜二标项目部', '15041048798', 1, null);
insert into EB_SHIP_ADDR (SHIP_ADDR_ID, PTL_USER_ID, SHIP_NAME, PROVINCE, CITY, DISTRICT, ZIP_CODE, ADDR, PHONE, DEFAULT_ADDR, FIXED_PHONE)
values (5360, 6891, '鞠亚娜', '辽宁省', '大连市', '西岗区', '110611', '中山路143号民航大厦一楼东门机场中心售票处国际部', '15842681305', 1, null);
insert into EB_SHIP_ADDR (SHIP_ADDR_ID, PTL_USER_ID, SHIP_NAME, PROVINCE, CITY, DISTRICT, ZIP_CODE, ADDR, PHONE, DEFAULT_ADDR, FIXED_PHONE)
values (5380, 6933, '王海娜', '天津市', '市辖区', '滨海新区', '300270', '大港胜利街906', '15822233723', 1, null);
insert into EB_SHIP_ADDR (SHIP_ADDR_ID, PTL_USER_ID, SHIP_NAME, PROVINCE, CITY, DISTRICT, ZIP_CODE, ADDR, PHONE, DEFAULT_ADDR, FIXED_PHONE)
values (5400, 6974, '张冬璇', '辽宁省', '沈阳市', '铁西区', '110026', '北二西路18号长城汽车4S店售后部', '13898811195', 1, null);
insert into EB_SHIP_ADDR (SHIP_ADDR_ID, PTL_USER_ID, SHIP_NAME, PROVINCE, CITY, DISTRICT, ZIP_CODE, ADDR, PHONE, DEFAULT_ADDR, FIXED_PHONE)
values (5600, 7371, '程世龙', '辽宁省', '沈阳市', '和平区', '110003', '珲春南路16号262', '15040386106', 1, null);
commit;
prompt 764 records loaded
prompt Loading EB_SIMCARD...
prompt Table is empty
prompt Loading EB_SIMCARD_LABEL...
prompt Table is empty
prompt Loading EB_SIMCARD_LABEL_REL...
prompt Table is empty
prompt Loading EB_SIMCARD_PROCESS_LOG...
prompt Table is empty
prompt Loading EB_SIMCARD_SUIT...
prompt Table is empty
prompt Loading EB_SIM_IDCARD...
prompt Table is empty
prompt Loading EB_SITE_CONFIG...
insert into EB_SITE_CONFIG (SITE_ID, SITE_BASIC_DOMAIN, SITE_BASIC_PATH, SITE_BASIC_OPTION, SITE_SEO_TITLE, SITE_SEO_KEYWORD, SITE_SEO_DESCRIPTION, SITE_PATH_HTML, SITE_PATH_RESOURCE, SITE_RECYCLE_MODE, SITE_FTP_HOST, SITE_FTP_PORT, SITE_BASIC_PREADDRESS, SITE_BASIC_MAILADDRESS, SITE_BASIC_PHONE, SITE_ANNOUNCE, SITE_ECPS_CHECK, SITE_SECKILL_TIMEOUT)
values (1, 'tangram.com', 'cmccebiz', 1, '移动网上商城-移动生活首选', '3G手机 存话费送手机 0元购机 购机返话费 优惠购机', '移动网上商城高品质的网上购物商城，提供优惠的正品行货、丰富的营销套餐方案、选号入网、网上充值、预存返话费服务，全国联保、送货上门、货到付款、运费全免，为您打造便捷、诚信的网上购物体验！', '/root', '/root', 1, 'localhost', 21, 'localhost', 'admin@abc.com', '82166668', '公告', '/ecs/ecps/ecpsapp/checkfile', 30);
commit;
prompt 1 records loaded
prompt Loading EB_SKU...
insert into EB_SKU (SKU_ID, ITEM_ID, SKU, SKU_PRICE, SHOW_STATUS, STOCK_INVENTORY, SKU_UPPER_LIMIT, LOCATION, SKU_IMG, SKU_SORT, SKU_NAME, MARKET_PRICE, CREATE_TIME, UPDATE_TIME, CREATE_USER_ID, UPDATE_USER_ID, ORIGINAL_SKU_ID, LAST_STATUS, MERCHANT_ID, SKU_TYPE, SALES, RES_CODE, PACK_ID)
values (3003, 3003, null, 488800, 0, 10, 1, null, null, 0, 'sku值将来统一修改', 559900, to_timestamp('27-05-2013 11:56:24.796000', 'dd-mm-yyyy hh24:mi:ss.ff'), null, 1, null, null, 1, null, 1, null, null, null);
insert into EB_SKU (SKU_ID, ITEM_ID, SKU, SKU_PRICE, SHOW_STATUS, STOCK_INVENTORY, SKU_UPPER_LIMIT, LOCATION, SKU_IMG, SKU_SORT, SKU_NAME, MARKET_PRICE, CREATE_TIME, UPDATE_TIME, CREATE_USER_ID, UPDATE_USER_ID, ORIGINAL_SKU_ID, LAST_STATUS, MERCHANT_ID, SKU_TYPE, SALES, RES_CODE, PACK_ID)
values (3004, 3004, null, 350000, 0, 11, null, null, null, 0, 'sku值将来统一修改', 399900, to_timestamp('27-05-2013 14:14:55.687000', 'dd-mm-yyyy hh24:mi:ss.ff'), null, 1, null, null, 1, null, 1, null, null, null);
insert into EB_SKU (SKU_ID, ITEM_ID, SKU, SKU_PRICE, SHOW_STATUS, STOCK_INVENTORY, SKU_UPPER_LIMIT, LOCATION, SKU_IMG, SKU_SORT, SKU_NAME, MARKET_PRICE, CREATE_TIME, UPDATE_TIME, CREATE_USER_ID, UPDATE_USER_ID, ORIGINAL_SKU_ID, LAST_STATUS, MERCHANT_ID, SKU_TYPE, SALES, RES_CODE, PACK_ID)
values (3005, 3005, null, 499900, 0, 20, null, null, null, 0, 'sku值将来统一修改', 359900, to_timestamp('27-05-2013 14:59:19.062000', 'dd-mm-yyyy hh24:mi:ss.ff'), null, 1, null, null, 1, null, 1, null, null, null);
insert into EB_SKU (SKU_ID, ITEM_ID, SKU, SKU_PRICE, SHOW_STATUS, STOCK_INVENTORY, SKU_UPPER_LIMIT, LOCATION, SKU_IMG, SKU_SORT, SKU_NAME, MARKET_PRICE, CREATE_TIME, UPDATE_TIME, CREATE_USER_ID, UPDATE_USER_ID, ORIGINAL_SKU_ID, LAST_STATUS, MERCHANT_ID, SKU_TYPE, SALES, RES_CODE, PACK_ID)
values (3008, 3008, null, 4400, 1, 21, null, null, null, 0, 'sku值将来统一修改', null, to_timestamp('27-05-2013 16:57:18.175000', 'dd-mm-yyyy hh24:mi:ss.ff'), null, 1, null, null, 1, null, 1, null, null, null);
insert into EB_SKU (SKU_ID, ITEM_ID, SKU, SKU_PRICE, SHOW_STATUS, STOCK_INVENTORY, SKU_UPPER_LIMIT, LOCATION, SKU_IMG, SKU_SORT, SKU_NAME, MARKET_PRICE, CREATE_TIME, UPDATE_TIME, CREATE_USER_ID, UPDATE_USER_ID, ORIGINAL_SKU_ID, LAST_STATUS, MERCHANT_ID, SKU_TYPE, SALES, RES_CODE, PACK_ID)
values (3006, 3006, null, 159900, 0, 10, null, null, null, 0, 'sku值将来统一修改', 239900, to_timestamp('27-05-2013 15:34:42.390000', 'dd-mm-yyyy hh24:mi:ss.ff'), null, 1, null, null, 1, null, 1, null, null, null);
insert into EB_SKU (SKU_ID, ITEM_ID, SKU, SKU_PRICE, SHOW_STATUS, STOCK_INVENTORY, SKU_UPPER_LIMIT, LOCATION, SKU_IMG, SKU_SORT, SKU_NAME, MARKET_PRICE, CREATE_TIME, UPDATE_TIME, CREATE_USER_ID, UPDATE_USER_ID, ORIGINAL_SKU_ID, LAST_STATUS, MERCHANT_ID, SKU_TYPE, SALES, RES_CODE, PACK_ID)
values (3007, 3007, null, 49900, 0, 97, null, null, null, 0, 'sku值将来统一修改', 59900, to_timestamp('27-05-2013 16:18:22.734000', 'dd-mm-yyyy hh24:mi:ss.ff'), null, 1, null, null, 1, null, 1, null, null, null);
insert into EB_SKU (SKU_ID, ITEM_ID, SKU, SKU_PRICE, SHOW_STATUS, STOCK_INVENTORY, SKU_UPPER_LIMIT, LOCATION, SKU_IMG, SKU_SORT, SKU_NAME, MARKET_PRICE, CREATE_TIME, UPDATE_TIME, CREATE_USER_ID, UPDATE_USER_ID, ORIGINAL_SKU_ID, LAST_STATUS, MERCHANT_ID, SKU_TYPE, SALES, RES_CODE, PACK_ID)
values (3020, 3020, null, 10000, 0, 100, null, null, null, 0, 'sku值将来统一修改', null, to_timestamp('24-06-2013 09:40:59.688000', 'dd-mm-yyyy hh24:mi:ss.ff'), null, 1, null, null, 1, null, 1, null, null, null);
insert into EB_SKU (SKU_ID, ITEM_ID, SKU, SKU_PRICE, SHOW_STATUS, STOCK_INVENTORY, SKU_UPPER_LIMIT, LOCATION, SKU_IMG, SKU_SORT, SKU_NAME, MARKET_PRICE, CREATE_TIME, UPDATE_TIME, CREATE_USER_ID, UPDATE_USER_ID, ORIGINAL_SKU_ID, LAST_STATUS, MERCHANT_ID, SKU_TYPE, SALES, RES_CODE, PACK_ID)
values (3040, 3040, null, 100, 0, 9997, 2, null, null, 0, 'sku值将来统一修改', null, to_timestamp('28-06-2013 17:00:20.628000', 'dd-mm-yyyy hh24:mi:ss.ff'), null, 1, null, null, 1, null, 1, null, null, null);
insert into EB_SKU (SKU_ID, ITEM_ID, SKU, SKU_PRICE, SHOW_STATUS, STOCK_INVENTORY, SKU_UPPER_LIMIT, LOCATION, SKU_IMG, SKU_SORT, SKU_NAME, MARKET_PRICE, CREATE_TIME, UPDATE_TIME, CREATE_USER_ID, UPDATE_USER_ID, ORIGINAL_SKU_ID, LAST_STATUS, MERCHANT_ID, SKU_TYPE, SALES, RES_CODE, PACK_ID)
values (3000, 3000, null, 100, 0, 10, null, null, null, 0, 'sku值将来统一修改', null, to_timestamp('27-05-2013 10:20:32.070000', 'dd-mm-yyyy hh24:mi:ss.ff'), null, 1, null, null, 1, null, 1, null, null, null);
insert into EB_SKU (SKU_ID, ITEM_ID, SKU, SKU_PRICE, SHOW_STATUS, STOCK_INVENTORY, SKU_UPPER_LIMIT, LOCATION, SKU_IMG, SKU_SORT, SKU_NAME, MARKET_PRICE, CREATE_TIME, UPDATE_TIME, CREATE_USER_ID, UPDATE_USER_ID, ORIGINAL_SKU_ID, LAST_STATUS, MERCHANT_ID, SKU_TYPE, SALES, RES_CODE, PACK_ID)
values (3001, 3001, null, 100, 0, 100, null, null, null, 0, 'sku值将来统一修改', null, to_timestamp('27-05-2013 10:23:35.284000', 'dd-mm-yyyy hh24:mi:ss.ff'), null, 1, null, null, 1, null, 1, null, null, null);
insert into EB_SKU (SKU_ID, ITEM_ID, SKU, SKU_PRICE, SHOW_STATUS, STOCK_INVENTORY, SKU_UPPER_LIMIT, LOCATION, SKU_IMG, SKU_SORT, SKU_NAME, MARKET_PRICE, CREATE_TIME, UPDATE_TIME, CREATE_USER_ID, UPDATE_USER_ID, ORIGINAL_SKU_ID, LAST_STATUS, MERCHANT_ID, SKU_TYPE, SALES, RES_CODE, PACK_ID)
values (3002, 3002, null, 200, 0, 200, null, null, null, 0, 'sku值将来统一修改', null, to_timestamp('27-05-2013 10:29:08.399000', 'dd-mm-yyyy hh24:mi:ss.ff'), null, 1, null, null, 1, null, 1, null, null, null);
insert into EB_SKU (SKU_ID, ITEM_ID, SKU, SKU_PRICE, SHOW_STATUS, STOCK_INVENTORY, SKU_UPPER_LIMIT, LOCATION, SKU_IMG, SKU_SORT, SKU_NAME, MARKET_PRICE, CREATE_TIME, UPDATE_TIME, CREATE_USER_ID, UPDATE_USER_ID, ORIGINAL_SKU_ID, LAST_STATUS, MERCHANT_ID, SKU_TYPE, SALES, RES_CODE, PACK_ID)
values (3012, 3010, null, 1100, 0, 11, null, null, null, 0, 'sku值将来统一修改', null, to_timestamp('30-05-2013 12:32:07.815000', 'dd-mm-yyyy hh24:mi:ss.ff'), null, 1, null, null, 1, null, 1, null, null, null);
insert into EB_SKU (SKU_ID, ITEM_ID, SKU, SKU_PRICE, SHOW_STATUS, STOCK_INVENTORY, SKU_UPPER_LIMIT, LOCATION, SKU_IMG, SKU_SORT, SKU_NAME, MARKET_PRICE, CREATE_TIME, UPDATE_TIME, CREATE_USER_ID, UPDATE_USER_ID, ORIGINAL_SKU_ID, LAST_STATUS, MERCHANT_ID, SKU_TYPE, SALES, RES_CODE, PACK_ID)
values (3010, 3008, null, 2120000, 0, 22, null, null, null, 0, 'sku值将来统一修改', null, to_timestamp('29-05-2013 15:08:19.715000', 'dd-mm-yyyy hh24:mi:ss.ff'), null, 1, null, null, null, null, 1, null, null, null);
insert into EB_SKU (SKU_ID, ITEM_ID, SKU, SKU_PRICE, SHOW_STATUS, STOCK_INVENTORY, SKU_UPPER_LIMIT, LOCATION, SKU_IMG, SKU_SORT, SKU_NAME, MARKET_PRICE, CREATE_TIME, UPDATE_TIME, CREATE_USER_ID, UPDATE_USER_ID, ORIGINAL_SKU_ID, LAST_STATUS, MERCHANT_ID, SKU_TYPE, SALES, RES_CODE, PACK_ID)
values (2401, 2381, null, 79900, 0, 20, null, null, null, 1, 'sku值将来统一修改', null, to_timestamp('07-04-2013 15:29:05.597000', 'dd-mm-yyyy hh24:mi:ss.ff'), null, 1, null, null, 1, null, 1, null, null, null);
insert into EB_SKU (SKU_ID, ITEM_ID, SKU, SKU_PRICE, SHOW_STATUS, STOCK_INVENTORY, SKU_UPPER_LIMIT, LOCATION, SKU_IMG, SKU_SORT, SKU_NAME, MARKET_PRICE, CREATE_TIME, UPDATE_TIME, CREATE_USER_ID, UPDATE_USER_ID, ORIGINAL_SKU_ID, LAST_STATUS, MERCHANT_ID, SKU_TYPE, SALES, RES_CODE, PACK_ID)
values (2440, 2420, null, 199900, 0, 15, null, null, null, 0, 'sku值将来统一修改', null, to_timestamp('07-04-2013 17:21:59.569000', 'dd-mm-yyyy hh24:mi:ss.ff'), null, 4000, null, null, 1, null, 1, null, null, null);
insert into EB_SKU (SKU_ID, ITEM_ID, SKU, SKU_PRICE, SHOW_STATUS, STOCK_INVENTORY, SKU_UPPER_LIMIT, LOCATION, SKU_IMG, SKU_SORT, SKU_NAME, MARKET_PRICE, CREATE_TIME, UPDATE_TIME, CREATE_USER_ID, UPDATE_USER_ID, ORIGINAL_SKU_ID, LAST_STATUS, MERCHANT_ID, SKU_TYPE, SALES, RES_CODE, PACK_ID)
values (2444, 2424, null, 94900, 0, 18, null, null, null, 1, 'sku值将来统一修改', null, to_timestamp('07-04-2013 18:44:53.007000', 'dd-mm-yyyy hh24:mi:ss.ff'), null, 1, null, null, 1, null, 1, null, null, null);
insert into EB_SKU (SKU_ID, ITEM_ID, SKU, SKU_PRICE, SHOW_STATUS, STOCK_INVENTORY, SKU_UPPER_LIMIT, LOCATION, SKU_IMG, SKU_SORT, SKU_NAME, MARKET_PRICE, CREATE_TIME, UPDATE_TIME, CREATE_USER_ID, UPDATE_USER_ID, ORIGINAL_SKU_ID, LAST_STATUS, MERCHANT_ID, SKU_TYPE, SALES, RES_CODE, PACK_ID)
values (2462, 2442, null, 129900, 0, 11, null, null, null, 1, 'sku值将来统一修改', null, to_timestamp('07-04-2013 20:23:30.764000', 'dd-mm-yyyy hh24:mi:ss.ff'), null, 1, null, null, 1, null, 1, null, null, null);
insert into EB_SKU (SKU_ID, ITEM_ID, SKU, SKU_PRICE, SHOW_STATUS, STOCK_INVENTORY, SKU_UPPER_LIMIT, LOCATION, SKU_IMG, SKU_SORT, SKU_NAME, MARKET_PRICE, CREATE_TIME, UPDATE_TIME, CREATE_USER_ID, UPDATE_USER_ID, ORIGINAL_SKU_ID, LAST_STATUS, MERCHANT_ID, SKU_TYPE, SALES, RES_CODE, PACK_ID)
values (2080, 2060, null, 499900, 0, 16, null, null, null, 1, 'sku值将来统一修改', null, to_timestamp('30-10-2012 16:27:53.891000', 'dd-mm-yyyy hh24:mi:ss.ff'), null, 1, null, null, 1, null, 1, null, null, null);
insert into EB_SKU (SKU_ID, ITEM_ID, SKU, SKU_PRICE, SHOW_STATUS, STOCK_INVENTORY, SKU_UPPER_LIMIT, LOCATION, SKU_IMG, SKU_SORT, SKU_NAME, MARKET_PRICE, CREATE_TIME, UPDATE_TIME, CREATE_USER_ID, UPDATE_USER_ID, ORIGINAL_SKU_ID, LAST_STATUS, MERCHANT_ID, SKU_TYPE, SALES, RES_CODE, PACK_ID)
values (2081, 2061, null, 169900, 0, 30, null, null, null, 1, 'sku值将来统一修改', null, to_timestamp('30-10-2012 16:36:02.949000', 'dd-mm-yyyy hh24:mi:ss.ff'), null, 1, null, null, 1, null, 1, null, null, null);
insert into EB_SKU (SKU_ID, ITEM_ID, SKU, SKU_PRICE, SHOW_STATUS, STOCK_INVENTORY, SKU_UPPER_LIMIT, LOCATION, SKU_IMG, SKU_SORT, SKU_NAME, MARKET_PRICE, CREATE_TIME, UPDATE_TIME, CREATE_USER_ID, UPDATE_USER_ID, ORIGINAL_SKU_ID, LAST_STATUS, MERCHANT_ID, SKU_TYPE, SALES, RES_CODE, PACK_ID)
values (2280, 2260, null, 99900, 0, 41, null, null, null, 1, 'sku值将来统一修改', null, to_timestamp('01-11-2012 12:32:15.365000', 'dd-mm-yyyy hh24:mi:ss.ff'), null, 1, null, null, 1, null, 1, null, null, null);
insert into EB_SKU (SKU_ID, ITEM_ID, SKU, SKU_PRICE, SHOW_STATUS, STOCK_INVENTORY, SKU_UPPER_LIMIT, LOCATION, SKU_IMG, SKU_SORT, SKU_NAME, MARKET_PRICE, CREATE_TIME, UPDATE_TIME, CREATE_USER_ID, UPDATE_USER_ID, ORIGINAL_SKU_ID, LAST_STATUS, MERCHANT_ID, SKU_TYPE, SALES, RES_CODE, PACK_ID)
values (2301, 2281, null, 129900, 0, 3, null, null, null, 1, 'sku值将来统一修改', null, to_timestamp('01-11-2012 12:57:42.624000', 'dd-mm-yyyy hh24:mi:ss.ff'), null, 1, null, null, 1, null, 1, null, null, null);
insert into EB_SKU (SKU_ID, ITEM_ID, SKU, SKU_PRICE, SHOW_STATUS, STOCK_INVENTORY, SKU_UPPER_LIMIT, LOCATION, SKU_IMG, SKU_SORT, SKU_NAME, MARKET_PRICE, CREATE_TIME, UPDATE_TIME, CREATE_USER_ID, UPDATE_USER_ID, ORIGINAL_SKU_ID, LAST_STATUS, MERCHANT_ID, SKU_TYPE, SALES, RES_CODE, PACK_ID)
values (2320, 2300, null, 129900, 0, 23, null, null, null, 1, 'sku值将来统一修改', null, to_timestamp('01-11-2012 13:14:32.868000', 'dd-mm-yyyy hh24:mi:ss.ff'), null, 1, null, null, 1, null, 1, null, null, null);
insert into EB_SKU (SKU_ID, ITEM_ID, SKU, SKU_PRICE, SHOW_STATUS, STOCK_INVENTORY, SKU_UPPER_LIMIT, LOCATION, SKU_IMG, SKU_SORT, SKU_NAME, MARKET_PRICE, CREATE_TIME, UPDATE_TIME, CREATE_USER_ID, UPDATE_USER_ID, ORIGINAL_SKU_ID, LAST_STATUS, MERCHANT_ID, SKU_TYPE, SALES, RES_CODE, PACK_ID)
values (2402, 2382, null, 79900, 0, 0, null, null, null, 1, 'sku值将来统一修改', null, to_timestamp('07-04-2013 15:30:27.462000', 'dd-mm-yyyy hh24:mi:ss.ff'), null, 1, null, null, 1, null, 1, null, null, null);
insert into EB_SKU (SKU_ID, ITEM_ID, SKU, SKU_PRICE, SHOW_STATUS, STOCK_INVENTORY, SKU_UPPER_LIMIT, LOCATION, SKU_IMG, SKU_SORT, SKU_NAME, MARKET_PRICE, CREATE_TIME, UPDATE_TIME, CREATE_USER_ID, UPDATE_USER_ID, ORIGINAL_SKU_ID, LAST_STATUS, MERCHANT_ID, SKU_TYPE, SALES, RES_CODE, PACK_ID)
values (2405, 2385, null, 82900, 0, 0, null, null, null, 1, 'sku值将来统一修改', null, to_timestamp('07-04-2013 15:45:48.472000', 'dd-mm-yyyy hh24:mi:ss.ff'), null, 1, null, null, 1, null, 1, null, null, null);
insert into EB_SKU (SKU_ID, ITEM_ID, SKU, SKU_PRICE, SHOW_STATUS, STOCK_INVENTORY, SKU_UPPER_LIMIT, LOCATION, SKU_IMG, SKU_SORT, SKU_NAME, MARKET_PRICE, CREATE_TIME, UPDATE_TIME, CREATE_USER_ID, UPDATE_USER_ID, ORIGINAL_SKU_ID, LAST_STATUS, MERCHANT_ID, SKU_TYPE, SALES, RES_CODE, PACK_ID)
values (2420, 2400, null, 429900, 0, 19, null, null, null, 0, 'sku值将来统一修改', null, to_timestamp('07-04-2013 16:13:53.870000', 'dd-mm-yyyy hh24:mi:ss.ff'), null, 4000, null, null, 1, null, 1, null, null, null);
insert into EB_SKU (SKU_ID, ITEM_ID, SKU, SKU_PRICE, SHOW_STATUS, STOCK_INVENTORY, SKU_UPPER_LIMIT, LOCATION, SKU_IMG, SKU_SORT, SKU_NAME, MARKET_PRICE, CREATE_TIME, UPDATE_TIME, CREATE_USER_ID, UPDATE_USER_ID, ORIGINAL_SKU_ID, LAST_STATUS, MERCHANT_ID, SKU_TYPE, SALES, RES_CODE, PACK_ID)
values (2441, 2421, null, 459900, 0, 0, null, null, null, 0, 'sku值将来统一修改', null, to_timestamp('07-04-2013 17:39:39.618000', 'dd-mm-yyyy hh24:mi:ss.ff'), null, 4000, null, null, 1, null, 1, null, null, null);
insert into EB_SKU (SKU_ID, ITEM_ID, SKU, SKU_PRICE, SHOW_STATUS, STOCK_INVENTORY, SKU_UPPER_LIMIT, LOCATION, SKU_IMG, SKU_SORT, SKU_NAME, MARKET_PRICE, CREATE_TIME, UPDATE_TIME, CREATE_USER_ID, UPDATE_USER_ID, ORIGINAL_SKU_ID, LAST_STATUS, MERCHANT_ID, SKU_TYPE, SALES, RES_CODE, PACK_ID)
values (2460, 2440, null, 139900, 0, 0, null, null, null, 1, 'sku值将来统一修改', null, to_timestamp('07-04-2013 19:23:26.176000', 'dd-mm-yyyy hh24:mi:ss.ff'), null, 1, null, null, 1, null, 1, null, null, null);
insert into EB_SKU (SKU_ID, ITEM_ID, SKU, SKU_PRICE, SHOW_STATUS, STOCK_INVENTORY, SKU_UPPER_LIMIT, LOCATION, SKU_IMG, SKU_SORT, SKU_NAME, MARKET_PRICE, CREATE_TIME, UPDATE_TIME, CREATE_USER_ID, UPDATE_USER_ID, ORIGINAL_SKU_ID, LAST_STATUS, MERCHANT_ID, SKU_TYPE, SALES, RES_CODE, PACK_ID)
values (2461, 2441, null, 134900, 0, 0, null, null, null, 1, 'sku值将来统一修改', null, to_timestamp('07-04-2013 19:49:46.995000', 'dd-mm-yyyy hh24:mi:ss.ff'), null, 1, null, null, 1, null, 1, null, null, null);
insert into EB_SKU (SKU_ID, ITEM_ID, SKU, SKU_PRICE, SHOW_STATUS, STOCK_INVENTORY, SKU_UPPER_LIMIT, LOCATION, SKU_IMG, SKU_SORT, SKU_NAME, MARKET_PRICE, CREATE_TIME, UPDATE_TIME, CREATE_USER_ID, UPDATE_USER_ID, ORIGINAL_SKU_ID, LAST_STATUS, MERCHANT_ID, SKU_TYPE, SALES, RES_CODE, PACK_ID)
values (2463, 2443, null, 119900, 0, 0, null, null, null, 1, 'sku值将来统一修改', null, to_timestamp('07-04-2013 20:47:21.855000', 'dd-mm-yyyy hh24:mi:ss.ff'), null, 1, null, null, 1, null, 1, null, null, null);
insert into EB_SKU (SKU_ID, ITEM_ID, SKU, SKU_PRICE, SHOW_STATUS, STOCK_INVENTORY, SKU_UPPER_LIMIT, LOCATION, SKU_IMG, SKU_SORT, SKU_NAME, MARKET_PRICE, CREATE_TIME, UPDATE_TIME, CREATE_USER_ID, UPDATE_USER_ID, ORIGINAL_SKU_ID, LAST_STATUS, MERCHANT_ID, SKU_TYPE, SALES, RES_CODE, PACK_ID)
values (2300, 2280, null, 99900, 0, 49, null, null, null, 1, 'sku值将来统一修改', null, to_timestamp('01-11-2012 12:47:54.251000', 'dd-mm-yyyy hh24:mi:ss.ff'), null, 1, null, null, 1, null, 1, null, null, null);
insert into EB_SKU (SKU_ID, ITEM_ID, SKU, SKU_PRICE, SHOW_STATUS, STOCK_INVENTORY, SKU_UPPER_LIMIT, LOCATION, SKU_IMG, SKU_SORT, SKU_NAME, MARKET_PRICE, CREATE_TIME, UPDATE_TIME, CREATE_USER_ID, UPDATE_USER_ID, ORIGINAL_SKU_ID, LAST_STATUS, MERCHANT_ID, SKU_TYPE, SALES, RES_CODE, PACK_ID)
values (2040, 2020, null, 79900, 0, 4, null, null, null, 1, 'sku值将来统一修改', null, to_timestamp('29-10-2012 11:18:47.256000', 'dd-mm-yyyy hh24:mi:ss.ff'), null, 1, null, null, 1, null, 1, null, null, null);
insert into EB_SKU (SKU_ID, ITEM_ID, SKU, SKU_PRICE, SHOW_STATUS, STOCK_INVENTORY, SKU_UPPER_LIMIT, LOCATION, SKU_IMG, SKU_SORT, SKU_NAME, MARKET_PRICE, CREATE_TIME, UPDATE_TIME, CREATE_USER_ID, UPDATE_USER_ID, ORIGINAL_SKU_ID, LAST_STATUS, MERCHANT_ID, SKU_TYPE, SALES, RES_CODE, PACK_ID)
values (2060, 2040, null, 89900, 0, 0, null, null, null, 1, 'sku值将来统一修改', null, to_timestamp('29-10-2012 11:37:41.516000', 'dd-mm-yyyy hh24:mi:ss.ff'), null, 1, null, null, 1, null, 1, null, null, null);
insert into EB_SKU (SKU_ID, ITEM_ID, SKU, SKU_PRICE, SHOW_STATUS, STOCK_INVENTORY, SKU_UPPER_LIMIT, LOCATION, SKU_IMG, SKU_SORT, SKU_NAME, MARKET_PRICE, CREATE_TIME, UPDATE_TIME, CREATE_USER_ID, UPDATE_USER_ID, ORIGINAL_SKU_ID, LAST_STATUS, MERCHANT_ID, SKU_TYPE, SALES, RES_CODE, PACK_ID)
values (2120, 2100, null, 19900, 0, 0, null, null, null, 1, 'sku值将来统一修改', null, to_timestamp('31-10-2012 11:38:51.385000', 'dd-mm-yyyy hh24:mi:ss.ff'), null, 1, null, null, 1, null, 1, null, null, null);
insert into EB_SKU (SKU_ID, ITEM_ID, SKU, SKU_PRICE, SHOW_STATUS, STOCK_INVENTORY, SKU_UPPER_LIMIT, LOCATION, SKU_IMG, SKU_SORT, SKU_NAME, MARKET_PRICE, CREATE_TIME, UPDATE_TIME, CREATE_USER_ID, UPDATE_USER_ID, ORIGINAL_SKU_ID, LAST_STATUS, MERCHANT_ID, SKU_TYPE, SALES, RES_CODE, PACK_ID)
values (2161, 2141, null, 54900, 0, 0, null, null, null, 1, 'sku值将来统一修改', null, to_timestamp('31-10-2012 13:58:31.062000', 'dd-mm-yyyy hh24:mi:ss.ff'), null, 1, null, null, 1, null, 1, null, null, null);
insert into EB_SKU (SKU_ID, ITEM_ID, SKU, SKU_PRICE, SHOW_STATUS, STOCK_INVENTORY, SKU_UPPER_LIMIT, LOCATION, SKU_IMG, SKU_SORT, SKU_NAME, MARKET_PRICE, CREATE_TIME, UPDATE_TIME, CREATE_USER_ID, UPDATE_USER_ID, ORIGINAL_SKU_ID, LAST_STATUS, MERCHANT_ID, SKU_TYPE, SALES, RES_CODE, PACK_ID)
values (2180, 2160, null, 54900, 0, 12, null, null, null, 1, 'sku值将来统一修改', null, to_timestamp('31-10-2012 14:31:08.896000', 'dd-mm-yyyy hh24:mi:ss.ff'), null, 1, null, null, 1, null, 1, null, null, null);
insert into EB_SKU (SKU_ID, ITEM_ID, SKU, SKU_PRICE, SHOW_STATUS, STOCK_INVENTORY, SKU_UPPER_LIMIT, LOCATION, SKU_IMG, SKU_SORT, SKU_NAME, MARKET_PRICE, CREATE_TIME, UPDATE_TIME, CREATE_USER_ID, UPDATE_USER_ID, ORIGINAL_SKU_ID, LAST_STATUS, MERCHANT_ID, SKU_TYPE, SALES, RES_CODE, PACK_ID)
values (2181, 2161, null, 79900, 0, 0, null, null, null, 1, 'sku值将来统一修改', null, to_timestamp('31-10-2012 14:46:35.758000', 'dd-mm-yyyy hh24:mi:ss.ff'), null, 1, null, null, 1, null, 1, null, null, null);
insert into EB_SKU (SKU_ID, ITEM_ID, SKU, SKU_PRICE, SHOW_STATUS, STOCK_INVENTORY, SKU_UPPER_LIMIT, LOCATION, SKU_IMG, SKU_SORT, SKU_NAME, MARKET_PRICE, CREATE_TIME, UPDATE_TIME, CREATE_USER_ID, UPDATE_USER_ID, ORIGINAL_SKU_ID, LAST_STATUS, MERCHANT_ID, SKU_TYPE, SALES, RES_CODE, PACK_ID)
values (2240, 2220, null, 89900, 0, 0, null, null, null, 1, 'sku值将来统一修改', null, to_timestamp('31-10-2012 16:58:23.659000', 'dd-mm-yyyy hh24:mi:ss.ff'), null, 1, null, null, 1, null, 1, null, null, null);
insert into EB_SKU (SKU_ID, ITEM_ID, SKU, SKU_PRICE, SHOW_STATUS, STOCK_INVENTORY, SKU_UPPER_LIMIT, LOCATION, SKU_IMG, SKU_SORT, SKU_NAME, MARKET_PRICE, CREATE_TIME, UPDATE_TIME, CREATE_USER_ID, UPDATE_USER_ID, ORIGINAL_SKU_ID, LAST_STATUS, MERCHANT_ID, SKU_TYPE, SALES, RES_CODE, PACK_ID)
values (2241, 2221, null, 89900, 0, 49, null, null, null, 1, 'sku值将来统一修改', null, to_timestamp('31-10-2012 17:14:11.401000', 'dd-mm-yyyy hh24:mi:ss.ff'), null, 1, null, null, 1, null, 1, null, null, null);
insert into EB_SKU (SKU_ID, ITEM_ID, SKU, SKU_PRICE, SHOW_STATUS, STOCK_INVENTORY, SKU_UPPER_LIMIT, LOCATION, SKU_IMG, SKU_SORT, SKU_NAME, MARKET_PRICE, CREATE_TIME, UPDATE_TIME, CREATE_USER_ID, UPDATE_USER_ID, ORIGINAL_SKU_ID, LAST_STATUS, MERCHANT_ID, SKU_TYPE, SALES, RES_CODE, PACK_ID)
values (2100, 2080, null, 19900, 0, 0, null, null, null, 1, 'sku值将来统一修改', null, to_timestamp('31-10-2012 10:18:39.960000', 'dd-mm-yyyy hh24:mi:ss.ff'), null, 1, null, null, 1, null, 1, null, null, null);
insert into EB_SKU (SKU_ID, ITEM_ID, SKU, SKU_PRICE, SHOW_STATUS, STOCK_INVENTORY, SKU_UPPER_LIMIT, LOCATION, SKU_IMG, SKU_SORT, SKU_NAME, MARKET_PRICE, CREATE_TIME, UPDATE_TIME, CREATE_USER_ID, UPDATE_USER_ID, ORIGINAL_SKU_ID, LAST_STATUS, MERCHANT_ID, SKU_TYPE, SALES, RES_CODE, PACK_ID)
values (2000, 2000, null, 100, 0, 1, null, null, null, 0, 'sku值将来统一修改', null, to_timestamp('19-10-2012 02:18:23.948000', 'dd-mm-yyyy hh24:mi:ss.ff'), null, 1, null, null, 1, null, 1, null, null, null);
insert into EB_SKU (SKU_ID, ITEM_ID, SKU, SKU_PRICE, SHOW_STATUS, STOCK_INVENTORY, SKU_UPPER_LIMIT, LOCATION, SKU_IMG, SKU_SORT, SKU_NAME, MARKET_PRICE, CREATE_TIME, UPDATE_TIME, CREATE_USER_ID, UPDATE_USER_ID, ORIGINAL_SKU_ID, LAST_STATUS, MERCHANT_ID, SKU_TYPE, SALES, RES_CODE, PACK_ID)
values (2380, 2360, null, 59900, 0, 2, null, null, null, 1, 'sku值将来统一修改', null, to_timestamp('07-04-2013 14:43:59.615000', 'dd-mm-yyyy hh24:mi:ss.ff'), null, 4000, null, null, 1, null, 1, null, null, null);
insert into EB_SKU (SKU_ID, ITEM_ID, SKU, SKU_PRICE, SHOW_STATUS, STOCK_INVENTORY, SKU_UPPER_LIMIT, LOCATION, SKU_IMG, SKU_SORT, SKU_NAME, MARKET_PRICE, CREATE_TIME, UPDATE_TIME, CREATE_USER_ID, UPDATE_USER_ID, ORIGINAL_SKU_ID, LAST_STATUS, MERCHANT_ID, SKU_TYPE, SALES, RES_CODE, PACK_ID)
values (2400, 2380, null, 499900, 0, 15, null, null, null, 0, 'sku值将来统一修改', 499900, to_timestamp('07-04-2013 15:15:20.008000', 'dd-mm-yyyy hh24:mi:ss.ff'), null, 4000, null, null, 1, null, 1, null, null, null);
insert into EB_SKU (SKU_ID, ITEM_ID, SKU, SKU_PRICE, SHOW_STATUS, STOCK_INVENTORY, SKU_UPPER_LIMIT, LOCATION, SKU_IMG, SKU_SORT, SKU_NAME, MARKET_PRICE, CREATE_TIME, UPDATE_TIME, CREATE_USER_ID, UPDATE_USER_ID, ORIGINAL_SKU_ID, LAST_STATUS, MERCHANT_ID, SKU_TYPE, SALES, RES_CODE, PACK_ID)
values (2403, 2383, null, 179900, 0, 20, null, null, null, 1, 'sku值将来统一修改', null, to_timestamp('07-04-2013 15:35:45.954000', 'dd-mm-yyyy hh24:mi:ss.ff'), null, 1, null, null, 1, null, 1, null, null, null);
insert into EB_SKU (SKU_ID, ITEM_ID, SKU, SKU_PRICE, SHOW_STATUS, STOCK_INVENTORY, SKU_UPPER_LIMIT, LOCATION, SKU_IMG, SKU_SORT, SKU_NAME, MARKET_PRICE, CREATE_TIME, UPDATE_TIME, CREATE_USER_ID, UPDATE_USER_ID, ORIGINAL_SKU_ID, LAST_STATUS, MERCHANT_ID, SKU_TYPE, SALES, RES_CODE, PACK_ID)
values (2404, 2384, null, 79900, 0, 7, null, null, null, 1, 'sku值将来统一修改', null, to_timestamp('07-04-2013 15:37:03.632000', 'dd-mm-yyyy hh24:mi:ss.ff'), null, 1, null, null, 1, null, 1, null, null, null);
insert into EB_SKU (SKU_ID, ITEM_ID, SKU, SKU_PRICE, SHOW_STATUS, STOCK_INVENTORY, SKU_UPPER_LIMIT, LOCATION, SKU_IMG, SKU_SORT, SKU_NAME, MARKET_PRICE, CREATE_TIME, UPDATE_TIME, CREATE_USER_ID, UPDATE_USER_ID, ORIGINAL_SKU_ID, LAST_STATUS, MERCHANT_ID, SKU_TYPE, SALES, RES_CODE, PACK_ID)
values (2406, 2386, null, 83900, 0, 0, null, null, null, 1, 'sku值将来统一修改', null, to_timestamp('07-04-2013 15:47:36.540000', 'dd-mm-yyyy hh24:mi:ss.ff'), null, 1, null, null, 1, null, 1, null, null, null);
insert into EB_SKU (SKU_ID, ITEM_ID, SKU, SKU_PRICE, SHOW_STATUS, STOCK_INVENTORY, SKU_UPPER_LIMIT, LOCATION, SKU_IMG, SKU_SORT, SKU_NAME, MARKET_PRICE, CREATE_TIME, UPDATE_TIME, CREATE_USER_ID, UPDATE_USER_ID, ORIGINAL_SKU_ID, LAST_STATUS, MERCHANT_ID, SKU_TYPE, SALES, RES_CODE, PACK_ID)
values (2421, 2401, null, 299900, 0, 20, null, null, null, 0, 'sku值将来统一修改', null, to_timestamp('07-04-2013 16:43:06.279000', 'dd-mm-yyyy hh24:mi:ss.ff'), null, 4000, null, null, 1, null, 1, null, null, null);
insert into EB_SKU (SKU_ID, ITEM_ID, SKU, SKU_PRICE, SHOW_STATUS, STOCK_INVENTORY, SKU_UPPER_LIMIT, LOCATION, SKU_IMG, SKU_SORT, SKU_NAME, MARKET_PRICE, CREATE_TIME, UPDATE_TIME, CREATE_USER_ID, UPDATE_USER_ID, ORIGINAL_SKU_ID, LAST_STATUS, MERCHANT_ID, SKU_TYPE, SALES, RES_CODE, PACK_ID)
values (2422, 2402, null, 299900, 0, 20, null, null, null, 0, 'sku值将来统一修改', null, to_timestamp('07-04-2013 17:02:52.202000', 'dd-mm-yyyy hh24:mi:ss.ff'), null, 4000, null, null, 1, null, 1, null, null, null);
insert into EB_SKU (SKU_ID, ITEM_ID, SKU, SKU_PRICE, SHOW_STATUS, STOCK_INVENTORY, SKU_UPPER_LIMIT, LOCATION, SKU_IMG, SKU_SORT, SKU_NAME, MARKET_PRICE, CREATE_TIME, UPDATE_TIME, CREATE_USER_ID, UPDATE_USER_ID, ORIGINAL_SKU_ID, LAST_STATUS, MERCHANT_ID, SKU_TYPE, SALES, RES_CODE, PACK_ID)
values (2442, 2422, null, 399900, 0, 20, null, null, null, 0, 'sku值将来统一修改', null, to_timestamp('07-04-2013 17:58:31.711000', 'dd-mm-yyyy hh24:mi:ss.ff'), null, 4000, null, null, 1, null, 1, null, null, null);
insert into EB_SKU (SKU_ID, ITEM_ID, SKU, SKU_PRICE, SHOW_STATUS, STOCK_INVENTORY, SKU_UPPER_LIMIT, LOCATION, SKU_IMG, SKU_SORT, SKU_NAME, MARKET_PRICE, CREATE_TIME, UPDATE_TIME, CREATE_USER_ID, UPDATE_USER_ID, ORIGINAL_SKU_ID, LAST_STATUS, MERCHANT_ID, SKU_TYPE, SALES, RES_CODE, PACK_ID)
values (2443, 2423, null, 159900, 0, 20, null, null, null, 1, 'sku值将来统一修改', null, to_timestamp('07-04-2013 18:44:23.205000', 'dd-mm-yyyy hh24:mi:ss.ff'), null, 1, null, null, 1, null, 1, null, null, null);
insert into EB_SKU (SKU_ID, ITEM_ID, SKU, SKU_PRICE, SHOW_STATUS, STOCK_INVENTORY, SKU_UPPER_LIMIT, LOCATION, SKU_IMG, SKU_SORT, SKU_NAME, MARKET_PRICE, CREATE_TIME, UPDATE_TIME, CREATE_USER_ID, UPDATE_USER_ID, ORIGINAL_SKU_ID, LAST_STATUS, MERCHANT_ID, SKU_TYPE, SALES, RES_CODE, PACK_ID)
values (2340, 2320, null, 1, 0, 20, null, null, null, 1, 'sku值将来统一修改', 1, to_timestamp('20-11-2012 14:26:26.041000', 'dd-mm-yyyy hh24:mi:ss.ff'), null, 1, null, null, 1, null, 1, null, null, null);
insert into EB_SKU (SKU_ID, ITEM_ID, SKU, SKU_PRICE, SHOW_STATUS, STOCK_INVENTORY, SKU_UPPER_LIMIT, LOCATION, SKU_IMG, SKU_SORT, SKU_NAME, MARKET_PRICE, CREATE_TIME, UPDATE_TIME, CREATE_USER_ID, UPDATE_USER_ID, ORIGINAL_SKU_ID, LAST_STATUS, MERCHANT_ID, SKU_TYPE, SALES, RES_CODE, PACK_ID)
values (2360, 2340, null, 111100, 0, 111, null, null, null, 1, 'sku值将来统一修改', 11100, to_timestamp('23-11-2012 11:14:48.781000', 'dd-mm-yyyy hh24:mi:ss.ff'), null, 1, null, null, 1, null, 1, null, null, null);
insert into EB_SKU (SKU_ID, ITEM_ID, SKU, SKU_PRICE, SHOW_STATUS, STOCK_INVENTORY, SKU_UPPER_LIMIT, LOCATION, SKU_IMG, SKU_SORT, SKU_NAME, MARKET_PRICE, CREATE_TIME, UPDATE_TIME, CREATE_USER_ID, UPDATE_USER_ID, ORIGINAL_SKU_ID, LAST_STATUS, MERCHANT_ID, SKU_TYPE, SALES, RES_CODE, PACK_ID)
values (2140, 2120, null, 19900, 0, 0, null, null, null, 1, 'sku值将来统一修改', null, to_timestamp('31-10-2012 13:24:52.092000', 'dd-mm-yyyy hh24:mi:ss.ff'), null, 1, null, null, 1, null, 1, null, null, null);
insert into EB_SKU (SKU_ID, ITEM_ID, SKU, SKU_PRICE, SHOW_STATUS, STOCK_INVENTORY, SKU_UPPER_LIMIT, LOCATION, SKU_IMG, SKU_SORT, SKU_NAME, MARKET_PRICE, CREATE_TIME, UPDATE_TIME, CREATE_USER_ID, UPDATE_USER_ID, ORIGINAL_SKU_ID, LAST_STATUS, MERCHANT_ID, SKU_TYPE, SALES, RES_CODE, PACK_ID)
values (2160, 2140, null, 29900, 0, 0, null, null, null, 1, 'sku值将来统一修改', null, to_timestamp('31-10-2012 13:53:34.213000', 'dd-mm-yyyy hh24:mi:ss.ff'), null, 1, null, null, 1, null, 1, null, null, null);
insert into EB_SKU (SKU_ID, ITEM_ID, SKU, SKU_PRICE, SHOW_STATUS, STOCK_INVENTORY, SKU_UPPER_LIMIT, LOCATION, SKU_IMG, SKU_SORT, SKU_NAME, MARKET_PRICE, CREATE_TIME, UPDATE_TIME, CREATE_USER_ID, UPDATE_USER_ID, ORIGINAL_SKU_ID, LAST_STATUS, MERCHANT_ID, SKU_TYPE, SALES, RES_CODE, PACK_ID)
values (2200, 2180, null, 89900, 0, 50, null, null, null, 1, 'sku值将来统一修改', null, to_timestamp('31-10-2012 15:16:46.193000', 'dd-mm-yyyy hh24:mi:ss.ff'), null, 1, null, null, 1, null, 1, null, null, null);
insert into EB_SKU (SKU_ID, ITEM_ID, SKU, SKU_PRICE, SHOW_STATUS, STOCK_INVENTORY, SKU_UPPER_LIMIT, LOCATION, SKU_IMG, SKU_SORT, SKU_NAME, MARKET_PRICE, CREATE_TIME, UPDATE_TIME, CREATE_USER_ID, UPDATE_USER_ID, ORIGINAL_SKU_ID, LAST_STATUS, MERCHANT_ID, SKU_TYPE, SALES, RES_CODE, PACK_ID)
values (2220, 2200, null, 19900, 0, 0, null, null, null, 1, 'sku值将来统一修改', null, to_timestamp('31-10-2012 16:06:50.269000', 'dd-mm-yyyy hh24:mi:ss.ff'), null, 1, null, null, 1, null, 1, null, null, null);
insert into EB_SKU (SKU_ID, ITEM_ID, SKU, SKU_PRICE, SHOW_STATUS, STOCK_INVENTORY, SKU_UPPER_LIMIT, LOCATION, SKU_IMG, SKU_SORT, SKU_NAME, MARKET_PRICE, CREATE_TIME, UPDATE_TIME, CREATE_USER_ID, UPDATE_USER_ID, ORIGINAL_SKU_ID, LAST_STATUS, MERCHANT_ID, SKU_TYPE, SALES, RES_CODE, PACK_ID)
values (2221, 2201, null, 19900, 0, 0, null, null, null, 1, 'sku值将来统一修改', null, to_timestamp('31-10-2012 16:17:35.513000', 'dd-mm-yyyy hh24:mi:ss.ff'), null, 1, null, null, 1, null, 1, null, null, null);
insert into EB_SKU (SKU_ID, ITEM_ID, SKU, SKU_PRICE, SHOW_STATUS, STOCK_INVENTORY, SKU_UPPER_LIMIT, LOCATION, SKU_IMG, SKU_SORT, SKU_NAME, MARKET_PRICE, CREATE_TIME, UPDATE_TIME, CREATE_USER_ID, UPDATE_USER_ID, ORIGINAL_SKU_ID, LAST_STATUS, MERCHANT_ID, SKU_TYPE, SALES, RES_CODE, PACK_ID)
values (2242, 2222, null, 89900, 0, 50, null, null, null, 1, 'sku值将来统一修改', null, to_timestamp('31-10-2012 17:26:37.104000', 'dd-mm-yyyy hh24:mi:ss.ff'), null, 1, null, null, 1, null, 1, null, null, null);
insert into EB_SKU (SKU_ID, ITEM_ID, SKU, SKU_PRICE, SHOW_STATUS, STOCK_INVENTORY, SKU_UPPER_LIMIT, LOCATION, SKU_IMG, SKU_SORT, SKU_NAME, MARKET_PRICE, CREATE_TIME, UPDATE_TIME, CREATE_USER_ID, UPDATE_USER_ID, ORIGINAL_SKU_ID, LAST_STATUS, MERCHANT_ID, SKU_TYPE, SALES, RES_CODE, PACK_ID)
values (2260, 2240, null, 99900, 0, 43, null, null, null, 1, 'sku值将来统一修改', null, to_timestamp('31-10-2012 17:42:36.686000', 'dd-mm-yyyy hh24:mi:ss.ff'), null, 1, null, null, 1, null, 1, null, null, null);
insert into EB_SKU (SKU_ID, ITEM_ID, SKU, SKU_PRICE, SHOW_STATUS, STOCK_INVENTORY, SKU_UPPER_LIMIT, LOCATION, SKU_IMG, SKU_SORT, SKU_NAME, MARKET_PRICE, CREATE_TIME, UPDATE_TIME, CREATE_USER_ID, UPDATE_USER_ID, ORIGINAL_SKU_ID, LAST_STATUS, MERCHANT_ID, SKU_TYPE, SALES, RES_CODE, PACK_ID)
values (2020, 2000, null, 200, 0, 1, null, null, null, 0, 'sku值将来统一修改', null, to_timestamp('22-10-2012 15:44:28.757000', 'dd-mm-yyyy hh24:mi:ss.ff'), null, 1, null, null, null, null, 1, null, null, null);
insert into EB_SKU (SKU_ID, ITEM_ID, SKU, SKU_PRICE, SHOW_STATUS, STOCK_INVENTORY, SKU_UPPER_LIMIT, LOCATION, SKU_IMG, SKU_SORT, SKU_NAME, MARKET_PRICE, CREATE_TIME, UPDATE_TIME, CREATE_USER_ID, UPDATE_USER_ID, ORIGINAL_SKU_ID, LAST_STATUS, MERCHANT_ID, SKU_TYPE, SALES, RES_CODE, PACK_ID)
values (2021, 2000, null, 300, 0, 1, null, null, null, 0, 'sku值将来统一修改', null, to_timestamp('22-10-2012 15:44:28.789000', 'dd-mm-yyyy hh24:mi:ss.ff'), null, 1, null, null, null, null, 1, null, null, null);
insert into EB_SKU (SKU_ID, ITEM_ID, SKU, SKU_PRICE, SHOW_STATUS, STOCK_INVENTORY, SKU_UPPER_LIMIT, LOCATION, SKU_IMG, SKU_SORT, SKU_NAME, MARKET_PRICE, CREATE_TIME, UPDATE_TIME, CREATE_USER_ID, UPDATE_USER_ID, ORIGINAL_SKU_ID, LAST_STATUS, MERCHANT_ID, SKU_TYPE, SALES, RES_CODE, PACK_ID)
values (3011, 3009, null, 399900, 0, 9, null, null, null, 0, 'sku值将来统一修改', 459900, to_timestamp('29-05-2013 17:35:20.140000', 'dd-mm-yyyy hh24:mi:ss.ff'), null, 1, null, null, 1, null, 1, null, null, null);
commit;
prompt 61 records loaded
prompt Loading EB_SKU_OFFER...
insert into EB_SKU_OFFER (SKU_OFFER_ID, OFFER_ID, SKU_ID, SKU_DISCOUNT, PURCHASE_PRICE, PAYMENT_PRICE, PRODUCT_ID)
values (2266, 2282, 2120, 19900, 0, 19900, null);
insert into EB_SKU_OFFER (SKU_OFFER_ID, OFFER_ID, SKU_ID, SKU_DISCOUNT, PURCHASE_PRICE, PAYMENT_PRICE, PRODUCT_ID)
values (2270, 2286, 2200, 89900, 0, 89900, null);
insert into EB_SKU_OFFER (SKU_OFFER_ID, OFFER_ID, SKU_ID, SKU_DISCOUNT, PURCHASE_PRICE, PAYMENT_PRICE, PRODUCT_ID)
values (2271, 2287, 2240, 89900, 0, 89900, null);
insert into EB_SKU_OFFER (SKU_OFFER_ID, OFFER_ID, SKU_ID, SKU_DISCOUNT, PURCHASE_PRICE, PAYMENT_PRICE, PRODUCT_ID)
values (2276, 2292, 2081, 84900, 85000, 169900, null);
insert into EB_SKU_OFFER (SKU_OFFER_ID, OFFER_ID, SKU_ID, SKU_DISCOUNT, PURCHASE_PRICE, PAYMENT_PRICE, PRODUCT_ID)
values (2570, 2558, 2444, 74900, 20000, 94900, null);
insert into EB_SKU_OFFER (SKU_OFFER_ID, OFFER_ID, SKU_ID, SKU_DISCOUNT, PURCHASE_PRICE, PAYMENT_PRICE, PRODUCT_ID)
values (2572, 2560, 2444, 74900, 20000, 94900, null);
insert into EB_SKU_OFFER (SKU_OFFER_ID, OFFER_ID, SKU_ID, SKU_DISCOUNT, PURCHASE_PRICE, PAYMENT_PRICE, PRODUCT_ID)
values (2575, 2563, 2443, 99900, 60000, 159900, null);
insert into EB_SKU_OFFER (SKU_OFFER_ID, OFFER_ID, SKU_ID, SKU_DISCOUNT, PURCHASE_PRICE, PAYMENT_PRICE, PRODUCT_ID)
values (2587, 2575, 2460, 119900, 20000, 139900, null);
insert into EB_SKU_OFFER (SKU_OFFER_ID, OFFER_ID, SKU_ID, SKU_DISCOUNT, PURCHASE_PRICE, PAYMENT_PRICE, PRODUCT_ID)
values (2589, 2577, 2460, 99900, 40000, 139900, null);
insert into EB_SKU_OFFER (SKU_OFFER_ID, OFFER_ID, SKU_ID, SKU_DISCOUNT, PURCHASE_PRICE, PAYMENT_PRICE, PRODUCT_ID)
values (2590, 2578, 2460, 99900, 40000, 139900, null);
insert into EB_SKU_OFFER (SKU_OFFER_ID, OFFER_ID, SKU_ID, SKU_DISCOUNT, PURCHASE_PRICE, PAYMENT_PRICE, PRODUCT_ID)
values (2593, 2581, 2460, 74900, 65000, 139900, null);
insert into EB_SKU_OFFER (SKU_OFFER_ID, OFFER_ID, SKU_ID, SKU_DISCOUNT, PURCHASE_PRICE, PAYMENT_PRICE, PRODUCT_ID)
values (2594, 2582, 2460, 59900, 80000, 139900, null);
insert into EB_SKU_OFFER (SKU_OFFER_ID, OFFER_ID, SKU_ID, SKU_DISCOUNT, PURCHASE_PRICE, PAYMENT_PRICE, PRODUCT_ID)
values (2598, 2586, 2461, 99900, 35000, 134900, null);
insert into EB_SKU_OFFER (SKU_OFFER_ID, OFFER_ID, SKU_ID, SKU_DISCOUNT, PURCHASE_PRICE, PAYMENT_PRICE, PRODUCT_ID)
values (2302, 2322, 2320, 129900, 0, 129900, null);
insert into EB_SKU_OFFER (SKU_OFFER_ID, OFFER_ID, SKU_ID, SKU_DISCOUNT, PURCHASE_PRICE, PAYMENT_PRICE, PRODUCT_ID)
values (2303, 2323, 2320, 64900, 65000, 129900, null);
insert into EB_SKU_OFFER (SKU_OFFER_ID, OFFER_ID, SKU_ID, SKU_DISCOUNT, PURCHASE_PRICE, PAYMENT_PRICE, PRODUCT_ID)
values (2254, 2244, 2260, 99900, 0, 99900, null);
insert into EB_SKU_OFFER (SKU_OFFER_ID, OFFER_ID, SKU_ID, SKU_DISCOUNT, PURCHASE_PRICE, PAYMENT_PRICE, PRODUCT_ID)
values (2255, 2245, 2280, 99900, 0, 99900, null);
insert into EB_SKU_OFFER (SKU_OFFER_ID, OFFER_ID, SKU_ID, SKU_DISCOUNT, PURCHASE_PRICE, PAYMENT_PRICE, PRODUCT_ID)
values (2256, 2246, 2300, 99900, 0, 99900, null);
insert into EB_SKU_OFFER (SKU_OFFER_ID, OFFER_ID, SKU_ID, SKU_DISCOUNT, PURCHASE_PRICE, PAYMENT_PRICE, PRODUCT_ID)
values (2258, 2248, 2301, 129900, 0, 129900, null);
insert into EB_SKU_OFFER (SKU_OFFER_ID, OFFER_ID, SKU_ID, SKU_DISCOUNT, PURCHASE_PRICE, PAYMENT_PRICE, PRODUCT_ID)
values (2265, 2281, 2100, 19900, 0, 19900, null);
insert into EB_SKU_OFFER (SKU_OFFER_ID, OFFER_ID, SKU_ID, SKU_DISCOUNT, PURCHASE_PRICE, PAYMENT_PRICE, PRODUCT_ID)
values (2267, 2283, 2040, 79900, 0, 79900, null);
insert into EB_SKU_OFFER (SKU_OFFER_ID, OFFER_ID, SKU_ID, SKU_DISCOUNT, PURCHASE_PRICE, PAYMENT_PRICE, PRODUCT_ID)
values (2269, 2285, 2181, 79900, 0, 79900, null);
insert into EB_SKU_OFFER (SKU_OFFER_ID, OFFER_ID, SKU_ID, SKU_DISCOUNT, PURCHASE_PRICE, PAYMENT_PRICE, PRODUCT_ID)
values (2272, 2288, 2260, 99900, 0, 99900, null);
insert into EB_SKU_OFFER (SKU_OFFER_ID, OFFER_ID, SKU_ID, SKU_DISCOUNT, PURCHASE_PRICE, PAYMENT_PRICE, PRODUCT_ID)
values (2273, 2289, 2280, 99900, 0, 99900, null);
insert into EB_SKU_OFFER (SKU_OFFER_ID, OFFER_ID, SKU_ID, SKU_DISCOUNT, PURCHASE_PRICE, PAYMENT_PRICE, PRODUCT_ID)
values (2274, 2290, 2300, 99900, 0, 99900, null);
insert into EB_SKU_OFFER (SKU_OFFER_ID, OFFER_ID, SKU_ID, SKU_DISCOUNT, PURCHASE_PRICE, PAYMENT_PRICE, PRODUCT_ID)
values (2275, 2291, 2081, 169900, 0, 169900, null);
insert into EB_SKU_OFFER (SKU_OFFER_ID, OFFER_ID, SKU_ID, SKU_DISCOUNT, PURCHASE_PRICE, PAYMENT_PRICE, PRODUCT_ID)
values (3000, 2620, 3003, 59900, 19900, 488800, 'undefined');
insert into EB_SKU_OFFER (SKU_OFFER_ID, OFFER_ID, SKU_ID, SKU_DISCOUNT, PURCHASE_PRICE, PAYMENT_PRICE, PRODUCT_ID)
values (3020, 3010, 2404, 0, 0, 79900, 'undefined');
insert into EB_SKU_OFFER (SKU_OFFER_ID, OFFER_ID, SKU_ID, SKU_DISCOUNT, PURCHASE_PRICE, PAYMENT_PRICE, PRODUCT_ID)
values (3002, 3010, 3008, 0, 0, 0, 'undefined');
insert into EB_SKU_OFFER (SKU_OFFER_ID, OFFER_ID, SKU_ID, SKU_DISCOUNT, PURCHASE_PRICE, PAYMENT_PRICE, PRODUCT_ID)
values (3003, 3011, 3008, 0, null, null, null);
insert into EB_SKU_OFFER (SKU_OFFER_ID, OFFER_ID, SKU_ID, SKU_DISCOUNT, PURCHASE_PRICE, PAYMENT_PRICE, PRODUCT_ID)
values (3001, 3007, 3003, 49900, 29900, 49900, 'undefined');
insert into EB_SKU_OFFER (SKU_OFFER_ID, OFFER_ID, SKU_ID, SKU_DISCOUNT, PURCHASE_PRICE, PAYMENT_PRICE, PRODUCT_ID)
values (2346, 2366, 2301, 129900, 0, 129900, null);
insert into EB_SKU_OFFER (SKU_OFFER_ID, OFFER_ID, SKU_ID, SKU_DISCOUNT, PURCHASE_PRICE, PAYMENT_PRICE, PRODUCT_ID)
values (2347, 2367, 2301, 64900, 65000, 129900, null);
insert into EB_SKU_OFFER (SKU_OFFER_ID, OFFER_ID, SKU_ID, SKU_DISCOUNT, PURCHASE_PRICE, PAYMENT_PRICE, PRODUCT_ID)
values (2348, 2368, 2320, 129900, 0, 129900, null);
insert into EB_SKU_OFFER (SKU_OFFER_ID, OFFER_ID, SKU_ID, SKU_DISCOUNT, PURCHASE_PRICE, PAYMENT_PRICE, PRODUCT_ID)
values (2349, 2369, 2320, 64900, 65000, 129900, null);
insert into EB_SKU_OFFER (SKU_OFFER_ID, OFFER_ID, SKU_ID, SKU_DISCOUNT, PURCHASE_PRICE, PAYMENT_PRICE, PRODUCT_ID)
values (2350, 2370, 2080, 499900, 0, 499900, null);
insert into EB_SKU_OFFER (SKU_OFFER_ID, OFFER_ID, SKU_ID, SKU_DISCOUNT, PURCHASE_PRICE, PAYMENT_PRICE, PRODUCT_ID)
values (2363, 2375, 2301, 64900, 65000, 129900, null);
insert into EB_SKU_OFFER (SKU_OFFER_ID, OFFER_ID, SKU_ID, SKU_DISCOUNT, PURCHASE_PRICE, PAYMENT_PRICE, PRODUCT_ID)
values (2368, 2380, 2180, 54900, 0, 54900, null);
insert into EB_SKU_OFFER (SKU_OFFER_ID, OFFER_ID, SKU_ID, SKU_DISCOUNT, PURCHASE_PRICE, PAYMENT_PRICE, PRODUCT_ID)
values (2369, 2381, 2040, 79900, 0, 79900, null);
insert into EB_SKU_OFFER (SKU_OFFER_ID, OFFER_ID, SKU_ID, SKU_DISCOUNT, PURCHASE_PRICE, PAYMENT_PRICE, PRODUCT_ID)
values (2370, 2382, 2260, 99900, 0, 99900, null);
insert into EB_SKU_OFFER (SKU_OFFER_ID, OFFER_ID, SKU_ID, SKU_DISCOUNT, PURCHASE_PRICE, PAYMENT_PRICE, PRODUCT_ID)
values (2374, 2386, 2301, 64900, 65000, 129900, null);
insert into EB_SKU_OFFER (SKU_OFFER_ID, OFFER_ID, SKU_ID, SKU_DISCOUNT, PURCHASE_PRICE, PAYMENT_PRICE, PRODUCT_ID)
values (2481, 2461, 2421, 119900, 180000, 299900, null);
insert into EB_SKU_OFFER (SKU_OFFER_ID, OFFER_ID, SKU_ID, SKU_DISCOUNT, PURCHASE_PRICE, PAYMENT_PRICE, PRODUCT_ID)
values (2482, 2462, 2421, 99900, 200000, 299900, null);
insert into EB_SKU_OFFER (SKU_OFFER_ID, OFFER_ID, SKU_ID, SKU_DISCOUNT, PURCHASE_PRICE, PAYMENT_PRICE, PRODUCT_ID)
values (2483, 2463, 2421, 99900, 200000, 299900, null);
insert into EB_SKU_OFFER (SKU_OFFER_ID, OFFER_ID, SKU_ID, SKU_DISCOUNT, PURCHASE_PRICE, PAYMENT_PRICE, PRODUCT_ID)
values (2484, 2464, 2421, 99900, 200000, 299900, null);
insert into EB_SKU_OFFER (SKU_OFFER_ID, OFFER_ID, SKU_ID, SKU_DISCOUNT, PURCHASE_PRICE, PAYMENT_PRICE, PRODUCT_ID)
values (2487, 2467, 2422, 199900, 100000, 299900, null);
insert into EB_SKU_OFFER (SKU_OFFER_ID, OFFER_ID, SKU_ID, SKU_DISCOUNT, PURCHASE_PRICE, PAYMENT_PRICE, PRODUCT_ID)
values (2488, 2468, 2402, 59900, 20000, 79900, null);
insert into EB_SKU_OFFER (SKU_OFFER_ID, OFFER_ID, SKU_ID, SKU_DISCOUNT, PURCHASE_PRICE, PAYMENT_PRICE, PRODUCT_ID)
values (2493, 2473, 2402, 49900, 30000, 79900, null);
insert into EB_SKU_OFFER (SKU_OFFER_ID, OFFER_ID, SKU_ID, SKU_DISCOUNT, PURCHASE_PRICE, PAYMENT_PRICE, PRODUCT_ID)
values (2495, 2475, 2422, 119900, 180000, 299900, null);
insert into EB_SKU_OFFER (SKU_OFFER_ID, OFFER_ID, SKU_ID, SKU_DISCOUNT, PURCHASE_PRICE, PAYMENT_PRICE, PRODUCT_ID)
values (2496, 2476, 2402, 49900, 30000, 79900, null);
insert into EB_SKU_OFFER (SKU_OFFER_ID, OFFER_ID, SKU_ID, SKU_DISCOUNT, PURCHASE_PRICE, PAYMENT_PRICE, PRODUCT_ID)
values (2498, 2478, 2422, 119900, 180000, 299900, null);
insert into EB_SKU_OFFER (SKU_OFFER_ID, OFFER_ID, SKU_ID, SKU_DISCOUNT, PURCHASE_PRICE, PAYMENT_PRICE, PRODUCT_ID)
values (2499, 2479, 2422, 99900, 200000, 299900, null);
insert into EB_SKU_OFFER (SKU_OFFER_ID, OFFER_ID, SKU_ID, SKU_DISCOUNT, PURCHASE_PRICE, PAYMENT_PRICE, PRODUCT_ID)
values (2501, 2481, 2422, 99900, 200000, 299900, null);
insert into EB_SKU_OFFER (SKU_OFFER_ID, OFFER_ID, SKU_ID, SKU_DISCOUNT, PURCHASE_PRICE, PAYMENT_PRICE, PRODUCT_ID)
values (2542, 2530, 2442, 119900, 280000, 399900, null);
insert into EB_SKU_OFFER (SKU_OFFER_ID, OFFER_ID, SKU_ID, SKU_DISCOUNT, PURCHASE_PRICE, PAYMENT_PRICE, PRODUCT_ID)
values (2544, 2532, 2405, 49900, 33000, 82900, null);
insert into EB_SKU_OFFER (SKU_OFFER_ID, OFFER_ID, SKU_ID, SKU_DISCOUNT, PURCHASE_PRICE, PAYMENT_PRICE, PRODUCT_ID)
values (2545, 2533, 2442, 119900, 280000, 399900, null);
insert into EB_SKU_OFFER (SKU_OFFER_ID, OFFER_ID, SKU_ID, SKU_DISCOUNT, PURCHASE_PRICE, PAYMENT_PRICE, PRODUCT_ID)
values (2546, 2534, 2442, 99900, 300000, 399900, null);
insert into EB_SKU_OFFER (SKU_OFFER_ID, OFFER_ID, SKU_ID, SKU_DISCOUNT, PURCHASE_PRICE, PAYMENT_PRICE, PRODUCT_ID)
values (2552, 2540, 2406, 74900, 9000, 83900, null);
insert into EB_SKU_OFFER (SKU_OFFER_ID, OFFER_ID, SKU_ID, SKU_DISCOUNT, PURCHASE_PRICE, PAYMENT_PRICE, PRODUCT_ID)
values (2553, 2541, 2403, 99900, 80000, 179900, null);
insert into EB_SKU_OFFER (SKU_OFFER_ID, OFFER_ID, SKU_ID, SKU_DISCOUNT, PURCHASE_PRICE, PAYMENT_PRICE, PRODUCT_ID)
values (2557, 2545, 2406, 59900, 24000, 83900, null);
insert into EB_SKU_OFFER (SKU_OFFER_ID, OFFER_ID, SKU_ID, SKU_DISCOUNT, PURCHASE_PRICE, PAYMENT_PRICE, PRODUCT_ID)
values (2558, 2546, 2403, 74900, 105000, 179900, null);
insert into EB_SKU_OFFER (SKU_OFFER_ID, OFFER_ID, SKU_ID, SKU_DISCOUNT, PURCHASE_PRICE, PAYMENT_PRICE, PRODUCT_ID)
values (2559, 2547, 2406, 49900, 34000, 83900, null);
insert into EB_SKU_OFFER (SKU_OFFER_ID, OFFER_ID, SKU_ID, SKU_DISCOUNT, PURCHASE_PRICE, PAYMENT_PRICE, PRODUCT_ID)
values (2561, 2549, 2403, 74900, 105000, 179900, null);
insert into EB_SKU_OFFER (SKU_OFFER_ID, OFFER_ID, SKU_ID, SKU_DISCOUNT, PURCHASE_PRICE, PAYMENT_PRICE, PRODUCT_ID)
values (2562, 2550, 2406, 49900, 34000, 83900, null);
insert into EB_SKU_OFFER (SKU_OFFER_ID, OFFER_ID, SKU_ID, SKU_DISCOUNT, PURCHASE_PRICE, PAYMENT_PRICE, PRODUCT_ID)
values (2563, 2551, 2403, 59900, 120000, 179900, null);
insert into EB_SKU_OFFER (SKU_OFFER_ID, OFFER_ID, SKU_ID, SKU_DISCOUNT, PURCHASE_PRICE, PAYMENT_PRICE, PRODUCT_ID)
values (2564, 2552, 2403, 59900, 120000, 179900, null);
insert into EB_SKU_OFFER (SKU_OFFER_ID, OFFER_ID, SKU_ID, SKU_DISCOUNT, PURCHASE_PRICE, PAYMENT_PRICE, PRODUCT_ID)
values (2566, 2554, 2444, 89900, 5000, 94900, null);
insert into EB_SKU_OFFER (SKU_OFFER_ID, OFFER_ID, SKU_ID, SKU_DISCOUNT, PURCHASE_PRICE, PAYMENT_PRICE, PRODUCT_ID)
values (2567, 2555, 2444, 89900, 5000, 94900, null);
insert into EB_SKU_OFFER (SKU_OFFER_ID, OFFER_ID, SKU_ID, SKU_DISCOUNT, PURCHASE_PRICE, PAYMENT_PRICE, PRODUCT_ID)
values (2588, 2576, 2460, 99900, 40000, 139900, null);
insert into EB_SKU_OFFER (SKU_OFFER_ID, OFFER_ID, SKU_ID, SKU_DISCOUNT, PURCHASE_PRICE, PAYMENT_PRICE, PRODUCT_ID)
values (2591, 2579, 2460, 74900, 65000, 139900, null);
insert into EB_SKU_OFFER (SKU_OFFER_ID, OFFER_ID, SKU_ID, SKU_DISCOUNT, PURCHASE_PRICE, PAYMENT_PRICE, PRODUCT_ID)
values (2604, 2592, 2461, 59900, 75000, 134900, null);
insert into EB_SKU_OFFER (SKU_OFFER_ID, OFFER_ID, SKU_ID, SKU_DISCOUNT, PURCHASE_PRICE, PAYMENT_PRICE, PRODUCT_ID)
values (2605, 2593, 2380, 59900, 0, 59900, null);
insert into EB_SKU_OFFER (SKU_OFFER_ID, OFFER_ID, SKU_ID, SKU_DISCOUNT, PURCHASE_PRICE, PAYMENT_PRICE, PRODUCT_ID)
values (2606, 2594, 2461, 59900, 75000, 134900, null);
insert into EB_SKU_OFFER (SKU_OFFER_ID, OFFER_ID, SKU_ID, SKU_DISCOUNT, PURCHASE_PRICE, PAYMENT_PRICE, PRODUCT_ID)
values (2607, 2595, 2380, 59900, 0, 59900, null);
insert into EB_SKU_OFFER (SKU_OFFER_ID, OFFER_ID, SKU_ID, SKU_DISCOUNT, PURCHASE_PRICE, PAYMENT_PRICE, PRODUCT_ID)
values (2608, 2596, 2380, 49900, 10000, 59900, null);
insert into EB_SKU_OFFER (SKU_OFFER_ID, OFFER_ID, SKU_ID, SKU_DISCOUNT, PURCHASE_PRICE, PAYMENT_PRICE, PRODUCT_ID)
values (2609, 2597, 2380, 49900, 10000, 59900, null);
insert into EB_SKU_OFFER (SKU_OFFER_ID, OFFER_ID, SKU_ID, SKU_DISCOUNT, PURCHASE_PRICE, PAYMENT_PRICE, PRODUCT_ID)
values (2610, 2598, 2380, 39900, 20000, 59900, null);
insert into EB_SKU_OFFER (SKU_OFFER_ID, OFFER_ID, SKU_ID, SKU_DISCOUNT, PURCHASE_PRICE, PAYMENT_PRICE, PRODUCT_ID)
values (2622, 2610, 2462, 59900, 70000, 129900, null);
insert into EB_SKU_OFFER (SKU_OFFER_ID, OFFER_ID, SKU_ID, SKU_DISCOUNT, PURCHASE_PRICE, PAYMENT_PRICE, PRODUCT_ID)
values (2623, 2611, 2463, 119900, 0, 119900, null);
insert into EB_SKU_OFFER (SKU_OFFER_ID, OFFER_ID, SKU_ID, SKU_DISCOUNT, PURCHASE_PRICE, PAYMENT_PRICE, PRODUCT_ID)
values (2624, 2612, 2463, 119900, 0, 119900, null);
insert into EB_SKU_OFFER (SKU_OFFER_ID, OFFER_ID, SKU_ID, SKU_DISCOUNT, PURCHASE_PRICE, PAYMENT_PRICE, PRODUCT_ID)
values (2625, 2613, 2463, 99900, 20000, 119900, null);
insert into EB_SKU_OFFER (SKU_OFFER_ID, OFFER_ID, SKU_ID, SKU_DISCOUNT, PURCHASE_PRICE, PAYMENT_PRICE, PRODUCT_ID)
values (2626, 2614, 2463, 99900, 20000, 119900, null);
insert into EB_SKU_OFFER (SKU_OFFER_ID, OFFER_ID, SKU_ID, SKU_DISCOUNT, PURCHASE_PRICE, PAYMENT_PRICE, PRODUCT_ID)
values (2629, 2617, 2463, 74900, 45000, 119900, null);
insert into EB_SKU_OFFER (SKU_OFFER_ID, OFFER_ID, SKU_ID, SKU_DISCOUNT, PURCHASE_PRICE, PAYMENT_PRICE, PRODUCT_ID)
values (2630, 2618, 2463, 74900, 45000, 119900, null);
insert into EB_SKU_OFFER (SKU_OFFER_ID, OFFER_ID, SKU_ID, SKU_DISCOUNT, PURCHASE_PRICE, PAYMENT_PRICE, PRODUCT_ID)
values (2631, 2619, 2463, 59900, 60000, 119900, null);
insert into EB_SKU_OFFER (SKU_OFFER_ID, OFFER_ID, SKU_ID, SKU_DISCOUNT, PURCHASE_PRICE, PAYMENT_PRICE, PRODUCT_ID)
values (2100, 2080, 2220, 19900, 0, 19900, null);
insert into EB_SKU_OFFER (SKU_OFFER_ID, OFFER_ID, SKU_ID, SKU_DISCOUNT, PURCHASE_PRICE, PAYMENT_PRICE, PRODUCT_ID)
values (2102, 2100, 2221, 19900, 0, 19900, null);
insert into EB_SKU_OFFER (SKU_OFFER_ID, OFFER_ID, SKU_ID, SKU_DISCOUNT, PURCHASE_PRICE, PAYMENT_PRICE, PRODUCT_ID)
values (2103, 2101, 2100, 19900, 0, 19900, null);
insert into EB_SKU_OFFER (SKU_OFFER_ID, OFFER_ID, SKU_ID, SKU_DISCOUNT, PURCHASE_PRICE, PAYMENT_PRICE, PRODUCT_ID)
values (2104, 2102, 2120, 19900, 0, 19900, null);
insert into EB_SKU_OFFER (SKU_OFFER_ID, OFFER_ID, SKU_ID, SKU_DISCOUNT, PURCHASE_PRICE, PAYMENT_PRICE, PRODUCT_ID)
values (2120, 2120, 2081, 169900, 0, 169900, null);
insert into EB_SKU_OFFER (SKU_OFFER_ID, OFFER_ID, SKU_ID, SKU_DISCOUNT, PURCHASE_PRICE, PAYMENT_PRICE, PRODUCT_ID)
values (2121, 2121, 2081, 84900, 85000, 169900, null);
insert into EB_SKU_OFFER (SKU_OFFER_ID, OFFER_ID, SKU_ID, SKU_DISCOUNT, PURCHASE_PRICE, PAYMENT_PRICE, PRODUCT_ID)
values (2122, 2122, 2140, 19900, 0, 19900, null);
insert into EB_SKU_OFFER (SKU_OFFER_ID, OFFER_ID, SKU_ID, SKU_DISCOUNT, PURCHASE_PRICE, PAYMENT_PRICE, PRODUCT_ID)
values (2123, 2123, 2320, 129900, 0, 129900, null);
insert into EB_SKU_OFFER (SKU_OFFER_ID, OFFER_ID, SKU_ID, SKU_DISCOUNT, PURCHASE_PRICE, PAYMENT_PRICE, PRODUCT_ID)
values (2124, 2124, 2160, 29900, 0, 29900, null);
insert into EB_SKU_OFFER (SKU_OFFER_ID, OFFER_ID, SKU_ID, SKU_DISCOUNT, PURCHASE_PRICE, PAYMENT_PRICE, PRODUCT_ID)
values (2125, 2125, 2320, 64900, 65000, 129900, null);
insert into EB_SKU_OFFER (SKU_OFFER_ID, OFFER_ID, SKU_ID, SKU_DISCOUNT, PURCHASE_PRICE, PAYMENT_PRICE, PRODUCT_ID)
values (2126, 2126, 2161, 54900, 0, 54900, null);
insert into EB_SKU_OFFER (SKU_OFFER_ID, OFFER_ID, SKU_ID, SKU_DISCOUNT, PURCHASE_PRICE, PAYMENT_PRICE, PRODUCT_ID)
values (2141, 2130, 2301, 64900, 65000, 129900, null);
insert into EB_SKU_OFFER (SKU_OFFER_ID, OFFER_ID, SKU_ID, SKU_DISCOUNT, PURCHASE_PRICE, PAYMENT_PRICE, PRODUCT_ID)
values (2142, 2131, 2181, 79900, 0, 79900, null);
insert into EB_SKU_OFFER (SKU_OFFER_ID, OFFER_ID, SKU_ID, SKU_DISCOUNT, PURCHASE_PRICE, PAYMENT_PRICE, PRODUCT_ID)
values (2143, 2132, 2200, 89900, 0, 89900, null);
insert into EB_SKU_OFFER (SKU_OFFER_ID, OFFER_ID, SKU_ID, SKU_DISCOUNT, PURCHASE_PRICE, PAYMENT_PRICE, PRODUCT_ID)
values (2144, 2133, 2240, 89900, 0, 89900, null);
commit;
prompt 100 records committed...
insert into EB_SKU_OFFER (SKU_OFFER_ID, OFFER_ID, SKU_ID, SKU_DISCOUNT, PURCHASE_PRICE, PAYMENT_PRICE, PRODUCT_ID)
values (2145, 2134, 2300, 99900, 0, 99900, null);
insert into EB_SKU_OFFER (SKU_OFFER_ID, OFFER_ID, SKU_ID, SKU_DISCOUNT, PURCHASE_PRICE, PAYMENT_PRICE, PRODUCT_ID)
values (2320, 2340, 2220, 19900, 0, 19900, null);
insert into EB_SKU_OFFER (SKU_OFFER_ID, OFFER_ID, SKU_ID, SKU_DISCOUNT, PURCHASE_PRICE, PAYMENT_PRICE, PRODUCT_ID)
values (2148, 2137, 2260, 99900, 0, 99900, null);
insert into EB_SKU_OFFER (SKU_OFFER_ID, OFFER_ID, SKU_ID, SKU_DISCOUNT, PURCHASE_PRICE, PAYMENT_PRICE, PRODUCT_ID)
values (2149, 2138, 2241, 89900, 0, 89900, null);
insert into EB_SKU_OFFER (SKU_OFFER_ID, OFFER_ID, SKU_ID, SKU_DISCOUNT, PURCHASE_PRICE, PAYMENT_PRICE, PRODUCT_ID)
values (2300, 2320, 2301, 64900, 65000, 129900, null);
insert into EB_SKU_OFFER (SKU_OFFER_ID, OFFER_ID, SKU_ID, SKU_DISCOUNT, PURCHASE_PRICE, PAYMENT_PRICE, PRODUCT_ID)
values (2301, 2321, 2320, 129900, 0, 129900, null);
insert into EB_SKU_OFFER (SKU_OFFER_ID, OFFER_ID, SKU_ID, SKU_DISCOUNT, PURCHASE_PRICE, PAYMENT_PRICE, PRODUCT_ID)
values (2304, 2324, 2080, 499900, 0, 499900, null);
insert into EB_SKU_OFFER (SKU_OFFER_ID, OFFER_ID, SKU_ID, SKU_DISCOUNT, PURCHASE_PRICE, PAYMENT_PRICE, PRODUCT_ID)
values (2305, 2325, 2080, 199900, 300000, 499900, null);
insert into EB_SKU_OFFER (SKU_OFFER_ID, OFFER_ID, SKU_ID, SKU_DISCOUNT, PURCHASE_PRICE, PAYMENT_PRICE, PRODUCT_ID)
values (2441, 2421, 2400, 190000, 300000, 499900, null);
insert into EB_SKU_OFFER (SKU_OFFER_ID, OFFER_ID, SKU_ID, SKU_DISCOUNT, PURCHASE_PRICE, PAYMENT_PRICE, PRODUCT_ID)
values (2442, 2422, 2400, 199900, 300000, 499900, null);
insert into EB_SKU_OFFER (SKU_OFFER_ID, OFFER_ID, SKU_ID, SKU_DISCOUNT, PURCHASE_PRICE, PAYMENT_PRICE, PRODUCT_ID)
values (2443, 2423, 2400, 199900, 300000, 499900, null);
insert into EB_SKU_OFFER (SKU_OFFER_ID, OFFER_ID, SKU_ID, SKU_DISCOUNT, PURCHASE_PRICE, PAYMENT_PRICE, PRODUCT_ID)
values (2450, 2430, 2400, 99900, 400000, 499900, null);
insert into EB_SKU_OFFER (SKU_OFFER_ID, OFFER_ID, SKU_ID, SKU_DISCOUNT, PURCHASE_PRICE, PAYMENT_PRICE, PRODUCT_ID)
values (2451, 2431, 2400, 99900, 400000, 499900, null);
insert into EB_SKU_OFFER (SKU_OFFER_ID, OFFER_ID, SKU_ID, SKU_DISCOUNT, PURCHASE_PRICE, PAYMENT_PRICE, PRODUCT_ID)
values (2461, 2441, 2401, 59900, 20000, 79900, null);
insert into EB_SKU_OFFER (SKU_OFFER_ID, OFFER_ID, SKU_ID, SKU_DISCOUNT, PURCHASE_PRICE, PAYMENT_PRICE, PRODUCT_ID)
values (2463, 2443, 2403, 119900, 60000, 179900, null);
insert into EB_SKU_OFFER (SKU_OFFER_ID, OFFER_ID, SKU_ID, SKU_DISCOUNT, PURCHASE_PRICE, PAYMENT_PRICE, PRODUCT_ID)
values (2464, 2444, 2420, 119900, 310000, 429900, null);
insert into EB_SKU_OFFER (SKU_OFFER_ID, OFFER_ID, SKU_ID, SKU_DISCOUNT, PURCHASE_PRICE, PAYMENT_PRICE, PRODUCT_ID)
values (2465, 2445, 2401, 59900, 20000, 79900, null);
insert into EB_SKU_OFFER (SKU_OFFER_ID, OFFER_ID, SKU_ID, SKU_DISCOUNT, PURCHASE_PRICE, PAYMENT_PRICE, PRODUCT_ID)
values (2471, 2451, 2421, 199900, 100000, 299900, null);
insert into EB_SKU_OFFER (SKU_OFFER_ID, OFFER_ID, SKU_ID, SKU_DISCOUNT, PURCHASE_PRICE, PAYMENT_PRICE, PRODUCT_ID)
values (2472, 2452, 2421, 199900, 100000, 299900, null);
insert into EB_SKU_OFFER (SKU_OFFER_ID, OFFER_ID, SKU_ID, SKU_DISCOUNT, PURCHASE_PRICE, PAYMENT_PRICE, PRODUCT_ID)
values (2474, 2454, 2421, 199900, 100000, 299900, null);
insert into EB_SKU_OFFER (SKU_OFFER_ID, OFFER_ID, SKU_ID, SKU_DISCOUNT, PURCHASE_PRICE, PAYMENT_PRICE, PRODUCT_ID)
values (2475, 2455, 2421, 199900, 100000, 299900, null);
insert into EB_SKU_OFFER (SKU_OFFER_ID, OFFER_ID, SKU_ID, SKU_DISCOUNT, PURCHASE_PRICE, PAYMENT_PRICE, PRODUCT_ID)
values (2531, 2511, 2441, 99900, 360000, 459900, null);
insert into EB_SKU_OFFER (SKU_OFFER_ID, OFFER_ID, SKU_ID, SKU_DISCOUNT, PURCHASE_PRICE, PAYMENT_PRICE, PRODUCT_ID)
values (2507, 2487, 2440, 119900, 80000, 199900, null);
insert into EB_SKU_OFFER (SKU_OFFER_ID, OFFER_ID, SKU_ID, SKU_DISCOUNT, PURCHASE_PRICE, PAYMENT_PRICE, PRODUCT_ID)
values (2509, 2489, 2440, 119900, 80000, 199900, null);
insert into EB_SKU_OFFER (SKU_OFFER_ID, OFFER_ID, SKU_ID, SKU_DISCOUNT, PURCHASE_PRICE, PAYMENT_PRICE, PRODUCT_ID)
values (2510, 2490, 2404, 74900, 5000, 79900, null);
insert into EB_SKU_OFFER (SKU_OFFER_ID, OFFER_ID, SKU_ID, SKU_DISCOUNT, PURCHASE_PRICE, PAYMENT_PRICE, PRODUCT_ID)
values (2511, 2491, 2440, 99900, 100000, 199900, null);
insert into EB_SKU_OFFER (SKU_OFFER_ID, OFFER_ID, SKU_ID, SKU_DISCOUNT, PURCHASE_PRICE, PAYMENT_PRICE, PRODUCT_ID)
values (2512, 2492, 2404, 74900, 5000, 79900, null);
insert into EB_SKU_OFFER (SKU_OFFER_ID, OFFER_ID, SKU_ID, SKU_DISCOUNT, PURCHASE_PRICE, PAYMENT_PRICE, PRODUCT_ID)
values (2513, 2493, 2440, 99900, 100000, 199900, null);
insert into EB_SKU_OFFER (SKU_OFFER_ID, OFFER_ID, SKU_ID, SKU_DISCOUNT, PURCHASE_PRICE, PAYMENT_PRICE, PRODUCT_ID)
values (2514, 2494, 2404, 74900, 5000, 79900, null);
insert into EB_SKU_OFFER (SKU_OFFER_ID, OFFER_ID, SKU_ID, SKU_DISCOUNT, PURCHASE_PRICE, PAYMENT_PRICE, PRODUCT_ID)
values (2515, 2495, 2440, 99900, 100000, 199900, null);
insert into EB_SKU_OFFER (SKU_OFFER_ID, OFFER_ID, SKU_ID, SKU_DISCOUNT, PURCHASE_PRICE, PAYMENT_PRICE, PRODUCT_ID)
values (2516, 2496, 2404, 59900, 20000, 79900, null);
insert into EB_SKU_OFFER (SKU_OFFER_ID, OFFER_ID, SKU_ID, SKU_DISCOUNT, PURCHASE_PRICE, PAYMENT_PRICE, PRODUCT_ID)
values (2518, 2498, 2441, 199900, 260000, 459900, null);
insert into EB_SKU_OFFER (SKU_OFFER_ID, OFFER_ID, SKU_ID, SKU_DISCOUNT, PURCHASE_PRICE, PAYMENT_PRICE, PRODUCT_ID)
values (2525, 2505, 2441, 119900, 340000, 459900, null);
insert into EB_SKU_OFFER (SKU_OFFER_ID, OFFER_ID, SKU_ID, SKU_DISCOUNT, PURCHASE_PRICE, PAYMENT_PRICE, PRODUCT_ID)
values (2526, 2506, 2405, 74900, 8000, 82900, null);
insert into EB_SKU_OFFER (SKU_OFFER_ID, OFFER_ID, SKU_ID, SKU_DISCOUNT, PURCHASE_PRICE, PAYMENT_PRICE, PRODUCT_ID)
values (2532, 2520, 2441, 99900, 360000, 459900, null);
insert into EB_SKU_OFFER (SKU_OFFER_ID, OFFER_ID, SKU_ID, SKU_DISCOUNT, PURCHASE_PRICE, PAYMENT_PRICE, PRODUCT_ID)
values (2533, 2521, 2441, 99900, 360000, 459900, null);
insert into EB_SKU_OFFER (SKU_OFFER_ID, OFFER_ID, SKU_ID, SKU_DISCOUNT, PURCHASE_PRICE, PAYMENT_PRICE, PRODUCT_ID)
values (2534, 2522, 2405, 59900, 23000, 82900, null);
insert into EB_SKU_OFFER (SKU_OFFER_ID, OFFER_ID, SKU_ID, SKU_DISCOUNT, PURCHASE_PRICE, PAYMENT_PRICE, PRODUCT_ID)
values (2536, 2524, 2405, 59900, 23000, 82900, null);
insert into EB_SKU_OFFER (SKU_OFFER_ID, OFFER_ID, SKU_ID, SKU_DISCOUNT, PURCHASE_PRICE, PAYMENT_PRICE, PRODUCT_ID)
values (2537, 2525, 2442, 199900, 200000, 399900, null);
insert into EB_SKU_OFFER (SKU_OFFER_ID, OFFER_ID, SKU_ID, SKU_DISCOUNT, PURCHASE_PRICE, PAYMENT_PRICE, PRODUCT_ID)
values (2538, 2526, 2442, 199900, 200000, 399900, null);
insert into EB_SKU_OFFER (SKU_OFFER_ID, OFFER_ID, SKU_ID, SKU_DISCOUNT, PURCHASE_PRICE, PAYMENT_PRICE, PRODUCT_ID)
values (2539, 2527, 2442, 199900, 200000, 399900, null);
insert into EB_SKU_OFFER (SKU_OFFER_ID, OFFER_ID, SKU_ID, SKU_DISCOUNT, PURCHASE_PRICE, PAYMENT_PRICE, PRODUCT_ID)
values (2540, 2528, 2405, 49900, 33000, 82900, null);
insert into EB_SKU_OFFER (SKU_OFFER_ID, OFFER_ID, SKU_ID, SKU_DISCOUNT, PURCHASE_PRICE, PAYMENT_PRICE, PRODUCT_ID)
values (2547, 2535, 2442, 99900, 300000, 399900, null);
insert into EB_SKU_OFFER (SKU_OFFER_ID, OFFER_ID, SKU_ID, SKU_DISCOUNT, PURCHASE_PRICE, PAYMENT_PRICE, PRODUCT_ID)
values (2548, 2536, 2442, 99900, 300000, 399900, null);
insert into EB_SKU_OFFER (SKU_OFFER_ID, OFFER_ID, SKU_ID, SKU_DISCOUNT, PURCHASE_PRICE, PAYMENT_PRICE, PRODUCT_ID)
values (2549, 2537, 2403, 119900, 60000, 179900, null);
insert into EB_SKU_OFFER (SKU_OFFER_ID, OFFER_ID, SKU_ID, SKU_DISCOUNT, PURCHASE_PRICE, PAYMENT_PRICE, PRODUCT_ID)
values (2550, 2538, 2406, 74900, 9000, 83900, null);
insert into EB_SKU_OFFER (SKU_OFFER_ID, OFFER_ID, SKU_ID, SKU_DISCOUNT, PURCHASE_PRICE, PAYMENT_PRICE, PRODUCT_ID)
values (2551, 2539, 2403, 99900, 80000, 179900, null);
insert into EB_SKU_OFFER (SKU_OFFER_ID, OFFER_ID, SKU_ID, SKU_DISCOUNT, PURCHASE_PRICE, PAYMENT_PRICE, PRODUCT_ID)
values (2569, 2557, 2443, 119900, 40000, 159900, null);
insert into EB_SKU_OFFER (SKU_OFFER_ID, OFFER_ID, SKU_ID, SKU_DISCOUNT, PURCHASE_PRICE, PAYMENT_PRICE, PRODUCT_ID)
values (2573, 2561, 2443, 99900, 60000, 159900, null);
insert into EB_SKU_OFFER (SKU_OFFER_ID, OFFER_ID, SKU_ID, SKU_DISCOUNT, PURCHASE_PRICE, PAYMENT_PRICE, PRODUCT_ID)
values (2574, 2562, 2444, 74900, 20000, 94900, null);
insert into EB_SKU_OFFER (SKU_OFFER_ID, OFFER_ID, SKU_ID, SKU_DISCOUNT, PURCHASE_PRICE, PAYMENT_PRICE, PRODUCT_ID)
values (2581, 2569, 2444, 49900, 45000, 94900, null);
insert into EB_SKU_OFFER (SKU_OFFER_ID, OFFER_ID, SKU_ID, SKU_DISCOUNT, PURCHASE_PRICE, PAYMENT_PRICE, PRODUCT_ID)
values (2582, 2570, 2443, 74900, 85000, 159900, null);
insert into EB_SKU_OFFER (SKU_OFFER_ID, OFFER_ID, SKU_ID, SKU_DISCOUNT, PURCHASE_PRICE, PAYMENT_PRICE, PRODUCT_ID)
values (2595, 2583, 2460, 59900, 80000, 139900, null);
insert into EB_SKU_OFFER (SKU_OFFER_ID, OFFER_ID, SKU_ID, SKU_DISCOUNT, PURCHASE_PRICE, PAYMENT_PRICE, PRODUCT_ID)
values (2600, 2588, 2461, 99900, 35000, 134900, null);
insert into EB_SKU_OFFER (SKU_OFFER_ID, OFFER_ID, SKU_ID, SKU_DISCOUNT, PURCHASE_PRICE, PAYMENT_PRICE, PRODUCT_ID)
values (2603, 2591, 2461, 74900, 60000, 134900, null);
insert into EB_SKU_OFFER (SKU_OFFER_ID, OFFER_ID, SKU_ID, SKU_DISCOUNT, PURCHASE_PRICE, PAYMENT_PRICE, PRODUCT_ID)
values (2611, 2599, 2380, 39900, 20000, 59900, null);
insert into EB_SKU_OFFER (SKU_OFFER_ID, OFFER_ID, SKU_ID, SKU_DISCOUNT, PURCHASE_PRICE, PAYMENT_PRICE, PRODUCT_ID)
values (2612, 2600, 2462, 119900, 10000, 129900, null);
insert into EB_SKU_OFFER (SKU_OFFER_ID, OFFER_ID, SKU_ID, SKU_DISCOUNT, PURCHASE_PRICE, PAYMENT_PRICE, PRODUCT_ID)
values (2613, 2601, 2380, 24900, 35000, 59900, null);
insert into EB_SKU_OFFER (SKU_OFFER_ID, OFFER_ID, SKU_ID, SKU_DISCOUNT, PURCHASE_PRICE, PAYMENT_PRICE, PRODUCT_ID)
values (2614, 2602, 2462, 119900, 10000, 129900, null);
insert into EB_SKU_OFFER (SKU_OFFER_ID, OFFER_ID, SKU_ID, SKU_DISCOUNT, PURCHASE_PRICE, PAYMENT_PRICE, PRODUCT_ID)
values (2615, 2603, 2462, 99900, 30000, 129900, null);
insert into EB_SKU_OFFER (SKU_OFFER_ID, OFFER_ID, SKU_ID, SKU_DISCOUNT, PURCHASE_PRICE, PAYMENT_PRICE, PRODUCT_ID)
values (2616, 2604, 2462, 99900, 30000, 129900, null);
insert into EB_SKU_OFFER (SKU_OFFER_ID, OFFER_ID, SKU_ID, SKU_DISCOUNT, PURCHASE_PRICE, PAYMENT_PRICE, PRODUCT_ID)
values (2617, 2605, 2462, 99900, 30000, 129900, null);
insert into EB_SKU_OFFER (SKU_OFFER_ID, OFFER_ID, SKU_ID, SKU_DISCOUNT, PURCHASE_PRICE, PAYMENT_PRICE, PRODUCT_ID)
values (2618, 2606, 2462, 74900, 55000, 129900, null);
insert into EB_SKU_OFFER (SKU_OFFER_ID, OFFER_ID, SKU_ID, SKU_DISCOUNT, PURCHASE_PRICE, PAYMENT_PRICE, PRODUCT_ID)
values (2619, 2607, 2462, 74900, 55000, 129900, null);
insert into EB_SKU_OFFER (SKU_OFFER_ID, OFFER_ID, SKU_ID, SKU_DISCOUNT, PURCHASE_PRICE, PAYMENT_PRICE, PRODUCT_ID)
values (2620, 2608, 2462, 74900, 55000, 129900, null);
insert into EB_SKU_OFFER (SKU_OFFER_ID, OFFER_ID, SKU_ID, SKU_DISCOUNT, PURCHASE_PRICE, PAYMENT_PRICE, PRODUCT_ID)
values (2621, 2609, 2462, 59900, 70000, 129900, null);
insert into EB_SKU_OFFER (SKU_OFFER_ID, OFFER_ID, SKU_ID, SKU_DISCOUNT, PURCHASE_PRICE, PAYMENT_PRICE, PRODUCT_ID)
values (2627, 2615, 2463, 99900, 20000, 119900, null);
insert into EB_SKU_OFFER (SKU_OFFER_ID, OFFER_ID, SKU_ID, SKU_DISCOUNT, PURCHASE_PRICE, PAYMENT_PRICE, PRODUCT_ID)
values (2628, 2616, 2463, 74900, 45000, 119900, null);
insert into EB_SKU_OFFER (SKU_OFFER_ID, OFFER_ID, SKU_ID, SKU_DISCOUNT, PURCHASE_PRICE, PAYMENT_PRICE, PRODUCT_ID)
values (2632, 2620, 2463, 59900, 60000, 119900, 'undefined');
insert into EB_SKU_OFFER (SKU_OFFER_ID, OFFER_ID, SKU_ID, SKU_DISCOUNT, PURCHASE_PRICE, PAYMENT_PRICE, PRODUCT_ID)
values (2321, 2341, 2221, 19900, 0, 19900, null);
insert into EB_SKU_OFFER (SKU_OFFER_ID, OFFER_ID, SKU_ID, SKU_DISCOUNT, PURCHASE_PRICE, PAYMENT_PRICE, PRODUCT_ID)
values (2223, 2203, 2221, 19900, 0, 19900, null);
insert into EB_SKU_OFFER (SKU_OFFER_ID, OFFER_ID, SKU_ID, SKU_DISCOUNT, PURCHASE_PRICE, PAYMENT_PRICE, PRODUCT_ID)
values (2226, 2206, 2220, 19900, 0, 19900, null);
insert into EB_SKU_OFFER (SKU_OFFER_ID, OFFER_ID, SKU_ID, SKU_DISCOUNT, PURCHASE_PRICE, PAYMENT_PRICE, PRODUCT_ID)
values (2227, 2207, 2221, 19900, 0, 19900, null);
insert into EB_SKU_OFFER (SKU_OFFER_ID, OFFER_ID, SKU_ID, SKU_DISCOUNT, PURCHASE_PRICE, PAYMENT_PRICE, PRODUCT_ID)
values (2229, 2209, 2120, 19900, 0, 19900, null);
insert into EB_SKU_OFFER (SKU_OFFER_ID, OFFER_ID, SKU_ID, SKU_DISCOUNT, PURCHASE_PRICE, PAYMENT_PRICE, PRODUCT_ID)
values (2230, 2210, 2140, 19900, 0, 19900, null);
insert into EB_SKU_OFFER (SKU_OFFER_ID, OFFER_ID, SKU_ID, SKU_DISCOUNT, PURCHASE_PRICE, PAYMENT_PRICE, PRODUCT_ID)
values (2231, 2211, 2160, 29900, 0, 29900, null);
insert into EB_SKU_OFFER (SKU_OFFER_ID, OFFER_ID, SKU_ID, SKU_DISCOUNT, PURCHASE_PRICE, PAYMENT_PRICE, PRODUCT_ID)
values (2243, 2223, 2080, 199900, 300000, 499900, null);
insert into EB_SKU_OFFER (SKU_OFFER_ID, OFFER_ID, SKU_ID, SKU_DISCOUNT, PURCHASE_PRICE, PAYMENT_PRICE, PRODUCT_ID)
values (2247, 2227, 2180, 54900, 0, 54900, null);
insert into EB_SKU_OFFER (SKU_OFFER_ID, OFFER_ID, SKU_ID, SKU_DISCOUNT, PURCHASE_PRICE, PAYMENT_PRICE, PRODUCT_ID)
values (2249, 2229, 2181, 79900, 0, 79900, null);
insert into EB_SKU_OFFER (SKU_OFFER_ID, OFFER_ID, SKU_ID, SKU_DISCOUNT, PURCHASE_PRICE, PAYMENT_PRICE, PRODUCT_ID)
values (2250, 2240, 2200, 89900, 0, 89900, null);
insert into EB_SKU_OFFER (SKU_OFFER_ID, OFFER_ID, SKU_ID, SKU_DISCOUNT, PURCHASE_PRICE, PAYMENT_PRICE, PRODUCT_ID)
values (2251, 2241, 2240, 89900, 0, 89900, null);
insert into EB_SKU_OFFER (SKU_OFFER_ID, OFFER_ID, SKU_ID, SKU_DISCOUNT, PURCHASE_PRICE, PAYMENT_PRICE, PRODUCT_ID)
values (2252, 2242, 2161, 100, 0, 100, null);
insert into EB_SKU_OFFER (SKU_OFFER_ID, OFFER_ID, SKU_ID, SKU_DISCOUNT, PURCHASE_PRICE, PAYMENT_PRICE, PRODUCT_ID)
values (2376, 2388, 2320, 64900, 65000, 129900, null);
insert into EB_SKU_OFFER (SKU_OFFER_ID, OFFER_ID, SKU_ID, SKU_DISCOUNT, PURCHASE_PRICE, PAYMENT_PRICE, PRODUCT_ID)
values (2377, 2389, 2081, 169900, 0, 169900, null);
insert into EB_SKU_OFFER (SKU_OFFER_ID, OFFER_ID, SKU_ID, SKU_DISCOUNT, PURCHASE_PRICE, PAYMENT_PRICE, PRODUCT_ID)
values (2378, 2390, 2081, 84900, 85000, 169900, null);
insert into EB_SKU_OFFER (SKU_OFFER_ID, OFFER_ID, SKU_ID, SKU_DISCOUNT, PURCHASE_PRICE, PAYMENT_PRICE, PRODUCT_ID)
values (2379, 2391, 2080, 199900, 300000, 499900, null);
insert into EB_SKU_OFFER (SKU_OFFER_ID, OFFER_ID, SKU_ID, SKU_DISCOUNT, PURCHASE_PRICE, PAYMENT_PRICE, PRODUCT_ID)
values (2400, 2300, 2301, 129900, 0, 129900, null);
insert into EB_SKU_OFFER (SKU_OFFER_ID, OFFER_ID, SKU_ID, SKU_DISCOUNT, PURCHASE_PRICE, PAYMENT_PRICE, PRODUCT_ID)
values (2640, 2640, 2161, 0, 39900, 39900, 'undefined');
insert into EB_SKU_OFFER (SKU_OFFER_ID, OFFER_ID, SKU_ID, SKU_DISCOUNT, PURCHASE_PRICE, PAYMENT_PRICE, PRODUCT_ID)
values (2105, 2103, 2080, 199900, 300000, 499900, null);
insert into EB_SKU_OFFER (SKU_OFFER_ID, OFFER_ID, SKU_ID, SKU_DISCOUNT, PURCHASE_PRICE, PAYMENT_PRICE, PRODUCT_ID)
values (2127, 2127, 2180, 54900, 0, 54900, null);
insert into EB_SKU_OFFER (SKU_OFFER_ID, OFFER_ID, SKU_ID, SKU_DISCOUNT, PURCHASE_PRICE, PAYMENT_PRICE, PRODUCT_ID)
values (2128, 2128, 2301, 129900, 0, 129900, null);
insert into EB_SKU_OFFER (SKU_OFFER_ID, OFFER_ID, SKU_ID, SKU_DISCOUNT, PURCHASE_PRICE, PAYMENT_PRICE, PRODUCT_ID)
values (2140, 2129, 2040, 79900, 0, 79900, null);
insert into EB_SKU_OFFER (SKU_OFFER_ID, OFFER_ID, SKU_ID, SKU_DISCOUNT, PURCHASE_PRICE, PAYMENT_PRICE, PRODUCT_ID)
values (2147, 2136, 2280, 99900, 0, 99900, null);
insert into EB_SKU_OFFER (SKU_OFFER_ID, OFFER_ID, SKU_ID, SKU_DISCOUNT, PURCHASE_PRICE, PAYMENT_PRICE, PRODUCT_ID)
values (2322, 2342, 2100, 19900, 0, 19900, null);
insert into EB_SKU_OFFER (SKU_OFFER_ID, OFFER_ID, SKU_ID, SKU_DISCOUNT, PURCHASE_PRICE, PAYMENT_PRICE, PRODUCT_ID)
values (2201, 2181, 2241, 59900, 60000, 119900, null);
insert into EB_SKU_OFFER (SKU_OFFER_ID, OFFER_ID, SKU_ID, SKU_DISCOUNT, PURCHASE_PRICE, PAYMENT_PRICE, PRODUCT_ID)
values (2200, 2180, 2241, 119900, 0, 119900, null);
insert into EB_SKU_OFFER (SKU_OFFER_ID, OFFER_ID, SKU_ID, SKU_DISCOUNT, PURCHASE_PRICE, PAYMENT_PRICE, PRODUCT_ID)
values (2340, 2360, 2120, 19900, 0, 19900, null);
insert into EB_SKU_OFFER (SKU_OFFER_ID, OFFER_ID, SKU_ID, SKU_DISCOUNT, PURCHASE_PRICE, PAYMENT_PRICE, PRODUCT_ID)
values (2341, 2361, 2140, 19900, 0, 19900, null);
insert into EB_SKU_OFFER (SKU_OFFER_ID, OFFER_ID, SKU_ID, SKU_DISCOUNT, PURCHASE_PRICE, PAYMENT_PRICE, PRODUCT_ID)
values (2342, 2362, 2160, 29900, 0, 29900, null);
insert into EB_SKU_OFFER (SKU_OFFER_ID, OFFER_ID, SKU_ID, SKU_DISCOUNT, PURCHASE_PRICE, PAYMENT_PRICE, PRODUCT_ID)
values (2343, 2363, 2160, 29900, 0, 29900, null);
commit;
prompt 200 records committed...
insert into EB_SKU_OFFER (SKU_OFFER_ID, OFFER_ID, SKU_ID, SKU_DISCOUNT, PURCHASE_PRICE, PAYMENT_PRICE, PRODUCT_ID)
values (2344, 2364, 2161, 54900, 0, 54900, null);
insert into EB_SKU_OFFER (SKU_OFFER_ID, OFFER_ID, SKU_ID, SKU_DISCOUNT, PURCHASE_PRICE, PAYMENT_PRICE, PRODUCT_ID)
values (2345, 2365, 2180, 54900, 0, 54900, null);
insert into EB_SKU_OFFER (SKU_OFFER_ID, OFFER_ID, SKU_ID, SKU_DISCOUNT, PURCHASE_PRICE, PAYMENT_PRICE, PRODUCT_ID)
values (2351, 2371, 2080, 199900, 300000, 499900, null);
insert into EB_SKU_OFFER (SKU_OFFER_ID, OFFER_ID, SKU_ID, SKU_DISCOUNT, PURCHASE_PRICE, PAYMENT_PRICE, PRODUCT_ID)
values (2360, 2372, 2160, 29900, 0, 29900, null);
insert into EB_SKU_OFFER (SKU_OFFER_ID, OFFER_ID, SKU_ID, SKU_DISCOUNT, PURCHASE_PRICE, PAYMENT_PRICE, PRODUCT_ID)
values (2361, 2373, 2180, 54900, 0, 54900, null);
insert into EB_SKU_OFFER (SKU_OFFER_ID, OFFER_ID, SKU_ID, SKU_DISCOUNT, PURCHASE_PRICE, PAYMENT_PRICE, PRODUCT_ID)
values (2362, 2374, 2301, 129900, 0, 129900, null);
insert into EB_SKU_OFFER (SKU_OFFER_ID, OFFER_ID, SKU_ID, SKU_DISCOUNT, PURCHASE_PRICE, PAYMENT_PRICE, PRODUCT_ID)
values (2364, 2376, 2320, 129900, 0, 129900, null);
insert into EB_SKU_OFFER (SKU_OFFER_ID, OFFER_ID, SKU_ID, SKU_DISCOUNT, PURCHASE_PRICE, PAYMENT_PRICE, PRODUCT_ID)
values (2365, 2377, 2320, 64900, 65000, 129900, null);
insert into EB_SKU_OFFER (SKU_OFFER_ID, OFFER_ID, SKU_ID, SKU_DISCOUNT, PURCHASE_PRICE, PAYMENT_PRICE, PRODUCT_ID)
values (2366, 2378, 2080, 199900, 300000, 499900, null);
insert into EB_SKU_OFFER (SKU_OFFER_ID, OFFER_ID, SKU_ID, SKU_DISCOUNT, PURCHASE_PRICE, PAYMENT_PRICE, PRODUCT_ID)
values (2367, 2379, 2161, 54900, 0, 54900, null);
insert into EB_SKU_OFFER (SKU_OFFER_ID, OFFER_ID, SKU_ID, SKU_DISCOUNT, PURCHASE_PRICE, PAYMENT_PRICE, PRODUCT_ID)
values (2371, 2383, 2280, 99900, 0, 99900, null);
insert into EB_SKU_OFFER (SKU_OFFER_ID, OFFER_ID, SKU_ID, SKU_DISCOUNT, PURCHASE_PRICE, PAYMENT_PRICE, PRODUCT_ID)
values (2372, 2384, 2300, 99900, 0, 99900, null);
insert into EB_SKU_OFFER (SKU_OFFER_ID, OFFER_ID, SKU_ID, SKU_DISCOUNT, PURCHASE_PRICE, PAYMENT_PRICE, PRODUCT_ID)
values (2373, 2385, 2301, 129900, 0, 129900, null);
insert into EB_SKU_OFFER (SKU_OFFER_ID, OFFER_ID, SKU_ID, SKU_DISCOUNT, PURCHASE_PRICE, PAYMENT_PRICE, PRODUCT_ID)
values (2375, 2387, 2320, 129900, 0, 129900, null);
insert into EB_SKU_OFFER (SKU_OFFER_ID, OFFER_ID, SKU_ID, SKU_DISCOUNT, PURCHASE_PRICE, PAYMENT_PRICE, PRODUCT_ID)
values (2380, 2400, 2060, 89900, 0, 89900, null);
insert into EB_SKU_OFFER (SKU_OFFER_ID, OFFER_ID, SKU_ID, SKU_DISCOUNT, PURCHASE_PRICE, PAYMENT_PRICE, PRODUCT_ID)
values (2420, 2204, 2100, 19900, 0, 19900, null);
insert into EB_SKU_OFFER (SKU_OFFER_ID, OFFER_ID, SKU_ID, SKU_DISCOUNT, PURCHASE_PRICE, PAYMENT_PRICE, PRODUCT_ID)
values (2440, 2420, 2400, 199900, 300000, 499900, null);
insert into EB_SKU_OFFER (SKU_OFFER_ID, OFFER_ID, SKU_ID, SKU_DISCOUNT, PURCHASE_PRICE, PAYMENT_PRICE, PRODUCT_ID)
values (2446, 2426, 2400, 119900, 380000, 499900, null);
insert into EB_SKU_OFFER (SKU_OFFER_ID, OFFER_ID, SKU_ID, SKU_DISCOUNT, PURCHASE_PRICE, PAYMENT_PRICE, PRODUCT_ID)
values (2448, 2428, 2400, 119900, 380000, 499900, null);
insert into EB_SKU_OFFER (SKU_OFFER_ID, OFFER_ID, SKU_ID, SKU_DISCOUNT, PURCHASE_PRICE, PAYMENT_PRICE, PRODUCT_ID)
values (2449, 2429, 2400, 99900, 400000, 499900, null);
insert into EB_SKU_OFFER (SKU_OFFER_ID, OFFER_ID, SKU_ID, SKU_DISCOUNT, PURCHASE_PRICE, PAYMENT_PRICE, PRODUCT_ID)
values (2452, 2432, 2420, 199900, 230000, 429900, null);
insert into EB_SKU_OFFER (SKU_OFFER_ID, OFFER_ID, SKU_ID, SKU_DISCOUNT, PURCHASE_PRICE, PAYMENT_PRICE, PRODUCT_ID)
values (2453, 2433, 2420, 199900, 230000, 429900, null);
insert into EB_SKU_OFFER (SKU_OFFER_ID, OFFER_ID, SKU_ID, SKU_DISCOUNT, PURCHASE_PRICE, PAYMENT_PRICE, PRODUCT_ID)
values (2454, 2434, 2401, 74900, 5000, 79900, null);
insert into EB_SKU_OFFER (SKU_OFFER_ID, OFFER_ID, SKU_ID, SKU_DISCOUNT, PURCHASE_PRICE, PAYMENT_PRICE, PRODUCT_ID)
values (2455, 2435, 2420, 199900, 230000, 429900, null);
insert into EB_SKU_OFFER (SKU_OFFER_ID, OFFER_ID, SKU_ID, SKU_DISCOUNT, PURCHASE_PRICE, PAYMENT_PRICE, PRODUCT_ID)
values (2456, 2436, 2401, 74900, 5000, 79900, null);
insert into EB_SKU_OFFER (SKU_OFFER_ID, OFFER_ID, SKU_ID, SKU_DISCOUNT, PURCHASE_PRICE, PAYMENT_PRICE, PRODUCT_ID)
values (2457, 2437, 2401, 74900, 5000, 79900, null);
insert into EB_SKU_OFFER (SKU_OFFER_ID, OFFER_ID, SKU_ID, SKU_DISCOUNT, PURCHASE_PRICE, PAYMENT_PRICE, PRODUCT_ID)
values (2458, 2438, 2420, 199900, 230000, 429900, null);
insert into EB_SKU_OFFER (SKU_OFFER_ID, OFFER_ID, SKU_ID, SKU_DISCOUNT, PURCHASE_PRICE, PAYMENT_PRICE, PRODUCT_ID)
values (2460, 2440, 2420, 119900, 310000, 429900, null);
insert into EB_SKU_OFFER (SKU_OFFER_ID, OFFER_ID, SKU_ID, SKU_DISCOUNT, PURCHASE_PRICE, PAYMENT_PRICE, PRODUCT_ID)
values (2466, 2446, 2420, 99900, 330000, 429900, null);
insert into EB_SKU_OFFER (SKU_OFFER_ID, OFFER_ID, SKU_ID, SKU_DISCOUNT, PURCHASE_PRICE, PAYMENT_PRICE, PRODUCT_ID)
values (2467, 2447, 2420, 99900, 330000, 429900, null);
insert into EB_SKU_OFFER (SKU_OFFER_ID, OFFER_ID, SKU_ID, SKU_DISCOUNT, PURCHASE_PRICE, PAYMENT_PRICE, PRODUCT_ID)
values (2468, 2448, 2420, 99900, 330000, 429900, null);
insert into EB_SKU_OFFER (SKU_OFFER_ID, OFFER_ID, SKU_ID, SKU_DISCOUNT, PURCHASE_PRICE, PAYMENT_PRICE, PRODUCT_ID)
values (2469, 2449, 2401, 49900, 30000, 79900, null);
insert into EB_SKU_OFFER (SKU_OFFER_ID, OFFER_ID, SKU_ID, SKU_DISCOUNT, PURCHASE_PRICE, PAYMENT_PRICE, PRODUCT_ID)
values (2470, 2450, 2401, 49900, 30000, 79900, null);
insert into EB_SKU_OFFER (SKU_OFFER_ID, OFFER_ID, SKU_ID, SKU_DISCOUNT, PURCHASE_PRICE, PAYMENT_PRICE, PRODUCT_ID)
values (2478, 2458, 2421, 119900, 180000, 299900, null);
insert into EB_SKU_OFFER (SKU_OFFER_ID, OFFER_ID, SKU_ID, SKU_DISCOUNT, PURCHASE_PRICE, PAYMENT_PRICE, PRODUCT_ID)
values (2480, 2460, 2402, 74900, 5000, 79900, null);
insert into EB_SKU_OFFER (SKU_OFFER_ID, OFFER_ID, SKU_ID, SKU_DISCOUNT, PURCHASE_PRICE, PAYMENT_PRICE, PRODUCT_ID)
values (2485, 2465, 2402, 74900, 5000, 79900, null);
insert into EB_SKU_OFFER (SKU_OFFER_ID, OFFER_ID, SKU_ID, SKU_DISCOUNT, PURCHASE_PRICE, PAYMENT_PRICE, PRODUCT_ID)
values (2486, 2466, 2402, 74900, 5000, 79900, null);
insert into EB_SKU_OFFER (SKU_OFFER_ID, OFFER_ID, SKU_ID, SKU_DISCOUNT, PURCHASE_PRICE, PAYMENT_PRICE, PRODUCT_ID)
values (2489, 2469, 2422, 199900, 100000, 299900, null);
insert into EB_SKU_OFFER (SKU_OFFER_ID, OFFER_ID, SKU_ID, SKU_DISCOUNT, PURCHASE_PRICE, PAYMENT_PRICE, PRODUCT_ID)
values (2490, 2470, 2422, 199900, 100000, 299900, null);
insert into EB_SKU_OFFER (SKU_OFFER_ID, OFFER_ID, SKU_ID, SKU_DISCOUNT, PURCHASE_PRICE, PAYMENT_PRICE, PRODUCT_ID)
values (2491, 2471, 2402, 59900, 20000, 79900, null);
insert into EB_SKU_OFFER (SKU_OFFER_ID, OFFER_ID, SKU_ID, SKU_DISCOUNT, PURCHASE_PRICE, PAYMENT_PRICE, PRODUCT_ID)
values (2492, 2472, 2422, 199900, 100000, 299900, null);
insert into EB_SKU_OFFER (SKU_OFFER_ID, OFFER_ID, SKU_ID, SKU_DISCOUNT, PURCHASE_PRICE, PAYMENT_PRICE, PRODUCT_ID)
values (2500, 2480, 2422, 99900, 200000, 299900, null);
insert into EB_SKU_OFFER (SKU_OFFER_ID, OFFER_ID, SKU_ID, SKU_DISCOUNT, PURCHASE_PRICE, PAYMENT_PRICE, PRODUCT_ID)
values (2502, 2482, 2440, 199900, 0, 199900, null);
insert into EB_SKU_OFFER (SKU_OFFER_ID, OFFER_ID, SKU_ID, SKU_DISCOUNT, PURCHASE_PRICE, PAYMENT_PRICE, PRODUCT_ID)
values (2503, 2483, 2440, 199900, 0, 199900, null);
insert into EB_SKU_OFFER (SKU_OFFER_ID, OFFER_ID, SKU_ID, SKU_DISCOUNT, PURCHASE_PRICE, PAYMENT_PRICE, PRODUCT_ID)
values (2504, 2484, 2440, 199900, 0, 199900, null);
insert into EB_SKU_OFFER (SKU_OFFER_ID, OFFER_ID, SKU_ID, SKU_DISCOUNT, PURCHASE_PRICE, PAYMENT_PRICE, PRODUCT_ID)
values (2505, 2485, 2440, 199900, 0, 199900, null);
insert into EB_SKU_OFFER (SKU_OFFER_ID, OFFER_ID, SKU_ID, SKU_DISCOUNT, PURCHASE_PRICE, PAYMENT_PRICE, PRODUCT_ID)
values (2517, 2497, 2404, 59900, 20000, 79900, null);
insert into EB_SKU_OFFER (SKU_OFFER_ID, OFFER_ID, SKU_ID, SKU_DISCOUNT, PURCHASE_PRICE, PAYMENT_PRICE, PRODUCT_ID)
values (2519, 2499, 2404, 49900, 30000, 79900, null);
insert into EB_SKU_OFFER (SKU_OFFER_ID, OFFER_ID, SKU_ID, SKU_DISCOUNT, PURCHASE_PRICE, PAYMENT_PRICE, PRODUCT_ID)
values (2520, 2500, 2441, 199900, 260000, 459900, null);
insert into EB_SKU_OFFER (SKU_OFFER_ID, OFFER_ID, SKU_ID, SKU_DISCOUNT, PURCHASE_PRICE, PAYMENT_PRICE, PRODUCT_ID)
values (2521, 2501, 2404, 49900, 30000, 79900, null);
insert into EB_SKU_OFFER (SKU_OFFER_ID, OFFER_ID, SKU_ID, SKU_DISCOUNT, PURCHASE_PRICE, PAYMENT_PRICE, PRODUCT_ID)
values (2522, 2502, 2441, 199900, 260000, 459900, null);
insert into EB_SKU_OFFER (SKU_OFFER_ID, OFFER_ID, SKU_ID, SKU_DISCOUNT, PURCHASE_PRICE, PAYMENT_PRICE, PRODUCT_ID)
values (2523, 2503, 2441, 199900, 260000, 459900, null);
insert into EB_SKU_OFFER (SKU_OFFER_ID, OFFER_ID, SKU_ID, SKU_DISCOUNT, PURCHASE_PRICE, PAYMENT_PRICE, PRODUCT_ID)
values (2528, 2508, 2405, 74900, 8000, 82900, null);
insert into EB_SKU_OFFER (SKU_OFFER_ID, OFFER_ID, SKU_ID, SKU_DISCOUNT, PURCHASE_PRICE, PAYMENT_PRICE, PRODUCT_ID)
values (2529, 2509, 2441, 119900, 340000, 459900, null);
insert into EB_SKU_OFFER (SKU_OFFER_ID, OFFER_ID, SKU_ID, SKU_DISCOUNT, PURCHASE_PRICE, PAYMENT_PRICE, PRODUCT_ID)
values (2530, 2510, 2405, 74900, 8000, 82900, null);
insert into EB_SKU_OFFER (SKU_OFFER_ID, OFFER_ID, SKU_ID, SKU_DISCOUNT, PURCHASE_PRICE, PAYMENT_PRICE, PRODUCT_ID)
values (2535, 2523, 2442, 199900, 200000, 399900, null);
insert into EB_SKU_OFFER (SKU_OFFER_ID, OFFER_ID, SKU_ID, SKU_DISCOUNT, PURCHASE_PRICE, PAYMENT_PRICE, PRODUCT_ID)
values (2554, 2542, 2406, 74900, 9000, 83900, null);
insert into EB_SKU_OFFER (SKU_OFFER_ID, OFFER_ID, SKU_ID, SKU_DISCOUNT, PURCHASE_PRICE, PAYMENT_PRICE, PRODUCT_ID)
values (2555, 2543, 2406, 59900, 24000, 83900, null);
insert into EB_SKU_OFFER (SKU_OFFER_ID, OFFER_ID, SKU_ID, SKU_DISCOUNT, PURCHASE_PRICE, PAYMENT_PRICE, PRODUCT_ID)
values (2556, 2544, 2403, 99900, 80000, 179900, null);
insert into EB_SKU_OFFER (SKU_OFFER_ID, OFFER_ID, SKU_ID, SKU_DISCOUNT, PURCHASE_PRICE, PAYMENT_PRICE, PRODUCT_ID)
values (2560, 2548, 2403, 74900, 105000, 179900, null);
insert into EB_SKU_OFFER (SKU_OFFER_ID, OFFER_ID, SKU_ID, SKU_DISCOUNT, PURCHASE_PRICE, PAYMENT_PRICE, PRODUCT_ID)
values (2568, 2556, 2444, 89900, 5000, 94900, null);
insert into EB_SKU_OFFER (SKU_OFFER_ID, OFFER_ID, SKU_ID, SKU_DISCOUNT, PURCHASE_PRICE, PAYMENT_PRICE, PRODUCT_ID)
values (2571, 2559, 2443, 119900, 40000, 159900, null);
insert into EB_SKU_OFFER (SKU_OFFER_ID, OFFER_ID, SKU_ID, SKU_DISCOUNT, PURCHASE_PRICE, PAYMENT_PRICE, PRODUCT_ID)
values (2578, 2566, 2444, 59900, 35000, 94900, null);
insert into EB_SKU_OFFER (SKU_OFFER_ID, OFFER_ID, SKU_ID, SKU_DISCOUNT, PURCHASE_PRICE, PAYMENT_PRICE, PRODUCT_ID)
values (2579, 2567, 2443, 74900, 85000, 159900, null);
insert into EB_SKU_OFFER (SKU_OFFER_ID, OFFER_ID, SKU_ID, SKU_DISCOUNT, PURCHASE_PRICE, PAYMENT_PRICE, PRODUCT_ID)
values (2580, 2568, 2443, 74900, 85000, 159900, null);
insert into EB_SKU_OFFER (SKU_OFFER_ID, OFFER_ID, SKU_ID, SKU_DISCOUNT, PURCHASE_PRICE, PAYMENT_PRICE, PRODUCT_ID)
values (2583, 2571, 2443, 59900, 100000, 159900, null);
insert into EB_SKU_OFFER (SKU_OFFER_ID, OFFER_ID, SKU_ID, SKU_DISCOUNT, PURCHASE_PRICE, PAYMENT_PRICE, PRODUCT_ID)
values (2584, 2572, 2444, 49900, 45000, 94900, null);
insert into EB_SKU_OFFER (SKU_OFFER_ID, OFFER_ID, SKU_ID, SKU_DISCOUNT, PURCHASE_PRICE, PAYMENT_PRICE, PRODUCT_ID)
values (2585, 2573, 2443, 59900, 100000, 159900, null);
insert into EB_SKU_OFFER (SKU_OFFER_ID, OFFER_ID, SKU_ID, SKU_DISCOUNT, PURCHASE_PRICE, PAYMENT_PRICE, PRODUCT_ID)
values (2586, 2574, 2460, 119900, 20000, 139900, null);
insert into EB_SKU_OFFER (SKU_OFFER_ID, OFFER_ID, SKU_ID, SKU_DISCOUNT, PURCHASE_PRICE, PAYMENT_PRICE, PRODUCT_ID)
values (2592, 2580, 2460, 74900, 65000, 139900, null);
insert into EB_SKU_OFFER (SKU_OFFER_ID, OFFER_ID, SKU_ID, SKU_DISCOUNT, PURCHASE_PRICE, PAYMENT_PRICE, PRODUCT_ID)
values (2596, 2584, 2461, 119900, 15000, 134900, null);
insert into EB_SKU_OFFER (SKU_OFFER_ID, OFFER_ID, SKU_ID, SKU_DISCOUNT, PURCHASE_PRICE, PAYMENT_PRICE, PRODUCT_ID)
values (2597, 2585, 2461, 119900, 15000, 134900, null);
insert into EB_SKU_OFFER (SKU_OFFER_ID, OFFER_ID, SKU_ID, SKU_DISCOUNT, PURCHASE_PRICE, PAYMENT_PRICE, PRODUCT_ID)
values (2599, 2587, 2461, 99900, 35000, 134900, null);
insert into EB_SKU_OFFER (SKU_OFFER_ID, OFFER_ID, SKU_ID, SKU_DISCOUNT, PURCHASE_PRICE, PAYMENT_PRICE, PRODUCT_ID)
values (2601, 2589, 2461, 74900, 60000, 134900, null);
insert into EB_SKU_OFFER (SKU_OFFER_ID, OFFER_ID, SKU_ID, SKU_DISCOUNT, PURCHASE_PRICE, PAYMENT_PRICE, PRODUCT_ID)
values (2602, 2590, 2461, 74900, 60000, 134900, null);
insert into EB_SKU_OFFER (SKU_OFFER_ID, OFFER_ID, SKU_ID, SKU_DISCOUNT, PURCHASE_PRICE, PAYMENT_PRICE, PRODUCT_ID)
values (2150, 2139, 2242, 89900, 0, 89900, null);
insert into EB_SKU_OFFER (SKU_OFFER_ID, OFFER_ID, SKU_ID, SKU_DISCOUNT, PURCHASE_PRICE, PAYMENT_PRICE, PRODUCT_ID)
values (2220, 2200, 2220, 19900, 0, 19900, null);
insert into EB_SKU_OFFER (SKU_OFFER_ID, OFFER_ID, SKU_ID, SKU_DISCOUNT, PURCHASE_PRICE, PAYMENT_PRICE, PRODUCT_ID)
values (2221, 2201, 2220, 19900, 0, 19900, null);
insert into EB_SKU_OFFER (SKU_OFFER_ID, OFFER_ID, SKU_ID, SKU_DISCOUNT, PURCHASE_PRICE, PAYMENT_PRICE, PRODUCT_ID)
values (2222, 2202, 2221, 19900, 0, 19900, null);
insert into EB_SKU_OFFER (SKU_OFFER_ID, OFFER_ID, SKU_ID, SKU_DISCOUNT, PURCHASE_PRICE, PAYMENT_PRICE, PRODUCT_ID)
values (2225, 2205, 2120, 19900, 0, 19900, null);
insert into EB_SKU_OFFER (SKU_OFFER_ID, OFFER_ID, SKU_ID, SKU_DISCOUNT, PURCHASE_PRICE, PAYMENT_PRICE, PRODUCT_ID)
values (2228, 2208, 2100, 19900, 0, 19900, null);
insert into EB_SKU_OFFER (SKU_OFFER_ID, OFFER_ID, SKU_ID, SKU_DISCOUNT, PURCHASE_PRICE, PAYMENT_PRICE, PRODUCT_ID)
values (2240, 2220, 2160, 29900, 0, 29900, null);
insert into EB_SKU_OFFER (SKU_OFFER_ID, OFFER_ID, SKU_ID, SKU_DISCOUNT, PURCHASE_PRICE, PAYMENT_PRICE, PRODUCT_ID)
values (2241, 2221, 2180, 54900, 0, 54900, null);
insert into EB_SKU_OFFER (SKU_OFFER_ID, OFFER_ID, SKU_ID, SKU_DISCOUNT, PURCHASE_PRICE, PAYMENT_PRICE, PRODUCT_ID)
values (2242, 2222, 2180, 54900, 0, 54900, null);
insert into EB_SKU_OFFER (SKU_OFFER_ID, OFFER_ID, SKU_ID, SKU_DISCOUNT, PURCHASE_PRICE, PAYMENT_PRICE, PRODUCT_ID)
values (2244, 2224, 2160, 29900, 0, 29900, null);
insert into EB_SKU_OFFER (SKU_OFFER_ID, OFFER_ID, SKU_ID, SKU_DISCOUNT, PURCHASE_PRICE, PAYMENT_PRICE, PRODUCT_ID)
values (2245, 2225, 2180, 54900, 0, 54900, null);
insert into EB_SKU_OFFER (SKU_OFFER_ID, OFFER_ID, SKU_ID, SKU_DISCOUNT, PURCHASE_PRICE, PAYMENT_PRICE, PRODUCT_ID)
values (2246, 2226, 2161, 54900, 0, 54900, null);
insert into EB_SKU_OFFER (SKU_OFFER_ID, OFFER_ID, SKU_ID, SKU_DISCOUNT, PURCHASE_PRICE, PAYMENT_PRICE, PRODUCT_ID)
values (2248, 2228, 2040, 79900, 0, 79900, null);
insert into EB_SKU_OFFER (SKU_OFFER_ID, OFFER_ID, SKU_ID, SKU_DISCOUNT, PURCHASE_PRICE, PAYMENT_PRICE, PRODUCT_ID)
values (2253, 2243, 2060, 89900, 0, 89900, null);
insert into EB_SKU_OFFER (SKU_OFFER_ID, OFFER_ID, SKU_ID, SKU_DISCOUNT, PURCHASE_PRICE, PAYMENT_PRICE, PRODUCT_ID)
values (2259, 2260, 2320, 129900, 0, 129900, null);
insert into EB_SKU_OFFER (SKU_OFFER_ID, OFFER_ID, SKU_ID, SKU_DISCOUNT, PURCHASE_PRICE, PAYMENT_PRICE, PRODUCT_ID)
values (2260, 2261, 2081, 169900, 0, 169900, null);
insert into EB_SKU_OFFER (SKU_OFFER_ID, OFFER_ID, SKU_ID, SKU_DISCOUNT, PURCHASE_PRICE, PAYMENT_PRICE, PRODUCT_ID)
values (2261, 2262, 2060, 89900, 0, 89900, null);
insert into EB_SKU_OFFER (SKU_OFFER_ID, OFFER_ID, SKU_ID, SKU_DISCOUNT, PURCHASE_PRICE, PAYMENT_PRICE, PRODUCT_ID)
values (2262, 2263, 2080, 199900, 300000, 499900, null);
commit;
prompt 293 records loaded
prompt Loading EB_SLOT...
insert into EB_SLOT (SLOT_ID, SLOT_NAME, SLOT_BELONG, SLOT_TYPE, SKU_QUANTITY, SKU_PIC_SIZE, AREA_ID)
values (1, '首页活动版位', 1, 1, 1, '1', '10001');
insert into EB_SLOT (SLOT_ID, SLOT_NAME, SLOT_BELONG, SLOT_TYPE, SKU_QUANTITY, SKU_PIC_SIZE, AREA_ID)
values (2, '首页活动版位', 1, 1, 1, '1', '10002');
insert into EB_SLOT (SLOT_ID, SLOT_NAME, SLOT_BELONG, SLOT_TYPE, SKU_QUANTITY, SKU_PIC_SIZE, AREA_ID)
values (3, '首页活动版位', 1, 1, 1, '1', '10003');
insert into EB_SLOT (SLOT_ID, SLOT_NAME, SLOT_BELONG, SLOT_TYPE, SKU_QUANTITY, SKU_PIC_SIZE, AREA_ID)
values (4, '首页活动版位', 1, 1, 1, '1', '10004');
insert into EB_SLOT (SLOT_ID, SLOT_NAME, SLOT_BELONG, SLOT_TYPE, SKU_QUANTITY, SKU_PIC_SIZE, AREA_ID)
values (5, '首页活动版位', 1, 1, 1, '1', '10005');
insert into EB_SLOT (SLOT_ID, SLOT_NAME, SLOT_BELONG, SLOT_TYPE, SKU_QUANTITY, SKU_PIC_SIZE, AREA_ID)
values (6, '首页活动版位', 1, 1, 1, '1', '10006');
insert into EB_SLOT (SLOT_ID, SLOT_NAME, SLOT_BELONG, SLOT_TYPE, SKU_QUANTITY, SKU_PIC_SIZE, AREA_ID)
values (7, '首页活动版位', 1, 1, 1, '1', '10007');
insert into EB_SLOT (SLOT_ID, SLOT_NAME, SLOT_BELONG, SLOT_TYPE, SKU_QUANTITY, SKU_PIC_SIZE, AREA_ID)
values (8, '首页活动版位', 1, 1, 1, '1', '10008');
insert into EB_SLOT (SLOT_ID, SLOT_NAME, SLOT_BELONG, SLOT_TYPE, SKU_QUANTITY, SKU_PIC_SIZE, AREA_ID)
values (9, '首页活动版位', 1, 1, 1, '1', '10009');
insert into EB_SLOT (SLOT_ID, SLOT_NAME, SLOT_BELONG, SLOT_TYPE, SKU_QUANTITY, SKU_PIC_SIZE, AREA_ID)
values (11, '首页新品上架', 1, 2, 1, '1', '10001');
insert into EB_SLOT (SLOT_ID, SLOT_NAME, SLOT_BELONG, SLOT_TYPE, SKU_QUANTITY, SKU_PIC_SIZE, AREA_ID)
values (12, '首页新品上架', 1, 2, 1, '1', '10002');
insert into EB_SLOT (SLOT_ID, SLOT_NAME, SLOT_BELONG, SLOT_TYPE, SKU_QUANTITY, SKU_PIC_SIZE, AREA_ID)
values (13, '首页新品上架', 1, 2, 1, '1', '10003');
insert into EB_SLOT (SLOT_ID, SLOT_NAME, SLOT_BELONG, SLOT_TYPE, SKU_QUANTITY, SKU_PIC_SIZE, AREA_ID)
values (14, '首页新品上架', 1, 2, 1, '1', '10004');
insert into EB_SLOT (SLOT_ID, SLOT_NAME, SLOT_BELONG, SLOT_TYPE, SKU_QUANTITY, SKU_PIC_SIZE, AREA_ID)
values (15, '首页新品上架', 1, 2, 1, '1', '10005');
insert into EB_SLOT (SLOT_ID, SLOT_NAME, SLOT_BELONG, SLOT_TYPE, SKU_QUANTITY, SKU_PIC_SIZE, AREA_ID)
values (16, '首页新品上架', 1, 2, 1, '1', '10006');
insert into EB_SLOT (SLOT_ID, SLOT_NAME, SLOT_BELONG, SLOT_TYPE, SKU_QUANTITY, SKU_PIC_SIZE, AREA_ID)
values (17, '首页新品上架', 1, 2, 1, '1', '10007');
insert into EB_SLOT (SLOT_ID, SLOT_NAME, SLOT_BELONG, SLOT_TYPE, SKU_QUANTITY, SKU_PIC_SIZE, AREA_ID)
values (18, '首页新品上架', 1, 2, 1, '1', '10008');
insert into EB_SLOT (SLOT_ID, SLOT_NAME, SLOT_BELONG, SLOT_TYPE, SKU_QUANTITY, SKU_PIC_SIZE, AREA_ID)
values (19, '首页新品上架', 1, 2, 1, '1', '10009');
insert into EB_SLOT (SLOT_ID, SLOT_NAME, SLOT_BELONG, SLOT_TYPE, SKU_QUANTITY, SKU_PIC_SIZE, AREA_ID)
values (21, '首页特价专区', 1, 2, 1, '1', '10001');
insert into EB_SLOT (SLOT_ID, SLOT_NAME, SLOT_BELONG, SLOT_TYPE, SKU_QUANTITY, SKU_PIC_SIZE, AREA_ID)
values (22, '首页特价专区', 1, 2, 1, '1', '10002');
insert into EB_SLOT (SLOT_ID, SLOT_NAME, SLOT_BELONG, SLOT_TYPE, SKU_QUANTITY, SKU_PIC_SIZE, AREA_ID)
values (23, '首页特价专区', 1, 2, 1, '1', '10003');
insert into EB_SLOT (SLOT_ID, SLOT_NAME, SLOT_BELONG, SLOT_TYPE, SKU_QUANTITY, SKU_PIC_SIZE, AREA_ID)
values (24, '首页特价专区', 1, 2, 1, '1', '10004');
insert into EB_SLOT (SLOT_ID, SLOT_NAME, SLOT_BELONG, SLOT_TYPE, SKU_QUANTITY, SKU_PIC_SIZE, AREA_ID)
values (25, '首页特价专区', 1, 2, 1, '1', '10005');
insert into EB_SLOT (SLOT_ID, SLOT_NAME, SLOT_BELONG, SLOT_TYPE, SKU_QUANTITY, SKU_PIC_SIZE, AREA_ID)
values (26, '首页特价专区', 1, 2, 1, '1', '10006');
insert into EB_SLOT (SLOT_ID, SLOT_NAME, SLOT_BELONG, SLOT_TYPE, SKU_QUANTITY, SKU_PIC_SIZE, AREA_ID)
values (27, '首页特价专区', 1, 2, 1, '1', '10007');
insert into EB_SLOT (SLOT_ID, SLOT_NAME, SLOT_BELONG, SLOT_TYPE, SKU_QUANTITY, SKU_PIC_SIZE, AREA_ID)
values (28, '首页特价专区', 1, 2, 1, '1', '10008');
insert into EB_SLOT (SLOT_ID, SLOT_NAME, SLOT_BELONG, SLOT_TYPE, SKU_QUANTITY, SKU_PIC_SIZE, AREA_ID)
values (29, '首页特价专区', 1, 2, 1, '1', '10009');
insert into EB_SLOT (SLOT_ID, SLOT_NAME, SLOT_BELONG, SLOT_TYPE, SKU_QUANTITY, SKU_PIC_SIZE, AREA_ID)
values (41, '营销活动列表', 3, 1, 1, '1', '10001');
insert into EB_SLOT (SLOT_ID, SLOT_NAME, SLOT_BELONG, SLOT_TYPE, SKU_QUANTITY, SKU_PIC_SIZE, AREA_ID)
values (42, '营销活动列表', 3, 1, 1, '1', '10002');
insert into EB_SLOT (SLOT_ID, SLOT_NAME, SLOT_BELONG, SLOT_TYPE, SKU_QUANTITY, SKU_PIC_SIZE, AREA_ID)
values (43, '营销活动列表', 3, 1, 1, '1', '10003');
insert into EB_SLOT (SLOT_ID, SLOT_NAME, SLOT_BELONG, SLOT_TYPE, SKU_QUANTITY, SKU_PIC_SIZE, AREA_ID)
values (44, '营销活动列表', 3, 1, 1, '1', '10004');
insert into EB_SLOT (SLOT_ID, SLOT_NAME, SLOT_BELONG, SLOT_TYPE, SKU_QUANTITY, SKU_PIC_SIZE, AREA_ID)
values (45, '营销活动列表', 3, 1, 1, '1', '10005');
insert into EB_SLOT (SLOT_ID, SLOT_NAME, SLOT_BELONG, SLOT_TYPE, SKU_QUANTITY, SKU_PIC_SIZE, AREA_ID)
values (46, '营销活动列表', 3, 1, 1, '1', '10006');
insert into EB_SLOT (SLOT_ID, SLOT_NAME, SLOT_BELONG, SLOT_TYPE, SKU_QUANTITY, SKU_PIC_SIZE, AREA_ID)
values (47, '营销活动列表', 3, 1, 1, '1', '10007');
insert into EB_SLOT (SLOT_ID, SLOT_NAME, SLOT_BELONG, SLOT_TYPE, SKU_QUANTITY, SKU_PIC_SIZE, AREA_ID)
values (48, '营销活动列表', 3, 1, 1, '1', '10008');
insert into EB_SLOT (SLOT_ID, SLOT_NAME, SLOT_BELONG, SLOT_TYPE, SKU_QUANTITY, SKU_PIC_SIZE, AREA_ID)
values (49, '营销活动列表', 3, 1, 1, '1', '10009');
insert into EB_SLOT (SLOT_ID, SLOT_NAME, SLOT_BELONG, SLOT_TYPE, SKU_QUANTITY, SKU_PIC_SIZE, AREA_ID)
values (100, '销量排行榜', 5, 1, 1, '1', null);
insert into EB_SLOT (SLOT_ID, SLOT_NAME, SLOT_BELONG, SLOT_TYPE, SKU_QUANTITY, SKU_PIC_SIZE, AREA_ID)
values (101, '头部', 5, 1, 1, '1', null);
insert into EB_SLOT (SLOT_ID, SLOT_NAME, SLOT_BELONG, SLOT_TYPE, SKU_QUANTITY, SKU_PIC_SIZE, AREA_ID)
values (51, '门户商城版位', 1, 2, 1, '1', '10001');
insert into EB_SLOT (SLOT_ID, SLOT_NAME, SLOT_BELONG, SLOT_TYPE, SKU_QUANTITY, SKU_PIC_SIZE, AREA_ID)
values (61, '门户商城团购版位', 1, 2, 1, '1', '10001');
insert into EB_SLOT (SLOT_ID, SLOT_NAME, SLOT_BELONG, SLOT_TYPE, SKU_QUANTITY, SKU_PIC_SIZE, AREA_ID)
values (71, '门户商城营销案版位', 1, 2, 1, '1', '10001');
insert into EB_SLOT (SLOT_ID, SLOT_NAME, SLOT_BELONG, SLOT_TYPE, SKU_QUANTITY, SKU_PIC_SIZE, AREA_ID)
values (81, '门户商城裸机版位', 1, 2, 1, '1', '10001');
insert into EB_SLOT (SLOT_ID, SLOT_NAME, SLOT_BELONG, SLOT_TYPE, SKU_QUANTITY, SKU_PIC_SIZE, AREA_ID)
values (91, '门户商城秒杀版位', 1, 2, 1, '1', '10001');
insert into EB_SLOT (SLOT_ID, SLOT_NAME, SLOT_BELONG, SLOT_TYPE, SKU_QUANTITY, SKU_PIC_SIZE, AREA_ID)
values (110, '辽宁门户首页营销案版位', 1, 2, 1, '1', '10001');
insert into EB_SLOT (SLOT_ID, SLOT_NAME, SLOT_BELONG, SLOT_TYPE, SKU_QUANTITY, SKU_PIC_SIZE, AREA_ID)
values (121, '首页活动版位', 1, 1, 1, '1', '10011');
insert into EB_SLOT (SLOT_ID, SLOT_NAME, SLOT_BELONG, SLOT_TYPE, SKU_QUANTITY, SKU_PIC_SIZE, AREA_ID)
values (122, '首页活动版位', 1, 1, 1, '1', '10012');
insert into EB_SLOT (SLOT_ID, SLOT_NAME, SLOT_BELONG, SLOT_TYPE, SKU_QUANTITY, SKU_PIC_SIZE, AREA_ID)
values (123, '首页活动版位', 1, 1, 1, '1', '10013');
insert into EB_SLOT (SLOT_ID, SLOT_NAME, SLOT_BELONG, SLOT_TYPE, SKU_QUANTITY, SKU_PIC_SIZE, AREA_ID)
values (124, '首页活动版位', 1, 1, 1, '1', '10014');
insert into EB_SLOT (SLOT_ID, SLOT_NAME, SLOT_BELONG, SLOT_TYPE, SKU_QUANTITY, SKU_PIC_SIZE, AREA_ID)
values (120, '首页活动版位', 1, 1, 1, '1', '10010');
insert into EB_SLOT (SLOT_ID, SLOT_NAME, SLOT_BELONG, SLOT_TYPE, SKU_QUANTITY, SKU_PIC_SIZE, AREA_ID)
values (130, '首页新品上架', 1, 2, 1, '1', '10010');
insert into EB_SLOT (SLOT_ID, SLOT_NAME, SLOT_BELONG, SLOT_TYPE, SKU_QUANTITY, SKU_PIC_SIZE, AREA_ID)
values (131, '首页新品上架', 1, 2, 1, '1', '10011');
insert into EB_SLOT (SLOT_ID, SLOT_NAME, SLOT_BELONG, SLOT_TYPE, SKU_QUANTITY, SKU_PIC_SIZE, AREA_ID)
values (132, '首页新品上架', 1, 2, 1, '1', '10012');
insert into EB_SLOT (SLOT_ID, SLOT_NAME, SLOT_BELONG, SLOT_TYPE, SKU_QUANTITY, SKU_PIC_SIZE, AREA_ID)
values (133, '首页新品上架', 1, 2, 1, '1', '10013');
insert into EB_SLOT (SLOT_ID, SLOT_NAME, SLOT_BELONG, SLOT_TYPE, SKU_QUANTITY, SKU_PIC_SIZE, AREA_ID)
values (134, '首页新品上架', 1, 2, 1, '1', '10014');
insert into EB_SLOT (SLOT_ID, SLOT_NAME, SLOT_BELONG, SLOT_TYPE, SKU_QUANTITY, SKU_PIC_SIZE, AREA_ID)
values (140, '首页特价专区', 1, 2, 1, '1', '10010');
insert into EB_SLOT (SLOT_ID, SLOT_NAME, SLOT_BELONG, SLOT_TYPE, SKU_QUANTITY, SKU_PIC_SIZE, AREA_ID)
values (141, '首页特价专区', 1, 2, 1, '1', '10011');
insert into EB_SLOT (SLOT_ID, SLOT_NAME, SLOT_BELONG, SLOT_TYPE, SKU_QUANTITY, SKU_PIC_SIZE, AREA_ID)
values (142, '首页特价专区', 1, 2, 1, '1', '10012');
insert into EB_SLOT (SLOT_ID, SLOT_NAME, SLOT_BELONG, SLOT_TYPE, SKU_QUANTITY, SKU_PIC_SIZE, AREA_ID)
values (143, '首页特价专区', 1, 2, 1, '1', '10013');
insert into EB_SLOT (SLOT_ID, SLOT_NAME, SLOT_BELONG, SLOT_TYPE, SKU_QUANTITY, SKU_PIC_SIZE, AREA_ID)
values (144, '首页特价专区', 1, 2, 1, '1', '10014');
insert into EB_SLOT (SLOT_ID, SLOT_NAME, SLOT_BELONG, SLOT_TYPE, SKU_QUANTITY, SKU_PIC_SIZE, AREA_ID)
values (52, '营销活动列表', 3, 1, 1, '1', '10010');
insert into EB_SLOT (SLOT_ID, SLOT_NAME, SLOT_BELONG, SLOT_TYPE, SKU_QUANTITY, SKU_PIC_SIZE, AREA_ID)
values (53, '营销活动列表', 3, 1, 1, '1', '10011');
insert into EB_SLOT (SLOT_ID, SLOT_NAME, SLOT_BELONG, SLOT_TYPE, SKU_QUANTITY, SKU_PIC_SIZE, AREA_ID)
values (54, '营销活动列表', 3, 1, 1, '1', '10012');
insert into EB_SLOT (SLOT_ID, SLOT_NAME, SLOT_BELONG, SLOT_TYPE, SKU_QUANTITY, SKU_PIC_SIZE, AREA_ID)
values (55, '营销活动列表', 3, 1, 1, '1', '10013');
insert into EB_SLOT (SLOT_ID, SLOT_NAME, SLOT_BELONG, SLOT_TYPE, SKU_QUANTITY, SKU_PIC_SIZE, AREA_ID)
values (56, '营销活动列表', 3, 1, 1, '1', '10014');
commit;
prompt 64 records loaded
prompt Loading EB_SLOT_SKU...
insert into EB_SLOT_SKU (SLOT_SKU_ID, SLOT_ID, SKU_ID, ITEM_ID, SKU_SORT, SALE_SKU)
values (3001, 11, null, 2424, 1, null);
insert into EB_SLOT_SKU (SLOT_SKU_ID, SLOT_ID, SKU_ID, ITEM_ID, SKU_SORT, SALE_SKU)
values (3002, 21, null, 2422, 10, null);
insert into EB_SLOT_SKU (SLOT_SKU_ID, SLOT_ID, SKU_ID, ITEM_ID, SKU_SORT, SALE_SKU)
values (3003, 21, null, 2420, 10, null);
insert into EB_SLOT_SKU (SLOT_SKU_ID, SLOT_ID, SKU_ID, ITEM_ID, SKU_SORT, SALE_SKU)
values (3020, 11, null, 3007, 2, null);
insert into EB_SLOT_SKU (SLOT_SKU_ID, SLOT_ID, SKU_ID, ITEM_ID, SKU_SORT, SALE_SKU)
values (3021, 11, null, 3006, 3, null);
insert into EB_SLOT_SKU (SLOT_SKU_ID, SLOT_ID, SKU_ID, ITEM_ID, SKU_SORT, SALE_SKU)
values (3022, 11, null, 3003, 4, null);
commit;
prompt 6 records loaded
prompt Loading EB_SMS_GROUP...
prompt Table is empty
prompt Loading EB_SPEC_VALUE...
insert into EB_SPEC_VALUE (SPEC_ID, SKU_ID, FEATURE_ID, SPEC_VALUE)
values (3003, 3003, 2120, '现有库存颜色请咨询在线客服');
insert into EB_SPEC_VALUE (SPEC_ID, SKU_ID, FEATURE_ID, SPEC_VALUE)
values (3004, 3004, 2120, '现有库存颜色请咨询在线客服');
insert into EB_SPEC_VALUE (SPEC_ID, SKU_ID, FEATURE_ID, SPEC_VALUE)
values (3005, 3005, 2120, '现有库存颜色请咨询在线客服');
insert into EB_SPEC_VALUE (SPEC_ID, SKU_ID, FEATURE_ID, SPEC_VALUE)
values (3006, 3006, 2120, '现有库存颜色请咨询在线客服');
insert into EB_SPEC_VALUE (SPEC_ID, SKU_ID, FEATURE_ID, SPEC_VALUE)
values (3007, 3007, 2120, '现有库存颜色请咨询在线客服');
insert into EB_SPEC_VALUE (SPEC_ID, SKU_ID, FEATURE_ID, SPEC_VALUE)
values (3040, 3020, 2120, '现有库存颜色请咨询在线客服');
insert into EB_SPEC_VALUE (SPEC_ID, SKU_ID, FEATURE_ID, SPEC_VALUE)
values (3060, 3040, 2120, '现有库存颜色请咨询在线客服');
insert into EB_SPEC_VALUE (SPEC_ID, SKU_ID, FEATURE_ID, SPEC_VALUE)
values (3000, 3000, 2120, '现有库存颜色请咨询在线客服');
insert into EB_SPEC_VALUE (SPEC_ID, SKU_ID, FEATURE_ID, SPEC_VALUE)
values (3001, 3001, 2120, '现有库存颜色请咨询在线客服');
insert into EB_SPEC_VALUE (SPEC_ID, SKU_ID, FEATURE_ID, SPEC_VALUE)
values (3002, 3002, 2120, '现有库存颜色请咨询在线客服');
insert into EB_SPEC_VALUE (SPEC_ID, SKU_ID, FEATURE_ID, SPEC_VALUE)
values (3028, 3010, 3000, '4');
insert into EB_SPEC_VALUE (SPEC_ID, SKU_ID, FEATURE_ID, SPEC_VALUE)
values (3029, 3008, 3000, '1');
insert into EB_SPEC_VALUE (SPEC_ID, SKU_ID, FEATURE_ID, SPEC_VALUE)
values (3030, 3012, 3000, '2');
insert into EB_SPEC_VALUE (SPEC_ID, SKU_ID, FEATURE_ID, SPEC_VALUE)
values (2260, 2463, 2120, '现有库存颜色请咨询在线客服');
insert into EB_SPEC_VALUE (SPEC_ID, SKU_ID, FEATURE_ID, SPEC_VALUE)
values (2302, 3401, 3120, '现有库存颜色请咨询在线客服');
insert into EB_SPEC_VALUE (SPEC_ID, SKU_ID, FEATURE_ID, SPEC_VALUE)
values (2307, 2443, 2120, '现有库存颜色请咨询在线客服');
insert into EB_SPEC_VALUE (SPEC_ID, SKU_ID, FEATURE_ID, SPEC_VALUE)
values (2308, 2403, 2120, '现有库存颜色请咨询在线客服');
insert into EB_SPEC_VALUE (SPEC_ID, SKU_ID, FEATURE_ID, SPEC_VALUE)
values (2309, 2422, 2120, '现有库存颜色请咨询在线客服');
insert into EB_SPEC_VALUE (SPEC_ID, SKU_ID, FEATURE_ID, SPEC_VALUE)
values (2310, 2421, 2120, '现有库存颜色请咨询在线客服');
insert into EB_SPEC_VALUE (SPEC_ID, SKU_ID, FEATURE_ID, SPEC_VALUE)
values (2320, 2440, 2120, '现有库存颜色请咨询在线客服');
insert into EB_SPEC_VALUE (SPEC_ID, SKU_ID, FEATURE_ID, SPEC_VALUE)
values (2340, 2442, 2120, '现有库存颜色请咨询在线客服');
insert into EB_SPEC_VALUE (SPEC_ID, SKU_ID, FEATURE_ID, SPEC_VALUE)
values (2360, 2400, 2120, '现有库存颜色请咨询在线客服');
insert into EB_SPEC_VALUE (SPEC_ID, SKU_ID, FEATURE_ID, SPEC_VALUE)
values (2140, 2280, 2120, '现有库存颜色请咨询在线客服');
insert into EB_SPEC_VALUE (SPEC_ID, SKU_ID, FEATURE_ID, SPEC_VALUE)
values (2224, 2405, 2120, '现有库存颜色请咨询在线客服');
insert into EB_SPEC_VALUE (SPEC_ID, SKU_ID, FEATURE_ID, SPEC_VALUE)
values (2242, 2460, 2120, '现有库存颜色请咨询在线客服');
insert into EB_SPEC_VALUE (SPEC_ID, SKU_ID, FEATURE_ID, SPEC_VALUE)
values (2141, 2300, 2120, '现有库存颜色请咨询在线客服');
insert into EB_SPEC_VALUE (SPEC_ID, SKU_ID, FEATURE_ID, SPEC_VALUE)
values (2303, 2402, 2120, '现有库存颜色请咨询在线客服');
insert into EB_SPEC_VALUE (SPEC_ID, SKU_ID, FEATURE_ID, SPEC_VALUE)
values (2304, 2404, 2120, '现有库存颜色请咨询在线客服');
insert into EB_SPEC_VALUE (SPEC_ID, SKU_ID, FEATURE_ID, SPEC_VALUE)
values (2305, 2444, 2120, '现有库存颜色请咨询在线客服');
insert into EB_SPEC_VALUE (SPEC_ID, SKU_ID, FEATURE_ID, SPEC_VALUE)
values (2080, 2180, 2120, '现有库存颜色请咨询在线客服');
insert into EB_SPEC_VALUE (SPEC_ID, SKU_ID, FEATURE_ID, SPEC_VALUE)
values (2306, 2462, 2120, '现有库存颜色请咨询在线客服');
insert into EB_SPEC_VALUE (SPEC_ID, SKU_ID, FEATURE_ID, SPEC_VALUE)
values (2121, 2241, 2120, '现有库存颜色请咨询在线客服');
insert into EB_SPEC_VALUE (SPEC_ID, SKU_ID, FEATURE_ID, SPEC_VALUE)
values (2160, 2320, 2120, '现有库存颜色请咨询在线客服');
insert into EB_SPEC_VALUE (SPEC_ID, SKU_ID, FEATURE_ID, SPEC_VALUE)
values (2161, 2301, 2120, '现有库存颜色请咨询在线客服');
insert into EB_SPEC_VALUE (SPEC_ID, SKU_ID, FEATURE_ID, SPEC_VALUE)
values (2162, 2221, 2120, '现有库存颜色请咨询在线客服');
insert into EB_SPEC_VALUE (SPEC_ID, SKU_ID, FEATURE_ID, SPEC_VALUE)
values (2164, 2160, 2120, '现有库存颜色请咨询在线客服');
insert into EB_SPEC_VALUE (SPEC_ID, SKU_ID, FEATURE_ID, SPEC_VALUE)
values (2165, 2140, 2120, '现有库存颜色请咨询在线客服');
insert into EB_SPEC_VALUE (SPEC_ID, SKU_ID, FEATURE_ID, SPEC_VALUE)
values (2173, 2240, 2120, '现有库存颜色请咨询在线客服');
insert into EB_SPEC_VALUE (SPEC_ID, SKU_ID, FEATURE_ID, SPEC_VALUE)
values (2174, 2120, 2120, '现有库存颜色请咨询在线客服');
insert into EB_SPEC_VALUE (SPEC_ID, SKU_ID, FEATURE_ID, SPEC_VALUE)
values (2176, 2181, 2120, '现有库存颜色请咨询在线客服');
insert into EB_SPEC_VALUE (SPEC_ID, SKU_ID, FEATURE_ID, SPEC_VALUE)
values (2177, 2220, 2120, '现有库存颜色请咨询在线客服');
insert into EB_SPEC_VALUE (SPEC_ID, SKU_ID, FEATURE_ID, SPEC_VALUE)
values (2200, 2100, 2120, '现有库存颜色请咨询在线客服');
insert into EB_SPEC_VALUE (SPEC_ID, SKU_ID, FEATURE_ID, SPEC_VALUE)
values (2280, 2161, 2120, '现有库存颜色请咨询在线客服');
insert into EB_SPEC_VALUE (SPEC_ID, SKU_ID, FEATURE_ID, SPEC_VALUE)
values (2380, 2380, 2120, '现有库存颜色请咨询在线客服');
insert into EB_SPEC_VALUE (SPEC_ID, SKU_ID, FEATURE_ID, SPEC_VALUE)
values (2225, 2406, 2120, '现有库存颜色请咨询在线客服');
insert into EB_SPEC_VALUE (SPEC_ID, SKU_ID, FEATURE_ID, SPEC_VALUE)
values (2243, 2461, 2120, '现有库存颜色请咨询在线客服');
insert into EB_SPEC_VALUE (SPEC_ID, SKU_ID, FEATURE_ID, SPEC_VALUE)
values (2180, 2360, 2120, '现有库存颜色请咨询在线客服');
insert into EB_SPEC_VALUE (SPEC_ID, SKU_ID, FEATURE_ID, SPEC_VALUE)
values (2082, 2200, 2120, '现有库存颜色请咨询在线客服');
insert into EB_SPEC_VALUE (SPEC_ID, SKU_ID, FEATURE_ID, SPEC_VALUE)
values (2122, 2242, 2120, '现有库存颜色请咨询在线客服');
insert into EB_SPEC_VALUE (SPEC_ID, SKU_ID, FEATURE_ID, SPEC_VALUE)
values (2123, 2260, 2120, '现有库存颜色请咨询在线客服');
insert into EB_SPEC_VALUE (SPEC_ID, SKU_ID, FEATURE_ID, SPEC_VALUE)
values (2000, 2000, 2000, '1');
insert into EB_SPEC_VALUE (SPEC_ID, SKU_ID, FEATURE_ID, SPEC_VALUE)
values (2001, 2020, 2000, '2');
insert into EB_SPEC_VALUE (SPEC_ID, SKU_ID, FEATURE_ID, SPEC_VALUE)
values (2002, 2021, 2000, '3');
insert into EB_SPEC_VALUE (SPEC_ID, SKU_ID, FEATURE_ID, SPEC_VALUE)
values (3025, 3011, 2120, '现有库存颜色请咨询在线客服');
commit;
prompt 54 records loaded
prompt Loading EB_SUIT_ITEM...
prompt Table is empty
prompt Loading EB_SUIT_ITEM_REL...
prompt Table is empty
prompt Loading EB_SUIT_VAS...
prompt Table is empty
prompt Loading EB_SUIT_VAS_REL...
prompt Table is empty
prompt Loading EB_SUPPLIER...
prompt Table is empty
prompt Loading EB_TAG...
prompt Table is empty
prompt Loading EB_TPLCAT...
insert into EB_TPLCAT (SERIAL_NO, CAT_ID, SUIT_ID, TPL_ID, TPL_TYPE)
values (3000, 3000, 4, 2001, '2');
insert into EB_TPLCAT (SERIAL_NO, CAT_ID, SUIT_ID, TPL_ID, TPL_TYPE)
values (3001, 3000, 4, 2002, '6');
insert into EB_TPLCAT (SERIAL_NO, CAT_ID, SUIT_ID, TPL_ID, TPL_TYPE)
values (1, 1, 4, 2001, '2');
insert into EB_TPLCAT (SERIAL_NO, CAT_ID, SUIT_ID, TPL_ID, TPL_TYPE)
values (2, 1, 4, 2002, '6');
commit;
prompt 4 records loaded
prompt Loading EB_TPLOFFERGROUP...
insert into EB_TPLOFFERGROUP (SERIAL_NO, OFFER_GROUP_ID, SUIT_ID, TPL_ID, TPL_TYPE)
values (3002, 3002, 4, 127, '3');
insert into EB_TPLOFFERGROUP (SERIAL_NO, OFFER_GROUP_ID, SUIT_ID, TPL_ID, TPL_TYPE)
values (3003, 3004, 4, 127, '3');
insert into EB_TPLOFFERGROUP (SERIAL_NO, OFFER_GROUP_ID, SUIT_ID, TPL_ID, TPL_TYPE)
values (3020, 3020, 4, 127, '3');
insert into EB_TPLOFFERGROUP (SERIAL_NO, OFFER_GROUP_ID, SUIT_ID, TPL_ID, TPL_TYPE)
values (3000, 3000, 4, 127, '3');
insert into EB_TPLOFFERGROUP (SERIAL_NO, OFFER_GROUP_ID, SUIT_ID, TPL_ID, TPL_TYPE)
values (3001, 3001, 4, 127, '3');
insert into EB_TPLOFFERGROUP (SERIAL_NO, OFFER_GROUP_ID, SUIT_ID, TPL_ID, TPL_TYPE)
values (1, 2100, 4, 127, '3');
insert into EB_TPLOFFERGROUP (SERIAL_NO, OFFER_GROUP_ID, SUIT_ID, TPL_ID, TPL_TYPE)
values (2, 2120, 4, 127, '3');
insert into EB_TPLOFFERGROUP (SERIAL_NO, OFFER_GROUP_ID, SUIT_ID, TPL_ID, TPL_TYPE)
values (3, 2200, 4, 127, '3');
insert into EB_TPLOFFERGROUP (SERIAL_NO, OFFER_GROUP_ID, SUIT_ID, TPL_ID, TPL_TYPE)
values (4, 2201, 4, 127, '3');
insert into EB_TPLOFFERGROUP (SERIAL_NO, OFFER_GROUP_ID, SUIT_ID, TPL_ID, TPL_TYPE)
values (5, 2160, 4, 127, '3');
insert into EB_TPLOFFERGROUP (SERIAL_NO, OFFER_GROUP_ID, SUIT_ID, TPL_ID, TPL_TYPE)
values (6, 2280, 4, 127, '3');
insert into EB_TPLOFFERGROUP (SERIAL_NO, OFFER_GROUP_ID, SUIT_ID, TPL_ID, TPL_TYPE)
values (7, 2140, 4, 127, '3');
insert into EB_TPLOFFERGROUP (SERIAL_NO, OFFER_GROUP_ID, SUIT_ID, TPL_ID, TPL_TYPE)
values (8, 2240, 4, 127, '3');
insert into EB_TPLOFFERGROUP (SERIAL_NO, OFFER_GROUP_ID, SUIT_ID, TPL_ID, TPL_TYPE)
values (9, 2260, 4, 127, '3');
insert into EB_TPLOFFERGROUP (SERIAL_NO, OFFER_GROUP_ID, SUIT_ID, TPL_ID, TPL_TYPE)
values (10, 2180, 4, 127, '3');
insert into EB_TPLOFFERGROUP (SERIAL_NO, OFFER_GROUP_ID, SUIT_ID, TPL_ID, TPL_TYPE)
values (11, 2220, 4, 127, '3');
insert into EB_TPLOFFERGROUP (SERIAL_NO, OFFER_GROUP_ID, SUIT_ID, TPL_ID, TPL_TYPE)
values (12, 2221, 4, 127, '3');
commit;
prompt 17 records loaded
prompt Loading EB_TPLSLOT...
insert into EB_TPLSLOT (SERIAL_NO, SLOT_ID, SUIT_ID, DEPOLY_ID, TPL_TYPE)
values (1000, 1000, 4, 2001, '1');
insert into EB_TPLSLOT (SERIAL_NO, SLOT_ID, SUIT_ID, DEPOLY_ID, TPL_TYPE)
values (1001, 1001, 4, 2002, '1');
insert into EB_TPLSLOT (SERIAL_NO, SLOT_ID, SUIT_ID, DEPOLY_ID, TPL_TYPE)
values (1010, 1000, 4, 3002, '1');
insert into EB_TPLSLOT (SERIAL_NO, SLOT_ID, SUIT_ID, DEPOLY_ID, TPL_TYPE)
values (1011, 1000, 4, 3003, '1');
insert into EB_TPLSLOT (SERIAL_NO, SLOT_ID, SUIT_ID, DEPOLY_ID, TPL_TYPE)
values (1, 1, 4, 4001, '1');
insert into EB_TPLSLOT (SERIAL_NO, SLOT_ID, SUIT_ID, DEPOLY_ID, TPL_TYPE)
values (2, 2, 4, 4002, '1');
insert into EB_TPLSLOT (SERIAL_NO, SLOT_ID, SUIT_ID, DEPOLY_ID, TPL_TYPE)
values (3, 3, 4, 4003, '1');
insert into EB_TPLSLOT (SERIAL_NO, SLOT_ID, SUIT_ID, DEPOLY_ID, TPL_TYPE)
values (4, 4, 4, 4004, '1');
insert into EB_TPLSLOT (SERIAL_NO, SLOT_ID, SUIT_ID, DEPOLY_ID, TPL_TYPE)
values (5, 5, 4, 4005, '1');
insert into EB_TPLSLOT (SERIAL_NO, SLOT_ID, SUIT_ID, DEPOLY_ID, TPL_TYPE)
values (6, 6, 4, 4006, '1');
insert into EB_TPLSLOT (SERIAL_NO, SLOT_ID, SUIT_ID, DEPOLY_ID, TPL_TYPE)
values (7, 7, 4, 4007, '1');
insert into EB_TPLSLOT (SERIAL_NO, SLOT_ID, SUIT_ID, DEPOLY_ID, TPL_TYPE)
values (8, 8, 4, 4008, '1');
insert into EB_TPLSLOT (SERIAL_NO, SLOT_ID, SUIT_ID, DEPOLY_ID, TPL_TYPE)
values (9, 9, 4, 4009, '1');
insert into EB_TPLSLOT (SERIAL_NO, SLOT_ID, SUIT_ID, DEPOLY_ID, TPL_TYPE)
values (11, 11, 4, 2001, '1');
insert into EB_TPLSLOT (SERIAL_NO, SLOT_ID, SUIT_ID, DEPOLY_ID, TPL_TYPE)
values (12, 12, 4, 2002, '1');
insert into EB_TPLSLOT (SERIAL_NO, SLOT_ID, SUIT_ID, DEPOLY_ID, TPL_TYPE)
values (13, 13, 4, 2003, '1');
insert into EB_TPLSLOT (SERIAL_NO, SLOT_ID, SUIT_ID, DEPOLY_ID, TPL_TYPE)
values (14, 14, 4, 2004, '1');
insert into EB_TPLSLOT (SERIAL_NO, SLOT_ID, SUIT_ID, DEPOLY_ID, TPL_TYPE)
values (15, 15, 4, 2005, '1');
insert into EB_TPLSLOT (SERIAL_NO, SLOT_ID, SUIT_ID, DEPOLY_ID, TPL_TYPE)
values (16, 16, 4, 2006, '1');
insert into EB_TPLSLOT (SERIAL_NO, SLOT_ID, SUIT_ID, DEPOLY_ID, TPL_TYPE)
values (17, 17, 4, 2007, '1');
insert into EB_TPLSLOT (SERIAL_NO, SLOT_ID, SUIT_ID, DEPOLY_ID, TPL_TYPE)
values (18, 18, 4, 2008, '1');
insert into EB_TPLSLOT (SERIAL_NO, SLOT_ID, SUIT_ID, DEPOLY_ID, TPL_TYPE)
values (19, 19, 4, 2009, '1');
insert into EB_TPLSLOT (SERIAL_NO, SLOT_ID, SUIT_ID, DEPOLY_ID, TPL_TYPE)
values (21, 21, 4, 3001, '1');
insert into EB_TPLSLOT (SERIAL_NO, SLOT_ID, SUIT_ID, DEPOLY_ID, TPL_TYPE)
values (22, 22, 4, 3002, '1');
insert into EB_TPLSLOT (SERIAL_NO, SLOT_ID, SUIT_ID, DEPOLY_ID, TPL_TYPE)
values (23, 23, 4, 3003, '1');
insert into EB_TPLSLOT (SERIAL_NO, SLOT_ID, SUIT_ID, DEPOLY_ID, TPL_TYPE)
values (24, 24, 4, 3004, '1');
insert into EB_TPLSLOT (SERIAL_NO, SLOT_ID, SUIT_ID, DEPOLY_ID, TPL_TYPE)
values (25, 25, 4, 3005, '1');
insert into EB_TPLSLOT (SERIAL_NO, SLOT_ID, SUIT_ID, DEPOLY_ID, TPL_TYPE)
values (26, 26, 4, 3006, '1');
insert into EB_TPLSLOT (SERIAL_NO, SLOT_ID, SUIT_ID, DEPOLY_ID, TPL_TYPE)
values (27, 27, 4, 3007, '1');
insert into EB_TPLSLOT (SERIAL_NO, SLOT_ID, SUIT_ID, DEPOLY_ID, TPL_TYPE)
values (28, 28, 4, 3008, '1');
insert into EB_TPLSLOT (SERIAL_NO, SLOT_ID, SUIT_ID, DEPOLY_ID, TPL_TYPE)
values (29, 29, 4, 3009, '1');
insert into EB_TPLSLOT (SERIAL_NO, SLOT_ID, SUIT_ID, DEPOLY_ID, TPL_TYPE)
values (31, 31, 4, 4001, '1');
insert into EB_TPLSLOT (SERIAL_NO, SLOT_ID, SUIT_ID, DEPOLY_ID, TPL_TYPE)
values (32, 32, 4, 4002, '1');
insert into EB_TPLSLOT (SERIAL_NO, SLOT_ID, SUIT_ID, DEPOLY_ID, TPL_TYPE)
values (33, 33, 4, 4003, '1');
insert into EB_TPLSLOT (SERIAL_NO, SLOT_ID, SUIT_ID, DEPOLY_ID, TPL_TYPE)
values (34, 34, 4, 4004, '1');
insert into EB_TPLSLOT (SERIAL_NO, SLOT_ID, SUIT_ID, DEPOLY_ID, TPL_TYPE)
values (35, 35, 4, 4005, '1');
insert into EB_TPLSLOT (SERIAL_NO, SLOT_ID, SUIT_ID, DEPOLY_ID, TPL_TYPE)
values (36, 36, 4, 4006, '1');
insert into EB_TPLSLOT (SERIAL_NO, SLOT_ID, SUIT_ID, DEPOLY_ID, TPL_TYPE)
values (37, 37, 4, 4007, '1');
insert into EB_TPLSLOT (SERIAL_NO, SLOT_ID, SUIT_ID, DEPOLY_ID, TPL_TYPE)
values (38, 38, 4, 4008, '1');
insert into EB_TPLSLOT (SERIAL_NO, SLOT_ID, SUIT_ID, DEPOLY_ID, TPL_TYPE)
values (39, 39, 4, 4009, '1');
insert into EB_TPLSLOT (SERIAL_NO, SLOT_ID, SUIT_ID, DEPOLY_ID, TPL_TYPE)
values (41, 41, 4, 5001, '1');
insert into EB_TPLSLOT (SERIAL_NO, SLOT_ID, SUIT_ID, DEPOLY_ID, TPL_TYPE)
values (42, 42, 4, 5002, '1');
insert into EB_TPLSLOT (SERIAL_NO, SLOT_ID, SUIT_ID, DEPOLY_ID, TPL_TYPE)
values (43, 43, 4, 5003, '1');
insert into EB_TPLSLOT (SERIAL_NO, SLOT_ID, SUIT_ID, DEPOLY_ID, TPL_TYPE)
values (44, 44, 4, 5004, '1');
insert into EB_TPLSLOT (SERIAL_NO, SLOT_ID, SUIT_ID, DEPOLY_ID, TPL_TYPE)
values (45, 45, 4, 5005, '1');
insert into EB_TPLSLOT (SERIAL_NO, SLOT_ID, SUIT_ID, DEPOLY_ID, TPL_TYPE)
values (46, 46, 4, 5006, '1');
insert into EB_TPLSLOT (SERIAL_NO, SLOT_ID, SUIT_ID, DEPOLY_ID, TPL_TYPE)
values (47, 47, 4, 5007, '1');
insert into EB_TPLSLOT (SERIAL_NO, SLOT_ID, SUIT_ID, DEPOLY_ID, TPL_TYPE)
values (48, 48, 4, 5008, '1');
insert into EB_TPLSLOT (SERIAL_NO, SLOT_ID, SUIT_ID, DEPOLY_ID, TPL_TYPE)
values (49, 49, 4, 5009, '1');
insert into EB_TPLSLOT (SERIAL_NO, SLOT_ID, SUIT_ID, DEPOLY_ID, TPL_TYPE)
values (51, 51, 4, 6001, '1');
insert into EB_TPLSLOT (SERIAL_NO, SLOT_ID, SUIT_ID, DEPOLY_ID, TPL_TYPE)
values (61, 61, 4, 7001, '1');
insert into EB_TPLSLOT (SERIAL_NO, SLOT_ID, SUIT_ID, DEPOLY_ID, TPL_TYPE)
values (71, 71, 4, 8001, '1');
insert into EB_TPLSLOT (SERIAL_NO, SLOT_ID, SUIT_ID, DEPOLY_ID, TPL_TYPE)
values (81, 81, 4, 9001, '1');
insert into EB_TPLSLOT (SERIAL_NO, SLOT_ID, SUIT_ID, DEPOLY_ID, TPL_TYPE)
values (91, 91, 4, 1011, '1');
insert into EB_TPLSLOT (SERIAL_NO, SLOT_ID, SUIT_ID, DEPOLY_ID, TPL_TYPE)
values (110, 110, 4, 1000, '1');
insert into EB_TPLSLOT (SERIAL_NO, SLOT_ID, SUIT_ID, DEPOLY_ID, TPL_TYPE)
values (121, 121, 4, 4011, '1');
insert into EB_TPLSLOT (SERIAL_NO, SLOT_ID, SUIT_ID, DEPOLY_ID, TPL_TYPE)
values (122, 122, 4, 4012, '1');
insert into EB_TPLSLOT (SERIAL_NO, SLOT_ID, SUIT_ID, DEPOLY_ID, TPL_TYPE)
values (123, 123, 4, 4013, '1');
insert into EB_TPLSLOT (SERIAL_NO, SLOT_ID, SUIT_ID, DEPOLY_ID, TPL_TYPE)
values (124, 124, 4, 4014, '1');
insert into EB_TPLSLOT (SERIAL_NO, SLOT_ID, SUIT_ID, DEPOLY_ID, TPL_TYPE)
values (120, 120, 4, 4010, '1');
insert into EB_TPLSLOT (SERIAL_NO, SLOT_ID, SUIT_ID, DEPOLY_ID, TPL_TYPE)
values (130, 130, 4, 2010, '1');
insert into EB_TPLSLOT (SERIAL_NO, SLOT_ID, SUIT_ID, DEPOLY_ID, TPL_TYPE)
values (131, 131, 4, 2011, '1');
insert into EB_TPLSLOT (SERIAL_NO, SLOT_ID, SUIT_ID, DEPOLY_ID, TPL_TYPE)
values (132, 132, 4, 2012, '1');
insert into EB_TPLSLOT (SERIAL_NO, SLOT_ID, SUIT_ID, DEPOLY_ID, TPL_TYPE)
values (133, 133, 4, 2013, '1');
insert into EB_TPLSLOT (SERIAL_NO, SLOT_ID, SUIT_ID, DEPOLY_ID, TPL_TYPE)
values (134, 134, 4, 2014, '1');
insert into EB_TPLSLOT (SERIAL_NO, SLOT_ID, SUIT_ID, DEPOLY_ID, TPL_TYPE)
values (140, 140, 4, 3010, '1');
insert into EB_TPLSLOT (SERIAL_NO, SLOT_ID, SUIT_ID, DEPOLY_ID, TPL_TYPE)
values (141, 141, 4, 3011, '1');
insert into EB_TPLSLOT (SERIAL_NO, SLOT_ID, SUIT_ID, DEPOLY_ID, TPL_TYPE)
values (142, 142, 4, 3012, '1');
insert into EB_TPLSLOT (SERIAL_NO, SLOT_ID, SUIT_ID, DEPOLY_ID, TPL_TYPE)
values (143, 143, 4, 3013, '1');
insert into EB_TPLSLOT (SERIAL_NO, SLOT_ID, SUIT_ID, DEPOLY_ID, TPL_TYPE)
values (144, 144, 4, 3014, '1');
insert into EB_TPLSLOT (SERIAL_NO, SLOT_ID, SUIT_ID, DEPOLY_ID, TPL_TYPE)
values (52, 52, 4, 5010, '1');
insert into EB_TPLSLOT (SERIAL_NO, SLOT_ID, SUIT_ID, DEPOLY_ID, TPL_TYPE)
values (53, 53, 4, 5011, '1');
insert into EB_TPLSLOT (SERIAL_NO, SLOT_ID, SUIT_ID, DEPOLY_ID, TPL_TYPE)
values (54, 54, 4, 5012, '1');
insert into EB_TPLSLOT (SERIAL_NO, SLOT_ID, SUIT_ID, DEPOLY_ID, TPL_TYPE)
values (55, 55, 4, 5013, '1');
insert into EB_TPLSLOT (SERIAL_NO, SLOT_ID, SUIT_ID, DEPOLY_ID, TPL_TYPE)
values (56, 56, 4, 5014, '1');
commit;
prompt 75 records loaded
prompt Loading EB_TPL_ADLOCATION...
insert into EB_TPL_ADLOCATION (SERIAL_NO, AD_LOCATION_ID, SUIT_ID, TPL_ID, TPL_TYPE)
values (1, 1001, 4, 1101, '1');
insert into EB_TPL_ADLOCATION (SERIAL_NO, AD_LOCATION_ID, SUIT_ID, TPL_ID, TPL_TYPE)
values (2, 1002, 4, 1102, '1');
insert into EB_TPL_ADLOCATION (SERIAL_NO, AD_LOCATION_ID, SUIT_ID, TPL_ID, TPL_TYPE)
values (3, 1003, 4, 1103, '1');
insert into EB_TPL_ADLOCATION (SERIAL_NO, AD_LOCATION_ID, SUIT_ID, TPL_ID, TPL_TYPE)
values (4, 1004, 4, 1104, '1');
insert into EB_TPL_ADLOCATION (SERIAL_NO, AD_LOCATION_ID, SUIT_ID, TPL_ID, TPL_TYPE)
values (5, 1005, 4, 1105, '1');
insert into EB_TPL_ADLOCATION (SERIAL_NO, AD_LOCATION_ID, SUIT_ID, TPL_ID, TPL_TYPE)
values (6, 1011, 4, 1106, '1');
insert into EB_TPL_ADLOCATION (SERIAL_NO, AD_LOCATION_ID, SUIT_ID, TPL_ID, TPL_TYPE)
values (7, 1012, 4, 1107, '1');
insert into EB_TPL_ADLOCATION (SERIAL_NO, AD_LOCATION_ID, SUIT_ID, TPL_ID, TPL_TYPE)
values (8, 1013, 4, 1108, '1');
insert into EB_TPL_ADLOCATION (SERIAL_NO, AD_LOCATION_ID, SUIT_ID, TPL_ID, TPL_TYPE)
values (9, 1022, 4, 1108, '1');
insert into EB_TPL_ADLOCATION (SERIAL_NO, AD_LOCATION_ID, SUIT_ID, TPL_ID, TPL_TYPE)
values (10, 1023, 4, 1108, '1');
insert into EB_TPL_ADLOCATION (SERIAL_NO, AD_LOCATION_ID, SUIT_ID, TPL_ID, TPL_TYPE)
values (11, 1024, 4, 1108, '1');
commit;
prompt 11 records loaded
prompt Loading EB_VIEW_LIST...
prompt Table is empty
prompt Loading EB_VIEW_SKUVIEW...
prompt Table is empty
prompt Loading PMS_ADVERTISEMENT...
prompt Table is empty
prompt Loading PMS_AD_LOCATION...
prompt Table is empty
prompt Loading PMS_AD_LOCATION_LINK...
prompt Table is empty
prompt Loading PMS_ATTACHMENT_CONFIG...
insert into PMS_ATTACHMENT_CONFIG (FILE_ID, FILE_SIZE, FILE_TYPE, FILE_MARK_PIC_MODE, FILE_MARK_CHAR_MODE, FILE_MARK_PIC_PATH, FILE_MARK_PIC_QUALITY, FILE_MARK_PIC_ALPHA, FILE_MARK_PIC_SIZE_WIDTH, FILE_MARK_PIC_SIZE_HEIGH, FILE_MARK_CHAR_CONTENT, FILE_MARK_CHAR_SIZE, FILE_MARK_CHAR_COLOR, FILE_MARK_POSITION, FILE_CUT_PIC_MIN_WIDTH, FILE_CUT_PIC_MIN_HEIGH)
values (0, 5000, '.gif|.jpg|.png|.swf|.mp3', 1, 1, '/resource/default.jpg', 10, 60, 120, 120, '亚信联创', 5, '#ff0000', 6, 60, 60);
insert into PMS_ATTACHMENT_CONFIG (FILE_ID, FILE_SIZE, FILE_TYPE, FILE_MARK_PIC_MODE, FILE_MARK_CHAR_MODE, FILE_MARK_PIC_PATH, FILE_MARK_PIC_QUALITY, FILE_MARK_PIC_ALPHA, FILE_MARK_PIC_SIZE_WIDTH, FILE_MARK_PIC_SIZE_HEIGH, FILE_MARK_CHAR_CONTENT, FILE_MARK_CHAR_SIZE, FILE_MARK_CHAR_COLOR, FILE_MARK_POSITION, FILE_CUT_PIC_MIN_WIDTH, FILE_CUT_PIC_MIN_HEIGH)
values (1, 5000, '.gif|.jpg|.png|.swf|.mp3dsafadsf', 1, 1, '/resource/watermark.jpg', 10, 60, 120, 120, '亚信联创', 5, '#ff0000', 4, 100, 100);
commit;
prompt 2 records loaded
prompt Loading PMS_BACKLANDLOG...
prompt Table is empty
prompt Loading PMS_BACKLOG...
prompt Table is empty
prompt Loading PMS_CONTENT_SHARE...
prompt Table is empty
prompt Loading PMS_CONTENT_TAG...
prompt Table is empty
prompt Loading PMS_CONTENT_TYPE...
prompt Table is empty
prompt Loading PMS_HELPTIP...
prompt Table is empty
prompt Loading PMS_KEYWORD...
prompt Table is empty
prompt Loading PMS_MAIL...
insert into PMS_MAIL (ID, SOURCE_ADDRESS, MAIL_SERVER, USERNAME, PASSWORD, MAIL_SUBJECT, SEND_NAME)
values (0, 'build@asiainfo-linkage.com', '10.1.1.15', 'build', 'Zhu88jie', '密码找回', '中国移动');
commit;
prompt 1 records loaded
prompt Loading PMS_MEMBER...
prompt Table is empty
prompt Loading PMS_MEMBER_CONFIG...
insert into PMS_MEMBER_CONFIG (MEMBER_ID, MEMBER_OPTION, MEMBER_REG_OPTION, MEMBER_NAME_MIN, MEMBER_PASS_MIN, MEMBER_RESERVE, MEMBER_NAME_MAX, MEMBER_PASS_MAX)
values (0, 1, 1, 3, 10, '*admin*', 16, 20);
insert into PMS_MEMBER_CONFIG (MEMBER_ID, MEMBER_OPTION, MEMBER_REG_OPTION, MEMBER_NAME_MIN, MEMBER_PASS_MIN, MEMBER_RESERVE, MEMBER_NAME_MAX, MEMBER_PASS_MAX)
values (1, 1, 1, 3, 10, '*admin*', 16, 20);
commit;
prompt 2 records loaded
prompt Loading PMS_MEMBER_GROUP...
insert into PMS_MEMBER_GROUP (GROUP_ID, GROUP_NAME, PRIORITY, DEFAULT_GROUP, INIT_GROUP)
values (0, '普通会员', 0, 1, 1);
commit;
prompt 1 records loaded
prompt Loading PMS_MESSAGE...
prompt Table is empty
prompt Loading PMS_MESSAGE_TYPE...
insert into PMS_MESSAGE_TYPE (MESSAGE_TYPE_ID, MESSAGE_TYPE_NAME, PRIORITY, DEFAULT_YN, MESSAGE_NOTE)
values (0, '普通', 1, 1, '普通');
commit;
prompt 1 records loaded
prompt Loading PMS_MODEL...
prompt Table is empty
prompt Loading PMS_MODELITEM...
insert into PMS_MODELITEM (MODELITEM_ID, MODEL_ID, FIELD, ITEM_LABEL, DATA_TYPE, DATA_LENGTH, PRIORITY, STATUS, DEF_VALUE, OPT_VALUE, TEXT_WIDTH, AREA_ROWS, AREA_COLS, HELP_INFO, CHECK_RULE, CHECK_EXP, ERROR_INFO, SELECT_TAB, MODELITEM_TYPE, IS_SELFDEFINE, IS_REQUIRED)
values (3, null, 'channel_name', '栏目名称', 0, '20', 3, 1, null, null, null, null, null, '请输入20位内的字符', '8', '^[\u4e00-\u9fa5A-Za-z0-9]{1,20}$', '请勿输入特殊字符!', '0', 1, 0, 1);
insert into PMS_MODELITEM (MODELITEM_ID, MODEL_ID, FIELD, ITEM_LABEL, DATA_TYPE, DATA_LENGTH, PRIORITY, STATUS, DEF_VALUE, OPT_VALUE, TEXT_WIDTH, AREA_ROWS, AREA_COLS, HELP_INFO, CHECK_RULE, CHECK_EXP, ERROR_INFO, SELECT_TAB, MODELITEM_TYPE, IS_SELFDEFINE, IS_REQUIRED)
values (4, null, 'channel_path', '访问路径', 0, '50', 4, 1, null, null, null, null, null, '请输入50位内的字母或数字', '8', '^[a-zA-Z0-9]{1,50}$', '请输入50位内的字母或数字', '0', 1, 0, 1);
insert into PMS_MODELITEM (MODELITEM_ID, MODEL_ID, FIELD, ITEM_LABEL, DATA_TYPE, DATA_LENGTH, PRIORITY, STATUS, DEF_VALUE, OPT_VALUE, TEXT_WIDTH, AREA_ROWS, AREA_COLS, HELP_INFO, CHECK_RULE, CHECK_EXP, ERROR_INFO, SELECT_TAB, MODELITEM_TYPE, IS_SELFDEFINE, IS_REQUIRED)
values (5, null, 'title_img', '标题图', 10, '300', 5, 1, null, null, null, null, null, null, '0', null, '单张图片大小不大于5M，支持jpg、jpeg、gif、bmp、png格式', '0', 1, 0, 0);
insert into PMS_MODELITEM (MODELITEM_ID, MODEL_ID, FIELD, ITEM_LABEL, DATA_TYPE, DATA_LENGTH, PRIORITY, STATUS, DEF_VALUE, OPT_VALUE, TEXT_WIDTH, AREA_ROWS, AREA_COLS, HELP_INFO, CHECK_RULE, CHECK_EXP, ERROR_INFO, SELECT_TAB, MODELITEM_TYPE, IS_SELFDEFINE, IS_REQUIRED)
values (6, null, 'content_img', '内容图', 10, '300', 6, 1, null, null, null, null, null, null, '0', null, '单张图片大小不大于5M，支持jpg、jpeg、gif、bmp、png格式', '0', 1, 0, 0);
insert into PMS_MODELITEM (MODELITEM_ID, MODEL_ID, FIELD, ITEM_LABEL, DATA_TYPE, DATA_LENGTH, PRIORITY, STATUS, DEF_VALUE, OPT_VALUE, TEXT_WIDTH, AREA_ROWS, AREA_COLS, HELP_INFO, CHECK_RULE, CHECK_EXP, ERROR_INFO, SELECT_TAB, MODELITEM_TYPE, IS_SELFDEFINE, IS_REQUIRED)
values (7, null, 'description', '栏目说明', 8, '160', 7, 1, null, null, null, null, null, '请输入160位内的字符', '0', null, '请输入160位内的字符', '0', 1, 0, 0);
insert into PMS_MODELITEM (MODELITEM_ID, MODEL_ID, FIELD, ITEM_LABEL, DATA_TYPE, DATA_LENGTH, PRIORITY, STATUS, DEF_VALUE, OPT_VALUE, TEXT_WIDTH, AREA_ROWS, AREA_COLS, HELP_INFO, CHECK_RULE, CHECK_EXP, ERROR_INFO, SELECT_TAB, MODELITEM_TYPE, IS_SELFDEFINE, IS_REQUIRED)
values (8, null, 'meta_title', 'Meta标题', 0, '20', 8, 1, null, null, null, null, null, '针对搜索引擎所设的栏目标题', '0', null, '请输入20位内的字符!', '1', 1, 0, 0);
insert into PMS_MODELITEM (MODELITEM_ID, MODEL_ID, FIELD, ITEM_LABEL, DATA_TYPE, DATA_LENGTH, PRIORITY, STATUS, DEF_VALUE, OPT_VALUE, TEXT_WIDTH, AREA_ROWS, AREA_COLS, HELP_INFO, CHECK_RULE, CHECK_EXP, ERROR_INFO, SELECT_TAB, MODELITEM_TYPE, IS_SELFDEFINE, IS_REQUIRED)
values (9, null, 'meta_keyword', 'Meta关键字', 0, '200', 9, 1, null, null, null, null, null, '单个标签小于12位，不超过5个，以","分隔', '8', '^([\u4e00-\u9fa5A-Za-z0-9]{1,12},){0,4}([\u4e00-\u9fa5A-Za-z0-9]{1,12}){0,1},?$', '单个标签小于12位,不超过5个,以“,”分隔!', '1', 1, 0, 0);
insert into PMS_MODELITEM (MODELITEM_ID, MODEL_ID, FIELD, ITEM_LABEL, DATA_TYPE, DATA_LENGTH, PRIORITY, STATUS, DEF_VALUE, OPT_VALUE, TEXT_WIDTH, AREA_ROWS, AREA_COLS, HELP_INFO, CHECK_RULE, CHECK_EXP, ERROR_INFO, SELECT_TAB, MODELITEM_TYPE, IS_SELFDEFINE, IS_REQUIRED)
values (10, null, 'meta_note', 'Meta描述', 0, '160', 10, 1, null, null, null, null, null, '针对搜索引擎所设的栏目简介', '0', null, '请输入160位内的字符!', '1', 1, 0, 0);
insert into PMS_MODELITEM (MODELITEM_ID, MODEL_ID, FIELD, ITEM_LABEL, DATA_TYPE, DATA_LENGTH, PRIORITY, STATUS, DEF_VALUE, OPT_VALUE, TEXT_WIDTH, AREA_ROWS, AREA_COLS, HELP_INFO, CHECK_RULE, CHECK_EXP, ERROR_INFO, SELECT_TAB, MODELITEM_TYPE, IS_SELFDEFINE, IS_REQUIRED)
values (11, null, 'status', '是否在父栏目导航处显示', 7, '60', 11, 1, '是', '否,是', null, null, null, null, '0', null, null, '1', 1, 0, 0);
insert into PMS_MODELITEM (MODELITEM_ID, MODEL_ID, FIELD, ITEM_LABEL, DATA_TYPE, DATA_LENGTH, PRIORITY, STATUS, DEF_VALUE, OPT_VALUE, TEXT_WIDTH, AREA_ROWS, AREA_COLS, HELP_INFO, CHECK_RULE, CHECK_EXP, ERROR_INFO, SELECT_TAB, MODELITEM_TYPE, IS_SELFDEFINE, IS_REQUIRED)
values (12, null, 'open_type', '栏目打开方式', 7, '60', 12, 1, '在新窗口打开', '在新窗口打开,在原窗口打开', null, null, null, null, '0', null, null, '1', 1, 0, 0);
insert into PMS_MODELITEM (MODELITEM_ID, MODEL_ID, FIELD, ITEM_LABEL, DATA_TYPE, DATA_LENGTH, PRIORITY, STATUS, DEF_VALUE, OPT_VALUE, TEXT_WIDTH, AREA_ROWS, AREA_COLS, HELP_INFO, CHECK_RULE, CHECK_EXP, ERROR_INFO, SELECT_TAB, MODELITEM_TYPE, IS_SELFDEFINE, IS_REQUIRED)
values (13, null, 'priority', '排序', 0, '5', 13, 1, null, null, null, null, null, '请输入1~9999的整数', '8', '^[1-9][0-9]{0,3}$', '请输入1~9999的整数!', '0', 1, 0, 1);
insert into PMS_MODELITEM (MODELITEM_ID, MODEL_ID, FIELD, ITEM_LABEL, DATA_TYPE, DATA_LENGTH, PRIORITY, STATUS, DEF_VALUE, OPT_VALUE, TEXT_WIDTH, AREA_ROWS, AREA_COLS, HELP_INFO, CHECK_RULE, CHECK_EXP, ERROR_INFO, SELECT_TAB, MODELITEM_TYPE, IS_SELFDEFINE, IS_REQUIRED)
values (14, null, 'channel_template_id', '栏目模板关联', 5, '11', 14, 1, null, null, null, null, null, null, '0', null, null, '1', 1, 0, 1);
insert into PMS_MODELITEM (MODELITEM_ID, MODEL_ID, FIELD, ITEM_LABEL, DATA_TYPE, DATA_LENGTH, PRIORITY, STATUS, DEF_VALUE, OPT_VALUE, TEXT_WIDTH, AREA_ROWS, AREA_COLS, HELP_INFO, CHECK_RULE, CHECK_EXP, ERROR_INFO, SELECT_TAB, MODELITEM_TYPE, IS_SELFDEFINE, IS_REQUIRED)
values (15, null, 'content_template_id', '内容模板关联', 5, '11', 15, 1, null, null, null, null, null, null, '0', null, null, '1', 1, 0, 0);
insert into PMS_MODELITEM (MODELITEM_ID, MODEL_ID, FIELD, ITEM_LABEL, DATA_TYPE, DATA_LENGTH, PRIORITY, STATUS, DEF_VALUE, OPT_VALUE, TEXT_WIDTH, AREA_ROWS, AREA_COLS, HELP_INFO, CHECK_RULE, CHECK_EXP, ERROR_INFO, SELECT_TAB, MODELITEM_TYPE, IS_SELFDEFINE, IS_REQUIRED)
values (16, null, 'addr_link', '外部链接地址', 0, '100', 16, 1, null, null, null, null, null, '请输入http://开头的网址！', '8', '^[a-zA-z]+://[^\\s]*$', '网址格式错误或长度超过100！', '0', 1, 0, 0);
insert into PMS_MODELITEM (MODELITEM_ID, MODEL_ID, FIELD, ITEM_LABEL, DATA_TYPE, DATA_LENGTH, PRIORITY, STATUS, DEF_VALUE, OPT_VALUE, TEXT_WIDTH, AREA_ROWS, AREA_COLS, HELP_INFO, CHECK_RULE, CHECK_EXP, ERROR_INFO, SELECT_TAB, MODELITEM_TYPE, IS_SELFDEFINE, IS_REQUIRED)
values (101, null, 'title', '标题名称', 0, '100', 2, 1, null, null, null, null, null, '请输入60位内的字符', '8', '^.{0,60}$', '60个字符以内', '0', 2, 0, 1);
insert into PMS_MODELITEM (MODELITEM_ID, MODEL_ID, FIELD, ITEM_LABEL, DATA_TYPE, DATA_LENGTH, PRIORITY, STATUS, DEF_VALUE, OPT_VALUE, TEXT_WIDTH, AREA_ROWS, AREA_COLS, HELP_INFO, CHECK_RULE, CHECK_EXP, ERROR_INFO, SELECT_TAB, MODELITEM_TYPE, IS_SELFDEFINE, IS_REQUIRED)
values (102, null, 'short_title', '简短标题', 0, '100', 3, 1, null, null, null, null, null, '简短标题用于前台列表页显示，请输入30位内的字符', '8', '^.{0,60}$', '60个字符以内', '0', 2, 0, null);
insert into PMS_MODELITEM (MODELITEM_ID, MODEL_ID, FIELD, ITEM_LABEL, DATA_TYPE, DATA_LENGTH, PRIORITY, STATUS, DEF_VALUE, OPT_VALUE, TEXT_WIDTH, AREA_ROWS, AREA_COLS, HELP_INFO, CHECK_RULE, CHECK_EXP, ERROR_INFO, SELECT_TAB, MODELITEM_TYPE, IS_SELFDEFINE, IS_REQUIRED)
values (103, null, 'title_img', '标题图', 10, '300', 9, 1, null, null, null, null, null, null, '0', null, null, '0', 2, 0, null);
insert into PMS_MODELITEM (MODELITEM_ID, MODEL_ID, FIELD, ITEM_LABEL, DATA_TYPE, DATA_LENGTH, PRIORITY, STATUS, DEF_VALUE, OPT_VALUE, TEXT_WIDTH, AREA_ROWS, AREA_COLS, HELP_INFO, CHECK_RULE, CHECK_EXP, ERROR_INFO, SELECT_TAB, MODELITEM_TYPE, IS_SELFDEFINE, IS_REQUIRED)
values (104, null, 'abstract_info', '内容摘要', 3, '800', 15, 1, null, null, null, null, null, null, '0', null, '160个字符以内', '0', 2, 0, null);
insert into PMS_MODELITEM (MODELITEM_ID, MODEL_ID, FIELD, ITEM_LABEL, DATA_TYPE, DATA_LENGTH, PRIORITY, STATUS, DEF_VALUE, OPT_VALUE, TEXT_WIDTH, AREA_ROWS, AREA_COLS, HELP_INFO, CHECK_RULE, CHECK_EXP, ERROR_INFO, SELECT_TAB, MODELITEM_TYPE, IS_SELFDEFINE, IS_REQUIRED)
values (105, null, 'author', '作者名称', 0, '100', 4, 1, null, null, null, null, null, '请输入20位内的字符', '8', '^.{0,20}$', '20个字符以内', '0', 2, 0, null);
insert into PMS_MODELITEM (MODELITEM_ID, MODEL_ID, FIELD, ITEM_LABEL, DATA_TYPE, DATA_LENGTH, PRIORITY, STATUS, DEF_VALUE, OPT_VALUE, TEXT_WIDTH, AREA_ROWS, AREA_COLS, HELP_INFO, CHECK_RULE, CHECK_EXP, ERROR_INFO, SELECT_TAB, MODELITEM_TYPE, IS_SELFDEFINE, IS_REQUIRED)
values (106, null, 'res_name', '来源名称', 0, '100', 5, 1, null, null, null, null, null, '请输入30位内的字符', '8', '^.{0,30}$', '30个字符以内', '0', 2, 0, null);
insert into PMS_MODELITEM (MODELITEM_ID, MODEL_ID, FIELD, ITEM_LABEL, DATA_TYPE, DATA_LENGTH, PRIORITY, STATUS, DEF_VALUE, OPT_VALUE, TEXT_WIDTH, AREA_ROWS, AREA_COLS, HELP_INFO, CHECK_RULE, CHECK_EXP, ERROR_INFO, SELECT_TAB, MODELITEM_TYPE, IS_SELFDEFINE, IS_REQUIRED)
values (107, null, 'res_addr', '来源地址', 0, '300', 6, 1, null, null, null, null, null, null, '8', '^[a-zA-z]+://[^\\s]*$', '网址格式错误或长度超过100', '0', 2, 0, null);
insert into PMS_MODELITEM (MODELITEM_ID, MODEL_ID, FIELD, ITEM_LABEL, DATA_TYPE, DATA_LENGTH, PRIORITY, STATUS, DEF_VALUE, OPT_VALUE, TEXT_WIDTH, AREA_ROWS, AREA_COLS, HELP_INFO, CHECK_RULE, CHECK_EXP, ERROR_INFO, SELECT_TAB, MODELITEM_TYPE, IS_SELFDEFINE, IS_REQUIRED)
values (108, null, 'type_id', '内容类型', 5, '11', 8, 1, null, null, null, null, null, null, '0', null, null, '0', 2, 0, 1);
insert into PMS_MODELITEM (MODELITEM_ID, MODEL_ID, FIELD, ITEM_LABEL, DATA_TYPE, DATA_LENGTH, PRIORITY, STATUS, DEF_VALUE, OPT_VALUE, TEXT_WIDTH, AREA_ROWS, AREA_COLS, HELP_INFO, CHECK_RULE, CHECK_EXP, ERROR_INFO, SELECT_TAB, MODELITEM_TYPE, IS_SELFDEFINE, IS_REQUIRED)
values (109, null, 'tag', 'Tag标签', 0, '300', 14, 1, null, null, null, null, null, '单个标签小于12位，不超过10个，以"|"分隔', '8', '^([\u4e00-\u9fa5A-Za-z0-9]{1,12}\\|){0,9}([\u4e00-\u9fa5A-Za-z0-9]{1,12}){0,1}$', '"|"号分开,单个标签小于12字符,不超过10个词组,标签名称由字母数字汉字组成', '0', 2, 0, null);
insert into PMS_MODELITEM (MODELITEM_ID, MODEL_ID, FIELD, ITEM_LABEL, DATA_TYPE, DATA_LENGTH, PRIORITY, STATUS, DEF_VALUE, OPT_VALUE, TEXT_WIDTH, AREA_ROWS, AREA_COLS, HELP_INFO, CHECK_RULE, CHECK_EXP, ERROR_INFO, SELECT_TAB, MODELITEM_TYPE, IS_SELFDEFINE, IS_REQUIRED)
values (110, null, 'content', '内容', 8, null, 11, 1, null, null, null, null, null, null, '0', null, null, '0', 2, 0, 1);
insert into PMS_MODELITEM (MODELITEM_ID, MODEL_ID, FIELD, ITEM_LABEL, DATA_TYPE, DATA_LENGTH, PRIORITY, STATUS, DEF_VALUE, OPT_VALUE, TEXT_WIDTH, AREA_ROWS, AREA_COLS, HELP_INFO, CHECK_RULE, CHECK_EXP, ERROR_INFO, SELECT_TAB, MODELITEM_TYPE, IS_SELFDEFINE, IS_REQUIRED)
values (111, null, 'is_keywords', '内容选项', 6, '1', 12, 1, '关键词替换', '关键词替换', null, null, null, null, '0', null, null, '0', 2, 0, null);
insert into PMS_MODELITEM (MODELITEM_ID, MODEL_ID, FIELD, ITEM_LABEL, DATA_TYPE, DATA_LENGTH, PRIORITY, STATUS, DEF_VALUE, OPT_VALUE, TEXT_WIDTH, AREA_ROWS, AREA_COLS, HELP_INFO, CHECK_RULE, CHECK_EXP, ERROR_INFO, SELECT_TAB, MODELITEM_TYPE, IS_SELFDEFINE, IS_REQUIRED)
values (112, null, 'up_level', '固顶级别', 5, '2', 16, 1, '请选择固顶级别', '请选择固顶级别,固顶1,固顶2,固顶3,固顶4,固顶5,固顶6,固顶7,固顶8,固顶9,固顶10', null, null, null, null, '0', null, null, '2', 2, 0, null);
insert into PMS_MODELITEM (MODELITEM_ID, MODEL_ID, FIELD, ITEM_LABEL, DATA_TYPE, DATA_LENGTH, PRIORITY, STATUS, DEF_VALUE, OPT_VALUE, TEXT_WIDTH, AREA_ROWS, AREA_COLS, HELP_INFO, CHECK_RULE, CHECK_EXP, ERROR_INFO, SELECT_TAB, MODELITEM_TYPE, IS_SELFDEFINE, IS_REQUIRED)
values (113, null, 'recommend', '热点选项', 7, '1', 17, 1, '否', '否,是', null, null, null, null, '0', null, null, '2', 2, 0, null);
insert into PMS_MODELITEM (MODELITEM_ID, MODEL_ID, FIELD, ITEM_LABEL, DATA_TYPE, DATA_LENGTH, PRIORITY, STATUS, DEF_VALUE, OPT_VALUE, TEXT_WIDTH, AREA_ROWS, AREA_COLS, HELP_INFO, CHECK_RULE, CHECK_EXP, ERROR_INFO, SELECT_TAB, MODELITEM_TYPE, IS_SELFDEFINE, IS_REQUIRED)
values (114, null, 'pictures', '图片集', 11, '3000', 18, 1, null, null, null, null, null, null, '0', null, null, '1', 2, 0, null);
insert into PMS_MODELITEM (MODELITEM_ID, MODEL_ID, FIELD, ITEM_LABEL, DATA_TYPE, DATA_LENGTH, PRIORITY, STATUS, DEF_VALUE, OPT_VALUE, TEXT_WIDTH, AREA_ROWS, AREA_COLS, HELP_INFO, CHECK_RULE, CHECK_EXP, ERROR_INFO, SELECT_TAB, MODELITEM_TYPE, IS_SELFDEFINE, IS_REQUIRED)
values (115, null, 'attachment', '附件', 9, '3000', 19, 1, null, null, null, null, null, null, '0', null, null, '1', 2, 0, null);
insert into PMS_MODELITEM (MODELITEM_ID, MODEL_ID, FIELD, ITEM_LABEL, DATA_TYPE, DATA_LENGTH, PRIORITY, STATUS, DEF_VALUE, OPT_VALUE, TEXT_WIDTH, AREA_ROWS, AREA_COLS, HELP_INFO, CHECK_RULE, CHECK_EXP, ERROR_INFO, SELECT_TAB, MODELITEM_TYPE, IS_SELFDEFINE, IS_REQUIRED)
values (116, null, 'media', '多媒体', 12, '300', 20, 1, null, null, null, null, null, null, '0', null, null, '1', 2, 0, null);
insert into PMS_MODELITEM (MODELITEM_ID, MODEL_ID, FIELD, ITEM_LABEL, DATA_TYPE, DATA_LENGTH, PRIORITY, STATUS, DEF_VALUE, OPT_VALUE, TEXT_WIDTH, AREA_ROWS, AREA_COLS, HELP_INFO, CHECK_RULE, CHECK_EXP, ERROR_INFO, SELECT_TAB, MODELITEM_TYPE, IS_SELFDEFINE, IS_REQUIRED)
values (117, null, 'type_img', '类型图', 10, '300', 10, 1, null, null, null, null, null, null, '0', null, null, '0', 2, 0, 0);
insert into PMS_MODELITEM (MODELITEM_ID, MODEL_ID, FIELD, ITEM_LABEL, DATA_TYPE, DATA_LENGTH, PRIORITY, STATUS, DEF_VALUE, OPT_VALUE, TEXT_WIDTH, AREA_ROWS, AREA_COLS, HELP_INFO, CHECK_RULE, CHECK_EXP, ERROR_INFO, SELECT_TAB, MODELITEM_TYPE, IS_SELFDEFINE, IS_REQUIRED)
values (119, null, 'contentnew', '最新选项', 7, '1', 21, 1, '否', '否,是', null, null, null, null, '0', null, null, '2', 2, 0, null);
insert into PMS_MODELITEM (MODELITEM_ID, MODEL_ID, FIELD, ITEM_LABEL, DATA_TYPE, DATA_LENGTH, PRIORITY, STATUS, DEF_VALUE, OPT_VALUE, TEXT_WIDTH, AREA_ROWS, AREA_COLS, HELP_INFO, CHECK_RULE, CHECK_EXP, ERROR_INFO, SELECT_TAB, MODELITEM_TYPE, IS_SELFDEFINE, IS_REQUIRED)
values (202, null, 'topic_name', '专题名称', 0, '60', 2, 1, null, null, null, null, null, '请输入60位内的字符', '8', '^([^\?&\=]{0,60})$', '请输入60位内的字符,或您输入的字符中含有"?&=",请重新输入！', '0', 3, 0, 1);
insert into PMS_MODELITEM (MODELITEM_ID, MODEL_ID, FIELD, ITEM_LABEL, DATA_TYPE, DATA_LENGTH, PRIORITY, STATUS, DEF_VALUE, OPT_VALUE, TEXT_WIDTH, AREA_ROWS, AREA_COLS, HELP_INFO, CHECK_RULE, CHECK_EXP, ERROR_INFO, SELECT_TAB, MODELITEM_TYPE, IS_SELFDEFINE, IS_REQUIRED)
values (203, null, 'short_name', '专题简称', 0, '30', 3, 1, null, null, null, null, null, '请输入30位内的字符', '8', '^([^\?&\=]{0,60})$', '请输入60位内的字符,或您输入的字符中含有"?&=",请重新输入！', '0', 3, 0, 0);
insert into PMS_MODELITEM (MODELITEM_ID, MODEL_ID, FIELD, ITEM_LABEL, DATA_TYPE, DATA_LENGTH, PRIORITY, STATUS, DEF_VALUE, OPT_VALUE, TEXT_WIDTH, AREA_ROWS, AREA_COLS, HELP_INFO, CHECK_RULE, CHECK_EXP, ERROR_INFO, SELECT_TAB, MODELITEM_TYPE, IS_SELFDEFINE, IS_REQUIRED)
values (204, null, 'topic_path', '访问路径', 0, '50', 4, 1, null, null, null, null, null, null, '8', '^[a-zA-Z0-9]{1,50}$', '请输入50位内的字母或数字', '0', 3, 0, 1);
insert into PMS_MODELITEM (MODELITEM_ID, MODEL_ID, FIELD, ITEM_LABEL, DATA_TYPE, DATA_LENGTH, PRIORITY, STATUS, DEF_VALUE, OPT_VALUE, TEXT_WIDTH, AREA_ROWS, AREA_COLS, HELP_INFO, CHECK_RULE, CHECK_EXP, ERROR_INFO, SELECT_TAB, MODELITEM_TYPE, IS_SELFDEFINE, IS_REQUIRED)
values (205, null, 'priority', '排序', 0, '5', 10, 1, null, null, null, null, null, null, '8', '^[1-9][0-9]{0,3}$', '请输入1到9999的整数！', '0', 3, 0, 1);
insert into PMS_MODELITEM (MODELITEM_ID, MODEL_ID, FIELD, ITEM_LABEL, DATA_TYPE, DATA_LENGTH, PRIORITY, STATUS, DEF_VALUE, OPT_VALUE, TEXT_WIDTH, AREA_ROWS, AREA_COLS, HELP_INFO, CHECK_RULE, CHECK_EXP, ERROR_INFO, SELECT_TAB, MODELITEM_TYPE, IS_SELFDEFINE, IS_REQUIRED)
values (206, null, 'description', '专题描述', 3, '160', 6, 1, null, null, null, null, null, '请输入160位内的字符', '8', '^.{0,160}$', '请输入160位内的描述!', '0', 3, 0, 1);
insert into PMS_MODELITEM (MODELITEM_ID, MODEL_ID, FIELD, ITEM_LABEL, DATA_TYPE, DATA_LENGTH, PRIORITY, STATUS, DEF_VALUE, OPT_VALUE, TEXT_WIDTH, AREA_ROWS, AREA_COLS, HELP_INFO, CHECK_RULE, CHECK_EXP, ERROR_INFO, SELECT_TAB, MODELITEM_TYPE, IS_SELFDEFINE, IS_REQUIRED)
values (207, null, 'title_img', '标题图', 10, '300', 13, 1, null, null, null, null, null, null, '0', null, '单张图片大小不大于5M，支持jpg、jpeg、gif、bmp、png格式', '0', 3, 0, 1);
insert into PMS_MODELITEM (MODELITEM_ID, MODEL_ID, FIELD, ITEM_LABEL, DATA_TYPE, DATA_LENGTH, PRIORITY, STATUS, DEF_VALUE, OPT_VALUE, TEXT_WIDTH, AREA_ROWS, AREA_COLS, HELP_INFO, CHECK_RULE, CHECK_EXP, ERROR_INFO, SELECT_TAB, MODELITEM_TYPE, IS_SELFDEFINE, IS_REQUIRED)
values (208, null, 'content_img', '内容图', 10, '300', 12, 1, null, null, null, null, null, null, '0', null, '单张图片大小不大于5M，支持jpg、jpeg、gif、bmp、png格式', '0', 3, 0, 1);
insert into PMS_MODELITEM (MODELITEM_ID, MODEL_ID, FIELD, ITEM_LABEL, DATA_TYPE, DATA_LENGTH, PRIORITY, STATUS, DEF_VALUE, OPT_VALUE, TEXT_WIDTH, AREA_ROWS, AREA_COLS, HELP_INFO, CHECK_RULE, CHECK_EXP, ERROR_INFO, SELECT_TAB, MODELITEM_TYPE, IS_SELFDEFINE, IS_REQUIRED)
values (209, null, 'topic_template_id', '专题关联模板', 5, '11', 9, 1, null, null, 20, null, null, null, '0', null, null, '0', 3, 0, 1);
insert into PMS_MODELITEM (MODELITEM_ID, MODEL_ID, FIELD, ITEM_LABEL, DATA_TYPE, DATA_LENGTH, PRIORITY, STATUS, DEF_VALUE, OPT_VALUE, TEXT_WIDTH, AREA_ROWS, AREA_COLS, HELP_INFO, CHECK_RULE, CHECK_EXP, ERROR_INFO, SELECT_TAB, MODELITEM_TYPE, IS_SELFDEFINE, IS_REQUIRED)
values (210, null, 'tag', 'Tag标签', 0, '300', 5, 1, null, null, null, null, null, '单个标签小于12位，不超过10个词组，由字母数字汉字组成，以"|"号分隔！', '8', '^([\u4e00-\u9fa5A-Za-z0-9]{1,12}\\|){0,9}([\u4e00-\u9fa5A-Za-z0-9]{1,12}){0,1}\\|?$', '单个标签小于12位，不超过10个词组，由字母数字汉字组成，以"|"号分隔！', '0', 3, 0, 0);
insert into PMS_MODELITEM (MODELITEM_ID, MODEL_ID, FIELD, ITEM_LABEL, DATA_TYPE, DATA_LENGTH, PRIORITY, STATUS, DEF_VALUE, OPT_VALUE, TEXT_WIDTH, AREA_ROWS, AREA_COLS, HELP_INFO, CHECK_RULE, CHECK_EXP, ERROR_INFO, SELECT_TAB, MODELITEM_TYPE, IS_SELFDEFINE, IS_REQUIRED)
values (211, null, 'is_recommend', '推荐选项', 7, '1', 11, 1, '不推荐', '不推荐,推荐', null, null, null, null, '0', null, null, '0', 3, 0, 0);
insert into PMS_MODELITEM (MODELITEM_ID, MODEL_ID, FIELD, ITEM_LABEL, DATA_TYPE, DATA_LENGTH, PRIORITY, STATUS, DEF_VALUE, OPT_VALUE, TEXT_WIDTH, AREA_ROWS, AREA_COLS, HELP_INFO, CHECK_RULE, CHECK_EXP, ERROR_INFO, SELECT_TAB, MODELITEM_TYPE, IS_SELFDEFINE, IS_REQUIRED)
values (212, null, 'linkurl', '链接地址', 0, '200', 8, 1, null, null, null, null, null, '请输入http://开头的网址！', '8', '^[a-zA-z]+://[^\\s]*$', '网址格式错误或长度超过100!', '0', 3, 0, 0);
insert into PMS_MODELITEM (MODELITEM_ID, MODEL_ID, FIELD, ITEM_LABEL, DATA_TYPE, DATA_LENGTH, PRIORITY, STATUS, DEF_VALUE, OPT_VALUE, TEXT_WIDTH, AREA_ROWS, AREA_COLS, HELP_INFO, CHECK_RULE, CHECK_EXP, ERROR_INFO, SELECT_TAB, MODELITEM_TYPE, IS_SELFDEFINE, IS_REQUIRED)
values (213, null, 'pictures', '图片集', 11, '3000', 1, 1, null, null, null, null, null, null, '0', null, '单张图片大小不大于5M，支持jpg、jpeg、gif、bmp、png格式', '1', 3, 0, 0);
insert into PMS_MODELITEM (MODELITEM_ID, MODEL_ID, FIELD, ITEM_LABEL, DATA_TYPE, DATA_LENGTH, PRIORITY, STATUS, DEF_VALUE, OPT_VALUE, TEXT_WIDTH, AREA_ROWS, AREA_COLS, HELP_INFO, CHECK_RULE, CHECK_EXP, ERROR_INFO, SELECT_TAB, MODELITEM_TYPE, IS_SELFDEFINE, IS_REQUIRED)
values (214, null, 'attachment', '附件', 9, '3000', 2, 1, null, null, null, null, null, null, '0', null, null, '1', 3, 0, 0);
insert into PMS_MODELITEM (MODELITEM_ID, MODEL_ID, FIELD, ITEM_LABEL, DATA_TYPE, DATA_LENGTH, PRIORITY, STATUS, DEF_VALUE, OPT_VALUE, TEXT_WIDTH, AREA_ROWS, AREA_COLS, HELP_INFO, CHECK_RULE, CHECK_EXP, ERROR_INFO, SELECT_TAB, MODELITEM_TYPE, IS_SELFDEFINE, IS_REQUIRED)
values (215, null, 'media', '多媒体', 12, '300', 3, 1, null, null, null, null, null, null, '0', null, null, '1', 3, 0, 0);
insert into PMS_MODELITEM (MODELITEM_ID, MODEL_ID, FIELD, ITEM_LABEL, DATA_TYPE, DATA_LENGTH, PRIORITY, STATUS, DEF_VALUE, OPT_VALUE, TEXT_WIDTH, AREA_ROWS, AREA_COLS, HELP_INFO, CHECK_RULE, CHECK_EXP, ERROR_INFO, SELECT_TAB, MODELITEM_TYPE, IS_SELFDEFINE, IS_REQUIRED)
values (216, null, 'content', '正文', 8, null, 7, 1, null, null, null, null, null, null, '0', null, null, '0', 3, 0, 0);
commit;
prompt 47 records loaded
prompt Loading PMS_PERMISSION...
insert into PMS_PERMISSION (PERM_ID, PERM_UPID, PERM_TYPE, PERM_NAME, PERM_URL, PERM_USE, PERM_ORDER, PERM_NOTE)
values (1, 1, 1, '登录重定向路径', '/pms/main.do', 1, 1, null);
insert into PMS_PERMISSION (PERM_ID, PERM_UPID, PERM_TYPE, PERM_NAME, PERM_URL, PERM_USE, PERM_ORDER, PERM_NOTE)
values (2, 14, 1, '用户', '/pms/frame/user/', 1, 2, null);
insert into PMS_PERMISSION (PERM_ID, PERM_UPID, PERM_TYPE, PERM_NAME, PERM_URL, PERM_USE, PERM_ORDER, PERM_NOTE)
values (3, 2, 1, '管理员管理', '/pms/admin/', 1, 3, null);
insert into PMS_PERMISSION (PERM_ID, PERM_UPID, PERM_TYPE, PERM_NAME, PERM_URL, PERM_USE, PERM_ORDER, PERM_NOTE)
values (4, 2, 3, '导入管理员', '/pms/importAdmin/', 1, 4, null);
insert into PMS_PERMISSION (PERM_ID, PERM_UPID, PERM_TYPE, PERM_NAME, PERM_URL, PERM_USE, PERM_ORDER, PERM_NOTE)
values (5, 2, 3, '导出管理员', '/pms/exportAdmin/', 1, 5, null);
insert into PMS_PERMISSION (PERM_ID, PERM_UPID, PERM_TYPE, PERM_NAME, PERM_URL, PERM_USE, PERM_ORDER, PERM_NOTE)
values (6, 2, 1, '角色管理', '/pms/role/', 1, 6, null);
insert into PMS_PERMISSION (PERM_ID, PERM_UPID, PERM_TYPE, PERM_NAME, PERM_URL, PERM_USE, PERM_ORDER, PERM_NOTE)
values (7, 2, 1, '功能屏蔽', '/pms/shieldFunc/', 1, 7, null);
insert into PMS_PERMISSION (PERM_ID, PERM_UPID, PERM_TYPE, PERM_NAME, PERM_URL, PERM_USE, PERM_ORDER, PERM_NOTE)
values (8, 3, 2, '管理员添加', '/pms/admin/add/', 1, 8, null);
insert into PMS_PERMISSION (PERM_ID, PERM_UPID, PERM_TYPE, PERM_NAME, PERM_URL, PERM_USE, PERM_ORDER, PERM_NOTE)
values (9, 3, 2, '管理员修改', '/pms/admin/upd/', 1, 9, null);
insert into PMS_PERMISSION (PERM_ID, PERM_UPID, PERM_TYPE, PERM_NAME, PERM_URL, PERM_USE, PERM_ORDER, PERM_NOTE)
values (10, 3, 2, '管理员删除', '/pms/admin/del/', 1, 10, null);
insert into PMS_PERMISSION (PERM_ID, PERM_UPID, PERM_TYPE, PERM_NAME, PERM_URL, PERM_USE, PERM_ORDER, PERM_NOTE)
values (11, 6, 2, '角色添加', '/pms/role/add/', 1, 11, null);
insert into PMS_PERMISSION (PERM_ID, PERM_UPID, PERM_TYPE, PERM_NAME, PERM_URL, PERM_USE, PERM_ORDER, PERM_NOTE)
values (12, 6, 2, '角色修改', '/pms/role/upd/', 1, 12, null);
insert into PMS_PERMISSION (PERM_ID, PERM_UPID, PERM_TYPE, PERM_NAME, PERM_URL, PERM_USE, PERM_ORDER, PERM_NOTE)
values (13, 6, 2, '角色删除', '/pms/role/del/', 1, 13, null);
insert into PMS_PERMISSION (PERM_ID, PERM_UPID, PERM_TYPE, PERM_NAME, PERM_URL, PERM_USE, PERM_ORDER, PERM_NOTE)
values (14, 0, 1, '系统', '/pms/frame/system/', 1, 9, null);
insert into PMS_PERMISSION (PERM_ID, PERM_UPID, PERM_TYPE, PERM_NAME, PERM_URL, PERM_USE, PERM_ORDER, PERM_NOTE)
values (15, 107, 1, '全局配置', '/pms/site/', 1, 15, null);
insert into PMS_PERMISSION (PERM_ID, PERM_UPID, PERM_TYPE, PERM_NAME, PERM_URL, PERM_USE, PERM_ORDER, PERM_NOTE)
values (16, 15, 1, '全局配置编辑', '/pms/site/upd/', 1, 16, null);
insert into PMS_PERMISSION (PERM_ID, PERM_UPID, PERM_TYPE, PERM_NAME, PERM_URL, PERM_USE, PERM_ORDER, PERM_NOTE)
values (17, 107, 1, '附件设置', '/pms/file/', 1, 17, null);
insert into PMS_PERMISSION (PERM_ID, PERM_UPID, PERM_TYPE, PERM_NAME, PERM_URL, PERM_USE, PERM_ORDER, PERM_NOTE)
values (18, 17, 1, '附件编辑', '/pms/file/upd/', 1, 18, null);
insert into PMS_PERMISSION (PERM_ID, PERM_UPID, PERM_TYPE, PERM_NAME, PERM_URL, PERM_USE, PERM_ORDER, PERM_NOTE)
values (19, 107, 1, '性能及安全设置', '/pms/system/', 1, 19, null);
insert into PMS_PERMISSION (PERM_ID, PERM_UPID, PERM_TYPE, PERM_NAME, PERM_URL, PERM_USE, PERM_ORDER, PERM_NOTE)
values (20, 19, 1, '性能及安全编辑', '/pms/system/upd/', 1, 20, null);
insert into PMS_PERMISSION (PERM_ID, PERM_UPID, PERM_TYPE, PERM_NAME, PERM_URL, PERM_USE, PERM_ORDER, PERM_NOTE)
values (21, 107, 1, '会员设置', '/pms/member/', 1, 21, null);
insert into PMS_PERMISSION (PERM_ID, PERM_UPID, PERM_TYPE, PERM_NAME, PERM_URL, PERM_USE, PERM_ORDER, PERM_NOTE)
values (22, 21, 1, '会员编辑', '/pms/member/upd/', 1, 22, null);
insert into PMS_PERMISSION (PERM_ID, PERM_UPID, PERM_TYPE, PERM_NAME, PERM_URL, PERM_USE, PERM_ORDER, PERM_NOTE)
values (23, 24, 1, '资源管理', '/pms/resource/', 1, 23, null);
insert into PMS_PERMISSION (PERM_ID, PERM_UPID, PERM_TYPE, PERM_NAME, PERM_URL, PERM_USE, PERM_ORDER, PERM_NOTE)
values (24, 0, 1, '资源', '/pms/frame/resource/', 1, 7, null);
insert into PMS_PERMISSION (PERM_ID, PERM_UPID, PERM_TYPE, PERM_NAME, PERM_URL, PERM_USE, PERM_ORDER, PERM_NOTE)
values (25, 0, 1, '模板', '/pms/frame/template/', 1, 6, null);
insert into PMS_PERMISSION (PERM_ID, PERM_UPID, PERM_TYPE, PERM_NAME, PERM_URL, PERM_USE, PERM_ORDER, PERM_NOTE)
values (27, 108, 1, '后台登陆日志', '/pms/system/landlog/', 1, 27, null);
insert into PMS_PERMISSION (PERM_ID, PERM_UPID, PERM_TYPE, PERM_NAME, PERM_URL, PERM_USE, PERM_ORDER, PERM_NOTE)
values (28, 25, 1, '模板添加', '/pms/template/add/', 1, 28, null);
insert into PMS_PERMISSION (PERM_ID, PERM_UPID, PERM_TYPE, PERM_NAME, PERM_URL, PERM_USE, PERM_ORDER, PERM_NOTE)
values (30, 108, 1, '后台日志', '/pms/system/log/', 1, 30, null);
insert into PMS_PERMISSION (PERM_ID, PERM_UPID, PERM_TYPE, PERM_NAME, PERM_URL, PERM_USE, PERM_ORDER, PERM_NOTE)
values (31, 25, 1, '模板修改', '/pms/template/upd/', 1, 31, null);
insert into PMS_PERMISSION (PERM_ID, PERM_UPID, PERM_TYPE, PERM_NAME, PERM_URL, PERM_USE, PERM_ORDER, PERM_NOTE)
values (32, 25, 1, '模板删除', '/pms/template/del/', 1, 32, null);
insert into PMS_PERMISSION (PERM_ID, PERM_UPID, PERM_TYPE, PERM_NAME, PERM_URL, PERM_USE, PERM_ORDER, PERM_NOTE)
values (40, 41, 1, '内容类型操作', '/pms/system/contentType/opt/', 1, 40, null);
insert into PMS_PERMISSION (PERM_ID, PERM_UPID, PERM_TYPE, PERM_NAME, PERM_URL, PERM_USE, PERM_ORDER, PERM_NOTE)
values (41, 106, 1, '内容类型', '/pms/system/contentType/', 1, 41, null);
insert into PMS_PERMISSION (PERM_ID, PERM_UPID, PERM_TYPE, PERM_NAME, PERM_URL, PERM_USE, PERM_ORDER, PERM_NOTE)
values (42, 41, 1, '内容类型删除', '/pms/system/contentType/del/', 1, 42, null);
insert into PMS_PERMISSION (PERM_ID, PERM_UPID, PERM_TYPE, PERM_NAME, PERM_URL, PERM_USE, PERM_ORDER, PERM_NOTE)
values (43, 14, 1, '套装管理', '/pms/system/suit/', 1, 43, null);
insert into PMS_PERMISSION (PERM_ID, PERM_UPID, PERM_TYPE, PERM_NAME, PERM_URL, PERM_USE, PERM_ORDER, PERM_NOTE)
values (44, 43, 1, '套装增加', '/pms/system/suit/add/', 1, 44, null);
insert into PMS_PERMISSION (PERM_ID, PERM_UPID, PERM_TYPE, PERM_NAME, PERM_URL, PERM_USE, PERM_ORDER, PERM_NOTE)
values (45, 43, 1, '套装修改', '/pms/system/suit/upd/', 1, 45, null);
insert into PMS_PERMISSION (PERM_ID, PERM_UPID, PERM_TYPE, PERM_NAME, PERM_URL, PERM_USE, PERM_ORDER, PERM_NOTE)
values (46, 43, 1, '套装删除', '/pms/system/suit/del/', 1, 46, null);
insert into PMS_PERMISSION (PERM_ID, PERM_UPID, PERM_TYPE, PERM_NAME, PERM_URL, PERM_USE, PERM_ORDER, PERM_NOTE)
values (47, 14, 1, '模型管理', '/pms/system/model/', 1, 47, null);
insert into PMS_PERMISSION (PERM_ID, PERM_UPID, PERM_TYPE, PERM_NAME, PERM_URL, PERM_USE, PERM_ORDER, PERM_NOTE)
values (48, 47, 1, '模型增删改', '/pms/system/model/upd/', 1, 48, null);
insert into PMS_PERMISSION (PERM_ID, PERM_UPID, PERM_TYPE, PERM_NAME, PERM_URL, PERM_USE, PERM_ORDER, PERM_NOTE)
values (49, 47, 1, '模型字段管理', '/pms/system/modelItem/', 1, 49, null);
insert into PMS_PERMISSION (PERM_ID, PERM_UPID, PERM_TYPE, PERM_NAME, PERM_URL, PERM_USE, PERM_ORDER, PERM_NOTE)
values (50, 47, 1, '模型字段新增', '/pms/system/modelItem/add/', 1, 50, null);
insert into PMS_PERMISSION (PERM_ID, PERM_UPID, PERM_TYPE, PERM_NAME, PERM_URL, PERM_USE, PERM_ORDER, PERM_NOTE)
values (51, 47, 1, '模型字段修改', '/pms/system/modelItem/upd/', 1, 51, null);
insert into PMS_PERMISSION (PERM_ID, PERM_UPID, PERM_TYPE, PERM_NAME, PERM_URL, PERM_USE, PERM_ORDER, PERM_NOTE)
values (52, 47, 1, '模型字段删除', '/pms/system/modelItem/del/', 1, 52, null);
insert into PMS_PERMISSION (PERM_ID, PERM_UPID, PERM_TYPE, PERM_NAME, PERM_URL, PERM_USE, PERM_ORDER, PERM_NOTE)
values (53, 47, 1, '模型添加', '/pms/system/model/add/', 1, 53, null);
insert into PMS_PERMISSION (PERM_ID, PERM_UPID, PERM_TYPE, PERM_NAME, PERM_URL, PERM_USE, PERM_ORDER, PERM_NOTE)
values (54, 0, 1, '栏目', '/pms/frame/channel/', 1, 1, null);
insert into PMS_PERMISSION (PERM_ID, PERM_UPID, PERM_TYPE, PERM_NAME, PERM_URL, PERM_USE, PERM_ORDER, PERM_NOTE)
values (56, 54, 1, '栏目操作', '/pms/channel/opr/', 1, 56, null);
insert into PMS_PERMISSION (PERM_ID, PERM_UPID, PERM_TYPE, PERM_NAME, PERM_URL, PERM_USE, PERM_ORDER, PERM_NOTE)
values (57, 43, 1, '套装关联栏目', '/pms/system/suit/relate/', 1, 57, null);
insert into PMS_PERMISSION (PERM_ID, PERM_UPID, PERM_TYPE, PERM_NAME, PERM_URL, PERM_USE, PERM_ORDER, PERM_NOTE)
values (59, 54, 1, '栏目删除', '/pms/channel/del/', 1, 59, null);
insert into PMS_PERMISSION (PERM_ID, PERM_UPID, PERM_TYPE, PERM_NAME, PERM_URL, PERM_USE, PERM_ORDER, PERM_NOTE)
values (65, 106, 1, '标签浏览权限', '/pms/system/tag/', 1, 65, null);
insert into PMS_PERMISSION (PERM_ID, PERM_UPID, PERM_TYPE, PERM_NAME, PERM_URL, PERM_USE, PERM_ORDER, PERM_NOTE)
values (66, 65, 1, '标签操作权限', '/pms/system/tag/opt/', 1, 66, null);
insert into PMS_PERMISSION (PERM_ID, PERM_UPID, PERM_TYPE, PERM_NAME, PERM_URL, PERM_USE, PERM_ORDER, PERM_NOTE)
values (67, 65, 1, '标签删除权限', '/pms/system/tag/del/', 1, 67, null);
insert into PMS_PERMISSION (PERM_ID, PERM_UPID, PERM_TYPE, PERM_NAME, PERM_URL, PERM_USE, PERM_ORDER, PERM_NOTE)
values (68, 106, 1, '敏感词浏览权限', '/pms/system/sensitive/', 1, 68, null);
insert into PMS_PERMISSION (PERM_ID, PERM_UPID, PERM_TYPE, PERM_NAME, PERM_URL, PERM_USE, PERM_ORDER, PERM_NOTE)
values (69, 68, 1, '敏感词操作权限', '/pms/system/sensitive/opt/', 1, 69, null);
insert into PMS_PERMISSION (PERM_ID, PERM_UPID, PERM_TYPE, PERM_NAME, PERM_URL, PERM_USE, PERM_ORDER, PERM_NOTE)
values (70, 68, 1, '敏感词删除权限', '/pms/system/sensitive/del/', 1, 70, null);
insert into PMS_PERMISSION (PERM_ID, PERM_UPID, PERM_TYPE, PERM_NAME, PERM_URL, PERM_USE, PERM_ORDER, PERM_NOTE)
values (71, 106, 1, '关键词浏览权限', '/pms/system/keyWord/', 1, 71, null);
insert into PMS_PERMISSION (PERM_ID, PERM_UPID, PERM_TYPE, PERM_NAME, PERM_URL, PERM_USE, PERM_ORDER, PERM_NOTE)
values (72, 71, 1, '关键词操作权限', '/pms/system/keyWord/opt/', 1, 72, null);
insert into PMS_PERMISSION (PERM_ID, PERM_UPID, PERM_TYPE, PERM_NAME, PERM_URL, PERM_USE, PERM_ORDER, PERM_NOTE)
values (73, 71, 1, '关键词删除权限', '/pms/system/keyWord/del/', 1, 73, null);
insert into PMS_PERMISSION (PERM_ID, PERM_UPID, PERM_TYPE, PERM_NAME, PERM_URL, PERM_USE, PERM_ORDER, PERM_NOTE)
values (80, 0, 1, '专题', '/pms/frame/topic/', 1, 3, null);
insert into PMS_PERMISSION (PERM_ID, PERM_UPID, PERM_TYPE, PERM_NAME, PERM_URL, PERM_USE, PERM_ORDER, PERM_NOTE)
values (81, 0, 1, '发布', '/pms/frame/generate/', 1, 5, null);
insert into PMS_PERMISSION (PERM_ID, PERM_UPID, PERM_TYPE, PERM_NAME, PERM_URL, PERM_USE, PERM_ORDER, PERM_NOTE)
values (82, 81, 1, '预发布', '/pms/generate/publishPub/', 1, 82, null);
insert into PMS_PERMISSION (PERM_ID, PERM_UPID, PERM_TYPE, PERM_NAME, PERM_URL, PERM_USE, PERM_ORDER, PERM_NOTE)
values (83, 81, 1, '自动发布', '/pms/generate/publishAuto/', 1, 83, null);
insert into PMS_PERMISSION (PERM_ID, PERM_UPID, PERM_TYPE, PERM_NAME, PERM_URL, PERM_USE, PERM_ORDER, PERM_NOTE)
values (84, 80, 1, '专题删除', '/pms/topic/del/', 1, 59, null);
insert into PMS_PERMISSION (PERM_ID, PERM_UPID, PERM_TYPE, PERM_NAME, PERM_URL, PERM_USE, PERM_ORDER, PERM_NOTE)
values (85, 80, 1, '专题操作', '/pms/topic/opr/', 1, 56, null);
insert into PMS_PERMISSION (PERM_ID, PERM_UPID, PERM_TYPE, PERM_NAME, PERM_URL, PERM_USE, PERM_ORDER, PERM_NOTE)
values (86, 0, 1, '内容', '/pms/frame/content/', 1, 2, null);
insert into PMS_PERMISSION (PERM_ID, PERM_UPID, PERM_TYPE, PERM_NAME, PERM_URL, PERM_USE, PERM_ORDER, PERM_NOTE)
values (87, 86, 1, '内容操作', '/pms/content/opt/', 1, 87, null);
insert into PMS_PERMISSION (PERM_ID, PERM_UPID, PERM_TYPE, PERM_NAME, PERM_URL, PERM_USE, PERM_ORDER, PERM_NOTE)
values (88, 86, 1, '内容删除', '/pms/content/del/', 1, 88, null);
insert into PMS_PERMISSION (PERM_ID, PERM_UPID, PERM_TYPE, PERM_NAME, PERM_URL, PERM_USE, PERM_ORDER, PERM_NOTE)
values (89, 0, 1, '审核', '/pms/frame/review/', 1, 4, null);
insert into PMS_PERMISSION (PERM_ID, PERM_UPID, PERM_TYPE, PERM_NAME, PERM_URL, PERM_USE, PERM_ORDER, PERM_NOTE)
values (90, 89, 1, '内容审核', '/pms/review/contentReview/', 1, 90, null);
insert into PMS_PERMISSION (PERM_ID, PERM_UPID, PERM_TYPE, PERM_NAME, PERM_URL, PERM_USE, PERM_ORDER, PERM_NOTE)
values (91, 89, 1, '专题审核', '/pms/review/topicReview/', 1, 91, null);
insert into PMS_PERMISSION (PERM_ID, PERM_UPID, PERM_TYPE, PERM_NAME, PERM_URL, PERM_USE, PERM_ORDER, PERM_NOTE)
values (92, 106, 1, '内容回收站', '/pms/system/contentBin/', 1, 92, null);
insert into PMS_PERMISSION (PERM_ID, PERM_UPID, PERM_TYPE, PERM_NAME, PERM_URL, PERM_USE, PERM_ORDER, PERM_NOTE)
values (93, 106, 1, '内容分享', '/pms/system/contentShare/', 1, 93, null);
insert into PMS_PERMISSION (PERM_ID, PERM_UPID, PERM_TYPE, PERM_NAME, PERM_URL, PERM_USE, PERM_ORDER, PERM_NOTE)
values (94, 2, 1, '会员组管理', '/pms/system/memberGroup/', 1, 94, null);
insert into PMS_PERMISSION (PERM_ID, PERM_UPID, PERM_TYPE, PERM_NAME, PERM_URL, PERM_USE, PERM_ORDER, PERM_NOTE)
values (95, 89, 2, '留言类型', '/pms/frame/review/messageType/', 1, 95, null);
insert into PMS_PERMISSION (PERM_ID, PERM_UPID, PERM_TYPE, PERM_NAME, PERM_URL, PERM_USE, PERM_ORDER, PERM_NOTE)
values (96, 95, 2, '留言类型操作', '/pms/review/messageType/opt/', 1, 96, null);
insert into PMS_PERMISSION (PERM_ID, PERM_UPID, PERM_TYPE, PERM_NAME, PERM_URL, PERM_USE, PERM_ORDER, PERM_NOTE)
values (97, 95, 2, '留言类型删除', '/pms/review/messageType/del/', 1, 97, null);
insert into PMS_PERMISSION (PERM_ID, PERM_UPID, PERM_TYPE, PERM_NAME, PERM_URL, PERM_USE, PERM_ORDER, PERM_NOTE)
values (98, 2, 1, '会员管理', '/pms/system/member/', 1, 97, null);
insert into PMS_PERMISSION (PERM_ID, PERM_UPID, PERM_TYPE, PERM_NAME, PERM_URL, PERM_USE, PERM_ORDER, PERM_NOTE)
values (99, 89, 2, '留言管理', '/pms/review/message/', 1, 99, null);
insert into PMS_PERMISSION (PERM_ID, PERM_UPID, PERM_TYPE, PERM_NAME, PERM_URL, PERM_USE, PERM_ORDER, PERM_NOTE)
values (100, 99, 2, '留言操作', '/pms/review/message/review/', 1, 100, null);
insert into PMS_PERMISSION (PERM_ID, PERM_UPID, PERM_TYPE, PERM_NAME, PERM_URL, PERM_USE, PERM_ORDER, PERM_NOTE)
values (101, 99, 2, '留言删除', '/pms/review/message/del/', 1, 101, null);
insert into PMS_PERMISSION (PERM_ID, PERM_UPID, PERM_TYPE, PERM_NAME, PERM_URL, PERM_USE, PERM_ORDER, PERM_NOTE)
values (102, 94, 2, '会员组管理操作', '/pms/system/memberGroup/opr/', 1, 102, null);
insert into PMS_PERMISSION (PERM_ID, PERM_UPID, PERM_TYPE, PERM_NAME, PERM_URL, PERM_USE, PERM_ORDER, PERM_NOTE)
values (103, 94, 2, '会员组管理删除', '/pms/system/memberGroup/del/', 1, 103, null);
insert into PMS_PERMISSION (PERM_ID, PERM_UPID, PERM_TYPE, PERM_NAME, PERM_URL, PERM_USE, PERM_ORDER, PERM_NOTE)
values (104, 98, 2, '会员管理操作', '/pms/system/member/opr/', 1, 104, null);
insert into PMS_PERMISSION (PERM_ID, PERM_UPID, PERM_TYPE, PERM_NAME, PERM_URL, PERM_USE, PERM_ORDER, PERM_NOTE)
values (105, 98, 2, '会员管理删除', '/pms/system/member/del/', 1, 105, null);
insert into PMS_PERMISSION (PERM_ID, PERM_UPID, PERM_TYPE, PERM_NAME, PERM_URL, PERM_USE, PERM_ORDER, PERM_NOTE)
values (106, 14, 1, '内容设置', '/pms/system/contentConfig/', 1, 106, null);
insert into PMS_PERMISSION (PERM_ID, PERM_UPID, PERM_TYPE, PERM_NAME, PERM_URL, PERM_USE, PERM_ORDER, PERM_NOTE)
values (107, 14, 1, '站点设置', '/pms/system/siteConfig/', 1, 107, null);
insert into PMS_PERMISSION (PERM_ID, PERM_UPID, PERM_TYPE, PERM_NAME, PERM_URL, PERM_USE, PERM_ORDER, PERM_NOTE)
values (108, 14, 1, '日志管理', '/pms/system/logManage/', 1, 108, null);
insert into PMS_PERMISSION (PERM_ID, PERM_UPID, PERM_TYPE, PERM_NAME, PERM_URL, PERM_USE, PERM_ORDER, PERM_NOTE)
values (109, 0, 1, '广告', '/pms/frame/advertisement/', 1, 8, null);
insert into PMS_PERMISSION (PERM_ID, PERM_UPID, PERM_TYPE, PERM_NAME, PERM_URL, PERM_USE, PERM_ORDER, PERM_NOTE)
values (110, 109, 1, '广告管理查看', '/pms/advertisement/', 1, 110, null);
insert into PMS_PERMISSION (PERM_ID, PERM_UPID, PERM_TYPE, PERM_NAME, PERM_URL, PERM_USE, PERM_ORDER, PERM_NOTE)
values (112, 110, 1, '广告管理操作', '/pms/advertisement/opt/', 1, 112, null);
insert into PMS_PERMISSION (PERM_ID, PERM_UPID, PERM_TYPE, PERM_NAME, PERM_URL, PERM_USE, PERM_ORDER, PERM_NOTE)
values (113, 110, 1, '广告管理删除', '/pms/advertisement/del/', 1, 113, null);
insert into PMS_PERMISSION (PERM_ID, PERM_UPID, PERM_TYPE, PERM_NAME, PERM_URL, PERM_USE, PERM_ORDER, PERM_NOTE)
values (114, 109, 1, '广告位管理', '/pms/adLocation/', 1, 114, null);
commit;
prompt 91 records loaded
prompt Loading PMS_PREDEPLOY...
prompt Table is empty
prompt Loading PMS_RESOURCE...
prompt Table is empty
prompt Loading PMS_ROLEPERM...
insert into PMS_ROLEPERM (SERIAL_NO, PERM_ID, ROLE_ID, T_TYPE)
values (1, 1, 1, null);
insert into PMS_ROLEPERM (SERIAL_NO, PERM_ID, ROLE_ID, T_TYPE)
values (2, 2, 1, null);
insert into PMS_ROLEPERM (SERIAL_NO, PERM_ID, ROLE_ID, T_TYPE)
values (3, 3, 1, null);
insert into PMS_ROLEPERM (SERIAL_NO, PERM_ID, ROLE_ID, T_TYPE)
values (4, 4, 1, null);
insert into PMS_ROLEPERM (SERIAL_NO, PERM_ID, ROLE_ID, T_TYPE)
values (5, 5, 1, null);
insert into PMS_ROLEPERM (SERIAL_NO, PERM_ID, ROLE_ID, T_TYPE)
values (6, 6, 1, null);
insert into PMS_ROLEPERM (SERIAL_NO, PERM_ID, ROLE_ID, T_TYPE)
values (7, 7, 1, null);
insert into PMS_ROLEPERM (SERIAL_NO, PERM_ID, ROLE_ID, T_TYPE)
values (8, 8, 1, null);
insert into PMS_ROLEPERM (SERIAL_NO, PERM_ID, ROLE_ID, T_TYPE)
values (9, 9, 1, null);
insert into PMS_ROLEPERM (SERIAL_NO, PERM_ID, ROLE_ID, T_TYPE)
values (10, 10, 1, null);
insert into PMS_ROLEPERM (SERIAL_NO, PERM_ID, ROLE_ID, T_TYPE)
values (11, 11, 1, null);
insert into PMS_ROLEPERM (SERIAL_NO, PERM_ID, ROLE_ID, T_TYPE)
values (12, 12, 1, null);
insert into PMS_ROLEPERM (SERIAL_NO, PERM_ID, ROLE_ID, T_TYPE)
values (13, 13, 1, null);
insert into PMS_ROLEPERM (SERIAL_NO, PERM_ID, ROLE_ID, T_TYPE)
values (14, 14, 1, null);
insert into PMS_ROLEPERM (SERIAL_NO, PERM_ID, ROLE_ID, T_TYPE)
values (15, 15, 1, null);
insert into PMS_ROLEPERM (SERIAL_NO, PERM_ID, ROLE_ID, T_TYPE)
values (16, 16, 1, null);
insert into PMS_ROLEPERM (SERIAL_NO, PERM_ID, ROLE_ID, T_TYPE)
values (17, 17, 1, null);
insert into PMS_ROLEPERM (SERIAL_NO, PERM_ID, ROLE_ID, T_TYPE)
values (18, 18, 1, null);
insert into PMS_ROLEPERM (SERIAL_NO, PERM_ID, ROLE_ID, T_TYPE)
values (19, 19, 1, null);
insert into PMS_ROLEPERM (SERIAL_NO, PERM_ID, ROLE_ID, T_TYPE)
values (20, 20, 1, null);
insert into PMS_ROLEPERM (SERIAL_NO, PERM_ID, ROLE_ID, T_TYPE)
values (21, 21, 1, null);
insert into PMS_ROLEPERM (SERIAL_NO, PERM_ID, ROLE_ID, T_TYPE)
values (22, 22, 1, null);
insert into PMS_ROLEPERM (SERIAL_NO, PERM_ID, ROLE_ID, T_TYPE)
values (23, 23, 1, null);
insert into PMS_ROLEPERM (SERIAL_NO, PERM_ID, ROLE_ID, T_TYPE)
values (24, 24, 1, null);
insert into PMS_ROLEPERM (SERIAL_NO, PERM_ID, ROLE_ID, T_TYPE)
values (25, 25, 1, null);
insert into PMS_ROLEPERM (SERIAL_NO, PERM_ID, ROLE_ID, T_TYPE)
values (26, 27, 1, null);
insert into PMS_ROLEPERM (SERIAL_NO, PERM_ID, ROLE_ID, T_TYPE)
values (27, 28, 1, null);
insert into PMS_ROLEPERM (SERIAL_NO, PERM_ID, ROLE_ID, T_TYPE)
values (28, 30, 1, null);
insert into PMS_ROLEPERM (SERIAL_NO, PERM_ID, ROLE_ID, T_TYPE)
values (29, 31, 1, null);
insert into PMS_ROLEPERM (SERIAL_NO, PERM_ID, ROLE_ID, T_TYPE)
values (30, 32, 1, null);
insert into PMS_ROLEPERM (SERIAL_NO, PERM_ID, ROLE_ID, T_TYPE)
values (31, 40, 1, null);
insert into PMS_ROLEPERM (SERIAL_NO, PERM_ID, ROLE_ID, T_TYPE)
values (32, 41, 1, null);
insert into PMS_ROLEPERM (SERIAL_NO, PERM_ID, ROLE_ID, T_TYPE)
values (33, 42, 1, null);
insert into PMS_ROLEPERM (SERIAL_NO, PERM_ID, ROLE_ID, T_TYPE)
values (34, 43, 1, null);
insert into PMS_ROLEPERM (SERIAL_NO, PERM_ID, ROLE_ID, T_TYPE)
values (35, 44, 1, null);
insert into PMS_ROLEPERM (SERIAL_NO, PERM_ID, ROLE_ID, T_TYPE)
values (36, 45, 1, null);
insert into PMS_ROLEPERM (SERIAL_NO, PERM_ID, ROLE_ID, T_TYPE)
values (37, 46, 1, null);
insert into PMS_ROLEPERM (SERIAL_NO, PERM_ID, ROLE_ID, T_TYPE)
values (38, 47, 1, null);
insert into PMS_ROLEPERM (SERIAL_NO, PERM_ID, ROLE_ID, T_TYPE)
values (39, 48, 1, null);
insert into PMS_ROLEPERM (SERIAL_NO, PERM_ID, ROLE_ID, T_TYPE)
values (40, 49, 1, null);
insert into PMS_ROLEPERM (SERIAL_NO, PERM_ID, ROLE_ID, T_TYPE)
values (41, 50, 1, null);
insert into PMS_ROLEPERM (SERIAL_NO, PERM_ID, ROLE_ID, T_TYPE)
values (42, 51, 1, null);
insert into PMS_ROLEPERM (SERIAL_NO, PERM_ID, ROLE_ID, T_TYPE)
values (43, 52, 1, null);
insert into PMS_ROLEPERM (SERIAL_NO, PERM_ID, ROLE_ID, T_TYPE)
values (44, 53, 1, null);
insert into PMS_ROLEPERM (SERIAL_NO, PERM_ID, ROLE_ID, T_TYPE)
values (45, 54, 1, null);
insert into PMS_ROLEPERM (SERIAL_NO, PERM_ID, ROLE_ID, T_TYPE)
values (46, 56, 1, null);
insert into PMS_ROLEPERM (SERIAL_NO, PERM_ID, ROLE_ID, T_TYPE)
values (47, 57, 1, null);
insert into PMS_ROLEPERM (SERIAL_NO, PERM_ID, ROLE_ID, T_TYPE)
values (48, 59, 1, null);
insert into PMS_ROLEPERM (SERIAL_NO, PERM_ID, ROLE_ID, T_TYPE)
values (49, 65, 1, null);
insert into PMS_ROLEPERM (SERIAL_NO, PERM_ID, ROLE_ID, T_TYPE)
values (50, 66, 1, null);
insert into PMS_ROLEPERM (SERIAL_NO, PERM_ID, ROLE_ID, T_TYPE)
values (51, 67, 1, null);
insert into PMS_ROLEPERM (SERIAL_NO, PERM_ID, ROLE_ID, T_TYPE)
values (52, 68, 1, null);
insert into PMS_ROLEPERM (SERIAL_NO, PERM_ID, ROLE_ID, T_TYPE)
values (53, 69, 1, null);
insert into PMS_ROLEPERM (SERIAL_NO, PERM_ID, ROLE_ID, T_TYPE)
values (54, 70, 1, null);
insert into PMS_ROLEPERM (SERIAL_NO, PERM_ID, ROLE_ID, T_TYPE)
values (55, 71, 1, null);
insert into PMS_ROLEPERM (SERIAL_NO, PERM_ID, ROLE_ID, T_TYPE)
values (56, 72, 1, null);
insert into PMS_ROLEPERM (SERIAL_NO, PERM_ID, ROLE_ID, T_TYPE)
values (57, 73, 1, null);
insert into PMS_ROLEPERM (SERIAL_NO, PERM_ID, ROLE_ID, T_TYPE)
values (58, 80, 1, null);
insert into PMS_ROLEPERM (SERIAL_NO, PERM_ID, ROLE_ID, T_TYPE)
values (59, 81, 1, null);
insert into PMS_ROLEPERM (SERIAL_NO, PERM_ID, ROLE_ID, T_TYPE)
values (60, 82, 1, null);
insert into PMS_ROLEPERM (SERIAL_NO, PERM_ID, ROLE_ID, T_TYPE)
values (61, 83, 1, null);
insert into PMS_ROLEPERM (SERIAL_NO, PERM_ID, ROLE_ID, T_TYPE)
values (62, 84, 1, null);
insert into PMS_ROLEPERM (SERIAL_NO, PERM_ID, ROLE_ID, T_TYPE)
values (63, 85, 1, null);
insert into PMS_ROLEPERM (SERIAL_NO, PERM_ID, ROLE_ID, T_TYPE)
values (64, 86, 1, null);
insert into PMS_ROLEPERM (SERIAL_NO, PERM_ID, ROLE_ID, T_TYPE)
values (65, 87, 1, null);
insert into PMS_ROLEPERM (SERIAL_NO, PERM_ID, ROLE_ID, T_TYPE)
values (66, 88, 1, null);
insert into PMS_ROLEPERM (SERIAL_NO, PERM_ID, ROLE_ID, T_TYPE)
values (67, 89, 1, null);
insert into PMS_ROLEPERM (SERIAL_NO, PERM_ID, ROLE_ID, T_TYPE)
values (68, 90, 1, null);
insert into PMS_ROLEPERM (SERIAL_NO, PERM_ID, ROLE_ID, T_TYPE)
values (69, 91, 1, null);
insert into PMS_ROLEPERM (SERIAL_NO, PERM_ID, ROLE_ID, T_TYPE)
values (70, 92, 1, null);
insert into PMS_ROLEPERM (SERIAL_NO, PERM_ID, ROLE_ID, T_TYPE)
values (71, 94, 1, null);
insert into PMS_ROLEPERM (SERIAL_NO, PERM_ID, ROLE_ID, T_TYPE)
values (72, 95, 1, null);
insert into PMS_ROLEPERM (SERIAL_NO, PERM_ID, ROLE_ID, T_TYPE)
values (73, 96, 1, null);
insert into PMS_ROLEPERM (SERIAL_NO, PERM_ID, ROLE_ID, T_TYPE)
values (74, 97, 1, null);
insert into PMS_ROLEPERM (SERIAL_NO, PERM_ID, ROLE_ID, T_TYPE)
values (75, 98, 1, null);
insert into PMS_ROLEPERM (SERIAL_NO, PERM_ID, ROLE_ID, T_TYPE)
values (76, 99, 1, null);
insert into PMS_ROLEPERM (SERIAL_NO, PERM_ID, ROLE_ID, T_TYPE)
values (77, 100, 1, null);
insert into PMS_ROLEPERM (SERIAL_NO, PERM_ID, ROLE_ID, T_TYPE)
values (78, 101, 1, null);
insert into PMS_ROLEPERM (SERIAL_NO, PERM_ID, ROLE_ID, T_TYPE)
values (79, 102, 1, null);
insert into PMS_ROLEPERM (SERIAL_NO, PERM_ID, ROLE_ID, T_TYPE)
values (80, 103, 1, null);
insert into PMS_ROLEPERM (SERIAL_NO, PERM_ID, ROLE_ID, T_TYPE)
values (81, 104, 1, null);
insert into PMS_ROLEPERM (SERIAL_NO, PERM_ID, ROLE_ID, T_TYPE)
values (82, 105, 1, null);
insert into PMS_ROLEPERM (SERIAL_NO, PERM_ID, ROLE_ID, T_TYPE)
values (83, 106, 1, null);
insert into PMS_ROLEPERM (SERIAL_NO, PERM_ID, ROLE_ID, T_TYPE)
values (84, 107, 1, null);
insert into PMS_ROLEPERM (SERIAL_NO, PERM_ID, ROLE_ID, T_TYPE)
values (85, 108, 1, null);
insert into PMS_ROLEPERM (SERIAL_NO, PERM_ID, ROLE_ID, T_TYPE)
values (86, 93, 1, null);
insert into PMS_ROLEPERM (SERIAL_NO, PERM_ID, ROLE_ID, T_TYPE)
values (87, 109, 1, null);
insert into PMS_ROLEPERM (SERIAL_NO, PERM_ID, ROLE_ID, T_TYPE)
values (88, 110, 1, null);
insert into PMS_ROLEPERM (SERIAL_NO, PERM_ID, ROLE_ID, T_TYPE)
values (89, 112, 1, null);
insert into PMS_ROLEPERM (SERIAL_NO, PERM_ID, ROLE_ID, T_TYPE)
values (90, 113, 1, null);
insert into PMS_ROLEPERM (SERIAL_NO, PERM_ID, ROLE_ID, T_TYPE)
values (91, 114, 1, null);
commit;
prompt 91 records loaded
prompt Loading PMS_SAFETY_CONFIG...
insert into PMS_SAFETY_CONFIG (SAFETY_ID, SAFETY_MAX_RESULT, SAFETY_SEARCH_MIN, SAFETY_SEARCH_MAX, SAFETY_SESSION_TIME, SAFETY_LOGIN_LOG, SAFETY_OPERATE_LOG, SAFETY_ABSTRACT_LENGTH, SAFETY_BACKUP_PATH, SAFETY_STATIC_PAGE_SUFFIX, SAFETY_DYNAMIC_PAGE_SUFFIX)
values (0, '110', 1, 40, 40, 0, 1, '200', '/pms/backup', 'html', 'jhtml');
insert into PMS_SAFETY_CONFIG (SAFETY_ID, SAFETY_MAX_RESULT, SAFETY_SEARCH_MIN, SAFETY_SEARCH_MAX, SAFETY_SESSION_TIME, SAFETY_LOGIN_LOG, SAFETY_OPERATE_LOG, SAFETY_ABSTRACT_LENGTH, SAFETY_BACKUP_PATH, SAFETY_STATIC_PAGE_SUFFIX, SAFETY_DYNAMIC_PAGE_SUFFIX)
values (1, '110', 1, 40, 40, 0, 1, '200', '/pms/backup', 'html', 'jhtml');
commit;
prompt 2 records loaded
prompt Loading PMS_SENSITIVE_WORD...
prompt Table is empty
prompt Loading PMS_SITE_CONFIG...
insert into PMS_SITE_CONFIG (SITE_ID, SITE_BASIC_DOMAIN, SITE_BASIC_PATH, SITE_BASIC_OPTION, SITE_SEO_TITLE, SITE_SEO_KEYWORD, SITE_SEO_DESCRIPTION, SITE_PATH_HTML, SITE_PATH_RESOURCE, SITE_RECYCLE_MODE, SITE_FTP_HOST, SITE_FTP_PORT, SITE_BASIC_PREADDRESS, SITE_BASIC_MAILADDRESS, SITE_BASIC_PHONE)
values (0, 'http://www.asiainfo-linkage.com', '/pms', 1, '中国移动', '中国移动12345678 HTC nokia 三星 摩托罗拉', '中国移动_品牌的力量中国移动_品牌的力量中国移动', '/pms/html', '/pms/uploads', 1, 'ftp://www.ailkpms.cn', 21, 'http://preview.asiainfo-linkage.com', 'majun6@asiainfo-linkage.com', '15811274382');
insert into PMS_SITE_CONFIG (SITE_ID, SITE_BASIC_DOMAIN, SITE_BASIC_PATH, SITE_BASIC_OPTION, SITE_SEO_TITLE, SITE_SEO_KEYWORD, SITE_SEO_DESCRIPTION, SITE_PATH_HTML, SITE_PATH_RESOURCE, SITE_RECYCLE_MODE, SITE_FTP_HOST, SITE_FTP_PORT, SITE_BASIC_PREADDRESS, SITE_BASIC_MAILADDRESS, SITE_BASIC_PHONE)
values (1, 'http://www.asiainfo-linkage.com', '/pms', 1, '中国移动', '中国移动12345678 HTC nokia 三星 摩托罗拉', '中国移动_品牌的力量中国移动_品牌的力量中国移动', '/pms/html', '/pms/uploads', 1, 'ftp://www.ailkpms.cn', 21, 'http://preview.asiainfo-linkage.com', 'majun6@asiainfo-linkage.comgg', '15811274382');
commit;
prompt 2 records loaded
prompt Loading PMS_STATIC...
prompt Table is empty
prompt Loading PMS_SUIT...
insert into PMS_SUIT (SUIT_ID, SUIT_NAME, SUIT_STAT, SUIT_NOTE, CREATETIME)
values (4, '经典套装', 1, '经典套装', to_timestamp('29-10-2011 16:15:22.649000', 'dd-mm-yyyy hh24:mi:ss.ff'));
insert into PMS_SUIT (SUIT_ID, SUIT_NAME, SUIT_STAT, SUIT_NOTE, CREATETIME)
values (21, '经典红色套装', 0, '请描述一下套装', to_timestamp('11-11-2011 18:10:21.013000', 'dd-mm-yyyy hh24:mi:ss.ff'));
commit;
prompt 2 records loaded
prompt Loading PMS_TAG...
prompt Table is empty
prompt Loading PMS_TEMPLATE...
insert into PMS_TEMPLATE (TPL_ID, TPL_NAME, SRC_TYPE, MODEL_ID, UPTPL_ID, SUIT_ID, TPL_SIZE, TPL_PATH, TPL_NOTE, TPL_TIME)
values (5011, 'indexOfferSlot', 1, null, 5, 4, 0, '/4/slot/index/offerSlot.ftl', '首页营销活动版位模板', to_timestamp('16-09-2012 11:13:00.000000', 'dd-mm-yyyy hh24:mi:ss.ff'));
insert into PMS_TEMPLATE (TPL_ID, TPL_NAME, SRC_TYPE, MODEL_ID, UPTPL_ID, SUIT_ID, TPL_SIZE, TPL_PATH, TPL_NOTE, TPL_TIME)
values (1, 'channel', 2, null, 0, 4, 0, '/4/channel', '频道页目录', to_timestamp('16-09-2012 11:13:00.000000', 'dd-mm-yyyy hh24:mi:ss.ff'));
insert into PMS_TEMPLATE (TPL_ID, TPL_NAME, SRC_TYPE, MODEL_ID, UPTPL_ID, SUIT_ID, TPL_SIZE, TPL_PATH, TPL_NOTE, TPL_TIME)
values (2, 'content', 2, null, 0, 4, 0, '/4/content', '内容页目录', to_timestamp('16-09-2012 11:13:00.000000', 'dd-mm-yyyy hh24:mi:ss.ff'));
insert into PMS_TEMPLATE (TPL_ID, TPL_NAME, SRC_TYPE, MODEL_ID, UPTPL_ID, SUIT_ID, TPL_SIZE, TPL_PATH, TPL_NOTE, TPL_TIME)
values (3, 'home', 2, null, 0, 4, 0, '/4/home', '首页目录', to_timestamp('16-09-2012 11:13:00.000000', 'dd-mm-yyyy hh24:mi:ss.ff'));
insert into PMS_TEMPLATE (TPL_ID, TPL_NAME, SRC_TYPE, MODEL_ID, UPTPL_ID, SUIT_ID, TPL_SIZE, TPL_PATH, TPL_NOTE, TPL_TIME)
values (4, 'offer', 2, null, 0, 4, 0, '/4/offer', '营销活动页目录', to_timestamp('16-09-2012 11:13:00.000000', 'dd-mm-yyyy hh24:mi:ss.ff'));
insert into PMS_TEMPLATE (TPL_ID, TPL_NAME, SRC_TYPE, MODEL_ID, UPTPL_ID, SUIT_ID, TPL_SIZE, TPL_PATH, TPL_NOTE, TPL_TIME)
values (5, 'slot', 2, null, 0, 4, 0, '/4/slot', '版位目录', to_timestamp('16-09-2012 11:13:00.000000', 'dd-mm-yyyy hh24:mi:ss.ff'));
insert into PMS_TEMPLATE (TPL_ID, TPL_NAME, SRC_TYPE, MODEL_ID, UPTPL_ID, SUIT_ID, TPL_SIZE, TPL_PATH, TPL_NOTE, TPL_TIME)
values (6, 'other', 2, null, 0, 4, 0, '/4/other', '其他页目录', to_timestamp('16-09-2012 11:13:00.000000', 'dd-mm-yyyy hh24:mi:ss.ff'));
insert into PMS_TEMPLATE (TPL_ID, TPL_NAME, SRC_TYPE, MODEL_ID, UPTPL_ID, SUIT_ID, TPL_SIZE, TPL_PATH, TPL_NOTE, TPL_TIME)
values (2001, 'phoneContent', 1, null, 2, 4, 0, '/4/content/phoneContent.ftl', '手机内容模板', to_timestamp('16-09-2012 11:13:00.000000', 'dd-mm-yyyy hh24:mi:ss.ff'));
insert into PMS_TEMPLATE (TPL_ID, TPL_NAME, SRC_TYPE, MODEL_ID, UPTPL_ID, SUIT_ID, TPL_SIZE, TPL_PATH, TPL_NOTE, TPL_TIME)
values (2002, 'marketingContent', 1, null, 2, 4, 0, '/4/content/marketingContent.ftl', '营销案内容模板', to_timestamp('16-09-2012 11:13:00.000000', 'dd-mm-yyyy hh24:mi:ss.ff'));
insert into PMS_TEMPLATE (TPL_ID, TPL_NAME, SRC_TYPE, MODEL_ID, UPTPL_ID, SUIT_ID, TPL_SIZE, TPL_PATH, TPL_NOTE, TPL_TIME)
values (3001, 'index', 1, null, 3, 4, 0, '/4/home/index.ftl', '首页模板', to_timestamp('16-09-2012 11:13:00.000000', 'dd-mm-yyyy hh24:mi:ss.ff'));
insert into PMS_TEMPLATE (TPL_ID, TPL_NAME, SRC_TYPE, MODEL_ID, UPTPL_ID, SUIT_ID, TPL_SIZE, TPL_PATH, TPL_NOTE, TPL_TIME)
values (3002, 'head', 1, null, 3, 4, 0, '/4/home/head.ftl', '标准页头模板', to_timestamp('16-09-2012 11:13:00.000000', 'dd-mm-yyyy hh24:mi:ss.ff'));
insert into PMS_TEMPLATE (TPL_ID, TPL_NAME, SRC_TYPE, MODEL_ID, UPTPL_ID, SUIT_ID, TPL_SIZE, TPL_PATH, TPL_NOTE, TPL_TIME)
values (3003, 'bottom', 1, null, 3, 4, 0, '/4/home/bottom.ftl', '标准页尾模板', to_timestamp('16-09-2012 11:13:00.000000', 'dd-mm-yyyy hh24:mi:ss.ff'));
insert into PMS_TEMPLATE (TPL_ID, TPL_NAME, SRC_TYPE, MODEL_ID, UPTPL_ID, SUIT_ID, TPL_SIZE, TPL_PATH, TPL_NOTE, TPL_TIME)
values (4001, 'marketingList', 1, null, 4, 4, 0, '/4/offer/marketingList.ftl', '营销活动列表页模板', to_timestamp('16-09-2012 11:13:00.000000', 'dd-mm-yyyy hh24:mi:ss.ff'));
insert into PMS_TEMPLATE (TPL_ID, TPL_NAME, SRC_TYPE, MODEL_ID, UPTPL_ID, SUIT_ID, TPL_SIZE, TPL_PATH, TPL_NOTE, TPL_TIME)
values (127, 'marketingDetail', 1, null, 4, 4, 0, '/4/offer/marketingDetail.ftl', '营销活动详情页模板', to_timestamp('16-09-2012 11:13:00.000000', 'dd-mm-yyyy hh24:mi:ss.ff'));
insert into PMS_TEMPLATE (TPL_ID, TPL_NAME, SRC_TYPE, MODEL_ID, UPTPL_ID, SUIT_ID, TPL_SIZE, TPL_PATH, TPL_NOTE, TPL_TIME)
values (5012, 'indexNewSlot', 1, null, 5, 4, 0, '/4/slot/index/newSlot.ftl', '首页新品上架版位模板', to_timestamp('16-09-2012 11:13:00.000000', 'dd-mm-yyyy hh24:mi:ss.ff'));
insert into PMS_TEMPLATE (TPL_ID, TPL_NAME, SRC_TYPE, MODEL_ID, UPTPL_ID, SUIT_ID, TPL_SIZE, TPL_PATH, TPL_NOTE, TPL_TIME)
values (5013, 'indexDiscountSlot', 1, null, 5, 4, 0, '/4/slot/index/discountSlot.ftl', '首页特价优惠版位模板', to_timestamp('16-09-2012 11:13:00.000000', 'dd-mm-yyyy hh24:mi:ss.ff'));
insert into PMS_TEMPLATE (TPL_ID, TPL_NAME, SRC_TYPE, MODEL_ID, UPTPL_ID, SUIT_ID, TPL_SIZE, TPL_PATH, TPL_NOTE, TPL_TIME)
values (6001, 'filter', 1, null, 6, 4, 0, '/4/other/filter.ftl', '动态筛选页', to_timestamp('16-09-2012 11:13:00.000000', 'dd-mm-yyyy hh24:mi:ss.ff'));
insert into PMS_TEMPLATE (TPL_ID, TPL_NAME, SRC_TYPE, MODEL_ID, UPTPL_ID, SUIT_ID, TPL_SIZE, TPL_PATH, TPL_NOTE, TPL_TIME)
values (6002, 'searchFail', 1, null, 6, 4, 0, '/4/other/searchFail.ftl', '搜索失败模板', to_timestamp('16-09-2012 11:13:00.000000', 'dd-mm-yyyy hh24:mi:ss.ff'));
insert into PMS_TEMPLATE (TPL_ID, TPL_NAME, SRC_TYPE, MODEL_ID, UPTPL_ID, SUIT_ID, TPL_SIZE, TPL_PATH, TPL_NOTE, TPL_TIME)
values (6003, 'shoppingCart', 1, null, 6, 4, 0, '/4/other/shoppingCart.ftl', '购物车模板', to_timestamp('16-09-2012 11:13:00.000000', 'dd-mm-yyyy hh24:mi:ss.ff'));
insert into PMS_TEMPLATE (TPL_ID, TPL_NAME, SRC_TYPE, MODEL_ID, UPTPL_ID, SUIT_ID, TPL_SIZE, TPL_PATH, TPL_NOTE, TPL_TIME)
values (5014, 'grouponList', 1, null, 5, 4, 0, '/4/slot/portal/grouponList.ftl', '门户团购版位模板', to_timestamp('26-12-2012 11:13:00.000000', 'dd-mm-yyyy hh24:mi:ss.ff'));
insert into PMS_TEMPLATE (TPL_ID, TPL_NAME, SRC_TYPE, MODEL_ID, UPTPL_ID, SUIT_ID, TPL_SIZE, TPL_PATH, TPL_NOTE, TPL_TIME)
values (5015, 'index', 1, null, 5, 4, 0, '/4/slot/portal/index.ftl', '门户商城版位模板', to_timestamp('26-12-2012 11:13:00.000000', 'dd-mm-yyyy hh24:mi:ss.ff'));
insert into PMS_TEMPLATE (TPL_ID, TPL_NAME, SRC_TYPE, MODEL_ID, UPTPL_ID, SUIT_ID, TPL_SIZE, TPL_PATH, TPL_NOTE, TPL_TIME)
values (5016, 'marketingList', 1, null, 5, 4, 0, '/4/slot/portal/marketingList.ftl', '门户营销案版位模板', to_timestamp('26-12-2012 11:13:00.000000', 'dd-mm-yyyy hh24:mi:ss.ff'));
insert into PMS_TEMPLATE (TPL_ID, TPL_NAME, SRC_TYPE, MODEL_ID, UPTPL_ID, SUIT_ID, TPL_SIZE, TPL_PATH, TPL_NOTE, TPL_TIME)
values (5017, 'phoneList', 1, null, 5, 4, 0, '/4/slot/portal/phoneList.ftl', '门户裸机版位模板', to_timestamp('26-12-2012 11:13:00.000000', 'dd-mm-yyyy hh24:mi:ss.ff'));
insert into PMS_TEMPLATE (TPL_ID, TPL_NAME, SRC_TYPE, MODEL_ID, UPTPL_ID, SUIT_ID, TPL_SIZE, TPL_PATH, TPL_NOTE, TPL_TIME)
values (5018, 'sekillList', 1, null, 5, 4, 0, '/4/slot/portal/seckillList.ftl', '门户秒杀版位模板', to_timestamp('26-12-2012 11:13:00.000000', 'dd-mm-yyyy hh24:mi:ss.ff'));
insert into PMS_TEMPLATE (TPL_ID, TPL_NAME, SRC_TYPE, MODEL_ID, UPTPL_ID, SUIT_ID, TPL_SIZE, TPL_PATH, TPL_NOTE, TPL_TIME)
values (5019, 'pmsMarketingList', 1, null, 5, 4, 0, '/4/slot/pms/pmsMarketingList.ftl', '贵州门户首页营销案版位', to_timestamp('11-01-2013 11:13:00.000000', 'dd-mm-yyyy hh24:mi:ss.ff'));
insert into PMS_TEMPLATE (TPL_ID, TPL_NAME, SRC_TYPE, MODEL_ID, UPTPL_ID, SUIT_ID, TPL_SIZE, TPL_PATH, TPL_NOTE, TPL_TIME)
values (1101, 'indexTurnAd', 1, null, 5, 4, 0, '/4/adLocal/indexTurnAd.ftl', '首页轮播广告位模板', to_timestamp('22-01-2013 11:13:00.000000', 'dd-mm-yyyy hh24:mi:ss.ff'));
insert into PMS_TEMPLATE (TPL_ID, TPL_NAME, SRC_TYPE, MODEL_ID, UPTPL_ID, SUIT_ID, TPL_SIZE, TPL_PATH, TPL_NOTE, TPL_TIME)
values (1102, 'indexLeftAd1', 1, null, 5, 4, 0, '/4/adLocal/indexLeftAd1.ftl', '首页左侧广告位1模板', to_timestamp('22-01-2013 11:13:00.000000', 'dd-mm-yyyy hh24:mi:ss.ff'));
insert into PMS_TEMPLATE (TPL_ID, TPL_NAME, SRC_TYPE, MODEL_ID, UPTPL_ID, SUIT_ID, TPL_SIZE, TPL_PATH, TPL_NOTE, TPL_TIME)
values (1103, 'indexLeftAd2', 1, null, 5, 4, 0, '/4/adLocal/indexLeftAd2.ftl', '首页左侧广告位2模板', to_timestamp('22-01-2013 11:13:00.000000', 'dd-mm-yyyy hh24:mi:ss.ff'));
insert into PMS_TEMPLATE (TPL_ID, TPL_NAME, SRC_TYPE, MODEL_ID, UPTPL_ID, SUIT_ID, TPL_SIZE, TPL_PATH, TPL_NOTE, TPL_TIME)
values (1104, 'indexLeftAd3', 1, null, 5, 4, 0, '/4/adLocal/indexLeftAd3.ftl', '首页左侧广告位3模板', to_timestamp('22-01-2013 11:13:00.000000', 'dd-mm-yyyy hh24:mi:ss.ff'));
insert into PMS_TEMPLATE (TPL_ID, TPL_NAME, SRC_TYPE, MODEL_ID, UPTPL_ID, SUIT_ID, TPL_SIZE, TPL_PATH, TPL_NOTE, TPL_TIME)
values (1105, 'indexNewSlotAd', 1, null, 5, 4, 0, '/4/adLocal/indexNewSlotAd.ftl', '首页新品上架广告位模板', to_timestamp('22-01-2013 11:13:00.000000', 'dd-mm-yyyy hh24:mi:ss.ff'));
insert into PMS_TEMPLATE (TPL_ID, TPL_NAME, SRC_TYPE, MODEL_ID, UPTPL_ID, SUIT_ID, TPL_SIZE, TPL_PATH, TPL_NOTE, TPL_TIME)
values (1106, 'phoneFilterTurnAd', 1, null, 6, 4, 0, '/4/adLocal/phoneFilterTurnAd.ftl', '动态筛选页轮播广告位模板', to_timestamp('22-01-2013 11:13:00.000000', 'dd-mm-yyyy hh24:mi:ss.ff'));
insert into PMS_TEMPLATE (TPL_ID, TPL_NAME, SRC_TYPE, MODEL_ID, UPTPL_ID, SUIT_ID, TPL_SIZE, TPL_PATH, TPL_NOTE, TPL_TIME)
values (1107, 'phoneFilterRightAd1', 1, null, 6, 4, 0, '/4/adLocal/phoneFilterRightAd1.ftl', '动态筛选页右侧广告位1模板', to_timestamp('22-01-2013 11:13:00.000000', 'dd-mm-yyyy hh24:mi:ss.ff'));
insert into PMS_TEMPLATE (TPL_ID, TPL_NAME, SRC_TYPE, MODEL_ID, UPTPL_ID, SUIT_ID, TPL_SIZE, TPL_PATH, TPL_NOTE, TPL_TIME)
values (1108, 'phoneFilterRightAd2', 1, null, 6, 4, 0, '/4/adLocal/phoneFilterRightAd2.ftl', '动态筛选页右侧广告位2模板', to_timestamp('22-01-2013 11:13:00.000000', 'dd-mm-yyyy hh24:mi:ss.ff'));
commit;
prompt 33 records loaded
prompt Loading PMS_TOPIC_CONTENT...
prompt Table is empty
prompt Loading PMS_TOPIC_TAG...
prompt Table is empty
prompt Loading PMS_TPLCHL...
prompt Table is empty
prompt Loading PMS_TPLTOPIC...
prompt Table is empty
prompt Loading PMS_TPL_DEPLOY...
insert into PMS_TPL_DEPLOY (SERIAL_NO, SUIT_ID, TPL_ID, PAGE_ID, PAGE_NAME, HTML_PAGE_NAME)
values (4001, 4, 5011, 4001, 'indexoffer.html', '首页活动版位');
insert into PMS_TPL_DEPLOY (SERIAL_NO, SUIT_ID, TPL_ID, PAGE_ID, PAGE_NAME, HTML_PAGE_NAME)
values (4002, 4, 5011, 4002, 'indexoffer.html', '首页活动版位');
insert into PMS_TPL_DEPLOY (SERIAL_NO, SUIT_ID, TPL_ID, PAGE_ID, PAGE_NAME, HTML_PAGE_NAME)
values (4003, 4, 5011, 4003, 'indexoffer.html', '首页活动版位');
insert into PMS_TPL_DEPLOY (SERIAL_NO, SUIT_ID, TPL_ID, PAGE_ID, PAGE_NAME, HTML_PAGE_NAME)
values (4004, 4, 5011, 4004, 'indexoffer.html', '首页活动版位');
insert into PMS_TPL_DEPLOY (SERIAL_NO, SUIT_ID, TPL_ID, PAGE_ID, PAGE_NAME, HTML_PAGE_NAME)
values (4005, 4, 5011, 4005, 'indexoffer.html', '首页活动版位');
insert into PMS_TPL_DEPLOY (SERIAL_NO, SUIT_ID, TPL_ID, PAGE_ID, PAGE_NAME, HTML_PAGE_NAME)
values (4006, 4, 5011, 4006, 'indexoffer.html', '首页活动版位');
insert into PMS_TPL_DEPLOY (SERIAL_NO, SUIT_ID, TPL_ID, PAGE_ID, PAGE_NAME, HTML_PAGE_NAME)
values (4007, 4, 5011, 4007, 'indexoffer.html', '首页活动版位');
insert into PMS_TPL_DEPLOY (SERIAL_NO, SUIT_ID, TPL_ID, PAGE_ID, PAGE_NAME, HTML_PAGE_NAME)
values (4008, 4, 5011, 4008, 'indexoffer.html', '首页活动版位');
insert into PMS_TPL_DEPLOY (SERIAL_NO, SUIT_ID, TPL_ID, PAGE_ID, PAGE_NAME, HTML_PAGE_NAME)
values (4009, 4, 5011, 4009, 'indexoffer.html', '首页活动版位');
insert into PMS_TPL_DEPLOY (SERIAL_NO, SUIT_ID, TPL_ID, PAGE_ID, PAGE_NAME, HTML_PAGE_NAME)
values (1, 4, 3001, 1, 'index.html', '首页');
insert into PMS_TPL_DEPLOY (SERIAL_NO, SUIT_ID, TPL_ID, PAGE_ID, PAGE_NAME, HTML_PAGE_NAME)
values (2, 4, 6001, 2, 'filter.html', '动态筛选页');
insert into PMS_TPL_DEPLOY (SERIAL_NO, SUIT_ID, TPL_ID, PAGE_ID, PAGE_NAME, HTML_PAGE_NAME)
values (4, 4, 3002, 4, 'head.html', '头部');
insert into PMS_TPL_DEPLOY (SERIAL_NO, SUIT_ID, TPL_ID, PAGE_ID, PAGE_NAME, HTML_PAGE_NAME)
values (5, 4, 3003, 7, 'bottom.html', '底部');
insert into PMS_TPL_DEPLOY (SERIAL_NO, SUIT_ID, TPL_ID, PAGE_ID, PAGE_NAME, HTML_PAGE_NAME)
values (6, 4, 6002, 6, 'searchfail.html', '搜索失败页');
insert into PMS_TPL_DEPLOY (SERIAL_NO, SUIT_ID, TPL_ID, PAGE_ID, PAGE_NAME, HTML_PAGE_NAME)
values (8, 4, 2002, 8, 'marketingContent.html', '营销活动单品页');
insert into PMS_TPL_DEPLOY (SERIAL_NO, SUIT_ID, TPL_ID, PAGE_ID, PAGE_NAME, HTML_PAGE_NAME)
values (2001, 4, 5012, 2001, 'indexnew.html', '首页新品上架版位');
insert into PMS_TPL_DEPLOY (SERIAL_NO, SUIT_ID, TPL_ID, PAGE_ID, PAGE_NAME, HTML_PAGE_NAME)
values (2002, 4, 5012, 2002, 'indexnew.html', '首页新品上架版位');
insert into PMS_TPL_DEPLOY (SERIAL_NO, SUIT_ID, TPL_ID, PAGE_ID, PAGE_NAME, HTML_PAGE_NAME)
values (2003, 4, 5012, 2003, 'indexnew.html', '首页新品上架版位');
insert into PMS_TPL_DEPLOY (SERIAL_NO, SUIT_ID, TPL_ID, PAGE_ID, PAGE_NAME, HTML_PAGE_NAME)
values (2004, 4, 5012, 2004, 'indexnew.html', '首页新品上架版位');
insert into PMS_TPL_DEPLOY (SERIAL_NO, SUIT_ID, TPL_ID, PAGE_ID, PAGE_NAME, HTML_PAGE_NAME)
values (2005, 4, 5012, 2005, 'indexnew.html', '首页新品上架版位');
insert into PMS_TPL_DEPLOY (SERIAL_NO, SUIT_ID, TPL_ID, PAGE_ID, PAGE_NAME, HTML_PAGE_NAME)
values (2006, 4, 5012, 2006, 'indexnew.html', '首页新品上架版位');
insert into PMS_TPL_DEPLOY (SERIAL_NO, SUIT_ID, TPL_ID, PAGE_ID, PAGE_NAME, HTML_PAGE_NAME)
values (2007, 4, 5012, 2007, 'indexnew.html', '首页新品上架版位');
insert into PMS_TPL_DEPLOY (SERIAL_NO, SUIT_ID, TPL_ID, PAGE_ID, PAGE_NAME, HTML_PAGE_NAME)
values (2008, 4, 5012, 2008, 'indexnew.html', '首页新品上架版位');
insert into PMS_TPL_DEPLOY (SERIAL_NO, SUIT_ID, TPL_ID, PAGE_ID, PAGE_NAME, HTML_PAGE_NAME)
values (2009, 4, 5012, 2009, 'indexnew.html', '首页新品上架版位');
insert into PMS_TPL_DEPLOY (SERIAL_NO, SUIT_ID, TPL_ID, PAGE_ID, PAGE_NAME, HTML_PAGE_NAME)
values (3001, 4, 5013, 3001, 'indexdiscount.html', '首页特价专区版位');
insert into PMS_TPL_DEPLOY (SERIAL_NO, SUIT_ID, TPL_ID, PAGE_ID, PAGE_NAME, HTML_PAGE_NAME)
values (3002, 4, 5013, 3002, 'indexdiscount.html', '首页特价专区版位');
insert into PMS_TPL_DEPLOY (SERIAL_NO, SUIT_ID, TPL_ID, PAGE_ID, PAGE_NAME, HTML_PAGE_NAME)
values (3003, 4, 5013, 3003, 'indexdiscount.html', '首页特价专区版位');
insert into PMS_TPL_DEPLOY (SERIAL_NO, SUIT_ID, TPL_ID, PAGE_ID, PAGE_NAME, HTML_PAGE_NAME)
values (3004, 4, 5013, 3004, 'indexdiscount.html', '首页特价专区版位');
insert into PMS_TPL_DEPLOY (SERIAL_NO, SUIT_ID, TPL_ID, PAGE_ID, PAGE_NAME, HTML_PAGE_NAME)
values (3005, 4, 5013, 3005, 'indexdiscount.html', '首页特价专区版位');
insert into PMS_TPL_DEPLOY (SERIAL_NO, SUIT_ID, TPL_ID, PAGE_ID, PAGE_NAME, HTML_PAGE_NAME)
values (3006, 4, 5013, 3006, 'indexdiscount.html', '首页特价专区版位');
insert into PMS_TPL_DEPLOY (SERIAL_NO, SUIT_ID, TPL_ID, PAGE_ID, PAGE_NAME, HTML_PAGE_NAME)
values (3007, 4, 5013, 3007, 'indexdiscount.html', '首页特价专区版位');
insert into PMS_TPL_DEPLOY (SERIAL_NO, SUIT_ID, TPL_ID, PAGE_ID, PAGE_NAME, HTML_PAGE_NAME)
values (3008, 4, 5013, 3008, 'indexdiscount.html', '首页特价专区版位');
insert into PMS_TPL_DEPLOY (SERIAL_NO, SUIT_ID, TPL_ID, PAGE_ID, PAGE_NAME, HTML_PAGE_NAME)
values (3009, 4, 5013, 3009, 'indexdiscount.html', '首页特价专区版位');
insert into PMS_TPL_DEPLOY (SERIAL_NO, SUIT_ID, TPL_ID, PAGE_ID, PAGE_NAME, HTML_PAGE_NAME)
values (9, 4, 6003, 9, 'shoppingCart.html', '购物车');
insert into PMS_TPL_DEPLOY (SERIAL_NO, SUIT_ID, TPL_ID, PAGE_ID, PAGE_NAME, HTML_PAGE_NAME)
values (6001, 4, 5015, 6001, 'portalIndex.html', '门户商城版位');
insert into PMS_TPL_DEPLOY (SERIAL_NO, SUIT_ID, TPL_ID, PAGE_ID, PAGE_NAME, HTML_PAGE_NAME)
values (7001, 4, 5014, 7001, 'portalGrouponList.html', '门户商城团购版位');
insert into PMS_TPL_DEPLOY (SERIAL_NO, SUIT_ID, TPL_ID, PAGE_ID, PAGE_NAME, HTML_PAGE_NAME)
values (8001, 4, 5016, 8001, 'portalMarketingList.html', '门户商城营销案版位');
insert into PMS_TPL_DEPLOY (SERIAL_NO, SUIT_ID, TPL_ID, PAGE_ID, PAGE_NAME, HTML_PAGE_NAME)
values (9001, 4, 5017, 9001, 'portalPhoneList.html', '门户商城裸机版位');
insert into PMS_TPL_DEPLOY (SERIAL_NO, SUIT_ID, TPL_ID, PAGE_ID, PAGE_NAME, HTML_PAGE_NAME)
values (1011, 4, 5018, 1011, 'portalSeckillList.html', '门户商城秒杀版位');
insert into PMS_TPL_DEPLOY (SERIAL_NO, SUIT_ID, TPL_ID, PAGE_ID, PAGE_NAME, HTML_PAGE_NAME)
values (1000, 4, 5019, 1000, 'pmsMarketingList.html', '辽宁门户首页营销案版位');
insert into PMS_TPL_DEPLOY (SERIAL_NO, SUIT_ID, TPL_ID, PAGE_ID, PAGE_NAME, HTML_PAGE_NAME)
values (1101, 4, 1101, 1101, 'indexTurnAd.html', '首页轮播广告位');
insert into PMS_TPL_DEPLOY (SERIAL_NO, SUIT_ID, TPL_ID, PAGE_ID, PAGE_NAME, HTML_PAGE_NAME)
values (1102, 4, 1102, 1102, 'indexLeftAd1.html', '首页左侧广告位1');
insert into PMS_TPL_DEPLOY (SERIAL_NO, SUIT_ID, TPL_ID, PAGE_ID, PAGE_NAME, HTML_PAGE_NAME)
values (1103, 4, 1103, 1103, 'indexLeftAd2.html', '首页左侧广告位2');
insert into PMS_TPL_DEPLOY (SERIAL_NO, SUIT_ID, TPL_ID, PAGE_ID, PAGE_NAME, HTML_PAGE_NAME)
values (1104, 4, 1104, 1104, 'indexLeftAd3.html', '首页左侧广告位3');
insert into PMS_TPL_DEPLOY (SERIAL_NO, SUIT_ID, TPL_ID, PAGE_ID, PAGE_NAME, HTML_PAGE_NAME)
values (1105, 4, 1105, 1105, 'indexNewSlotAd.html', '首页新品上架广告位');
insert into PMS_TPL_DEPLOY (SERIAL_NO, SUIT_ID, TPL_ID, PAGE_ID, PAGE_NAME, HTML_PAGE_NAME)
values (1106, 4, 1106, 1106, 'phoneFilterTurnAd.html', '动态筛选页轮播广告位');
insert into PMS_TPL_DEPLOY (SERIAL_NO, SUIT_ID, TPL_ID, PAGE_ID, PAGE_NAME, HTML_PAGE_NAME)
values (1107, 4, 1107, 1107, 'phoneFilterRightAd1.html', '动态筛选页右侧广告位1');
insert into PMS_TPL_DEPLOY (SERIAL_NO, SUIT_ID, TPL_ID, PAGE_ID, PAGE_NAME, HTML_PAGE_NAME)
values (1108, 4, 1108, 1108, 'phoneFilterRightAd2.html', '动态筛选页右侧广告位2');
insert into PMS_TPL_DEPLOY (SERIAL_NO, SUIT_ID, TPL_ID, PAGE_ID, PAGE_NAME, HTML_PAGE_NAME)
values (4010, 4, 5011, 4010, 'indexoffer.html', '首页活动版位');
insert into PMS_TPL_DEPLOY (SERIAL_NO, SUIT_ID, TPL_ID, PAGE_ID, PAGE_NAME, HTML_PAGE_NAME)
values (4011, 4, 5011, 4011, 'indexoffer.html', '首页活动版位');
insert into PMS_TPL_DEPLOY (SERIAL_NO, SUIT_ID, TPL_ID, PAGE_ID, PAGE_NAME, HTML_PAGE_NAME)
values (4012, 4, 5011, 4012, 'indexoffer.html', '首页活动版位');
insert into PMS_TPL_DEPLOY (SERIAL_NO, SUIT_ID, TPL_ID, PAGE_ID, PAGE_NAME, HTML_PAGE_NAME)
values (4013, 4, 5011, 4013, 'indexoffer.html', '首页活动版位');
insert into PMS_TPL_DEPLOY (SERIAL_NO, SUIT_ID, TPL_ID, PAGE_ID, PAGE_NAME, HTML_PAGE_NAME)
values (4014, 4, 5011, 4014, 'indexoffer.html', '首页活动版位');
insert into PMS_TPL_DEPLOY (SERIAL_NO, SUIT_ID, TPL_ID, PAGE_ID, PAGE_NAME, HTML_PAGE_NAME)
values (2011, 4, 5012, 2011, 'indexnew.html', '首页新品上架版位');
insert into PMS_TPL_DEPLOY (SERIAL_NO, SUIT_ID, TPL_ID, PAGE_ID, PAGE_NAME, HTML_PAGE_NAME)
values (2012, 4, 5012, 2012, 'indexnew.html', '首页新品上架版位');
insert into PMS_TPL_DEPLOY (SERIAL_NO, SUIT_ID, TPL_ID, PAGE_ID, PAGE_NAME, HTML_PAGE_NAME)
values (2013, 4, 5012, 2013, 'indexnew.html', '首页新品上架版位');
insert into PMS_TPL_DEPLOY (SERIAL_NO, SUIT_ID, TPL_ID, PAGE_ID, PAGE_NAME, HTML_PAGE_NAME)
values (2014, 4, 5012, 2014, 'indexnew.html', '首页新品上架版位');
insert into PMS_TPL_DEPLOY (SERIAL_NO, SUIT_ID, TPL_ID, PAGE_ID, PAGE_NAME, HTML_PAGE_NAME)
values (2010, 4, 5012, 2010, 'indexnew.html', '首页新品上架版位');
insert into PMS_TPL_DEPLOY (SERIAL_NO, SUIT_ID, TPL_ID, PAGE_ID, PAGE_NAME, HTML_PAGE_NAME)
values (3011, 4, 5013, 3011, 'indexdiscount.html', '首页特价专区版位');
insert into PMS_TPL_DEPLOY (SERIAL_NO, SUIT_ID, TPL_ID, PAGE_ID, PAGE_NAME, HTML_PAGE_NAME)
values (3012, 4, 5013, 3012, 'indexdiscount.html', '首页特价专区版位');
insert into PMS_TPL_DEPLOY (SERIAL_NO, SUIT_ID, TPL_ID, PAGE_ID, PAGE_NAME, HTML_PAGE_NAME)
values (3013, 4, 5013, 3013, 'indexdiscount.html', '首页特价专区版位');
insert into PMS_TPL_DEPLOY (SERIAL_NO, SUIT_ID, TPL_ID, PAGE_ID, PAGE_NAME, HTML_PAGE_NAME)
values (3014, 4, 5013, 3014, 'indexdiscount.html', '首页特价专区版位');
insert into PMS_TPL_DEPLOY (SERIAL_NO, SUIT_ID, TPL_ID, PAGE_ID, PAGE_NAME, HTML_PAGE_NAME)
values (3010, 4, 5013, 3010, 'indexdiscount.html', '首页特价专区版位');
insert into PMS_TPL_DEPLOY (SERIAL_NO, SUIT_ID, TPL_ID, PAGE_ID, PAGE_NAME, HTML_PAGE_NAME)
values (5010, 4, 4001, 5010, 'marketingList.html', '阜新营销活动列表');
insert into PMS_TPL_DEPLOY (SERIAL_NO, SUIT_ID, TPL_ID, PAGE_ID, PAGE_NAME, HTML_PAGE_NAME)
values (5011, 4, 4001, 5011, 'marketingList.html', '辽阳营销活动列表');
insert into PMS_TPL_DEPLOY (SERIAL_NO, SUIT_ID, TPL_ID, PAGE_ID, PAGE_NAME, HTML_PAGE_NAME)
values (5012, 4, 4001, 5012, 'marketingList.html', '朝阳营销活动列表');
insert into PMS_TPL_DEPLOY (SERIAL_NO, SUIT_ID, TPL_ID, PAGE_ID, PAGE_NAME, HTML_PAGE_NAME)
values (5013, 4, 4001, 5013, 'marketingList.html', '盘锦营销活动列表');
insert into PMS_TPL_DEPLOY (SERIAL_NO, SUIT_ID, TPL_ID, PAGE_ID, PAGE_NAME, HTML_PAGE_NAME)
values (5014, 4, 4001, 5014, 'marketingList.html', '葫芦岛营销活动列表');
insert into PMS_TPL_DEPLOY (SERIAL_NO, SUIT_ID, TPL_ID, PAGE_ID, PAGE_NAME, HTML_PAGE_NAME)
values (5001, 4, 4001, 5001, 'marketingList.html', '沈阳营销活动列表');
insert into PMS_TPL_DEPLOY (SERIAL_NO, SUIT_ID, TPL_ID, PAGE_ID, PAGE_NAME, HTML_PAGE_NAME)
values (5002, 4, 4001, 5002, 'marketingList.html', '铁岭营销活动列表');
insert into PMS_TPL_DEPLOY (SERIAL_NO, SUIT_ID, TPL_ID, PAGE_ID, PAGE_NAME, HTML_PAGE_NAME)
values (5003, 4, 4001, 5003, 'marketingList.html', '大连营销活动列表');
insert into PMS_TPL_DEPLOY (SERIAL_NO, SUIT_ID, TPL_ID, PAGE_ID, PAGE_NAME, HTML_PAGE_NAME)
values (5004, 4, 4001, 5004, 'marketingList.html', '鞍山营销活动列表');
insert into PMS_TPL_DEPLOY (SERIAL_NO, SUIT_ID, TPL_ID, PAGE_ID, PAGE_NAME, HTML_PAGE_NAME)
values (5005, 4, 4001, 5005, 'marketingList.html', '抚顺营销活动列表');
insert into PMS_TPL_DEPLOY (SERIAL_NO, SUIT_ID, TPL_ID, PAGE_ID, PAGE_NAME, HTML_PAGE_NAME)
values (5006, 4, 4001, 5006, 'marketingList.html', '本溪营销活动列表');
insert into PMS_TPL_DEPLOY (SERIAL_NO, SUIT_ID, TPL_ID, PAGE_ID, PAGE_NAME, HTML_PAGE_NAME)
values (5007, 4, 4001, 5007, 'marketingList.html', '丹东营销活动列表');
insert into PMS_TPL_DEPLOY (SERIAL_NO, SUIT_ID, TPL_ID, PAGE_ID, PAGE_NAME, HTML_PAGE_NAME)
values (5008, 4, 4001, 5008, 'marketingList.html', '锦州营销活动列表');
insert into PMS_TPL_DEPLOY (SERIAL_NO, SUIT_ID, TPL_ID, PAGE_ID, PAGE_NAME, HTML_PAGE_NAME)
values (5009, 4, 4001, 5009, 'marketingList.html', '营口营销活动列表');
commit;
prompt 77 records loaded
prompt Loading TEMP_RES_CODE_DEF...
prompt Table is empty
prompt Loading TS_DISTRICT...
prompt Table is empty
prompt Loading TS_PTL_USER...
insert into TS_PTL_USER (PTL_USER_ID, USERNAME, GENDER, PASSWORD, NICKNAME, REAL_NAME, PHONE, RESI_PROV, RESI_CITY, RESI_DIST, ADDR, ZIP_CODE, LOGIN_TIME, STATUS, EMAIL, GROUP_ID, BIRTHDAY, QQ_NUM, MSN_NUM, CELLPHONE, INTRO_INFO, LOGIN_COUNT, REGISTER_TIME, IS_MOBILE_CLIENT)
values (3009, '11111111111', null, 'lueSGJZetyySpUndWjMBEg==', null, null, '11111111111', null, null, null, null, null, to_timestamp('03-07-2013 17:11:43.765000', 'dd-mm-yyyy hh24:mi:ss.ff'), 1, null, null, null, null, null, '11111111111', null, 22, to_timestamp('31-05-2013 14:26:11.000000', 'dd-mm-yyyy hh24:mi:ss.ff'), 1);
insert into TS_PTL_USER (PTL_USER_ID, USERNAME, GENDER, PASSWORD, NICKNAME, REAL_NAME, PHONE, RESI_PROV, RESI_CITY, RESI_DIST, ADDR, ZIP_CODE, LOGIN_TIME, STATUS, EMAIL, GROUP_ID, BIRTHDAY, QQ_NUM, MSN_NUM, CELLPHONE, INTRO_INFO, LOGIN_COUNT, REGISTER_TIME, IS_MOBILE_CLIENT)
values (3000, '12345678912', null, '4QrcOUm6Wau+VuBX8g+IPg==', null, null, '12345678912', null, null, null, null, null, to_timestamp('24-05-2013 17:04:20.512000', 'dd-mm-yyyy hh24:mi:ss.ff'), 1, null, null, null, null, null, '12345678912', null, 1, to_timestamp('24-05-2013 17:04:20.000000', 'dd-mm-yyyy hh24:mi:ss.ff'), 1);
insert into TS_PTL_USER (PTL_USER_ID, USERNAME, GENDER, PASSWORD, NICKNAME, REAL_NAME, PHONE, RESI_PROV, RESI_CITY, RESI_DIST, ADDR, ZIP_CODE, LOGIN_TIME, STATUS, EMAIL, GROUP_ID, BIRTHDAY, QQ_NUM, MSN_NUM, CELLPHONE, INTRO_INFO, LOGIN_COUNT, REGISTER_TIME, IS_MOBILE_CLIENT)
values (3001, '13568686868', null, '4QrcOUm6Wau+VuBX8g+IPg==', null, null, '13568686868', null, null, null, null, null, to_timestamp('24-05-2013 17:11:50.521000', 'dd-mm-yyyy hh24:mi:ss.ff'), 1, null, null, null, null, null, '13568686868', null, 1, to_timestamp('24-05-2013 17:11:50.000000', 'dd-mm-yyyy hh24:mi:ss.ff'), 1);
insert into TS_PTL_USER (PTL_USER_ID, USERNAME, GENDER, PASSWORD, NICKNAME, REAL_NAME, PHONE, RESI_PROV, RESI_CITY, RESI_DIST, ADDR, ZIP_CODE, LOGIN_TIME, STATUS, EMAIL, GROUP_ID, BIRTHDAY, QQ_NUM, MSN_NUM, CELLPHONE, INTRO_INFO, LOGIN_COUNT, REGISTER_TIME, IS_MOBILE_CLIENT)
values (3002, '13888888888', null, '4QrcOUm6Wau+VuBX8g+IPg==', null, null, '13888888888', null, null, null, null, null, to_timestamp('24-05-2013 17:15:09.542000', 'dd-mm-yyyy hh24:mi:ss.ff'), 1, null, null, null, null, null, '13888888888', null, 1, to_timestamp('24-05-2013 17:15:09.000000', 'dd-mm-yyyy hh24:mi:ss.ff'), 1);
insert into TS_PTL_USER (PTL_USER_ID, USERNAME, GENDER, PASSWORD, NICKNAME, REAL_NAME, PHONE, RESI_PROV, RESI_CITY, RESI_DIST, ADDR, ZIP_CODE, LOGIN_TIME, STATUS, EMAIL, GROUP_ID, BIRTHDAY, QQ_NUM, MSN_NUM, CELLPHONE, INTRO_INFO, LOGIN_COUNT, REGISTER_TIME, IS_MOBILE_CLIENT)
values (3042, '18612110485', null, '794535', null, null, '18612110485', null, null, null, null, null, to_timestamp('09-06-2013 13:57:44.831000', 'dd-mm-yyyy hh24:mi:ss.ff'), 1, null, null, null, null, null, '18612110485', null, 1, to_timestamp('09-06-2013 13:57:44.000000', 'dd-mm-yyyy hh24:mi:ss.ff'), 0);
insert into TS_PTL_USER (PTL_USER_ID, USERNAME, GENDER, PASSWORD, NICKNAME, REAL_NAME, PHONE, RESI_PROV, RESI_CITY, RESI_DIST, ADDR, ZIP_CODE, LOGIN_TIME, STATUS, EMAIL, GROUP_ID, BIRTHDAY, QQ_NUM, MSN_NUM, CELLPHONE, INTRO_INFO, LOGIN_COUNT, REGISTER_TIME, IS_MOBILE_CLIENT)
values (3080, 'ccvv', 0, '4QrcOUm6Wau+VuBX8g+IPg==', null, null, null, null, null, null, null, null, to_timestamp('03-07-2013 10:48:57.508000', 'dd-mm-yyyy hh24:mi:ss.ff'), 1, 'ccvv@126.com', null, null, null, null, null, null, 10, to_timestamp('17-06-2013 11:06:32.000000', 'dd-mm-yyyy hh24:mi:ss.ff'), 0);
insert into TS_PTL_USER (PTL_USER_ID, USERNAME, GENDER, PASSWORD, NICKNAME, REAL_NAME, PHONE, RESI_PROV, RESI_CITY, RESI_DIST, ADDR, ZIP_CODE, LOGIN_TIME, STATUS, EMAIL, GROUP_ID, BIRTHDAY, QQ_NUM, MSN_NUM, CELLPHONE, INTRO_INFO, LOGIN_COUNT, REGISTER_TIME, IS_MOBILE_CLIENT)
values (3081, 'elvy', 0, '4QrcOUm6Wau+VuBX8g+IPg==', null, null, null, null, null, null, null, null, null, 1, 'aa@138.com', null, null, null, null, null, null, null, to_timestamp('17-06-2013 11:07:32.000000', 'dd-mm-yyyy hh24:mi:ss.ff'), 0);
insert into TS_PTL_USER (PTL_USER_ID, USERNAME, GENDER, PASSWORD, NICKNAME, REAL_NAME, PHONE, RESI_PROV, RESI_CITY, RESI_DIST, ADDR, ZIP_CODE, LOGIN_TIME, STATUS, EMAIL, GROUP_ID, BIRTHDAY, QQ_NUM, MSN_NUM, CELLPHONE, INTRO_INFO, LOGIN_COUNT, REGISTER_TIME, IS_MOBILE_CLIENT)
values (3082, '13678888888', null, '4QrcOUm6Wau+VuBX8g+IPg==', null, null, '13678888888', null, null, null, null, null, to_timestamp('17-06-2013 11:08:06.541000', 'dd-mm-yyyy hh24:mi:ss.ff'), 1, null, null, null, null, null, '13678888888', null, 1, to_timestamp('17-06-2013 11:08:06.000000', 'dd-mm-yyyy hh24:mi:ss.ff'), 1);
insert into TS_PTL_USER (PTL_USER_ID, USERNAME, GENDER, PASSWORD, NICKNAME, REAL_NAME, PHONE, RESI_PROV, RESI_CITY, RESI_DIST, ADDR, ZIP_CODE, LOGIN_TIME, STATUS, EMAIL, GROUP_ID, BIRTHDAY, QQ_NUM, MSN_NUM, CELLPHONE, INTRO_INFO, LOGIN_COUNT, REGISTER_TIME, IS_MOBILE_CLIENT)
values (3101, 'dxs123', 0, 'Qpf0SxOVUjUkWySXOZ16kw==', null, null, null, null, null, null, null, null, null, 1, '1@123.com', null, null, null, null, null, null, null, to_timestamp('27-06-2013 16:51:43.000000', 'dd-mm-yyyy hh24:mi:ss.ff'), 0);
insert into TS_PTL_USER (PTL_USER_ID, USERNAME, GENDER, PASSWORD, NICKNAME, REAL_NAME, PHONE, RESI_PROV, RESI_CITY, RESI_DIST, ADDR, ZIP_CODE, LOGIN_TIME, STATUS, EMAIL, GROUP_ID, BIRTHDAY, QQ_NUM, MSN_NUM, CELLPHONE, INTRO_INFO, LOGIN_COUNT, REGISTER_TIME, IS_MOBILE_CLIENT)
values (3102, '15811111111', null, 'lueSGJZetyySpUndWjMBEg==', null, null, '15811111111', null, null, null, null, null, to_timestamp('27-06-2013 19:09:08.753000', 'dd-mm-yyyy hh24:mi:ss.ff'), 1, null, null, null, null, null, '15811111111', null, 1, to_timestamp('27-06-2013 19:09:08.000000', 'dd-mm-yyyy hh24:mi:ss.ff'), 1);
insert into TS_PTL_USER (PTL_USER_ID, USERNAME, GENDER, PASSWORD, NICKNAME, REAL_NAME, PHONE, RESI_PROV, RESI_CITY, RESI_DIST, ADDR, ZIP_CODE, LOGIN_TIME, STATUS, EMAIL, GROUP_ID, BIRTHDAY, QQ_NUM, MSN_NUM, CELLPHONE, INTRO_INFO, LOGIN_COUNT, REGISTER_TIME, IS_MOBILE_CLIENT)
values (3103, '13988812312', null, 'Qpf0SxOVUjUkWySXOZ16kw==', null, null, '13988812312', null, null, null, null, null, to_timestamp('27-06-2013 19:09:09.210000', 'dd-mm-yyyy hh24:mi:ss.ff'), 1, null, null, null, null, null, '13988812312', null, 1, to_timestamp('27-06-2013 19:09:09.000000', 'dd-mm-yyyy hh24:mi:ss.ff'), 1);
insert into TS_PTL_USER (PTL_USER_ID, USERNAME, GENDER, PASSWORD, NICKNAME, REAL_NAME, PHONE, RESI_PROV, RESI_CITY, RESI_DIST, ADDR, ZIP_CODE, LOGIN_TIME, STATUS, EMAIL, GROUP_ID, BIRTHDAY, QQ_NUM, MSN_NUM, CELLPHONE, INTRO_INFO, LOGIN_COUNT, REGISTER_TIME, IS_MOBILE_CLIENT)
values (3003, 'shaoh', 0, 'UkMITGzRbRpUo11DCbKyHA==', null, null, null, null, null, null, null, null, to_timestamp('30-05-2013 17:39:05.467000', 'dd-mm-yyyy hh24:mi:ss.ff'), 1, 'shao@h.com', null, null, null, null, null, null, 4, to_timestamp('27-05-2013 10:16:16.000000', 'dd-mm-yyyy hh24:mi:ss.ff'), 0);
insert into TS_PTL_USER (PTL_USER_ID, USERNAME, GENDER, PASSWORD, NICKNAME, REAL_NAME, PHONE, RESI_PROV, RESI_CITY, RESI_DIST, ADDR, ZIP_CODE, LOGIN_TIME, STATUS, EMAIL, GROUP_ID, BIRTHDAY, QQ_NUM, MSN_NUM, CELLPHONE, INTRO_INFO, LOGIN_COUNT, REGISTER_TIME, IS_MOBILE_CLIENT)
values (3006, '18710053109', null, 'lueSGJZetyySpUndWjMBEg==', null, null, '18710053109', null, null, null, null, null, to_timestamp('29-05-2013 14:12:01.913000', 'dd-mm-yyyy hh24:mi:ss.ff'), 1, null, null, null, null, null, '18710053109', null, 1, to_timestamp('29-05-2013 14:12:01.000000', 'dd-mm-yyyy hh24:mi:ss.ff'), 1);
insert into TS_PTL_USER (PTL_USER_ID, USERNAME, GENDER, PASSWORD, NICKNAME, REAL_NAME, PHONE, RESI_PROV, RESI_CITY, RESI_DIST, ADDR, ZIP_CODE, LOGIN_TIME, STATUS, EMAIL, GROUP_ID, BIRTHDAY, QQ_NUM, MSN_NUM, CELLPHONE, INTRO_INFO, LOGIN_COUNT, REGISTER_TIME, IS_MOBILE_CLIENT)
values (3008, '爱迪生飞', null, 'l2D3oA3c1Hf2HySZo+IsaQ==', null, null, '爱迪生飞', null, null, null, null, null, to_timestamp('31-05-2013 09:52:28.082000', 'dd-mm-yyyy hh24:mi:ss.ff'), 1, null, null, null, null, null, '爱迪生飞', null, 1, to_timestamp('31-05-2013 09:52:28.000000', 'dd-mm-yyyy hh24:mi:ss.ff'), 1);
insert into TS_PTL_USER (PTL_USER_ID, USERNAME, GENDER, PASSWORD, NICKNAME, REAL_NAME, PHONE, RESI_PROV, RESI_CITY, RESI_DIST, ADDR, ZIP_CODE, LOGIN_TIME, STATUS, EMAIL, GROUP_ID, BIRTHDAY, QQ_NUM, MSN_NUM, CELLPHONE, INTRO_INFO, LOGIN_COUNT, REGISTER_TIME, IS_MOBILE_CLIENT)
values (3010, '撒地方', null, '2XKf63SZLMNIKzUBY6GgEA==', null, null, '撒地方', null, null, null, null, null, to_timestamp('31-05-2013 15:49:31.604000', 'dd-mm-yyyy hh24:mi:ss.ff'), 1, null, null, null, null, null, '撒地方', null, 1, to_timestamp('31-05-2013 15:49:31.000000', 'dd-mm-yyyy hh24:mi:ss.ff'), 1);
insert into TS_PTL_USER (PTL_USER_ID, USERNAME, GENDER, PASSWORD, NICKNAME, REAL_NAME, PHONE, RESI_PROV, RESI_CITY, RESI_DIST, ADDR, ZIP_CODE, LOGIN_TIME, STATUS, EMAIL, GROUP_ID, BIRTHDAY, QQ_NUM, MSN_NUM, CELLPHONE, INTRO_INFO, LOGIN_COUNT, REGISTER_TIME, IS_MOBILE_CLIENT)
values (3011, 'aasdfasd', null, 'BcEqKHM0OGyUExq4qgDQig==', null, null, 'aasdfasd', null, null, null, null, null, to_timestamp('31-05-2013 16:47:48.524000', 'dd-mm-yyyy hh24:mi:ss.ff'), 1, null, null, null, null, null, 'aasdfasd', null, 1, to_timestamp('31-05-2013 16:47:48.000000', 'dd-mm-yyyy hh24:mi:ss.ff'), 1);
insert into TS_PTL_USER (PTL_USER_ID, USERNAME, GENDER, PASSWORD, NICKNAME, REAL_NAME, PHONE, RESI_PROV, RESI_CITY, RESI_DIST, ADDR, ZIP_CODE, LOGIN_TIME, STATUS, EMAIL, GROUP_ID, BIRTHDAY, QQ_NUM, MSN_NUM, CELLPHONE, INTRO_INFO, LOGIN_COUNT, REGISTER_TIME, IS_MOBILE_CLIENT)
values (3020, '13567898789', null, '4QrcOUm6Wau+VuBX8g+IPg==', null, null, '13567898789', null, null, null, null, null, to_timestamp('07-06-2013 18:42:08.800000', 'dd-mm-yyyy hh24:mi:ss.ff'), 1, null, null, null, null, null, '13567898789', null, 1, to_timestamp('07-06-2013 18:42:08.000000', 'dd-mm-yyyy hh24:mi:ss.ff'), 1);
insert into TS_PTL_USER (PTL_USER_ID, USERNAME, GENDER, PASSWORD, NICKNAME, REAL_NAME, PHONE, RESI_PROV, RESI_CITY, RESI_DIST, ADDR, ZIP_CODE, LOGIN_TIME, STATUS, EMAIL, GROUP_ID, BIRTHDAY, QQ_NUM, MSN_NUM, CELLPHONE, INTRO_INFO, LOGIN_COUNT, REGISTER_TIME, IS_MOBILE_CLIENT)
values (3100, '12312312312', null, 'Qpf0SxOVUjUkWySXOZ16kw==', null, null, '12312312312', null, null, null, null, null, to_timestamp('27-06-2013 16:14:40.123000', 'dd-mm-yyyy hh24:mi:ss.ff'), 1, null, null, null, null, null, '12312312312', null, 1, to_timestamp('27-06-2013 16:14:40.000000', 'dd-mm-yyyy hh24:mi:ss.ff'), 1);
insert into TS_PTL_USER (PTL_USER_ID, USERNAME, GENDER, PASSWORD, NICKNAME, REAL_NAME, PHONE, RESI_PROV, RESI_CITY, RESI_DIST, ADDR, ZIP_CODE, LOGIN_TIME, STATUS, EMAIL, GROUP_ID, BIRTHDAY, QQ_NUM, MSN_NUM, CELLPHONE, INTRO_INFO, LOGIN_COUNT, REGISTER_TIME, IS_MOBILE_CLIENT)
values (3104, 'miaofc', 0, 'Qpf0SxOVUjUkWySXOZ16kw==', null, null, null, null, null, null, null, null, to_timestamp('28-06-2013 17:02:35.283000', 'dd-mm-yyyy hh24:mi:ss.ff'), 1, 'm@m.com', null, null, null, null, null, null, 2, to_timestamp('27-06-2013 19:15:04.000000', 'dd-mm-yyyy hh24:mi:ss.ff'), 0);
insert into TS_PTL_USER (PTL_USER_ID, USERNAME, GENDER, PASSWORD, NICKNAME, REAL_NAME, PHONE, RESI_PROV, RESI_CITY, RESI_DIST, ADDR, ZIP_CODE, LOGIN_TIME, STATUS, EMAIL, GROUP_ID, BIRTHDAY, QQ_NUM, MSN_NUM, CELLPHONE, INTRO_INFO, LOGIN_COUNT, REGISTER_TIME, IS_MOBILE_CLIENT)
values (3004, '13688888888', null, '4QrcOUm6Wau+VuBX8g+IPg==', null, null, '13688888888', null, null, null, null, null, to_timestamp('27-05-2013 10:37:15.105000', 'dd-mm-yyyy hh24:mi:ss.ff'), 1, null, null, null, null, null, '13688888888', null, 2, to_timestamp('27-05-2013 10:21:58.000000', 'dd-mm-yyyy hh24:mi:ss.ff'), 1);
insert into TS_PTL_USER (PTL_USER_ID, USERNAME, GENDER, PASSWORD, NICKNAME, REAL_NAME, PHONE, RESI_PROV, RESI_CITY, RESI_DIST, ADDR, ZIP_CODE, LOGIN_TIME, STATUS, EMAIL, GROUP_ID, BIRTHDAY, QQ_NUM, MSN_NUM, CELLPHONE, INTRO_INFO, LOGIN_COUNT, REGISTER_TIME, IS_MOBILE_CLIENT)
values (3005, '放大放大', null, 'lueSGJZetyySpUndWjMBEg==', null, null, '放大放大', null, null, null, null, null, to_timestamp('27-05-2013 10:36:40.011000', 'dd-mm-yyyy hh24:mi:ss.ff'), 1, null, null, null, null, null, '放大放大', null, 1, to_timestamp('27-05-2013 10:36:40.000000', 'dd-mm-yyyy hh24:mi:ss.ff'), 1);
insert into TS_PTL_USER (PTL_USER_ID, USERNAME, GENDER, PASSWORD, NICKNAME, REAL_NAME, PHONE, RESI_PROV, RESI_CITY, RESI_DIST, ADDR, ZIP_CODE, LOGIN_TIME, STATUS, EMAIL, GROUP_ID, BIRTHDAY, QQ_NUM, MSN_NUM, CELLPHONE, INTRO_INFO, LOGIN_COUNT, REGISTER_TIME, IS_MOBILE_CLIENT)
values (3007, '13678987898', null, '4QrcOUm6Wau+VuBX8g+IPg==', null, null, '13678987898', null, null, null, null, null, to_timestamp('30-05-2013 10:22:23.257000', 'dd-mm-yyyy hh24:mi:ss.ff'), 1, null, null, null, null, null, '13678987898', null, 1, to_timestamp('30-05-2013 10:22:23.000000', 'dd-mm-yyyy hh24:mi:ss.ff'), 1);
insert into TS_PTL_USER (PTL_USER_ID, USERNAME, GENDER, PASSWORD, NICKNAME, REAL_NAME, PHONE, RESI_PROV, RESI_CITY, RESI_DIST, ADDR, ZIP_CODE, LOGIN_TIME, STATUS, EMAIL, GROUP_ID, BIRTHDAY, QQ_NUM, MSN_NUM, CELLPHONE, INTRO_INFO, LOGIN_COUNT, REGISTER_TIME, IS_MOBILE_CLIENT)
values (3040, 'renliang', 0, 'aoIw5q/JnSavECeSWuorAA==', null, null, null, null, null, null, null, null, to_timestamp('09-06-2013 10:07:07.490000', 'dd-mm-yyyy hh24:mi:ss.ff'), 1, 'renliangge@126.com', null, null, null, null, null, null, 1, to_timestamp('09-06-2013 10:06:45.000000', 'dd-mm-yyyy hh24:mi:ss.ff'), 0);
insert into TS_PTL_USER (PTL_USER_ID, USERNAME, GENDER, PASSWORD, NICKNAME, REAL_NAME, PHONE, RESI_PROV, RESI_CITY, RESI_DIST, ADDR, ZIP_CODE, LOGIN_TIME, STATUS, EMAIL, GROUP_ID, BIRTHDAY, QQ_NUM, MSN_NUM, CELLPHONE, INTRO_INFO, LOGIN_COUNT, REGISTER_TIME, IS_MOBILE_CLIENT)
values (3041, '12345678987', null, '4QrcOUm6Wau+VuBX8g+IPg==', null, null, '12345678987', null, null, null, null, null, to_timestamp('09-06-2013 10:08:35.495000', 'dd-mm-yyyy hh24:mi:ss.ff'), 1, null, null, null, null, null, '12345678987', null, 1, to_timestamp('09-06-2013 10:08:35.000000', 'dd-mm-yyyy hh24:mi:ss.ff'), 1);
insert into TS_PTL_USER (PTL_USER_ID, USERNAME, GENDER, PASSWORD, NICKNAME, REAL_NAME, PHONE, RESI_PROV, RESI_CITY, RESI_DIST, ADDR, ZIP_CODE, LOGIN_TIME, STATUS, EMAIL, GROUP_ID, BIRTHDAY, QQ_NUM, MSN_NUM, CELLPHONE, INTRO_INFO, LOGIN_COUNT, REGISTER_TIME, IS_MOBILE_CLIENT)
values (3060, 'majun6', 0, 'lueSGJZetyySpUndWjMBEg==', null, null, null, null, null, null, null, null, to_timestamp('03-07-2013 15:28:02.089000', 'dd-mm-yyyy hh24:mi:ss.ff'), 1, 'majun6@asiainfo-linkage.com', null, null, null, null, null, null, 7, to_timestamp('13-06-2013 14:35:57.000000', 'dd-mm-yyyy hh24:mi:ss.ff'), 0);
insert into TS_PTL_USER (PTL_USER_ID, USERNAME, GENDER, PASSWORD, NICKNAME, REAL_NAME, PHONE, RESI_PROV, RESI_CITY, RESI_DIST, ADDR, ZIP_CODE, LOGIN_TIME, STATUS, EMAIL, GROUP_ID, BIRTHDAY, QQ_NUM, MSN_NUM, CELLPHONE, INTRO_INFO, LOGIN_COUNT, REGISTER_TIME, IS_MOBILE_CLIENT)
values (3061, '15811274382', null, 'lueSGJZetyySpUndWjMBEg==', null, null, '15811274382', null, null, null, null, null, to_timestamp('13-06-2013 14:38:02.874000', 'dd-mm-yyyy hh24:mi:ss.ff'), 1, null, null, null, null, null, '15811274382', null, 1, to_timestamp('13-06-2013 14:38:02.000000', 'dd-mm-yyyy hh24:mi:ss.ff'), 1);
insert into TS_PTL_USER (PTL_USER_ID, USERNAME, GENDER, PASSWORD, NICKNAME, REAL_NAME, PHONE, RESI_PROV, RESI_CITY, RESI_DIST, ADDR, ZIP_CODE, LOGIN_TIME, STATUS, EMAIL, GROUP_ID, BIRTHDAY, QQ_NUM, MSN_NUM, CELLPHONE, INTRO_INFO, LOGIN_COUNT, REGISTER_TIME, IS_MOBILE_CLIENT)
values (3083, 'dailishang', 0, '4QrcOUm6Wau+VuBX8g+IPg==', null, null, null, null, null, null, null, null, to_timestamp('18-06-2013 14:28:31.216000', 'dd-mm-yyyy hh24:mi:ss.ff'), 1, 'dailshang@126.com', null, null, null, null, null, null, 3, to_timestamp('17-06-2013 14:04:18.000000', 'dd-mm-yyyy hh24:mi:ss.ff'), 0);
insert into TS_PTL_USER (PTL_USER_ID, USERNAME, GENDER, PASSWORD, NICKNAME, REAL_NAME, PHONE, RESI_PROV, RESI_CITY, RESI_DIST, ADDR, ZIP_CODE, LOGIN_TIME, STATUS, EMAIL, GROUP_ID, BIRTHDAY, QQ_NUM, MSN_NUM, CELLPHONE, INTRO_INFO, LOGIN_COUNT, REGISTER_TIME, IS_MOBILE_CLIENT)
values (3084, '15888888888', null, '4QrcOUm6Wau+VuBX8g+IPg==', null, null, '15888888888', null, null, null, null, null, to_timestamp('18-06-2013 15:42:52.763000', 'dd-mm-yyyy hh24:mi:ss.ff'), 1, null, null, null, null, null, '15888888888', null, 4, to_timestamp('17-06-2013 14:10:01.000000', 'dd-mm-yyyy hh24:mi:ss.ff'), 1);
insert into TS_PTL_USER (PTL_USER_ID, USERNAME, GENDER, PASSWORD, NICKNAME, REAL_NAME, PHONE, RESI_PROV, RESI_CITY, RESI_DIST, ADDR, ZIP_CODE, LOGIN_TIME, STATUS, EMAIL, GROUP_ID, BIRTHDAY, QQ_NUM, MSN_NUM, CELLPHONE, INTRO_INFO, LOGIN_COUNT, REGISTER_TIME, IS_MOBILE_CLIENT)
values (3120, 'senlinpopo', 0, 'c+xdJx9zx5TaeBcWCwRSMw==', null, null, null, null, null, null, null, null, to_timestamp('08-07-2013 15:22:25.651000', 'dd-mm-yyyy hh24:mi:ss.ff'), 1, '2@1.com', null, null, null, null, null, null, 1, to_timestamp('08-07-2013 13:55:09.000000', 'dd-mm-yyyy hh24:mi:ss.ff'), 0);
insert into TS_PTL_USER (PTL_USER_ID, USERNAME, GENDER, PASSWORD, NICKNAME, REAL_NAME, PHONE, RESI_PROV, RESI_CITY, RESI_DIST, ADDR, ZIP_CODE, LOGIN_TIME, STATUS, EMAIL, GROUP_ID, BIRTHDAY, QQ_NUM, MSN_NUM, CELLPHONE, INTRO_INFO, LOGIN_COUNT, REGISTER_TIME, IS_MOBILE_CLIENT)
values (3121, 'qweqwe', 0, '7+Y5gSeSjxsunvMgf7gmYw==', null, null, null, null, null, null, null, null, null, 1, '1@1.com', null, null, null, null, null, null, null, to_timestamp('08-07-2013 14:54:19.000000', 'dd-mm-yyyy hh24:mi:ss.ff'), 0);
commit;
prompt 30 records loaded
prompt Loading TS_ROLE...
insert into TS_ROLE (ROLE_ID, ROLE_NAME, PRIORITY, IS_SUPER, ROLE_NOTE, STATUS)
values (1, '超级管理员', 0, '1', '超级管理员', 1);
commit;
prompt 1 records loaded
prompt Loading TS_USER...
insert into TS_USER (USER_ID, USERNAME, PASSWORD, FULLNAME, GENDER, EMAIL, STATUS, REGISTER_TIME, REGISTER_IP, LAST_LOGIN_TIME, LAST_LOGIN_IP, LOGIN_COUNT, IS_ADMIN)
values (1, 'admin', '5f4dcc3b5aa765d61d8327deb882cf99', '超级管理员', 1, null, 1, null, null, to_timestamp('08-07-2013 16:03:00.392000', 'dd-mm-yyyy hh24:mi:ss.ff'), '10.1.32.96', 161, 0);
commit;
prompt 1 records loaded
prompt Loading TS_USERROLE...
insert into TS_USERROLE (USER_ID, ROLE_ID)
values (1, 1);
commit;
prompt 1 records loaded
prompt Enabling triggers for CRM_ITF_LOG...
alter table CRM_ITF_LOG enable all triggers;
prompt Enabling triggers for EB_ADVERTISEMENT...
alter table EB_ADVERTISEMENT enable all triggers;
prompt Enabling triggers for EB_AD_LOCATION...
alter table EB_AD_LOCATION enable all triggers;
prompt Enabling triggers for EB_AD_LOCATION_LINK...
alter table EB_AD_LOCATION_LINK enable all triggers;
prompt Enabling triggers for EB_ATT_CONFIG...
alter table EB_ATT_CONFIG enable all triggers;
prompt Enabling triggers for EB_BACKLANDLOG...
alter table EB_BACKLANDLOG enable all triggers;
prompt Enabling triggers for EB_BRAND...
alter table EB_BRAND enable all triggers;
prompt Enabling triggers for EB_BUSINESS_SCOPE...
alter table EB_BUSINESS_SCOPE enable all triggers;
prompt Enabling triggers for EB_CART_SKU...
alter table EB_CART_SKU enable all triggers;
prompt Enabling triggers for EB_CAT...
alter table EB_CAT enable all triggers;
prompt Enabling triggers for EB_CATBRAND...
alter table EB_CATBRAND enable all triggers;
prompt Enabling triggers for EB_CITY_AREA...
alter table EB_CITY_AREA enable all triggers;
prompt Enabling triggers for EB_CITY_GROUPON...
alter table EB_CITY_GROUPON enable all triggers;
prompt Enabling triggers for EB_CONFIG_FTP...
alter table EB_CONFIG_FTP enable all triggers;
prompt Enabling triggers for EB_CONSOLE_LOG...
alter table EB_CONSOLE_LOG enable all triggers;
prompt Enabling triggers for EB_CONSTR...
alter table EB_CONSTR enable all triggers;
prompt Enabling triggers for EB_CUSTOMER_SERVICES...
alter table EB_CUSTOMER_SERVICES enable all triggers;
prompt Enabling triggers for EB_DISTRI...
alter table EB_DISTRI enable all triggers;
prompt Enabling triggers for EB_FEATURE...
alter table EB_FEATURE enable all triggers;
prompt Enabling triggers for EB_GROUPON_SKU...
alter table EB_GROUPON_SKU enable all triggers;
prompt Enabling triggers for EB_ITEM...
alter table EB_ITEM enable all triggers;
prompt Enabling triggers for EB_ITEM_BUSINESS_SCOPE...
alter table EB_ITEM_BUSINESS_SCOPE enable all triggers;
prompt Enabling triggers for EB_ITEM_TAG_IMG...
alter table EB_ITEM_TAG_IMG enable all triggers;
prompt Enabling triggers for EB_JBPM_LOG...
alter table EB_JBPM_LOG enable all triggers;
prompt Enabling triggers for EB_KEYWORD...
alter table EB_KEYWORD enable all triggers;
prompt Enabling triggers for EB_MAIL...
alter table EB_MAIL enable all triggers;
prompt Enabling triggers for EB_MEMBER_CONFIG...
alter table EB_MEMBER_CONFIG enable all triggers;
prompt Enabling triggers for EB_MERCHANT_CAT...
alter table EB_MERCHANT_CAT enable all triggers;
prompt Enabling triggers for EB_MYFAV_SKU...
alter table EB_MYFAV_SKU enable all triggers;
prompt Enabling triggers for EB_OFFER...
alter table EB_OFFER enable all triggers;
prompt Enabling triggers for EB_OFFER_GROUP...
alter table EB_OFFER_GROUP enable all triggers;
prompt Enabling triggers for EB_OFFER_GROUP_AREA...
alter table EB_OFFER_GROUP_AREA enable all triggers;
prompt Enabling triggers for EB_OFFER_PRODUCT...
alter table EB_OFFER_PRODUCT enable all triggers;
prompt Enabling triggers for EB_ORDER...
alter table EB_ORDER enable all triggers;
prompt Enabling triggers for EB_ORDER_DETAIL...
alter table EB_ORDER_DETAIL enable all triggers;
prompt Enabling triggers for EB_ORDER_EXECUTION...
alter table EB_ORDER_EXECUTION enable all triggers;
prompt Enabling triggers for EB_ORDER_LOG...
alter table EB_ORDER_LOG enable all triggers;
prompt Enabling triggers for EB_ORDER_REMIND_LOG...
alter table EB_ORDER_REMIND_LOG enable all triggers;
prompt Enabling triggers for EB_ORDER_REMIND_PHONE...
alter table EB_ORDER_REMIND_PHONE enable all triggers;
prompt Enabling triggers for EB_PARA_VALUE...
alter table EB_PARA_VALUE enable all triggers;
prompt Enabling triggers for EB_PAYMENT_ORG...
alter table EB_PAYMENT_ORG enable all triggers;
prompt Enabling triggers for EB_PAYMENT_WAY...
alter table EB_PAYMENT_WAY enable all triggers;
prompt Enabling triggers for EB_PAY_CHECK...
alter table EB_PAY_CHECK enable all triggers;
prompt Enabling triggers for EB_PAY_CHECK_DIFF...
alter table EB_PAY_CHECK_DIFF enable all triggers;
prompt Enabling triggers for EB_PAY_OLBANK...
alter table EB_PAY_OLBANK enable all triggers;
prompt Enabling triggers for EB_PAY_RECORD...
alter table EB_PAY_RECORD enable all triggers;
prompt Enabling triggers for EB_PAY_TOTAL...
alter table EB_PAY_TOTAL enable all triggers;
prompt Enabling triggers for EB_PERMISSION...
alter table EB_PERMISSION enable all triggers;
prompt Enabling triggers for EB_PUBLISH_STATE...
alter table EB_PUBLISH_STATE enable all triggers;
prompt Enabling triggers for EB_RECOMM_ITEM...
alter table EB_RECOMM_ITEM enable all triggers;
prompt Enabling triggers for EB_REGION...
alter table EB_REGION enable all triggers;
prompt Enabling triggers for EB_RET_EXC...
alter table EB_RET_EXC enable all triggers;
prompt Enabling triggers for EB_ROLEPERM...
alter table EB_ROLEPERM enable all triggers;
prompt Enabling triggers for EB_ROLE_AREA...
alter table EB_ROLE_AREA enable all triggers;
prompt Enabling triggers for EB_ROLE_BUSINESS_SCOPE...
alter table EB_ROLE_BUSINESS_SCOPE enable all triggers;
prompt Enabling triggers for EB_ROLE_ORDER_TYPE...
alter table EB_ROLE_ORDER_TYPE enable all triggers;
prompt Enabling triggers for EB_SAFETY_CONFIG...
alter table EB_SAFETY_CONFIG enable all triggers;
prompt Enabling triggers for EB_SECKILL...
alter table EB_SECKILL enable all triggers;
prompt Enabling triggers for EB_SECKILL_QUA...
alter table EB_SECKILL_QUA enable all triggers;
prompt Enabling triggers for EB_SECKILL_SKU...
alter table EB_SECKILL_SKU enable all triggers;
prompt Enabling triggers for EB_SENSITIVE_WORD...
alter table EB_SENSITIVE_WORD enable all triggers;
prompt Enabling triggers for EB_SHIP_ADDR...
alter table EB_SHIP_ADDR enable all triggers;
prompt Enabling triggers for EB_SIMCARD...
alter table EB_SIMCARD enable all triggers;
prompt Enabling triggers for EB_SIMCARD_LABEL...
alter table EB_SIMCARD_LABEL enable all triggers;
prompt Enabling triggers for EB_SIMCARD_LABEL_REL...
alter table EB_SIMCARD_LABEL_REL enable all triggers;
prompt Enabling triggers for EB_SIMCARD_PROCESS_LOG...
alter table EB_SIMCARD_PROCESS_LOG enable all triggers;
prompt Enabling triggers for EB_SIMCARD_SUIT...
alter table EB_SIMCARD_SUIT enable all triggers;
prompt Enabling triggers for EB_SIM_IDCARD...
alter table EB_SIM_IDCARD enable all triggers;
prompt Enabling triggers for EB_SITE_CONFIG...
alter table EB_SITE_CONFIG enable all triggers;
prompt Enabling triggers for EB_SKU...
alter table EB_SKU enable all triggers;
prompt Enabling triggers for EB_SKU_OFFER...
alter table EB_SKU_OFFER enable all triggers;
prompt Enabling triggers for EB_SLOT...
alter table EB_SLOT enable all triggers;
prompt Enabling triggers for EB_SLOT_SKU...
alter table EB_SLOT_SKU enable all triggers;
prompt Enabling triggers for EB_SMS_GROUP...
alter table EB_SMS_GROUP enable all triggers;
prompt Enabling triggers for EB_SPEC_VALUE...
alter table EB_SPEC_VALUE enable all triggers;
prompt Enabling triggers for EB_SUIT_ITEM...
alter table EB_SUIT_ITEM enable all triggers;
prompt Enabling triggers for EB_SUIT_ITEM_REL...
alter table EB_SUIT_ITEM_REL enable all triggers;
prompt Enabling triggers for EB_SUIT_VAS...
alter table EB_SUIT_VAS enable all triggers;
prompt Enabling triggers for EB_SUIT_VAS_REL...
alter table EB_SUIT_VAS_REL enable all triggers;
prompt Enabling triggers for EB_SUPPLIER...
alter table EB_SUPPLIER enable all triggers;
prompt Enabling triggers for EB_TAG...
alter table EB_TAG enable all triggers;
prompt Enabling triggers for EB_TPLCAT...
alter table EB_TPLCAT enable all triggers;
prompt Enabling triggers for EB_TPLOFFERGROUP...
alter table EB_TPLOFFERGROUP enable all triggers;
prompt Enabling triggers for EB_TPLSLOT...
alter table EB_TPLSLOT enable all triggers;
prompt Enabling triggers for EB_TPL_ADLOCATION...
alter table EB_TPL_ADLOCATION enable all triggers;
prompt Enabling triggers for EB_VIEW_LIST...
alter table EB_VIEW_LIST enable all triggers;
prompt Enabling triggers for EB_VIEW_SKUVIEW...
alter table EB_VIEW_SKUVIEW enable all triggers;
prompt Enabling triggers for PMS_ADVERTISEMENT...
alter table PMS_ADVERTISEMENT enable all triggers;
prompt Enabling triggers for PMS_AD_LOCATION...
alter table PMS_AD_LOCATION enable all triggers;
prompt Enabling triggers for PMS_AD_LOCATION_LINK...
alter table PMS_AD_LOCATION_LINK enable all triggers;
prompt Enabling triggers for PMS_ATTACHMENT_CONFIG...
alter table PMS_ATTACHMENT_CONFIG enable all triggers;
prompt Enabling triggers for PMS_BACKLANDLOG...
alter table PMS_BACKLANDLOG enable all triggers;
prompt Enabling triggers for PMS_BACKLOG...
alter table PMS_BACKLOG enable all triggers;
prompt Enabling triggers for PMS_CONTENT_SHARE...
alter table PMS_CONTENT_SHARE enable all triggers;
prompt Enabling triggers for PMS_CONTENT_TAG...
alter table PMS_CONTENT_TAG enable all triggers;
prompt Enabling triggers for PMS_CONTENT_TYPE...
alter table PMS_CONTENT_TYPE enable all triggers;
prompt Enabling triggers for PMS_HELPTIP...
alter table PMS_HELPTIP enable all triggers;
prompt Enabling triggers for PMS_KEYWORD...
alter table PMS_KEYWORD enable all triggers;
prompt Enabling triggers for PMS_MAIL...
alter table PMS_MAIL enable all triggers;
prompt Enabling triggers for PMS_MEMBER...
alter table PMS_MEMBER enable all triggers;
prompt Enabling triggers for PMS_MEMBER_CONFIG...
alter table PMS_MEMBER_CONFIG enable all triggers;
prompt Enabling triggers for PMS_MEMBER_GROUP...
alter table PMS_MEMBER_GROUP enable all triggers;
prompt Enabling triggers for PMS_MESSAGE...
alter table PMS_MESSAGE enable all triggers;
prompt Enabling triggers for PMS_MESSAGE_TYPE...
alter table PMS_MESSAGE_TYPE enable all triggers;
prompt Enabling triggers for PMS_MODEL...
alter table PMS_MODEL enable all triggers;
prompt Enabling triggers for PMS_MODELITEM...
alter table PMS_MODELITEM enable all triggers;
prompt Enabling triggers for PMS_PERMISSION...
alter table PMS_PERMISSION enable all triggers;
prompt Enabling triggers for PMS_PREDEPLOY...
alter table PMS_PREDEPLOY enable all triggers;
prompt Enabling triggers for PMS_RESOURCE...
alter table PMS_RESOURCE enable all triggers;
prompt Enabling triggers for PMS_ROLEPERM...
alter table PMS_ROLEPERM enable all triggers;
prompt Enabling triggers for PMS_SAFETY_CONFIG...
alter table PMS_SAFETY_CONFIG enable all triggers;
prompt Enabling triggers for PMS_SENSITIVE_WORD...
alter table PMS_SENSITIVE_WORD enable all triggers;
prompt Enabling triggers for PMS_SITE_CONFIG...
alter table PMS_SITE_CONFIG enable all triggers;
prompt Enabling triggers for PMS_STATIC...
alter table PMS_STATIC enable all triggers;
prompt Enabling triggers for PMS_SUIT...
alter table PMS_SUIT enable all triggers;
prompt Enabling triggers for PMS_TAG...
alter table PMS_TAG enable all triggers;
prompt Enabling triggers for PMS_TEMPLATE...
alter table PMS_TEMPLATE enable all triggers;
prompt Enabling triggers for PMS_TOPIC_CONTENT...
alter table PMS_TOPIC_CONTENT enable all triggers;
prompt Enabling triggers for PMS_TOPIC_TAG...
alter table PMS_TOPIC_TAG enable all triggers;
prompt Enabling triggers for PMS_TPLCHL...
alter table PMS_TPLCHL enable all triggers;
prompt Enabling triggers for PMS_TPLTOPIC...
alter table PMS_TPLTOPIC enable all triggers;
prompt Enabling triggers for PMS_TPL_DEPLOY...
alter table PMS_TPL_DEPLOY enable all triggers;
prompt Enabling triggers for TEMP_RES_CODE_DEF...
alter table TEMP_RES_CODE_DEF enable all triggers;
prompt Enabling triggers for TS_DISTRICT...
alter table TS_DISTRICT enable all triggers;
prompt Enabling triggers for TS_PTL_USER...
alter table TS_PTL_USER enable all triggers;
prompt Enabling triggers for TS_ROLE...
alter table TS_ROLE enable all triggers;
prompt Enabling triggers for TS_USER...
alter table TS_USER enable all triggers;
prompt Enabling triggers for TS_USERROLE...
alter table TS_USERROLE enable all triggers;
set feedback on
set define on
prompt Done.
